{"type": "FeatureCollection", "features": [{"type": "Feature", "properties": {"id": "west-bank", "name": "West Bank"}, "geometry": {"type": "MultiPolygon", "coordinates": [[[[35.25182020800003, 32.52356721800015], [35.251955205000115, 32.523459106000075], [35.252111973000126, 32.52332618899999], [35.25227257500006, 32.52320862700003], [35.25242204000011, 32.52310981100004], [35.25256437000019, 32.52304480900017], [35.252753089000066, 32.52295457499997], [35.25301814500011, 32.52287037200006], [35.25320487900012, 32.52280394700017], [35.253386114000136, 32.52273518800007], [35.25343384400014, 32.52271708000018], [35.253571689000125, 32.52266757900003], [35.2536689640001, 32.52263274500018], [35.2541623030001, 32.52243504000006], [35.25421767400019, 32.522411916000124], [35.25437419500008, 32.52234638700014], [35.25438810400004, 32.5223405640001], [35.25462620600007, 32.52224086799998], [35.25500580800019, 32.522077437000064], [35.255328051000106, 32.521957422000185], [35.25570765200018, 32.52180427500019], [35.255993813000146, 32.521702026000185], [35.25630108500019, 32.521576939000056], [35.25652106700005, 32.521495142000106], [35.256761997000126, 32.52140319000017], [35.25701506700011, 32.52131377100011], [35.257210944000065, 32.521252552000135], [35.257461017000026, 32.521152987000164], [35.257677664000084, 32.52106442500008], [35.25786455400009, 32.52099038400013], [35.25808735099997, 32.52089336500018], [35.2583344360001, 32.52081155400003], [35.25853330000001, 32.52074258000005], [35.25882542700015, 32.520609745000115], [35.25920202900005, 32.52046419900017], [35.259596767000176, 32.520344145000024], [35.26002393099998, 32.52021421600017], [35.26019269700009, 32.520157933000064], [35.26093760100008, 32.51991318700004], [35.26147380800012, 32.51970303800016], [35.26169660700003, 32.51962066700003], [35.26200071000005, 32.51950360100011], [35.26233955999999, 32.51937863100005], [35.26267508800004, 32.519258873000126], [35.26303887100005, 32.51911261300006], [35.263406464000184, 32.51893761000008], [35.26399901500008, 32.51869248300011], [35.26423078000016, 32.518593478000184], [35.264444107000145, 32.51853252200016], [35.264601897000034, 32.51848215500013], [35.2649956190001, 32.518355180000185], [35.26529056300018, 32.518237688000056], [35.26563504900008, 32.518093402000034], [35.26609227800003, 32.51793864300009], [35.26646753400013, 32.51780645800011], [35.266775112000175, 32.51768656200011], [35.267021175000025, 32.51759261400019], [35.267326607000086, 32.517498643000124], [35.26756020400012, 32.5174158320001], [35.26777551900011, 32.51734979800017], [35.26806464500004, 32.51724540400005], [35.26833314300006, 32.517134114000044], [35.26871453600006, 32.516986423], [35.26926817200007, 32.516777643000125], [35.26956910000007, 32.51667056499997], [35.27005107399998, 32.51648449700008], [35.27046720600015, 32.5163210020001], [35.270768629000145, 32.516218431000084], [35.27132024700012, 32.515988931000095], [35.27197012700009, 32.515735429000074], [35.27218326000019, 32.51565022200003], [35.27245607400005, 32.51554244500011], [35.27268151200002, 32.51545723400005], [35.27297061600018, 32.51533719000008], [35.273169441000164, 32.51524677800006], [35.27335813400009, 32.51517201000007], [35.27353452099999, 32.51510076900013], [35.27370260200013, 32.51503813], [35.273897447000024, 32.514965049000125], [35.2744943240001, 32.51480173300007], [35.2747210710001, 32.514690452000025], [35.27491243100013, 32.51462822100012], [35.27521269800002, 32.514548885000124], [35.275426172000095, 32.514484669000126], [35.275648630000035, 32.51442622400003], [35.275858948000064, 32.514366942000095], [35.27603020800018, 32.51434050600005], [35.27617933100015, 32.514280125000084], [35.276363869000136, 32.514216063000106], [35.27655074299997, 32.514165102000106], [35.27673528200006, 32.51410273200008], [35.276993323, 32.514042294000035], [35.277309227000046, 32.51397435900003], [35.27746933800006, 32.513938487000075], [35.27771539600019, 32.51386579700011], [35.27814231900004, 32.51371114800003], [35.27839586200014, 32.51364507400007], [35.27861165900015, 32.51357901800009], [35.27885622500014, 32.513514780000094], [35.27906754000014, 32.51346380500007], [35.27928784000005, 32.51341662700008], [35.27950065200008, 32.51336339400018], [35.27973191600006, 32.51330296600014], [35.279978794000044, 32.513219843000115], [35.28020341900003, 32.51317646500007], [35.280468112, 32.513123485000165], [35.28064385500011, 32.51309140600006], [35.28086845200011, 32.51301407100016], [35.28104633600009, 32.512953669000126], [35.28123769300004, 32.51290086600011], [35.28144901500008, 32.51285918500014], [35.281875951000075, 32.5127384810001], [35.28215609800009, 32.512675062000085], [35.28236292500003, 32.512627888000054], [35.28251637200003, 32.51257876800008], [35.28274546500006, 32.51251269900007], [35.282990021000046, 32.51244281600003], [35.28314130800004, 32.5123975030001], [35.28338370300014, 32.51233142600006], [35.283577226000034, 32.51228608500014], [35.28375529200002, 32.51224836600011], [35.28394647600004, 32.51219175600005], [35.28416225200016, 32.51210864300003], [35.284355761000086, 32.51204639700018], [35.28489936200003, 32.51193457699998], [35.28499319900004, 32.5119152740001], [35.28521748400004, 32.511869072000025], [35.28583810900017, 32.511716116000116], [35.28643126200012, 32.511522593], [35.28669940300017, 32.51142986400009], [35.28695226000008, 32.51134869800012], [35.28718981500009, 32.511268948000065], [35.287546082000176, 32.51116982300016], [35.28770701200017, 32.51112745900019], [35.28789851600004, 32.51105928900006], [35.288143077000086, 32.51100334500006], [35.28858562000005, 32.510876549000045], [35.28880972200011, 32.510816390000116], [35.288982122000164, 32.51077246800003], [35.289160178000145, 32.51073008800006], [35.28939010300007, 32.51067809500012], [35.289568164000116, 32.51064064900004], [35.28993144400016, 32.51057955700014], [35.290084725000156, 32.510542263000104], [35.29027441100004, 32.51049015400014], [35.29049088100004, 32.51045268100012], [35.29068040600015, 32.510407195000084], [35.290887550000036, 32.51035422600006], [35.29091597900003, 32.51034702400017], [35.29093859200003, 32.51034503700009], [35.291170872000066, 32.51032403800008], [35.29125348300005, 32.51028791500016], [35.29128239200003, 32.51027525800009], [35.29135371299998, 32.510244033000106], [35.291551071000185, 32.510219533000054], [35.29161673100009, 32.51021194700013], [35.29171783700008, 32.51020026600014], [35.291720665000184, 32.510199982000074], [35.29187479600006, 32.51018368100006], [35.29205301800005, 32.51014623000009], [35.29224918099999, 32.51008650500006], [35.292282927000144, 32.51007676100011], [35.29230636800003, 32.51007054700011], [35.29252232000016, 32.51001292400008], [35.29271052300015, 32.509981101], [35.292801967000116, 32.509965684000065], [35.29282322000017, 32.509962498000164], [35.29296623100004, 32.509941062000166], [35.29323441900016, 32.50991017300004], [35.29344705800008, 32.50986776400015], [35.293671184000175, 32.50984000500006], [35.29388949600013, 32.50982041900005], [35.29416093100008, 32.509804074000044], [35.294161520000046, 32.50980403900013], [35.294228029000124, 32.50979962700012], [35.29433776800005, 32.50979251100006], [35.294517832000054, 32.50976646600009], [35.29469790900009, 32.50975831600016], [35.29492256300006, 32.509766766000155], [35.29510448200011, 32.50976988500014], [35.29530135700014, 32.509767079000085], [35.29557123900008, 32.50977239500014], [35.295832300000086, 32.50976855700003], [35.29609786000003, 32.509772044000044], [35.2963090340001, 32.50976823900015], [35.29652402400012, 32.50975161000014], [35.2967568250001, 32.50975694800002], [35.29696585300019, 32.50976793800004], [35.29713996400011, 32.50978064200007], [35.297414178000054, 32.509795252000174], [35.29765795900005, 32.50980607700012], [35.297988866000026, 32.50980965600013], [35.29826522900004, 32.50980763400014], [35.298426351000046, 32.50980188900013], [35.29865431600018, 32.50979257400013], [35.29883291900012, 32.50980710400012], [35.299041777000184, 32.509814427000094], [35.299226862000125, 32.50982712000018], [35.29941178200016, 32.509839957000054], [35.29960765900012, 32.50983432400005], [35.299786233000134, 32.5098212370001], [35.30023239000019, 32.50983938400009], [35.300560992000044, 32.509866767000176], [35.30072429100011, 32.50987412000012], [35.300911528000086, 32.50987765200006], [35.30109211500019, 32.50988118800018], [35.30141203500017, 32.50987166200014], [35.30159910000009, 32.509866033000094], [35.30185817100016, 32.50986951200014], [35.302219514000114, 32.50987672200017], [35.30239795700004, 32.50989688300018], [35.302615631000094, 32.50990588700017], [35.30288119800014, 32.50991865800012], [35.303151099, 32.50994241500018], [35.30336446100006, 32.50996255000018], [35.30359278700013, 32.50998084000008], [35.30381928200012, 32.50999730300009], [35.303989076000164, 32.510015636000105], [35.30420010500012, 32.51003013600007], [35.30453751200008, 32.51004651400018], [35.304713776000085, 32.51005187800013], [35.30502940200006, 32.51007010400019], [35.305240611000045, 32.51009573100009], [35.30542120900009, 32.51011039300005], [35.30572599100009, 32.510095371000034], [35.30601210900011, 32.510039928000026], [35.30628813400011, 32.51003521300004], [35.30648371200016, 32.51006352700011], [35.30670989300012, 32.51009703100004], [35.30690564100013, 32.51012534500006], [35.307070619000115, 32.510151006000115], [35.30722663400013, 32.51018977500007], [35.307434574000126, 32.51026992900012], [35.30760873100007, 32.510324045000175], [35.30776158900011, 32.51036535100019], [35.307853072000114, 32.5103878270001], [35.30785872500013, 32.510389232000136], [35.30792974800005, 32.51040664800013], [35.30793603200004, 32.51040728300012], [35.308235578000165, 32.510437553000145], [35.30842087700012, 32.510492504000126], [35.30869913200013, 32.510549213000104], [35.308900878000145, 32.51059048400009], [35.309056717000146, 32.51061882400012], [35.30927994300015, 32.51068600000019], [35.30952144200012, 32.51073498800014], [35.30973850000015, 32.510786531000065], [35.30990051400005, 32.51083304000008], [35.31012070700007, 32.510864009000045], [35.31029799900017, 32.51089233100009], [35.31044072200018, 32.51092697700011], [35.31048661400007, 32.51093811800007], [35.310538342000086, 32.510950617000105], [35.31075090000007, 32.51099088800015], [35.31097293200014, 32.51102847500016], [35.31121260200007, 32.51107506400001], [35.311384589, 32.51111917000014], [35.31159649100016, 32.511168317], [35.311762478000105, 32.511199466], [35.31199582000005, 32.51123831000001], [35.31219857100007, 32.511282391000066], [35.31252722000016, 32.51134187000008], [35.3127176480001, 32.51137032000014], [35.31293885100018, 32.51140663600012], [35.313153717000034, 32.51142985300015], [35.31331952400018, 32.51144789500006], [35.31359809700018, 32.51148698000003], [35.31385621900006, 32.511525802], [35.31408954099999, 32.51154646600014], [35.314326036000125, 32.51157741300011], [35.31450115500013, 32.51159544500018], [35.314866525000184, 32.51162896400001], [35.31510001900011, 32.51165216200019], [35.315278125000134, 32.511665119999975], [35.31543777600007, 32.51167794999998], [35.315781859000026, 32.51170880700016], [35.31598144100002, 32.51174245599998], [35.31615343500005, 32.51178923400016], [35.31649132800004, 32.51178627700017], [35.3166540150001, 32.511838133000026], [35.31691012200008, 32.51171604400014], [35.316919336000126, 32.51171166400013], [35.31699089200015, 32.51167765100007], [35.31715671900014, 32.51171161100001], [35.317336070000124, 32.5117621390001], [35.317370636000135, 32.51177187700006], [35.31740407100017, 32.51178128900011], [35.317650078000156, 32.51184011900017], [35.31792582900016, 32.51188131200013], [35.318075869000154, 32.51192247000017], [35.31828363200003, 32.51198147300016], [35.31848438700018, 32.51202272699999], [35.318646562000026, 32.51206091200004], [35.31885080600006, 32.51209624600017], [35.31889254700002, 32.51210015600009], [35.31892626300015, 32.51210324600004], [35.319063177000146, 32.512115792000145], [35.319351106000056, 32.51218796800009], [35.31956583400006, 32.51222921000016], [35.319839793000085, 32.51229843900006], [35.32007199000003, 32.51234839800003], [35.32029669800011, 32.51241547100017], [35.32030404400001, 32.51241766400011], [35.32040467900009, 32.51244336000008], [35.32052361100017, 32.512473834000104], [35.32077494499998, 32.51253420300003], [35.321017484000095, 32.512609374000135], [35.321249708000096, 32.5126786350001], [35.32149056900005, 32.51274337900014], [35.32167371100013, 32.512790563000124], [35.321863339000174, 32.512839430000156], [35.32205361000018, 32.51286885300004], [35.32237462500018, 32.51293211800004], [35.322664382000085, 32.51299836700008], [35.32284585000019, 32.513036673000045], [35.32302034200006, 32.51308076200007], [35.323296123000034, 32.51314110400011], [35.32358054600007, 32.513197071000036], [35.32383336900011, 32.51324630099998], [35.324011538000036, 32.51330672900019], [35.32428368300003, 32.513381868000124], [35.324472317000016, 32.513430450000044], [35.3246589420001, 32.51347015800013], [35.32486321400012, 32.51352464400003], [35.32508478600016, 32.513583623000045], [35.32525765499997, 32.513657297000066], [35.32541301600014, 32.51369562300005], [35.32559764700005, 32.513734486000146], [35.32579824300012, 32.51377277000012], [35.325976253000135, 32.51383615500015], [35.326171886000054, 32.51389515500006], [35.32635853100015, 32.51394810300013], [35.32660473600015, 32.51402326100015], [35.32684378300013, 32.514090957000064], [35.327007801000036, 32.51413518900017], [35.32716215900018, 32.51416534000009], [35.327433957000096, 32.51422567700001], [35.32749400500012, 32.51423999500014], [35.32749982600018, 32.51424125600016], [35.327529963000075, 32.51424768700008], [35.32759779900016, 32.51426216300001], [35.327819727000076, 32.51433578800015], [35.32798010700003, 32.51439425600006], [35.32819572400018, 32.51447394600007], [35.32837589500008, 32.51453422600008], [35.328538446000096, 32.51459945100004], [35.32854919200014, 32.51460355600011], [35.32868635200009, 32.51465595500008], [35.32869699900016, 32.51465974900009], [35.32886523200017, 32.51474511800012], [35.32903378700013, 32.51482203500018], [35.329213938000066, 32.514865546000124], [35.32937830900005, 32.51492400500007], [35.32958647700008, 32.515029486000174], [35.329727075000164, 32.515089800000055], [35.32999777100014, 32.515195783000024], [35.33018794500009, 32.51527112600013], [35.330280787000106, 32.515310914000054], [35.330302820999975, 32.51532035800011], [35.33044151700011, 32.51537980200004], [35.330673304000186, 32.51548694900009], [35.33078325200006, 32.515530439000145], [35.330811897, 32.51554177000014], [35.330833862000134, 32.51555048400013], [35.331017995000025, 32.51558553500013], [35.33119225100006, 32.51557029300011], [35.33137047400015, 32.51553828200019], [35.331530783000176, 32.515539819000026], [35.33160895300006, 32.515547917], [35.331620122000174, 32.51554907700012], [35.331707081, 32.51555811100013], [35.33184969900009, 32.51558159600006], [35.33187041600013, 32.51558500800013], [35.33190900300019, 32.515591451000034], [35.332124808, 32.515556304000086], [35.33227924, 32.51551430900008], [35.33246727300019, 32.51548214500008], [35.33267314400007, 32.515480399000126], [35.33286928000018, 32.515538823000156], [35.333017895000125, 32.51562251500013], [35.33315669200016, 32.51570466700019], [35.333321100000035, 32.515784961000065], [35.33355292300013, 32.51591549300002], [35.333698370000036, 32.51599594600003], [35.33377692200014, 32.5160394080001], [35.33390374500004, 32.51611804600003], [35.33404154000016, 32.516205054000125], [35.334043217000044, 32.51620611300012], [35.33404926300017, 32.516212683000106], [35.334054877000085, 32.51621878200018], [35.33406801800004, 32.516221870000095], [35.33408765900015, 32.516234250000025], [35.3342342360001, 32.51628779100014], [35.33441449900005, 32.516287616], [35.33472332000008, 32.51629562800014], [35.33488581600005, 32.51631561700009], [35.335087750000014, 32.516352335000136], [35.33525614700005, 32.516429383000116], [35.33537918999997, 32.51653986800011], [35.335538986000074, 32.51665313400008], [35.335703391000095, 32.51672835300013], [35.33587776100012, 32.51679525100019], [35.336024352000095, 32.51685724099997], [35.336170944000116, 32.516919093000126], [35.336349300000165, 32.516981052000176], [35.33650587300002, 32.51704458300003], [35.33665245100008, 32.51709643000015], [35.33682282500018, 32.51715825600013], [35.33701100600018, 32.51723190200016], [35.33721466900005, 32.517315956000175], [35.33744927600003, 32.51740744800014], [35.33765048000015, 32.51751418700019], [35.33783884200011, 32.517596990000186], [35.3380601500001, 32.51769145200018], [35.338325858000076, 32.51778516400009], [35.338565596000024, 32.51785903700011], [35.3388442590001, 32.51793963200009], [35.339006630000085, 32.517985259000056], [35.33929027900001, 32.51806359500017], [35.33957143600014, 32.51814404500004], [35.33983446800005, 32.518224653000175], [35.340066735000164, 32.51830515100005], [35.34030401900009, 32.518405370000096], [35.34056193900011, 32.51851416400001], [35.34071371700003, 32.518593899000166], [35.34085301800013, 32.51867026400015], [35.34100263400006, 32.518748730000084], [35.34116521599998, 32.518824930000164], [35.34137936800016, 32.51891206800008], [35.34160885400013, 32.519020887000124], [35.34189519900008, 32.51912105200017], [35.34206540200006, 32.51917554500011], [35.34235169100003, 32.51923414600009], [35.34252950600006, 32.51926228200011], [35.34289310600013, 32.519307836000166], [35.34309170600005, 32.51933383800019], [35.34337281200004, 32.51937285600019], [35.34355061500008, 32.51939225500013], [35.34378479300011, 32.51940990300017], [35.34403225700015, 32.51941612600007], [35.34423080700009, 32.51940718000003], [35.344534951000185, 32.519393757000046], [35.34487782200006, 32.51936507500017], [35.34513304200004, 32.519329862], [35.34534169100016, 32.519290333000015], [35.34553235000004, 32.51923123400002], [35.345730828000114, 32.51917424200013], [35.34592665300005, 32.51912161900009], [35.34617918099997, 32.51906682200013], [35.3464164450001, 32.51903599300016], [35.346578712999985, 32.519006232000095], [35.34675642300016, 32.518964617999984], [35.34694460600019, 32.51891848200012], [35.34713014000005, 32.5188812290001], [35.34733629400006, 32.51884169600015], [35.34755272800004, 32.51878468100011], [35.34777430499997, 32.518716811], [35.347941857000194, 32.518664217000094], [35.34813249600006, 32.51859412500016], [35.34836272299998, 32.51852821600011], [35.348551254000085, 32.51849405600012], [35.34872414200015, 32.51845244300017], [35.34895620700007, 32.51839456400006], [35.349167507000175, 32.51835135900018], [35.3494032590001, 32.51831122800013], [35.349682559000144, 32.518257664000146], [35.34990403500018, 32.51823544200005], [35.35018511900017, 32.518261763], [35.35035815400016, 32.518316242000026], [35.35056262100011, 32.51837223500013], [35.350810682000144, 32.518444384000134], [35.35106056300009, 32.51850920200013], [35.351333017000115, 32.51854440700015], [35.35163872600009, 32.51857802600017], [35.35183767500013, 32.51861401700006], [35.35202820000018, 32.51868481600013], [35.35220987499997, 32.518734915000095], [35.35245091000013, 32.518777481000086], [35.352772470000104, 32.51884376500004], [35.35300653700017, 32.51889817300008], [35.35324763300008, 32.51897919900006], [35.35339919500018, 32.51901932600009], [35.353596617000164, 32.519033899000135], [35.35384107800007, 32.51903362400003], [35.35408202300016, 32.519018557000095], [35.354398153000034, 32.519013832000155], [35.35459720600011, 32.51900909800014], [35.35492729300012, 32.51899843700005], [35.35521547700017, 32.518989233000184], [35.35538825100008, 32.518981429000064], [35.35558730000014, 32.51897387500014], [35.355968087000065, 32.51894977100011], [35.35635402000014, 32.518918189000146], [35.356565189000094, 32.518897235], [35.35673113200005, 32.518882250000104], [35.356940631999976, 32.51885988700013], [35.3571187070001, 32.518838970000104], [35.357307405000086, 32.518806205000146], [35.35753600600003, 32.51876860300001], [35.35770176000011, 32.51874023099998], [35.35787300500016, 32.518713403000106], [35.35808764900014, 32.51868215500019], [35.35828848000017, 32.51864641900005], [35.35847533300006, 32.518604776000075], [35.358655049, 32.5185704700001], [35.35883840100007, 32.518525873000044], [35.35901825400015, 32.51847550200006], [35.359202941000035, 32.51842977700005], [35.359464575, 32.51835648600013], [35.359708737000176, 32.518277577000106], [35.359935870000186, 32.51815486900006], [35.360166346000085, 32.51804666900017], [35.36032785800012, 32.51796786000011], [35.360496502000046, 32.51787720300018], [35.360727082000096, 32.51783029500001], [35.36089569400002, 32.51782135899998], [35.36113660100017, 32.51778613100009], [35.36133277300007, 32.5177508160001], [35.36164583500005, 32.51770521500015], [35.361814437000135, 32.517690360000074], [35.362151776000076, 32.51764332100004], [35.36233748000012, 32.51761393400017], [35.36257155600015, 32.517569975000185], [35.36276091500008, 32.517537624000056], [35.36296389600011, 32.51749666100011], [35.363228900000024, 32.517452524000134], [35.363438878000125, 32.51742028700005], [35.36367628300013, 32.51737914100016], [35.36384836000008, 32.51735568500004], [35.36402725100004, 32.51732912300014], [35.36430954300016, 32.51728214300016], [35.36460896500006, 32.51723514200006], [35.36489109400003, 32.51719112100005], [35.36510788100014, 32.51715295700012], [35.3653246830001, 32.51712352699997], [35.36551404500017, 32.51709412900004], [35.36571003900019, 32.51705246600005], [35.36588540100013, 32.517005614000084], [35.36604358000017, 32.51692666000014], [35.36626727100014, 32.51684184700014], [35.366473689000145, 32.51677170700003], [35.36675573900004, 32.51668090500016], [35.367103291000035, 32.51658142500008], [35.36728230600016, 32.516531609000026], [35.367492027000026, 32.516446809000115], [35.36762626100011, 32.51637084200013], [35.36792209100008, 32.516268464], [35.368162913000106, 32.516189402000066], [35.36842085700016, 32.51610454400014], [35.368603344000064, 32.51604316800007], [35.36876155300007, 32.51598463900007], [35.36893007000009, 32.51592313800006], [35.36910206200014, 32.515853039000035], [35.36927754600009, 32.515782791000106], [35.36970598500005, 32.5156295220001], [35.36985323099998, 32.51557776800007], [35.37004898700002, 32.515499748000025], [35.37026419000017, 32.51541437500015], [35.370488181000155, 32.51531687199997], [35.37072281100018, 32.51521639700013], [35.370899074000135, 32.515117548000035], [35.371093108000025, 32.51500669600006], [35.371262402000184, 32.51491687200013], [35.37150646300017, 32.514790317], [35.37169518899998, 32.51468694200008], [35.37186960900004, 32.51458062199998], [35.37201960300018, 32.51448772100002], [35.37219002799998, 32.514378729999976], [35.37237510600005, 32.51428282500012], [35.3725144710001, 32.51419754500017], [35.37265546600014, 32.514092677000065], [35.37276654300018, 32.51399545600009], [35.37289339700004, 32.513889057000085], [35.37307488600004, 32.513737922000075], [35.37321054800003, 32.51362714400017], [35.37338862700011, 32.513525186000095], [35.37351303400004, 32.513443165000126], [35.37362755100003, 32.51331888700014], [35.37378259400015, 32.513167785000064], [35.3739235540001, 32.51304502300002], [35.37405403600002, 32.51292227200008], [35.37416493100005, 32.51281744300002], [35.37430591600008, 32.51270961400007], [35.37445222600013, 32.51260487900004], [35.37462867100004, 32.51251940900005], [35.37478852000004, 32.51245241500004], [35.37494186800012, 32.512377398000126], [35.37508819900006, 32.5122844980001], [35.37530686000014, 32.51218868500007], [35.37550262100007, 32.51211812399998], [35.37565965600004, 32.51205958700007], [35.37582714400003, 32.5119892030001], [35.37600175100016, 32.511900773000036], [35.37615858099997, 32.511819834], [35.376299643000095, 32.51175680800014], [35.37647913700005, 32.51170486400008], [35.37666075000004, 32.511628402000156], [35.37682289200018, 32.51154435400014], [35.376997490000065, 32.51145155500018], [35.3771121100001, 32.51138800000018], [35.377159619000054, 32.511361591000025], [35.377194297000074, 32.511341187000085], [35.37738353300011, 32.51122983900012], [35.37768339200011, 32.51107389200013], [35.377820953000025, 32.51100650200004], [35.378050039000186, 32.51088516800013], [35.37828759200005, 32.5107584700001], [35.37850436500008, 32.51063405100007], [35.37865605300004, 32.51056368200017], [35.37887817600006, 32.510455741000044], [35.37910926900008, 32.51034327900015], [35.379294654000034, 32.51025832900007], [35.3793556600001, 32.510230374000116], [35.37963222600007, 32.510070368000015], [35.37977823200009, 32.50998549400009], [35.37988954300016, 32.50991831300013], [35.37992422900015, 32.509897379], [35.380066400000146, 32.509806028000185], [35.380204588000026, 32.509721163000165], [35.38047432000013, 32.50955426100006], [35.38067491300012, 32.50940647199997], [35.380818234000174, 32.50930906000008], [35.38099829200013, 32.50920638400015], [35.38123777300012, 32.50904811600003], [35.38145265800006, 32.50889678300018], [35.381617031000076, 32.508765244000074], [35.38171225200006, 32.50870058300012], [35.38183657400003, 32.50861615900004], [35.381856832000096, 32.508600492000085], [35.38185998400019, 32.50859795300016], [35.38206521800015, 32.50844353200006], [35.38223500500004, 32.50827492800016], [35.382400669000106, 32.50812366300016], [35.38252942600019, 32.50797779800007], [35.38262141400014, 32.507821417], [35.382703123000056, 32.507679], [35.38278548400001, 32.50753164900004], [35.3827998970001, 32.50750401200014], [35.3828398820001, 32.50742693200016], [35.38287113800004, 32.507366681000065], [35.382958928000164, 32.50718776100018], [35.383016053000176, 32.50706101700018], [35.383099915, 32.50691507200008], [35.38316718599998, 32.50679000400004], [35.38326729100004, 32.50661628100016], [35.383377743000096, 32.506465087000095], [35.38349892100018, 32.506269073], [35.38362759700016, 32.506083193999984], [35.383752332000086, 32.50592324500019], [35.38382107400008, 32.50582004000006], [35.38384833400005, 32.50577911400006], [35.383878507000134, 32.50573300100007], [35.38394034800018, 32.50563837300007], [35.384054815000184, 32.50550112200017], [35.38416119300007, 32.50539333100005], [35.38429219300008, 32.505292549000046], [35.38442055800016, 32.50520628400011], [35.38457601900012, 32.505115756000066], [35.384733758000095, 32.50508778200009], [35.38491414300006, 32.505075418000104], [35.385094369, 32.50506826500015], [35.385303365000084, 32.50506093200016], [35.38566397500006, 32.50504141500005], [35.386018677000095, 32.50506177800003], [35.38631984100016, 32.50508207300004], [35.38664494900007, 32.50510459000003], [35.38685815400004, 32.5051268360001], [35.38709996800014, 32.50515256699998], [35.387309005000134, 32.50516777600012], [35.38755697300002, 32.50519518700014], [35.38791986600012, 32.50523638600009], [35.388083838, 32.50525010399997], [35.3883499050001, 32.50526382300018], [35.388554784000064, 32.5052791760001], [35.38876381800014, 32.50529283100008], [35.38906100100013, 32.50531833900004], [35.389231124000105, 32.50533035800004], [35.38952628400017, 32.50534205900004], [35.38968608100015, 32.50534521600002], [35.389852032000135, 32.50535019400013], [35.39001183200003, 32.505355181000084], [35.39021468800013, 32.50535489300006], [35.39039423000003, 32.505337168000096], [35.39056006900017, 32.50528494200006], [35.39071771100009, 32.50520835100019], [35.39092256400005, 32.505124789000035], [35.39109023500015, 32.5050750960001], [35.391278478, 32.505001135999976], [35.39151006300011, 32.5049006270001], [35.391777858000125, 32.50477963600014], [35.39195163100004, 32.50470569900017], [35.39203601999998, 32.50466626700012], [35.392085197000085, 32.50464326300016], [35.39217107500008, 32.50460309200008], [35.39241481300019, 32.50451073700003], [35.39242557400007, 32.50450695900008], [35.39253045900011, 32.50447013300004], [35.39256668200005, 32.50445740000015], [35.39262664500012, 32.50442702200013], [35.39270421700013, 32.504387599000154], [35.39289956800002, 32.50429531200007], [35.393105237999976, 32.504206955000086], [35.39331707800011, 32.50412915600015], [35.39351181600006, 32.50406194800007], [35.39370727000005, 32.50393894200005], [35.393859293000105, 32.503881519000174], [35.39400398200013, 32.50381381900007], [35.39417504100015, 32.50371508500007], [35.39418151800004, 32.503711693000184], [35.39432083100013, 32.50363860500016], [35.394377845000065, 32.50360869300016], [35.394549096000105, 32.50352263900015], [35.39470822400011, 32.503442659000086], [35.39488678300006, 32.50335236400019], [35.39503376600004, 32.50327029000016], [35.39518092800017, 32.50319441300019], [35.395371453, 32.50310212900018], [35.395639224000035, 32.502974928000015], [35.39591383700014, 32.502861246000066], [35.39594469600013, 32.50284833900014], [35.39607847100007, 32.502792388000046], [35.396150606000106, 32.50274745400003], [35.39622493600018, 32.50270115300003], [35.39637693900005, 32.50263555400005], [35.39638601500013, 32.502632116000086], [35.39654457600017, 32.50257204500019], [35.396546569000066, 32.50257119700012], [35.396549397000115, 32.502571333000105], [35.396751097000106, 32.50257977200005], [35.39693939800014, 32.502620357000126], [35.397243632000084, 32.50260159300012], [35.39743678200011, 32.502574678000144], [35.39759368600011, 32.50254781900014], [35.397677262000116, 32.50251965700011], [35.397679255000185, 32.502518947000056], [35.397748948000185, 32.502495483000075], [35.39777844900004, 32.502485550000074], [35.39796185, 32.50240750400019], [35.39818381800012, 32.502325453000026], [35.3982243960001, 32.502313115000106], [35.39826391000014, 32.50230110100017], [35.398446857000124, 32.50224531500015], [35.398700093000116, 32.5021692790001], [35.39904525900005, 32.502084932000116], [35.39927694400012, 32.50203949899998], [35.39944830400009, 32.50200852900008], [35.39960518500004, 32.50197152100009], [35.39985616500019, 32.50193028400014], [35.40025400800016, 32.50191292300019], [35.40041813200003, 32.50192085000003], [35.40066459200017, 32.50194499700018], [35.400869957000054, 32.50195680700011], [35.401046812000175, 32.50185030400007], [35.40119778700017, 32.5017720190001], [35.40135992600017, 32.50170611700014], [35.40153672100013, 32.50165273200008], [35.40174869100008, 32.501641704000065], [35.402051105000055, 32.501628708000055], [35.40227968500017, 32.50160962300015], [35.40243803000004, 32.50155936500005], [35.40260378200003, 32.501471757000104], [35.402791791000084, 32.50137453400015], [35.40291315600007, 32.50129009300019], [35.40294334400011, 32.501256372000114], [35.40297140299998, 32.50123745000019], [35.40299194600004, 32.501202475000184], [35.403056638000066, 32.50113051900013], [35.40314492900018, 32.50097426900015], [35.403236676000176, 32.500802374000045], [35.40333590500012, 32.500630327000124], [35.40340928400008, 32.50049904000019], [35.40350117000003, 32.500314605000085], [35.40361168200013, 32.50013126800013], [35.403721948, 32.49999048400019], [35.403861693000124, 32.49979343600006], [35.403952387000174, 32.49967480100008], [35.40397128800004, 32.49965011500018], [35.40400511100012, 32.4996058210001], [35.40409327900011, 32.49947140900014], [35.40411511500014, 32.49941853900003], [35.40413639000019, 32.499367017000054], [35.404184917000066, 32.49924949500007], [35.404286887000126, 32.49906752300012], [35.404295231000106, 32.49905263300013], [35.40434625600017, 32.49896576000015], [35.40441053800015, 32.498859426000024], [35.40442052900016, 32.49882596800012], [35.40446766000008, 32.49866813900013], [35.404467041000146, 32.49845693100008], [35.40445545700004, 32.49816951800017], [35.40444741800019, 32.49790717500002], [35.40443607100002, 32.49773233900015], [35.404420909, 32.497560606000036], [35.4043983630001, 32.49735760500005], [35.404353723000156, 32.497083908000036], [35.40434231900008, 32.49688088900001], [35.40431216100012, 32.496615483000085], [35.40429693600015, 32.49641557100006], [35.40427436100015, 32.49619693], [35.40422600800014, 32.4959753710001], [35.40419237900011, 32.49579732600017], [35.40418075900004, 32.495494411000095], [35.40417309400004, 32.49532886700007], [35.404172857000106, 32.49513921900018], [35.40417255199998, 32.49499550200011], [35.40413163300008, 32.494830008000065], [35.40424536600017, 32.49476153300003], [35.404254338000044, 32.49475613100009], [35.4044594020001, 32.49463267099998], [35.40447480500006, 32.49460531300002], [35.40448390400019, 32.49458909200001], [35.40453658300004, 32.49449517800008], [35.404488356, 32.49433279500005], [35.40438047200013, 32.4939488710001], [35.40433585, 32.49376154300006], [35.40428759700018, 32.49358662000003], [35.40431298699997, 32.49340862700018], [35.40436032700018, 32.493306293000046], [35.40439523800012, 32.493230827], [35.40439838500015, 32.49322617200005], [35.40452350600009, 32.49303844400015], [35.40459543400016, 32.49285460500016], [35.404652018000036, 32.4927260180001], [35.404740841000034, 32.49251255900009], [35.404810759000156, 32.49232209900015], [35.40484791800009, 32.492205660000025], [35.40487797200012, 32.49211107000019], [35.40493734400002, 32.49196416400008], [35.40493823000014, 32.49196046200012], [35.40498018700015, 32.49178515600005], [35.405031680000036, 32.491608813000084], [35.405096303000164, 32.49142977200012], [35.40515267400008, 32.491280614], [35.405206508000106, 32.49111075000019], [35.40526572800002, 32.49097088700006], [35.40533321200013, 32.49081015900009], [35.405397680000135, 32.49063802300009], [35.40545157300005, 32.49049577100004], [35.40550813900012, 32.49036042300003], [35.40557552299998, 32.490229565], [35.40564885600014, 32.49008305900014], [35.405724271000054, 32.489899351000076], [35.40573724800015, 32.48986920600015], [35.405781506000096, 32.48976639700004], [35.40578663100007, 32.48975314300003], [35.40583193700007, 32.48963781700007], [35.40589922400005, 32.48946342300002], [35.405953111000144, 32.489318777000165], [35.40602586400007, 32.48913521400016], [35.406071629, 32.48900213600018], [35.40608137000004, 32.48897055900011], [35.40612036300013, 32.48884328100007], [35.40613073200018, 32.488809436], [35.40617365500009, 32.48866945700007], [35.4062368000001, 32.488424899999984], [35.406291921000104, 32.48823671500014], [35.40633751300015, 32.48810053600016], [35.40640592700015, 32.4879099370001], [35.40644687200006, 32.4877777100001], [35.406483294000054, 32.48762999200011], [35.406524169000136, 32.487466625000025], [35.406569650999984, 32.48728000500006], [35.406634019000194, 32.48706306200012], [35.40666115600004, 32.48692691200006], [35.40670213800007, 32.48673635400007], [35.406752015000166, 32.486507035000045], [35.406774673000086, 32.486374837000085], [35.40679681500018, 32.48631099600004], [35.40681564700009, 32.48625669900008], [35.406833986000095, 32.486203693000164], [35.406846455000164, 32.486128292000046], [35.40685663100015, 32.4860675490001], [35.40686337000005, 32.48603105799998], [35.4068839090001, 32.485919845000126], [35.40693376900009, 32.485682635000046], [35.406974870000056, 32.48554646300016], [35.40705219600005, 32.4852508780001], [35.40710665300003, 32.484986466000066], [35.40714759400015, 32.484777309000094], [35.40714949200009, 32.48476871800017], [35.40715961100017, 32.484722906000115], [35.407193030000144, 32.48457124600003], [35.40721568500015, 32.48443904699997], [35.40722902300001, 32.484302918000026], [35.40724240200018, 32.48410859600011], [35.40705258700018, 32.48404379600004], [35.40704691200017, 32.484041854000054], [35.406974731000105, 32.48401714500005], [35.40696970200014, 32.48384356600019], [35.40697880100009, 32.48366898000012], [35.40698788700013, 32.48348889600015], [35.40700978100017, 32.483311610000044], [35.40705053500017, 32.48316923900006], [35.407116742000085, 32.482959480000034], [35.407163967000145, 32.48281174400006], [35.40722085400017, 32.48267456200011], [35.407242098000154, 32.482641218000026], [35.40727916999998, 32.48258302800019], [35.40732191200016, 32.48251589300003], [35.407436268000026, 32.482355091000045], [35.40750581100019, 32.48222873599997], [35.407587869000054, 32.48204600500003], [35.40763217200009, 32.48193251300006], [35.407641430000126, 32.4819088270001], [35.40765606100018, 32.48187870900006], [35.407701505000034, 32.481785166000066], [35.40773714800008, 32.48171746300005], [35.407782128000065, 32.48163202400019], [35.407783284000175, 32.481629063000184], [35.40785613700007, 32.481494812], [35.40793821400018, 32.48132279000015], [35.407985457999985, 32.48118562000019], [35.408032817000105, 32.481024358000184], [35.40808004100012, 32.48087662200004], [35.40816247400011, 32.48071587000004], [35.40820023100008, 32.48057350300007], [35.408250576000114, 32.48040956000011], [35.40829140500017, 32.48022674900017], [35.40834488900015, 32.48005476800006], [35.40839535800018, 32.47987208600006], [35.408458246000066, 32.47966782399999], [35.40849911700013, 32.47958082500003], [35.40852311000009, 32.479530066000166], [35.40860026700017, 32.47939087700013], [35.40866709200009, 32.47923846100008], [35.40867007200018, 32.47923239600004], [35.40873921500008, 32.47907631300018], [35.40874445300017, 32.47906157000011], [35.40878679800005, 32.47894238600003], [35.40886570800018, 32.47876768700007], [35.40887512000006, 32.4787500760001], [35.40890610100007, 32.47869210400012], [35.408944673000065, 32.4786197630001], [35.40898146400019, 32.47849190900013], [35.40898872400004, 32.478466535000166], [35.40900476600012, 32.47842959400003], [35.40907076100018, 32.47827844700009], [35.40914024200015, 32.478125181000166], [35.40920641400015, 32.47797995200017], [35.4092727420001, 32.47782936700003], [35.409335770000155, 32.477689639], [35.409402092000164, 32.477536376000046], [35.409444736000125, 32.47742584600013], [35.40947465200014, 32.47734830500019], [35.40948210300013, 32.47732648500016], [35.40951875100012, 32.47721917000007], [35.40958727200018, 32.47710466100011], [35.40960719200007, 32.47707137000015], [35.40962740600014, 32.477040623000164], [35.409709411999984, 32.47691565800005], [35.409785253000166, 32.47678379700005], [35.40986598100005, 32.47660585400013], [35.40986779900004, 32.47660078100017], [35.409880593000025, 32.47656502500007], [35.40993024900007, 32.47642625000003], [35.41001239800005, 32.47629184300018], [35.41011347800003, 32.47614669900008], [35.41017900200012, 32.476058931000125], [35.410196675000066, 32.476035258000024], [35.410217890000126, 32.47600676300004], [35.41033792700006, 32.47579170100005], [35.41042008599999, 32.475659834000055], [35.41049635100018, 32.47557094500007], [35.410527167000055, 32.47553503800003], [35.41056548900002, 32.475490383000135], [35.410698382000135, 32.475377454000125], [35.410840974, 32.475291141000184], [35.41087627100018, 32.47527849400012], [35.41090575000004, 32.47526793100019], [35.411033472000156, 32.47522207800006], [35.411282738000125, 32.47504231900018], [35.411421918000144, 32.474841317000084], [35.411493455000084, 32.474644087000115], [35.41156488400003, 32.474396555000055], [35.41161956700006, 32.47424584500004], [35.411703737000096, 32.474048453000194], [35.41179645400018, 32.473883313000044], [35.411931658000185, 32.47376488300017], [35.41206256999999, 32.47365900200003], [35.41215968600005, 32.47360431900006], [35.41216184400008, 32.47360304800003], [35.41216599500012, 32.47360064500009], [35.41223804100008, 32.47355995200019], [35.41242797700016, 32.473462148000124], [35.41243802800017, 32.47345421400013], [35.41257498800013, 32.473346096000114], [35.41272000500015, 32.473232019000136], [35.41283644900017, 32.47312362300005], [35.41294964300016, 32.472974512000064], [35.41303243800013, 32.47283347900003], [35.413123713000175, 32.472694267000065], [35.41321285600014, 32.472568300000034], [35.41333403400006, 32.472421854000174], [35.41341516800003, 32.47228223399998], [35.413502759000096, 32.472130486000026], [35.41360001100014, 32.471990135000055], [35.413689101000045, 32.47184106300017], [35.41376871500006, 32.47169059700013], [35.41386745500006, 32.471545592000155], [35.413969335000104, 32.47139241300016], [35.41404297200012, 32.47124646499998], [35.414093881000156, 32.47111915100015], [35.41415904200011, 32.47097279400003], [35.41423220000013, 32.470835861000126], [35.414283106000084, 32.470707280000056], [35.41434653800019, 32.47053105400005], [35.41442630800003, 32.47037692400011], [35.41448516200006, 32.47023607000017], [35.41455682600014, 32.47010055100003], [35.41463162300005, 32.469952768000155], [35.41467604100018, 32.46982137800012], [35.414739876, 32.469678122000175], [35.414819561000115, 32.46956161200012], [35.414895889000036, 32.46943017000007], [35.414946796000095, 32.46930285600001], [35.41498805600014, 32.46917274000009], [35.41507086100012, 32.46903861000004], [35.41513439500005, 32.46890986700009], [35.4152203270001, 32.46876347500006], [35.415290694000134, 32.46864303500007], [35.41537177900017, 32.46848312300017], [35.41543065700006, 32.46835438800008], [35.415514932, 32.468209407000074], [35.415576935000104, 32.46806573100008], [35.415648582000074, 32.4679234460001], [35.415733593000084, 32.46781129300018], [35.41581158700012, 32.46768252600009], [35.41589585600008, 32.46753613700014], [35.41596753800019, 32.46741005600012], [35.416037556000106, 32.467282713000145], [35.41614735500002, 32.46710795900009], [35.41624290400006, 32.466951970000025], [35.416311536000194, 32.46680053200009], [35.41638488400008, 32.46667585800009], [35.416438928000105, 32.46654177600004], [35.416492815000026, 32.466410370000176], [35.41656283700013, 32.466285702000164], [35.416637643000115, 32.46614608900006], [35.4167225060001, 32.46596968600011], [35.41676758700004, 32.46584026800008], [35.41681274900003, 32.46567238300014], [35.41684166300013, 32.46552382800019], [35.4168835800001, 32.465391737000175], [35.416941479, 32.46519903300003], [35.416976858, 32.46504215500005], [35.417041703000166, 32.46483351899997], [35.417083438000134, 32.464695934000076], [35.41714158600013, 32.46453901600006], [35.417219108000154, 32.464351777000104], [35.41728041200008, 32.46419485600018], [35.41733852200008, 32.46402145400003], [35.417383530999984, 32.46386174300005], [35.41752928200009, 32.46371299800012], [35.41773024800017, 32.46358064700007], [35.41795729900002, 32.463445434000164], [35.41816164900007, 32.46334055300008], [35.41832339800004, 32.46325236600018], [35.418323655000165, 32.46325222600018], [35.41832635700001, 32.46325033800019], [35.41834553400008, 32.463236938000136], [35.418431180000084, 32.46317709100009], [35.418485774000146, 32.463139100000035], [35.418642936000026, 32.46304035300011], [35.41879860900019, 32.462943863000135], [35.41894448100004, 32.46285006700003], [35.41906774400019, 32.46275348800009], [35.41921683099997, 32.46268448600006], [35.41926847899998, 32.46252208300007], [35.41930549500006, 32.46235646600013], [35.419306811000126, 32.46235124900011], [35.41930730500019, 32.462349276000054], [35.41932342900009, 32.46228775900005], [35.41934569400007, 32.46220281800004], [35.41938759100009, 32.462065231999986], [35.419432605000054, 32.46190833700007], [35.419471171000055, 32.461767937], [35.41950991199997, 32.46163035700016], [35.419548459000055, 32.461481645000106], [35.41959370100011, 32.46135236400016], [35.41968748200014, 32.46108351400011], [35.41973577800019, 32.46091012900007], [35.41977434100011, 32.46076691100012], [35.41982591100009, 32.460571540000046], [35.41987420600009, 32.460398152000096], [35.419910997000045, 32.4602747830001], [35.4199127980001, 32.46026874400002], [35.41995821800015, 32.46007338100014], [35.419973324000125, 32.45999318500009], [35.419989908000105, 32.45990552000018], [35.419996551, 32.45987292000018], [35.42003181500007, 32.45969987700016], [35.420070254000166, 32.45950452900013], [35.42010892800016, 32.45933932900016], [35.420147474000146, 32.459190758000034], [35.42018284000005, 32.45903105800011], [35.420023467000135, 32.45888831100012], [35.4198705070001, 32.45878683200016], [35.419724188000146, 32.45868252700018], [35.41957469100009, 32.458569913000076], [35.419397745000026, 32.458444241000166], [35.41919285400007, 32.45830705900016], [35.419014077999975, 32.458180827000035], [35.41887424100008, 32.458076509000136], [35.41871495100003, 32.4579667270001], [35.41858475900011, 32.457865071000185], [35.418376675000104, 32.45771140700009], [35.41824984800019, 32.45762623100018], [35.4180288070001, 32.45747540700012], [35.41785638600015, 32.457365505999974], [35.4177165800001, 32.457272319000026], [35.41758013200018, 32.45719546800012], [35.4174273430001, 32.457093848000056], [35.417234085000075, 32.45688126400006], [35.41717684300011, 32.45670170900007], [35.417153541000175, 32.45653929000002], [35.41711479300017, 32.456380279000086], [35.41706073400019, 32.456211428000074], [35.417006620000166, 32.45601975200003], [35.416948665000064, 32.45581850100018], [35.41689846600008, 32.455665846000045], [35.41684822800005, 32.45549698900004], [35.41679030400002, 32.45530870100009], [35.41674011800012, 32.45516267000016], [35.41670043800008, 32.45495871200018], [35.41665015200016, 32.45476717000014], [35.41660010200013, 32.4546080340001], [35.41657283600017, 32.45445548400011], [35.4165302670001, 32.454296339000166], [35.41647235800019, 32.45411453000014], [35.41642228300003, 32.45394243100003], [35.41636823800013, 32.45378006300007], [35.41631806400005, 32.453637131000164], [35.416279332000045, 32.45348459900015], [35.416244414000175, 32.45332868000014], [35.41619797900012, 32.45307541800014], [35.4161439130001, 32.45290332700017], [35.416093726000156, 32.45275391399997], [35.416070201000025, 32.452565710000044], [35.416012310000156, 32.45239038300019], [35.41596587600003, 32.452211796000086], [35.415927028, 32.45200713300011], [35.4158690430001, 32.45178953800013], [35.41581883800012, 32.45163378300015], [35.41578023000011, 32.4514616670001], [35.415749167000115, 32.45131870299997], [35.41570274900005, 32.45114659800004], [35.415668002000075, 32.450990819000026], [35.41564457400011, 32.45084460400011], [35.41560976500017, 32.45066275900007], [35.41555563300011, 32.450458118000086], [35.41550894200009, 32.45031236300002], [35.41546258300002, 32.4501663260001], [35.41544309300019, 32.44999741700008], [35.415400455000054, 32.449805864000155], [35.415365723000036, 32.44965642400001], [35.41533846200019, 32.449503733000086], [35.41527670000005, 32.44930572900006], [35.415234172000055, 32.44916292400006], [35.415195661000155, 32.44903293700003], [35.415153119000024, 32.44888365000003], [35.415118248000056, 32.44874717500005], [35.4150758560001, 32.44859140900013], [35.41504862600016, 32.448451680000176], [35.415021551000166, 32.44830885099998], [35.414979053000025, 32.44817901100009], [35.4149288910001, 32.44803931900009], [35.41486697600004, 32.44784624599998], [35.414807314000086, 32.44769557800015], [35.414732062999974, 32.44748322200019], [35.414632622000056, 32.44722793000017], [35.4145580820001, 32.447035440000036], [35.414448810000124, 32.44676762400013], [35.41441394600008, 32.44663368500011], [35.41437898200019, 32.446453672000075], [35.41433399300013, 32.44624859500004], [35.41428924100012, 32.446076909000055], [35.41423453200014, 32.44590946600016], [35.41417491200019, 32.44577556700017], [35.41411527500014, 32.44563335300012], [35.41406556600003, 32.44547421600004], [35.41402067200005, 32.44531098600004], [35.41398071300017, 32.445126894000055], [35.41393058500012, 32.44492689600003], [35.41389080200014, 32.44474689000009], [35.41383592900013, 32.44457944800007], [35.41378125700004, 32.44442877200004], [35.41372657700009, 32.44427387100012], [35.413671943000054, 32.44413996100019], [35.41360235500014, 32.4439306970001], [35.41355268900014, 32.44378846800015], [35.41347804100013, 32.44354567500005], [35.4134132530001, 32.44332794900015], [35.41336858200009, 32.44318993700011], [35.41333353600004, 32.44304754400014], [35.41328383399997, 32.44288854700005], [35.41322912700019, 32.44272110400016], [35.413139741000066, 32.44249933000009], [35.41309347400005, 32.4423160930001], [35.413058569999976, 32.442161157999976], [35.41300385400007, 32.44198948800016], [35.41294922399999, 32.441855580000095], [35.41290930499997, 32.4416882540001], [35.412884400000166, 32.44154584500018], [35.41285930900011, 32.44139512200019], [35.412814378000064, 32.44121512300012], [35.412774471000034, 32.441051883000114], [35.41272466099997, 32.440842586000144], [35.41267998000012, 32.44070034900017], [35.41264009300011, 32.44054542200007], [35.41260024100018, 32.440407261000075], [35.412560401000064, 32.44027333000014], [35.412490816000116, 32.44006406400001], [35.41245097600017, 32.43993013100004], [35.41244563900017, 32.43977106500006], [35.412415918000136, 32.439554549000036], [35.41237768200017, 32.43939454700012], [35.41233031800016, 32.43924005400004], [35.41228896500019, 32.43909879800009], [35.412250884000116, 32.438933583], [35.41220967600009, 32.438781758000175], [35.412149744000146, 32.43865377500015], [35.412083239000026, 32.43848339000016], [35.412042040000074, 32.43833678100003], [35.41200080500016, 32.43817156800014], [35.4119564020001, 32.43800368899997], [35.411923807000164, 32.43783874400009], [35.4118983460001, 32.43767083100016], [35.4118853920001, 32.43752164000017], [35.41187560999998, 32.437380333000135], [35.411868994000145, 32.437244375000034], [35.41187500400014, 32.4371057190001], [35.41185582900005, 32.43692441200011], [35.41183647100007, 32.43673521400012], [35.41182344300006, 32.436553897000124], [35.411819851000075, 32.43635664000004], [35.41181946900008, 32.43618375700004], [35.41180959400003, 32.435999898000034], [35.41180287500009, 32.435815896000065], [35.411805733000165, 32.43567992300012], [35.411783323000066, 32.43553877500017], [35.41178928400012, 32.43537870200015], [35.4117857710001, 32.4352161110001], [35.41177913700011, 32.435072121000076], [35.41177583100017, 32.43492826700009], [35.41179427100013, 32.43477620700014], [35.411816044000034, 32.43462963700006], [35.41184706900003, 32.434458957000174], [35.41187804700013, 32.43426700200018], [35.41190333400016, 32.43413127500003], [35.411940707000156, 32.433976508000114], [35.411978127000054, 32.43384315600008], [35.41202183700011, 32.433699230000116], [35.412074989000075, 32.43354175800005], [35.41213766200019, 32.43340836800019], [35.41221273100007, 32.43324564900013], [35.412291002000075, 32.43310420200004], [35.41237872800008, 32.43295485000016], [35.41244772099998, 32.43282412500008], [35.41251964999998, 32.432669304000115], [35.41257913100003, 32.43251999600005], [35.412671102000104, 32.432338932000164], [35.412743234, 32.432200173000126], [35.41281516200013, 32.432045349000134], [35.412902797000186, 32.43185598200017], [35.412974950000034, 32.43172792900015], [35.41306259300006, 32.43154377299999], [35.413156385000036, 32.43135974900008], [35.41324110500011, 32.43120504800015], [35.41330676600012, 32.43107165000009], [35.413369402000114, 32.43092219599998], [35.41344134600007, 32.43077540500019], [35.41351642300015, 32.43061803900014], [35.41357455300016, 32.43046154600006], [35.41368396900015, 32.43028031500012], [35.413753932000134, 32.430140571000095], [35.4138115180001, 32.429962100000125], [35.41388124700012, 32.42979121600001], [35.41393689400019, 32.42963909600007], [35.41398839900012, 32.42949163100019], [35.414064246000066, 32.42930791900011], [35.41412504300007, 32.42915522700008], [35.41420092100009, 32.42898433300013], [35.41425861800019, 32.42885757000005], [35.414322295000034, 32.42873065900011], [35.41441640900018, 32.42854437800008], [35.41451986600009, 32.42837597700009], [35.414611154000056, 32.428262124000184], [35.41468396600004, 32.428060239000104], [35.41475743600006, 32.42792894300004], [35.41482127100011, 32.42779949400011], [35.41491248699998, 32.42765450000019], [35.414988464000146, 32.427530244000025], [35.41504912800019, 32.42739305100014], [35.41509767400015, 32.427261090000115], [35.41515217300014, 32.427116157000114], [35.41521901600004, 32.42699445400007], [35.41528899400015, 32.426862457000084], [35.415386116000036, 32.42668645700007], [35.41546875400013, 32.42649582800004], [35.41553545200014, 32.42630944899997], [35.415596131000086, 32.426180005000106], [35.41569350800006, 32.426042894000034], [35.41577853700005, 32.42588227099998], [35.41585758100007, 32.42571926099998], [35.41592434700004, 32.42556402100013], [35.41603374300007, 32.42538010900017], [35.416118771000185, 32.42521962800015], [35.416207273, 32.425052237000045], [35.41628, 32.42488909700006], [35.416368202000115, 32.424736359000065], [35.416437999000095, 32.42459929200015], [35.416510964, 32.424467150000055], [35.416568626000185, 32.42432742400007], [35.416638428000056, 32.424192890000086], [35.41670834900009, 32.42403750700015], [35.41676893400006, 32.42386931400017], [35.41681743300006, 32.423716641000055], [35.41686040000013, 32.42354396800005], [35.41688765499998, 32.42340161300007], [35.41693910700019, 32.42323343500004], [35.41698446100003, 32.423088516], [35.41704517900007, 32.42290482400011], [35.417117853000036, 32.42271843600014], [35.41717254500014, 32.422589], [35.41722402400006, 32.422433786000056], [35.4172664190001, 32.42230183400011], [35.41729350200012, 32.422156945000154], [35.41735424200016, 32.42198353700019], [35.417396773, 32.421838763000096], [35.417422160000115, 32.42167781300009], [35.417453514000044, 32.421513473000175], [35.41748688300004, 32.42135645600007], [35.417504332000135, 32.42121383500006], [35.41751979600019, 32.42107305100018], [35.41754124500011, 32.42093563900016], [35.41756858800011, 32.42075946900013], [35.41759780300015, 32.42060358500004], [35.41763893100017, 32.42042584300009], [35.417684125000164, 32.42028331800009], [35.41772749100005, 32.42014108100017], [35.41776669900008, 32.419996875000095], [35.4178078970001, 32.419850977000124], [35.41784913000009, 32.41972015400006], [35.417910134000124, 32.419590989000085], [35.41795527100004, 32.4194232430001], [35.41800424400009, 32.41926394500007], [35.418091016000176, 32.41906978500015], [35.41817949300014, 32.418896897000025], [35.41824843200004, 32.41875095000012], [35.41829939600018, 32.41858995900003], [35.418342597000105, 32.41844912900012], [35.418421341000055, 32.4183048590001], [35.41847849400011, 32.41816386600004], [35.41853633699998, 32.41803329499999], [35.41860116400011, 32.41790581700013], [35.418610167000054, 32.41789096500014], [35.41862946300006, 32.417859132000046], [35.418674146000114, 32.41778508500005], [35.41875090000008, 32.41764405900011], [35.418839579000064, 32.41748638800016], [35.41893409700003, 32.41734040100005], [35.4190584000001, 32.41721789500002], [35.419204345000026, 32.417115362000175], [35.41932472900004, 32.41702132300014], [35.41944396500014, 32.41693447500006], [35.41960565000011, 32.416815147000136], [35.419749742000135, 32.41670092000015], [35.41987611600007, 32.416613496000025], [35.420036017000086, 32.41651277100016], [35.42018993100004, 32.41640853100006], [35.42035479600008, 32.41629990700011], [35.42047519400012, 32.416214321000155], [35.42061932900003, 32.41612024400007], [35.42081091000017, 32.41599917500008], [35.42095684400016, 32.41589339800015], [35.421104951000075, 32.415794241000185], [35.42126250500013, 32.41568619000003], [35.42135888200005, 32.41562826000006], [35.42142589300016, 32.41558644300005], [35.42156490000019, 32.415503502000035], [35.421736747000125, 32.415397542000164], [35.42187974400014, 32.415316006000126], [35.42201193900013, 32.41523209000013], [35.422150085000055, 32.41513632900012], [35.42218740000004, 32.41511076400002], [35.42228243200009, 32.41504550800016], [35.42232655300006, 32.41501425300015], [35.422446111, 32.41492955800015], [35.42257791300011, 32.41490261800004], [35.422617787000036, 32.414894468000114], [35.42274828400008, 32.41486776], [35.42290797900006, 32.41489525000014], [35.423075456000106, 32.414841288000105], [35.42323590299998, 32.41476422800014], [35.42342592500006, 32.414689092000174], [35.423597644000154, 32.41460243100016], [35.42373099700012, 32.414517807000095], [35.423866697000165, 32.41444276200019], [35.42400901900004, 32.414357983], [35.42416510100014, 32.41426176800013], [35.42428696100012, 32.414163776], [35.424440781000044, 32.41409433500007], [35.424578617000066, 32.41400970300015], [35.42471542400011, 32.41391084100013], [35.42487372800008, 32.4138413930001], [35.42500491699997, 32.41375677200011], [35.42516767900014, 32.413675902000136], [35.42531445200012, 32.41357772600003], [35.42545455800018, 32.41346998400019], [35.42557288799998, 32.41335537100019], [35.42572424800011, 32.41323041900017], [35.42587115000015, 32.41311688600007], [35.42600215000016, 32.41302268200013], [35.426142242000026, 32.41290916000014], [35.42629599800017, 32.412814919000084], [35.42644967400008, 32.412686014000144], [35.42656698400003, 32.41256295000011], [35.42667980200008, 32.41243608800005], [35.426810874000125, 32.412303559], [35.42696378700009, 32.41220396300014], [35.42698309400015, 32.412188496], [35.42710354600018, 32.41209199000019], [35.42725756900006, 32.411971258000165], [35.42732754300016, 32.411919712000156], [35.42736210800007, 32.411894239000105], [35.427395194000155, 32.41186985600012], [35.42756778400002, 32.41173345200019], [35.42772890800006, 32.41159579800018], [35.427889217000086, 32.4114646270001], [35.42801649900014, 32.41134563100019], [35.428170738000176, 32.41124589100008], [35.42831450600016, 32.41114447800015], [35.42847265400013, 32.411013309000055], [35.4286268300001, 32.41088905200013], [35.42875214000014, 32.41077893500017], [35.42890417000012, 32.410659893000116], [35.42906962800015, 32.41053082399998], [35.429145083000094, 32.41047997100014], [35.42922783500018, 32.410424172000035], [35.42936441500012, 32.41030417200005], [35.42941377200003, 32.410257886000124], [35.429482578000034, 32.41019336200014], [35.42960784600007, 32.4100674610001], [35.429753707000145, 32.409939696000095], [35.42991808900007, 32.40984698200009], [35.43010319900014, 32.40974014000011], [35.43027368100019, 32.40962811100019], [35.43040118500011, 32.40953362800008], [35.430536301000075, 32.40942926900004], [35.43065530500013, 32.40932254100011], [35.430774505000045, 32.409229762000166], [35.43091627000018, 32.40912665800016], [35.431039615000145, 32.40903034900009], [35.43116499100006, 32.40894981800011], [35.4313006750001, 32.40887462500018], [35.431489822000174, 32.40879045900016], [35.4316543060001, 32.40874127899997], [35.431806640000104, 32.408681696000144], [35.432008624000105, 32.408623081000144], [35.43201228900017, 32.40862201800013], [35.43205178600016, 32.40860842100017], [35.43219534100001, 32.40855885600007], [35.432361965000155, 32.40850276800006], [35.43250901000016, 32.40845460500009], [35.43274284300003, 32.40837303700005], [35.43290777200008, 32.4083027210001], [35.4331352640001, 32.40821073700016], [35.433283120000056, 32.40815496300013], [35.43349357000005, 32.40808935700005], [35.43371265600007, 32.40802387400004], [35.43393158400005, 32.40796064800014], [35.43414507000017, 32.407914478000066], [35.434326954000085, 32.40785145800015], [35.434511880000116, 32.407807594000076], [35.43470240300019, 32.40774455600001], [35.434878133000154, 32.40767830400006], [35.435057355000026, 32.40761275000011], [35.435256590999984, 32.40758111700012], [35.435452773000065, 32.407522859000096], [35.435609097000054, 32.40746706800019], [35.43576839999997, 32.40740647900003], [35.43597601100004, 32.40733608400018], [35.43615504600018, 32.40726334300007], [35.436308734000136, 32.4072172760001], [35.43650771400007, 32.407149289000074], [35.436675485000194, 32.40708868500019], [35.436829221000096, 32.407061781000095], [35.437016930000084, 32.40700353600016], [35.437201825000045, 32.406950086], [35.43736100200016, 32.40690640400015], [35.437537386000145, 32.406836062000025], [35.43770520200019, 32.406794759000036], [35.43787021600019, 32.406760647000056], [35.4380209250001, 32.406719376000126], [35.438205796000034, 32.40665634300012], [35.43839435500013, 32.406606830000044], [35.43859070200011, 32.406549977000054], [35.43873706200014, 32.40649602900004], [35.43896327600004, 32.40642799000017], [35.439090228000055, 32.40638507000017], [35.439156111000045, 32.406362688000115], [35.439170417000184, 32.406358109000166], [35.43936903700012, 32.40629453100007], [35.43956189400018, 32.40623768200004], [35.43977159299999, 32.406206304000136], [35.439924642000165, 32.40617221300005], [35.440130759000056, 32.406104067000115], [35.44030066900007, 32.40608748400007], [35.44030727100011, 32.40608684000017], [35.440362704000165, 32.406075463000036], [35.440459665000105, 32.4060555640001], [35.44060265300004, 32.40598189700012], [35.44095224600011, 32.40596999000013], [35.441188730000135, 32.40602324300016], [35.441358582000134, 32.40606520500006], [35.44155181700006, 32.40615798800019], [35.44171517500007, 32.40625942200006], [35.44190531099997, 32.40637475300014], [35.442075321, 32.406478852000134], [35.44223533900009, 32.40657169500008], [35.44242196600004, 32.40667872100005], [35.44255873100008, 32.406771605000074], [35.44272211600014, 32.406881348000184], [35.442858839, 32.40695732600011], [35.44301588200011, 32.40705609200006], [35.44305832499998, 32.407082993000074], [35.44309324000011, 32.40710512300012], [35.44313183500003, 32.40712956900006], [35.44317292800014, 32.40715556200013], [35.44319382000009, 32.407168795000075], [35.443230822000146, 32.407192230000135], [35.44329082300004, 32.407233791000124], [35.44332333500006, 32.407256311000026], [35.44341900800009, 32.407322641], [35.443600441000115, 32.40747588900007], [35.443764903000044, 32.40758812800004], [35.44376948900003, 32.40759125800014], [35.44377868999999, 32.40760155300018], [35.44386393200011, 32.407696927000075], [35.4438750970001, 32.40770941900007], [35.44396230600012, 32.40784297500011], [35.444041025000104, 32.40796963800017], [35.44410548000002, 32.40810253300009], [35.44414854400003, 32.40825039600014], [35.44420610200018, 32.408415005000165], [35.44425285000017, 32.40857357200008], [35.44429610300011, 32.4087300330001], [35.44434982600018, 32.408888588000025], [35.44440021700018, 32.409042640000166], [35.44442017500006, 32.40918308000005], [35.444451136000055, 32.40933787300014], [35.44450500500017, 32.40948882000009], [35.444567613000174, 32.40961410600016], [35.44457038000013, 32.40961888300012], [35.444571118, 32.40962015700006], [35.44464985400015, 32.409752882000134], [35.44474088100014, 32.40991402900005], [35.44474112800003, 32.409914466000146], [35.444741087000125, 32.409916243000055], [35.44473804800015, 32.41004933200014], [35.44473799100007, 32.41005185000017], [35.44473749600013, 32.410053468000115], [35.44468676300011, 32.41021919400015], [35.44468625300004, 32.41026435900005], [35.444685951, 32.41029105500013], [35.44468529700015, 32.41035967400006], [35.44469651600008, 32.410524366000175], [35.44469681400011, 32.41064046700012], [35.444696899000064, 32.41067395500005], [35.444697061000056, 32.41073726500014], [35.44471601400011, 32.410779329000036], [35.44472395700012, 32.41079695800016], [35.44472532700007, 32.41079998400005], [35.444754360000104, 32.41086411100014], [35.44483041400014, 32.41092999300008], [35.44483876100003, 32.410937224000065], [35.44483963000005, 32.41093795800009], [35.444842757, 32.41094059800014], [35.444845252000164, 32.41094270900004], [35.444893694000086, 32.410984746000054], [35.44501964400018, 32.41106637900015], [35.445185328000036, 32.41109777300011], [35.44534738700003, 32.41107633799999], [35.44535602200011, 32.41107519600007], [35.44536863400009, 32.41107348200012], [35.44555045800007, 32.41104876800006], [35.44574986100014, 32.411015146000125], [35.445913641000175, 32.41095298900018], [35.44610764000015, 32.41088612200008], [35.44626436800013, 32.41085708800017], [35.44643723000007, 32.41083873000008], [35.44663139700003, 32.41083681900017], [35.44681101600008, 32.410861706], [35.44697128400003, 32.41085379800006], [35.44712449000008, 32.41081279300016], [35.44731853500008, 32.41076410200009], [35.447485795000034, 32.41069883600005], [35.447637136000026, 32.41064416400013], [35.44778664800015, 32.41058794700018], [35.44794495600013, 32.41053030400013], [35.44813203400014, 32.41048458500018], [35.448387906000164, 32.41045099400014], [35.44854826300019, 32.41047788600008], [35.44875334000005, 32.41051991300009], [35.44890839400006, 32.410551324000096], [35.449088398000015, 32.41059621500017], [35.449257844000044, 32.41066845900008], [35.449405874000036, 32.41074525200014], [35.44958247900013, 32.41082340200006], [35.44975819600006, 32.41087985299998], [35.44991150100003, 32.41094156200006], [35.45006505600003, 32.41103342100013], [35.45019169600005, 32.41112377800005], [35.45032725700014, 32.411195946000134], [35.45048610200007, 32.41127877700018], [35.450652071000036, 32.41135398600005], [35.45081784000013, 32.41141707700007], [35.450985420000166, 32.41147424600007], [35.45115138300014, 32.41154790600012], [35.451286456, 32.41162176200004], [35.45143115900015, 32.411695318000056], [35.45158208800012, 32.41173589400006], [35.45177486900019, 32.411775121000176], [35.45195850900012, 32.41181168700018], [35.45214057400017, 32.41187981700017], [35.452227914000105, 32.411994343], [35.45231989100017, 32.41210350699998], [35.45241706600012, 32.41223069400013], [35.452509122000095, 32.41236902400004], [35.45260757700015, 32.41254017300008], [35.45269501900009, 32.41269147400004], [35.452810238000154, 32.41279538000015], [35.452982966000036, 32.412850421000144], [35.45317222400007, 32.412875141000086], [35.453357187, 32.41284449300019], [35.45354356800004, 32.41278735300011], [35.453716057000065, 32.41275151500014], [35.453880709000146, 32.41270498600011], [35.45405471900017, 32.41268098000006], [35.454238010000154, 32.41264765500006], [35.45440740200013, 32.41263422700001], [35.454577433000054, 32.412612061000175], [35.454778646000136, 32.41263435800016], [35.45496654100015, 32.4126468180001], [35.4551678250001, 32.412633607000146], [35.455330409000055, 32.41262188000019], [35.455551335, 32.41262455400005], [35.45575269100016, 32.41263839700002], [35.45591205200009, 32.41266373100018], [35.45609998900011, 32.41269042100009], [35.45628631400018, 32.412735570000166], [35.45644743800017, 32.41279781800017], [35.456600255000126, 32.412860083000055], [35.456757955, 32.41288541900002], [35.45692053400006, 32.41287087100005], [35.457115010000166, 32.41285908300017], [35.45740971100014, 32.41287119000003], [35.45756747300004, 32.41291780100005], [35.457736840999985, 32.41295734600004], [35.45789462, 32.412949854000146], [35.45803856100008, 32.41286291800003], [35.45814393100011, 32.41276168799999], [35.458272718000046, 32.41266041100005], [35.45844541000008, 32.412638796000124], [35.45860299400016, 32.41262143900002], [35.45876005500014, 32.412594783000145], [35.45893762800017, 32.412536244000194], [35.459103591000144, 32.4124846310001], [35.459264452000184, 32.41245021900011], [35.45938822900007, 32.412339087000134], [35.459470110000154, 32.41221380700006], [35.4595905270001, 32.41208986000004], [35.459712711000066, 32.412004235000154], [35.45987345400016, 32.41192712600008], [35.460019248000094, 32.41185004900018], [35.4601714100001, 32.411793813000145], [35.46036759599997, 32.411739462000185], [35.46053512100008, 32.41171348600017], [35.46070118100016, 32.411697518000096], [35.46088059500005, 32.411705762000054], [35.46105506100014, 32.41172669200017], [35.46123476100007, 32.41177903300013], [35.46139914700018, 32.41181985100013], [35.46157366000011, 32.41185797100013], [35.46173816800007, 32.41188174000001], [35.461900706000165, 32.41185450500018], [35.46208647800012, 32.41181848900004], [35.46226413800008, 32.411794042000054], [35.46241670200004, 32.41176246100002], [35.46257258800017, 32.411732279000034], [35.462768627000116, 32.411686379000116], [35.46293464500019, 32.41165617700011], [35.463191136000034, 32.41166553000011], [35.463358964000065, 32.411689431000184], [35.466037745999984, 32.41206181300009], [35.46617866600013, 32.41214381800006], [35.46631179100001, 32.41223090500006], [35.46647445200006, 32.41230624000019], [35.466647114000125, 32.412334494], [35.46680765400009, 32.41236446400018], [35.467009845000064, 32.41232037600008], [35.46712777700003, 32.412201498], [35.46723237000009, 32.412065036000115], [35.46730537400009, 32.411918775000174], [35.46739622900003, 32.41179924900007], [35.46759026, 32.41174841500009], [35.46784012500018, 32.41176467500003], [35.46801854300003, 32.411774456000046], [35.46829409400016, 32.41176882400009], [35.468482440000116, 32.411763369000084], [35.46881349500006, 32.41176776700013], [35.46896998500006, 32.41177576100006], [35.46916601800018, 32.41178733800007], [35.46941963700016, 32.41178005600017], [35.469635751000055, 32.411784689000115], [35.469822143000044, 32.411794451], [35.469996551000065, 32.41179409400007], [35.470212641000046, 32.4117902700001], [35.47043077400002, 32.41180490000005], [35.47064285800019, 32.4117944620001], [35.47073903000012, 32.41178718000003], [35.470749970000156, 32.41178635200015], [35.47080460600006, 32.41178215400015], [35.47098689100011, 32.41174810300009], [35.47115345600014, 32.41173606500013], [35.471325844000035, 32.41172725700011], [35.47148446300008, 32.41172354800011], [35.471656793000136, 32.411694732], [35.471845066000185, 32.41166405200016], [35.472051141000065, 32.41164347800003], [35.472209547000034, 32.41162469200009], [35.472374111000136, 32.411609135000106], [35.47257954500009, 32.41159687499999], [35.47276184500009, 32.41156958700003], [35.47293435800009, 32.41154570000015], [35.4731324440001, 32.411520067000026], [35.47331476400012, 32.41149954000019], [35.47348713000014, 32.41148241500014], [35.473693247000085, 32.41147691600014], [35.473952976000135, 32.41145791800017], [35.474147076000065, 32.41143229400018], [35.474303645000134, 32.41141013000009], [35.474471674000085, 32.411387799000124], [35.47463808000015, 32.411377308000056], [35.47483640900015, 32.41137858500008], [35.47502857600017, 32.41137480200018], [35.475191195000036, 32.41137615500003], [35.475369527, 32.41135563300014], [35.475585561000116, 32.411333341000045], [35.47575198900006, 32.41133130400016], [35.47593431400014, 32.411312463000115], [35.476106943000104, 32.41132886800011], [35.476299101, 32.411321845000145], [35.47645518100012, 32.411302777000174], [35.47663553100017, 32.41129056200015], [35.47680204400018, 32.41126005900003], [35.47696244800011, 32.41124281500004], [35.47711296500006, 32.41119543899998], [35.477293294000106, 32.41117660100002], [35.477457832000084, 32.41115272400009], [35.47761440600004, 32.41113224600019], [35.47779067000005, 32.41108650500007], [35.47797874800017, 32.41104750100004], [35.47815516400004, 32.4109966850001], [35.47830568400002, 32.41095099700004], [35.47848132600018, 32.410919487000115], [35.478641881000044, 32.410897309], [35.47881811700006, 32.41084156100004], [35.47897464000016, 32.41080417400008], [35.479128985000045, 32.41076016800014], [35.47929353800009, 32.41074305200016], [35.47945596300008, 32.41067888000015], [35.47961223000016, 32.41061119800008], [35.479778698000075, 32.41056716500009], [35.47995643400003, 32.41051380900012], [35.48010691800005, 32.41045642500012], [35.48026529200018, 32.410371971000075], [35.48045140400012, 32.41028590500008], [35.48059191600004, 32.41022671200005], [35.48074828199998, 32.41013732700003], [35.48089279300012, 32.41008319600007], [35.48103923800011, 32.41000891300007], [35.48117972000017, 32.40993971000012], [35.481283351000116, 32.40987918300016], [35.48133616300004, 32.409848436], [35.48135597600003, 32.40983690100006], [35.48150837800017, 32.409754147000115], [35.48168850500008, 32.409668095000086], [35.48183207500006, 32.40957747000016], [35.48200237000003, 32.409479603000136], [35.48214676300017, 32.40938686300012], [35.482265398000095, 32.40928910700018], [35.482403826, 32.4091997590001], [35.48254823300016, 32.40911209300009], [35.482690822000166, 32.40902597700011], [35.48285300300017, 32.40893827000019], [35.482971651000184, 32.40884558500011], [35.48312998300014, 32.40874774200006], [35.4832773710001, 32.40865710600002], [35.483415764000085, 32.40855775799997], [35.48354042200009, 32.40847506100016], [35.483686773000045, 32.408370480000144], [35.48380159300012, 32.408276112000124], [35.483959762000154, 32.40817995900011], [35.48409630100019, 32.40807215600012], [35.484228663000124, 32.40795590900018], [35.48437702900014, 32.407859777000056], [35.48452735900014, 32.407753496000055], [35.48466394700006, 32.40766245900005], [35.484813594000116, 32.40755012000011], [35.48495991600015, 32.40743722399998], [35.485096297000155, 32.40733280400008], [35.4852149460001, 32.40724166399997], [35.48535352599998, 32.40715062600009], [35.4854899020001, 32.40704451300013], [35.485606543000074, 32.40694844700016], [35.48574108000008, 32.406838817000164], [35.48587946300012, 32.406737773000145], [35.485994118000065, 32.40664509300012], [35.48612076400008, 32.40656239100019], [35.486299380000105, 32.40647450400013], [35.48643078000015, 32.406371079000166], [35.48655224600009, 32.40627838400002], [35.486731879000104, 32.40614258700009], [35.48685585900006, 32.40605834000013], [35.48706334300016, 32.40590529300016], [35.487250481000046, 32.40578018700012], [35.48742252300002, 32.40566159500008], [35.487576789, 32.40554092900004], [35.48769575300008, 32.405445986000075], [35.487842414000056, 32.40533815700013], [35.4880169220001, 32.405210965000094], [35.48817734600004, 32.40509549700016], [35.48833180100013, 32.40498342600017], [35.488448120999976, 32.40489285300009], [35.488589812999976, 32.40478940300005], [35.48863050299997, 32.40476269700014], [35.48868114400017, 32.40472946000011], [35.488692749000165, 32.40472196900015], [35.48875424500011, 32.404681534000076], [35.48890852300008, 32.40456720800006], [35.489047564000145, 32.404465877000064], [35.48917549600003, 32.40437161400018], [35.489296784000146, 32.404276804000176], [35.489418244000035, 32.40418410700005], [35.48957512800007, 32.40405258300018], [35.48963144400011, 32.4040024410001], [35.48969388900002, 32.40394692800004], [35.489719235000166, 32.40392490900007], [35.48981779300016, 32.40383928900013], [35.48992910700014, 32.4037422450001], [35.49007320900017, 32.403613004000135], [35.49019717700014, 32.40352663900018], [35.49031846300005, 32.40343182900017], [35.49044494000009, 32.40335194000005], [35.490649966000035, 32.403213967000056], [35.49079164000017, 32.40310614900005], [35.49094737300004, 32.403033805000064], [35.49110438300005, 32.40299893500003], [35.49127407600014, 32.40292980100003], [35.49145390100017, 32.402860642000064], [35.491636250000056, 32.40280218600003], [35.49171108200005, 32.40278185100004], [35.49179622300011, 32.40275871500006], [35.49185148400011, 32.402743659000066], [35.49208997600016, 32.402687896000145], [35.49225091100004, 32.402633713], [35.492408176000026, 32.40257334000006], [35.49243720499999, 32.402561723000076], [35.492444171000045, 32.402558889000034], [35.492584671000145, 32.402502357000174], [35.492600829000025, 32.40249484100008], [35.49274537600019, 32.402427603000035], [35.492886525000074, 32.40236627900009], [35.49304461100019, 32.40230449500012], [35.49322461400004, 32.402239280000174], [35.49340229400019, 32.40217604100019], [35.493573194000135, 32.40212254099998], [35.49372135200014, 32.40207190700005], [35.493880467000054, 32.402019840000094], [35.49404120300005, 32.40195565300007], [35.49419263200019, 32.40188951500011], [35.4943396220001, 32.40183789800017], [35.49449904200014, 32.40177751700003], [35.494668908000165, 32.40171232299997], [35.49483628900009, 32.401649105000104], [35.49498191800012, 32.40158734600004], [35.49513335200004, 32.40152303700012], [35.4953088530001, 32.401454025000135], [35.49547062800008, 32.401403358000096], [35.49562905300013, 32.40134495300015], [35.495778347000055, 32.401286565000134], [35.495938921000175, 32.40122434800003], [35.49610404300017, 32.40118297500004], [35.49626698000009, 32.401133291000065], [35.496439078000094, 32.401091338000015], [35.496594090000144, 32.40105618500007], [35.496647014000075, 32.401041780000185], [35.49674443000015, 32.401015266000115], [35.49681231000005, 32.40099961300018], [35.496867421000104, 32.40098698500003], [35.49699985000012, 32.40095664000006], [35.497177617000034, 32.400923265000074], [35.49736602000007, 32.40089099400018], [35.497379995000074, 32.400888629000065], [35.49741665000016, 32.400882427000056], [35.49755210100011, 32.40085943700012], [35.497709956999984, 32.40083160300014], [35.497902324, 32.40079255900008], [35.49809269700006, 32.400753663000046], [35.49826779000006, 32.40071465800014], [35.49842564200014, 32.400684993000084], [35.49858015600017, 32.4006512470001], [35.49874442600009, 32.40060310900003], [35.498897913000064, 32.40055879800019], [35.49905363300013, 32.40053815400012], [35.49920930500008, 32.400502998000036], [35.499358471000164, 32.40045855700015], [35.49951850300005, 32.40043621100011], [35.49968433900011, 32.40041131600009], [35.49983784900019, 32.40037433100014], [35.500038962000076, 32.400318779000145], [35.50021403100004, 32.40027258800012], [35.500417397000035, 32.40024633600012], [35.50059466100009, 32.40021113000006], [35.500763442000164, 32.40017213599998], [35.50091978500018, 32.40013894800012], [35.50109536500014, 32.40009698199998], [35.50117402100011, 32.400075946000015], [35.50119443699998, 32.400070467000035], [35.501273584000046, 32.40004922900005], [35.50145726799997, 32.399996816000055], [35.50160976600017, 32.399956027000144], [35.50176760000011, 32.399922269], [35.50194385600008, 32.39988340000008], [35.50210037900018, 32.39985542300019], [35.502186252000115, 32.39984039900003], [35.5022668630001, 32.399826296000185], [35.50229159200012, 32.399820743000134], [35.50244062700011, 32.39978757100005], [35.502492896000035, 32.399773077000134], [35.50260473500015, 32.399741823], [35.50261508300014, 32.399738389000106], [35.50276250800016, 32.399689467000144], [35.50293940200004, 32.39964284299998], [35.50311911000017, 32.39959395800014], [35.503272798000125, 32.399562463999985], [35.50343312300015, 32.399534604], [35.50345521800011, 32.399530764000076], [35.503638461000094, 32.39949666400008], [35.50363925000005, 32.39949643700015], [35.50384105700016, 32.39943842700012], [35.50399884500007, 32.39939071800018], [35.504156882000075, 32.39936837100004], [35.504310581000084, 32.399340400000085], [35.50447934900018, 32.39929844200003], [35.50460410800014, 32.39926501100018], [35.504657565, 32.39925068600013], [35.50467631900017, 32.39924683700008], [35.504840295000065, 32.39921306400004], [35.50502251600011, 32.39917107600013], [35.505039779000185, 32.39916779400005], [35.50513270300007, 32.3991502990001], [35.50518450900012, 32.39914054500019], [35.505387027000154, 32.39910992300014], [35.505549021000036, 32.399078406000115], [35.50570288800009, 32.39905141600019], [35.50588115400012, 32.39901986400008], [35.50603485200003, 32.398991748000014], [35.506207793000044, 32.398956682000176], [35.50639415400008, 32.398911301000055], [35.50655569000014, 32.39888243200005], [35.50657789500008, 32.39887846400006], [35.50664911000007, 32.39886758800009], [35.506764143000055, 32.3988498490001], [35.50693255500016, 32.39880098500015], [35.50710849100011, 32.39876816500009], [35.507260848000044, 32.398736671000165], [35.50743912500013, 32.398708495000164], [35.507598466000104, 32.39867923800011], [35.50785065200017, 32.398653001000184], [35.508068127000115, 32.39862614400016], [35.50831956100012, 32.39857285400018], [35.50858047300005, 32.398522222999986], [35.50879769599999, 32.398469015000046], [35.508993334000024, 32.398418533000154], [35.509207558000185, 32.39836265500014], [35.50941235000005, 32.398317366000185], [35.50964833000006, 32.398261577000085], [35.50997127100004, 32.398186982000084], [35.51022266200016, 32.398120446000064], [35.51052387100009, 32.398053932000096], [35.51078774100006, 32.397995398000035], [35.51094293600005, 32.39796868000013], [35.511097568000025, 32.397922522000044], [35.51127460400011, 32.39787208100006], [35.51144536800007, 32.39783208300008], [35.51165645800012, 32.397784099000035], [35.511886132000086, 32.397730854000145], [35.51208795900004, 32.39769360000008], [35.51228678600006, 32.397653533000096], [35.51247295600018, 32.39760307100016], [35.51265298900006, 32.39755515799999], [35.51285160600003, 32.397501988000045], [35.513025513000116, 32.39745944200007], [35.51321489100019, 32.397424753000166], [35.51343543900015, 32.39737420500006], [35.51364019200008, 32.39731834300005], [35.513838974, 32.39726516800016], [35.514015894000124, 32.397230507000074], [35.51412671000003, 32.397193045000165], [35.51419206800011, 32.39717104700014], [35.51420601500013, 32.39717031000015], [35.51450888700015, 32.397154506000106], [35.51469814900014, 32.397085575000176], [35.514853392000134, 32.39702447500008], [35.51505807199999, 32.3969476150001], [35.515238006000175, 32.39687081400007], [35.515405687000055, 32.396804468000084], [35.51560110100007, 32.396738199000026], [35.515637092000134, 32.39672373900004], [35.515720242999976, 32.39669017800003], [35.51576562600013, 32.396671861000186], [35.51585128099998, 32.3966492830001], [35.51596739500019, 32.39661867700005], [35.51603047599997, 32.39659335900012], [35.516125615000135, 32.39655517300014], [35.516311703999975, 32.39648089100001], [35.51647935400018, 32.396406655000135], [35.516683998000076, 32.396319225000184], [35.51690742200009, 32.39623710400019], [35.51711226400016, 32.39616010000003], [35.51730154900008, 32.396099055000036], [35.51745927600007, 32.39603667500006], [35.517617486, 32.39597049300011], [35.51778815400013, 32.39590413600018], [35.5179340840001, 32.39584065800011], [35.518092319000175, 32.39578222500012], [35.51828774700016, 32.395721163000076], [35.51847700500019, 32.39565222500005], [35.51862594900007, 32.39559648900007], [35.518784344000096, 32.395535517000155], [35.518957998000076, 32.39546929200009], [35.51909759700004, 32.395400474999974], [35.51932421700013, 32.395331304000024], [35.5195260430001, 32.39529657500009], [35.519712132000166, 32.39522496500001], [35.51988291400005, 32.39519298700003], [35.519943022000064, 32.395174378000036], [35.52000998900019, 32.3951536460001], [35.52006291300012, 32.39513717300008], [35.52023277700016, 32.39508039700013], [35.520409610000115, 32.395022056000016], [35.52057067100003, 32.39496488000009], [35.52057432200007, 32.394963882000184], [35.52062721200019, 32.39494160200013], [35.520738498000185, 32.394894722000174], [35.52093085299998, 32.39480999200009], [35.521154315, 32.39474096700013], [35.52134372400013, 32.39466934700005], [35.521498828000176, 32.39461880700014], [35.52166323300003, 32.39456838200016], [35.52185884700003, 32.39451520500012], [35.52208859700005, 32.394488293], [35.52227501200008, 32.394464164000055], [35.5224582350001, 32.394429473000116], [35.52266937700011, 32.3943999280001], [35.522861103000025, 32.394374939000045], [35.52307229600018, 32.39436117200006], [35.523264936000146, 32.394360696000035], [35.52347005100012, 32.394365546000074], [35.52355250000011, 32.39437191700017], [35.52360078200019, 32.394375648], [35.52366889100006, 32.394380836000096], [35.52390502200012, 32.394374895000055], [35.52405691500019, 32.394357330000105], [35.52413240300007, 32.39434855200011], [35.524159673000156, 32.39434538100011], [35.52438647700012, 32.39433157600013], [35.52465046100008, 32.39431246200013], [35.52481815600004, 32.39430148000008], [35.524998267000115, 32.39428003699999], [35.52518466300006, 32.39425055000015], [35.52539581000002, 32.39422367800006], [35.52555412300006, 32.39418904400003], [35.52570840700008, 32.39414216300014], [35.52590237100014, 32.39409264700015], [35.52607580000017, 32.39406037200007], [35.52627333200019, 32.39403395400018], [35.526487628000154, 32.39400453600007], [35.52667485100011, 32.39397518300018], [35.52682186500016, 32.39394708000009], [35.52685856900018, 32.39394006400005], [35.526903361000166, 32.39392628300004], [35.52700437400006, 32.39389109000007], [35.5270365720001, 32.39388537100007], [35.527076219000094, 32.393873155999984], [35.52708304700013, 32.393870539000034], [35.52727341400015, 32.393797562000145], [35.527426465000076, 32.39373067600013], [35.527603211000155, 32.39364949700007], [35.52777996600014, 32.39357099400007], [35.527857258000154, 32.39353217200005], [35.52787694800014, 32.393522282000106], [35.52795337200007, 32.39348390800012], [35.52817435800006, 32.393373733000146], [35.52834080700006, 32.393292439], [35.528531257000054, 32.393187975000046], [35.52871814100001, 32.39310959000005], [35.52890872000006, 32.39304260500012], [35.529132369000024, 32.39293481700008], [35.529156739000086, 32.3929230600001], [35.52915609100006, 32.392927713], [35.52912410500005, 32.39313646700009], [35.5293605010001, 32.39315982600016], [35.529574846000116, 32.393097430000125], [35.52972479200008, 32.39304618500006], [35.52992611400009, 32.392965648000086], [35.53011037100015, 32.392896001000054], [35.53032031900011, 32.39281177500004], [35.53047025200016, 32.39275687000003], [35.530662963, 32.39268367900007], [35.53081730200006, 32.392654121000135], [35.53103587000004, 32.39261355200006], [35.53127605200001, 32.39258025500004], [35.53146457300011, 32.39254328600009], [35.53164899700005, 32.39252112100013], [35.531839842000124, 32.39248329600014], [35.53201124600008, 32.39244284500006], [35.53223405200009, 32.392380425000056], [35.53244406100015, 32.39231437400019], [35.53264114200016, 32.39225568000012], [35.532795451000084, 32.39221893600012], [35.53297106800011, 32.392149307000125], [35.533146496000086, 32.39202515000005], [35.53331331000004, 32.39190834100009], [35.53348884900004, 32.39181701200005], [35.53363025700003, 32.391747470000155], [35.533818673000155, 32.39168147100014], [35.53397293300014, 32.39163021100012], [35.53411002200005, 32.39156068000017], [35.534255543000086, 32.391480276000095], [35.53439673200012, 32.39139622000005], [35.534543764000034, 32.39132116600007], [35.53477937800017, 32.39121869300004], [35.53495062200011, 32.39113455900019], [35.53508755700017, 32.391068689000065], [35.53521179500018, 32.39098115500008], [35.53534861200018, 32.39088245500011], [35.53551558700008, 32.39076564300018], [35.53563967100001, 32.39068162899997], [35.535780829000146, 32.39059038700009], [35.535960529000135, 32.390455364], [35.536148499000035, 32.39026565200015], [35.53626834900018, 32.39015980900018], [35.53649288400004, 32.389978597000095], [35.536634065000044, 32.38984733800015], [35.536804992999976, 32.38967584400018], [35.53693318, 32.38953362800015], [35.53711261300003, 32.38932590000019], [35.53723655099998, 32.389201869000146], [35.537394806, 32.38906323900005], [35.53754444100008, 32.38892815200012], [35.537685426999985, 32.388789562000056], [35.53786079900016, 32.388654551000116], [35.53804056700011, 32.388541226000086], [35.53817765200017, 32.3884718270001], [35.538344570000106, 32.38838770300009], [35.53852249400006, 32.38826944800019], [35.53868949900016, 32.38816348300003], [35.53891649000019, 32.38806834800005], [35.53913505800011, 32.38803128799998], [35.539336388000095, 32.387958062000166], [35.53950771600006, 32.387899426000104], [35.53970065400006, 32.38784791800009], [35.53994053600019, 32.387781916000165], [35.540068756000096, 32.38774241300018], [35.54010816100009, 32.38773025000012], [35.54015484600012, 32.38771584000017], [35.54036958900008, 32.38765808700009], [35.54037333100018, 32.38765708100004], [35.54043750200009, 32.38763084600009], [35.54057031800005, 32.38757653600004], [35.54073739800003, 32.3874924050001], [35.54097277600016, 32.38737540800008], [35.54117831800011, 32.38727299900006], [35.541420636000055, 32.38719318200009], [35.54144520500006, 32.38718507600015], [35.541456794000055, 32.387181252000175], [35.54171400700011, 32.387133377000055], [35.54194562800018, 32.387125444], [35.54220308100008, 32.38714294800002], [35.54241761700007, 32.387186063000115], [35.54267523000016, 32.38724724400015], [35.542928496000116, 32.387301106000166], [35.543168991000016, 32.38735866900004], [35.543343206000145, 32.38740963900017], [35.543523589000074, 32.38746735600006], [35.54371674600014, 32.38752151900019], [35.54399155500005, 32.38760801300003], [35.54399548000015, 32.38760929299997], [35.54404425700017, 32.38762520400013], [35.54422348300005, 32.38768377100013], [35.54439088800018, 32.38773433600011], [35.54457557800015, 32.387788376000174], [35.54472583900008, 32.38782799500012], [35.54475027700016, 32.38783553900004], [35.54477740400017, 32.387843888000134], [35.544901895000066, 32.387882201000025], [35.54507797500008, 32.38794344900009], [35.545258413000056, 32.38801581700005], [35.54535497400019, 32.388071823000075], [35.545369411000024, 32.38808019700002], [35.54539603600017, 32.388095485000065], [35.545550778, 32.388178771000014], [35.54576114700012, 32.3882619100001], [35.545920287000115, 32.38836688100014], [35.54607398300004, 32.388437066000165], [35.546172685000045, 32.38845441600017], [35.54617738000019, 32.38845523500015], [35.54623715900004, 32.38846565800003], [35.54640877700007, 32.388487044000044], [35.54662758100005, 32.388515630000086], [35.54682105600017, 32.388540761000115], [35.546846554000126, 32.38854407300005], [35.54685934300005, 32.388545166000085], [35.547095388000116, 32.38856525400013], [35.5473314780001, 32.388597455000024], [35.54753319300016, 32.38862960600011], [35.547605662000024, 32.38864744799997], [35.5476072350001, 32.38864783600019], [35.54775209400009, 32.388683554000124], [35.54797086200006, 32.388701286000185], [35.548138301000165, 32.38871535400011], [35.54844722200005, 32.38872904100009], [35.54872608800002, 32.38874281100016], [35.54893183600018, 32.38874226100012], [35.54899710900014, 32.3887463530001], [35.549015881000116, 32.3887475300001], [35.54915507100009, 32.38875631900004], [35.54942106700008, 32.38879196000005], [35.54960132200017, 32.38881331500011], [35.54976743700013, 32.38878370500015], [35.54996085900012, 32.38877360600014], [35.54999408300006, 32.38877188800018], [35.550136184000166, 32.38876454000007], [35.55031645300005, 32.38878956000019], [35.550501012000154, 32.38880723900019], [35.55071546100004, 32.38882484100003], [35.55091288900002, 32.388820647000045], [35.55114869300019, 32.38882001300016], [35.551419065000175, 32.38882661300016], [35.55166350100018, 32.388825954000026], [35.55186930500014, 32.38879623200006], [35.55201917700009, 32.388730310000085], [35.552207451000015, 32.388631596000096], [35.55253286500016, 32.388481643000034], [35.55273000400018, 32.38840107900012], [35.5528798470001, 32.388327829000104], [35.55305549700006, 32.388272826000104], [35.55324001500003, 32.38827965300004], [35.553437495000026, 32.38833364700008], [35.55359672700007, 32.38846059000019], [35.553632573000186, 32.38849895700008], [35.55363422500017, 32.38850072500003], [35.55370860199997, 32.38858033400015], [35.5538250190001, 32.388714577000144], [35.55398860500014, 32.38889603700005], [35.55414361600009, 32.38904835300002], [35.55416261400006, 32.38906682000004], [35.554178452000144, 32.3890822140001], [35.55427326000017, 32.38917469000012], [35.55427928900002, 32.38918057100017], [35.55446329600011, 32.38935986200016], [35.554692158000194, 32.389148029000125], [35.55485113900011, 32.38898823800014], [35.55504772600011, 32.38880453500013], [35.55523475600012, 32.388597043000175], [35.55545947600007, 32.388389306000136], [35.555674764000116, 32.38818962900007], [35.555983512000125, 32.38789416300011], [35.556198794000125, 32.38769448200003], [35.55645180400012, 32.387502733000076], [35.55661078000014, 32.38734293900018], [35.55678883600012, 32.38722296800006], [35.55706043900011, 32.38703116600004], [35.557435162000104, 32.38675143800015], [35.55779113200009, 32.38651952600014], [35.558151625000164, 32.38629774600008], [35.55837688400004, 32.386233440000126], [35.55873367100003, 32.3862165380001], [35.559062519000065, 32.38623155400012], [35.55939130300004, 32.38623064900014], [35.559710442000096, 32.38618200500002], [35.5600670180001, 32.38610944600015], [35.56045151300003, 32.385957056000166], [35.56077950300016, 32.38574902400018], [35.56106994900006, 32.385580971000024], [35.56127340300003, 32.38550474700014], [35.56155035800009, 32.385455508000064], [35.56185188799998, 32.38540634300017], [35.5622265400001, 32.38532921600006], [35.56247065400004, 32.38520412300011], [35.56263313100004, 32.38505164000003], [35.562656953999976, 32.38489954500011], [35.56260722700006, 32.38466466000017], [35.56252370500005, 32.38457936700013], [35.562516206000055, 32.3845716940001], [35.56249252900017, 32.38454746800005], [35.56217286100019, 32.38419821800011], [35.5618947910001, 32.38395720500017], [35.561698415000194, 32.38375724800005], [35.56151833600012, 32.38356415200002], [35.56143889700019, 32.383454439000104], [35.56142802300019, 32.383439421000105], [35.56140348400004, 32.383405534000076], [35.56137215000007, 32.383375607000175], [35.56135858600004, 32.38336262200005], [35.56122348700012, 32.38323328800004], [35.561167034000164, 32.383134945000165], [35.561159126000064, 32.38312116900005], [35.561108642000136, 32.38303310400016], [35.561018444000126, 32.38289513000012], [35.560862433000125, 32.38261221300007], [35.56076347599998, 32.38244157400004], [35.56070831400007, 32.38234661700011], [35.56059352600016, 32.38211754900016], [35.56049320400018, 32.38193662900011], [35.560435278, 32.381683309000096], [35.56042034800004, 32.38151426900015], [35.56041923600014, 32.381224440000096], [35.56043194200009, 32.38081396300015], [35.560430876, 32.380536249000045], [35.56038760100006, 32.380379406000145], [35.56035806800003, 32.38012586700006], [35.56032902700019, 32.37995686700009], [35.56034235400017, 32.379751678000105], [35.56046993600006, 32.379594362000034], [35.56069681600019, 32.379352231000155], [35.560923818000106, 32.37909798400017], [35.561164903000076, 32.3788800480001], [35.56140619800004, 32.37867408699998], [35.561860537000086, 32.37829859500005], [35.56227786800008, 32.37793010800016], [35.562533348000045, 32.37770001300004], [35.56271770800004, 32.37754253800006], [35.56287342000013, 32.37727650700003], [35.56294357700017, 32.37699859600019], [35.562998895000135, 32.376575882000054], [35.56303993200004, 32.37615320800006], [35.5630960420001, 32.37593564000019], [35.563180543000044, 32.375718137000035], [35.56323714500013, 32.375585110000145], [35.563364363000176, 32.37537946400016], [35.56351107900008, 32.375106131], [35.5637357060001, 32.374715772000116], [35.56390756400009, 32.37437671000015], [35.564034850000155, 32.374146403], [35.56409405500017, 32.37387148300019], [35.56415330900006, 32.373609384000076], [35.564167326000074, 32.373328246000085], [35.56412088700006, 32.373040799000194], [35.56408464100008, 32.37294184700016], [35.564076403000115, 32.37291941100011], [35.56402960000008, 32.372791942000106], [35.563915844000064, 32.372613315000024], [35.56380982000019, 32.37246031100011], [35.5636887660001, 32.372326510000164], [35.56359009100004, 32.37214150200015], [35.56353677400011, 32.371926106000046], [35.563530213000035, 32.371899601999985], [35.56352768500017, 32.37188946300017], [35.56350239500006, 32.371789635000084], [35.56348991700008, 32.37174049599997], [35.563459722000175, 32.37157431600008], [35.56343833000017, 32.371409522000135], [35.56343827600017, 32.371395574000076], [35.563439685, 32.371373307000056], [35.56343796900006, 32.37131610600005], [35.56344626700019, 32.37127240399997], [35.563450817000046, 32.371203773000104], [35.56346819000015, 32.37114553200013], [35.56353260200012, 32.37092892800018], [35.56361418500006, 32.370602799000096], [35.563703755000176, 32.37036625800016], [35.56377070100007, 32.37016162499998], [35.56383010300016, 32.369937849000166], [35.563874635000104, 32.36973327700008], [35.563866232000066, 32.36953519600013], [35.56383526400015, 32.36929885100005], [35.563759024000035, 32.3690754540001], [35.56369653400003, 32.36893007700007], [35.56368278400015, 32.368894891000025], [35.56364206600017, 32.36879103800004], [35.563591400000064, 32.36866181400018], [35.563439490000064, 32.36836183700012], [35.563323047000154, 32.36809944300006], [35.563306844000124, 32.36806293200016], [35.563295122000056, 32.36803647500005], [35.56315087700011, 32.367742959000054], [35.56302098300017, 32.3675115370001], [35.56300152100016, 32.36747685900008], [35.562961136000126, 32.36740490200009], [35.562847356000134, 32.367175268000096], [35.56275628300011, 32.36702208100013], [35.56259745100016, 32.36686288100009], [35.562446255000054, 32.36670352000016], [35.56233268000017, 32.36656969899997], [35.56220394200017, 32.36637843100016], [35.56205708700003, 32.36609548600012], [35.56193386700011, 32.36582797500006], [35.56185336100003, 32.3656459930001], [35.561821994000184, 32.36557508700014], [35.561800221000055, 32.365525974000036], [35.561656517000074, 32.36524118900019], [35.561610127000165, 32.36513648800013], [35.56157810100018, 32.36506426200003], [35.56149206400005, 32.364870229000076], [35.56132754200013, 32.36448194000019], [35.56121445200017, 32.364214400000094], [35.56118831300006, 32.36414124800007], [35.56117854000007, 32.364113896000106], [35.56112181900005, 32.36395540000012], [35.561060571000155, 32.36378606400018], [35.5610381190001, 32.36372403900009], [35.561018791000095, 32.36367064300009], [35.56094677500016, 32.36346343600013], [35.56087462700003, 32.36326496400005], [35.56079235400006, 32.36306638200011], [35.560655231, 32.36280806600007], [35.5605824000001, 32.36264721800006], [35.56050948800015, 32.36250947800005], [35.56041822000003, 32.36230274600018], [35.56040626400011, 32.362256194000054], [35.56039984900019, 32.36223121800009], [35.560363279, 32.36208816300007], [35.560290047000024, 32.361866166000084], [35.56022576800012, 32.36159792700005], [35.560116455000184, 32.36136067000001], [35.56003434700017, 32.36116152200009], [35.55995669600003, 32.361041829000044], [35.559933568000076, 32.3610061710001], [35.5599251320001, 32.36099316500008], [35.559806896000055, 32.360809615000164], [35.559679722000055, 32.360633558000075], [35.55956157400004, 32.36047297400012], [35.55941645600012, 32.36033529000008], [35.55912692000015, 32.360244078], [35.55893695200007, 32.360229386000015], [35.55873824300005, 32.360229932000095], [35.558557668000105, 32.36028396900019], [35.55833200500018, 32.36039970600012], [35.558106683000176, 32.36056123400016], [35.55788141900018, 32.36073811800003], [35.55776458500014, 32.36092245500009], [35.557666022000035, 32.36115267500014], [35.557604115000174, 32.361505520000094], [35.55760013700018, 32.36163811800009], [35.55759864000015, 32.36168935400002], [35.55759617100006, 32.36177381700003], [35.55760929300004, 32.36180209500003], [35.55761726200012, 32.36181926900002], [35.5576781850001, 32.36195], [35.55770431000019, 32.36200910800005], [35.55771117700016, 32.36202471000007], [35.55776928200004, 32.362156734000166], [35.55798739400018, 32.36245498700009], [35.55821994000007, 32.36271836000009], [35.55824032700002, 32.362741450000044], [35.55827784200005, 32.3627838970001], [35.558307237000065, 32.36283031400012], [35.55832329800006, 32.36285565300017], [35.558423313000105, 32.36301344900011], [35.55851570599998, 32.36313658100016], [35.558527767000044, 32.36315265500008], [35.55864140099999, 32.363304234000054], [35.55872353600017, 32.36351099000012], [35.55879285900011, 32.363753151000026], [35.558807011000056, 32.36380267400011], [35.55882432100003, 32.36386324800014], [35.55886304100005, 32.363969613000165], [35.558868952000125, 32.36398585100005], [35.55892482000013, 32.364138996000065], [35.558942749000096, 32.36431310000006], [35.55886210400007, 32.364497197000105], [35.558700268000166, 32.36476605800004], [35.55854755300004, 32.36498868000018], [35.55837675300012, 32.36525756500015], [35.55816977800015, 32.36548808200013], [35.55784534900005, 32.36574188900005], [35.55757492300006, 32.365964973000075], [35.55735857200017, 32.366088288000014], [35.55705209800004, 32.3663496530001], [35.55657863800013, 32.36670615999998], [35.55632614800004, 32.36684479000013], [35.55616362600006, 32.36689130900015], [35.55592848599997, 32.3668765920001], [35.555494506000116, 32.366831701000024], [35.555196143000046, 32.36682490500016], [35.55492495500016, 32.36684860700018], [35.5547262610001, 32.366856897000105], [35.55452754400005, 32.36690337100009], [35.55434695300016, 32.366957544], [35.554121385000144, 32.36710384600002], [35.55386874600009, 32.36720414900009], [35.553615858000114, 32.36728148300011], [35.55337189500011, 32.36730511200017], [35.55310061400013, 32.367259913000055], [35.55296454500018, 32.36714530600011], [35.55287371200018, 32.36700746900016], [35.55287351900006, 32.36695590100015], [35.55287344700008, 32.36693659600007], [35.552873138000166, 32.36685416900008], [35.55291769000007, 32.366693140000166], [35.552998551000144, 32.366562589000125], [35.553259194000134, 32.36616327400003], [35.55342973400019, 32.36586382200011], [35.55356432900004, 32.36558743300009], [35.55368985400003, 32.36532642600008], [35.553869115000055, 32.36491972199997], [35.55394960000001, 32.36468955400011], [35.55411143800012, 32.36433009900014], [35.554182700000126, 32.36407684800008], [35.554254016000186, 32.363793021000106], [35.55428946100017, 32.36363962400014], [35.554297899000176, 32.36345558600016], [35.554260729000134, 32.36319516000009], [35.554241854000054, 32.36298822900011], [35.554105464000145, 32.36274328900009], [35.55401438200005, 32.36258248700011], [35.55400503900012, 32.362569972000074], [35.55398919500004, 32.36254901500001], [35.553887248000024, 32.36241417200017], [35.553759998000146, 32.36221528200002], [35.5536507650001, 32.36203917000006], [35.55355049000008, 32.36181724200014], [35.553486637, 32.36165636600015], [35.55344070300009, 32.3614495060001], [35.5534310540001, 32.36131159100012], [35.55343066700016, 32.3612963170001], [35.55342988700011, 32.361265519000085], [35.55342701500007, 32.36125228200012], [35.55342660800011, 32.361143930000026], [35.55342004300019, 32.36089934500012], [35.553425615000094, 32.36087932200019], [35.55350914400003, 32.36057714500015], [35.55353553000003, 32.36035473100003], [35.553543948000026, 32.360209017000045], [35.55354325700006, 32.36002514300009], [35.55357858300016, 32.35979509800018], [35.553668024, 32.35956476300004], [35.553748444000064, 32.359319237000136], [35.55395532200015, 32.35901968300004], [35.55415309799997, 32.35872790600013], [35.55436001000004, 32.358482034000076], [35.55450410900016, 32.35835131100015], [35.55472058200007, 32.35822038800006], [35.55512685400009, 32.358104310000044], [35.55542487000008, 32.35802684900017], [35.55566860300007, 32.357949534000056], [35.555903286000046, 32.357849279], [35.55617395900015, 32.357741173000136], [35.55641968900005, 32.35762172300019], [35.55658193600004, 32.35750630300004], [35.55670802200018, 32.35739859400013], [35.55675734700009, 32.35722965999997], [35.55675677900007, 32.35708002300015], [35.5567567060001, 32.35706102000006], [35.55675666400015, 32.35705001300016], [35.556632025, 32.356750797000075], [35.55652549400003, 32.35658637500018], [35.55633056300013, 32.35639979000007], [35.55613572200008, 32.356235609000066], [35.556002830000125, 32.35612367300007], [35.55581701400018, 32.35601934900012], [35.55562253800008, 32.35590758100011], [35.555410048000056, 32.355773316000125], [35.55523308500011, 32.35563909800004], [35.55507371600015, 32.35550482900004], [35.554931858000145, 32.35534796899998], [35.55486038099997, 32.35514597000008], [35.55483788800018, 32.355001384], [35.55483435200006, 32.35497865200011], [35.55483010000006, 32.35495146900007], [35.554826482000124, 32.354928040000175], [35.55482431500019, 32.35491400300015], [35.554850142000134, 32.3547641560001], [35.55485666300001, 32.35475532600009], [35.5548668240001, 32.3547415650001], [35.55499944000002, 32.35456155800006], [35.55519269400003, 32.35430656400007], [35.55541236900018, 32.354058825000095], [35.55563209500008, 32.353781215000026], [35.555737240000155, 32.353580426000065], [35.55586860300008, 32.35333307000019], [35.55600887200006, 32.35307061100002], [35.556236824999985, 32.3526432000001], [35.55640314300007, 32.352290915000026], [35.556587278000165, 32.35195351800007], [35.55677147600011, 32.35167600400001], [35.55699976000017, 32.35133834400017], [35.55728993400004, 32.35103813400019], [35.55759738800003, 32.35065545100008], [35.557933535000075, 32.35026676900003], [35.5581445090001, 32.35004906200004], [35.558337944000016, 32.34984633700009], [35.55851392500011, 32.349681141000076], [35.558760367000104, 32.34949334900017], [35.558971535000126, 32.34932805500017], [35.559288204000154, 32.34905763800009], [35.55941994600005, 32.348870159000114], [35.55947223600009, 32.34869783400018], [35.55948908800008, 32.348503061000144], [35.55948702800009, 32.34848573600004], [35.559484406000024, 32.34846418800004], [35.55947091999997, 32.34835333400008], [35.55947012900003, 32.34818248800019], [35.55946996800009, 32.348147620000134], [35.559469495000144, 32.34806730700012], [35.559407217000114, 32.34801478200012], [35.55939914100003, 32.34800797800011], [35.55925101899999, 32.34788318699998], [35.55892389700011, 32.347717965000186], [35.55864040300008, 32.34758953900007], [35.558378861000165, 32.347516283], [35.55818262600013, 32.347461447000114], [35.55794283200004, 32.34738827300009], [35.55781194700012, 32.347277883000174], [35.557607155000085, 32.347155155000166], [35.55741894500011, 32.34702829700012], [35.55723055600009, 32.346853671000076], [35.55692926800003, 32.34658382400005], [35.55674490400003, 32.34638696300004], [35.55671078000006, 32.34635052500005], [35.55664661700018, 32.34628208100003], [35.5565999800001, 32.3462388100001], [35.556575121000094, 32.34621577000013], [35.556269844000155, 32.34593283000004], [35.55598722700012, 32.34563911600003], [35.55580819900007, 32.34548038400004], [35.55560102900017, 32.345297779000134], [35.555327936000026, 32.34501995900007], [35.555121039000085, 32.34490906800005], [35.55497990100008, 32.344805891000135], [35.55481036400005, 32.34465516500006], [35.554559948000076, 32.344491272000084], [35.55430581000019, 32.344308930000125], [35.55408001300009, 32.34415821400006], [35.553938756000036, 32.34402333300005], [35.55382536800005, 32.34384046800011], [35.55382514400003, 32.3437807680001], [35.553825109000115, 32.34377156800008], [35.55382458999998, 32.34363348400018], [35.55398300300004, 32.34329883800001], [35.55416029900016, 32.34304360700014], [35.554328242999986, 32.34277248199999], [35.55442084900005, 32.342461683000124], [35.55447600600007, 32.34216705000017], [35.5545593170001, 32.341856276000044], [35.55465166800002, 32.341434167000045], [35.55469760200009, 32.34120324400004], [35.554848050000146, 32.34069517000006], [35.555005566000034, 32.340169320000086], [35.5551633820001, 32.339723078000134], [35.55527469000009, 32.33935657300009], [35.55539242000003, 32.33906374100019], [35.5555092940001, 32.33863254700003], [35.555601314000114, 32.33834499800014], [35.555658965000134, 32.337921149000124], [35.55574168000015, 32.337411143000054], [35.55582407000003, 32.336814904], [35.555922677000126, 32.33603178800007], [35.55595504000007, 32.33563675200003], [35.556029589000104, 32.33524963399998], [35.556096187000094, 32.33495510700004], [35.55623827900013, 32.33448072800013], [35.556372208000084, 32.33408541600011], [35.55658184600003, 32.33356773600008], [35.55682544600012, 32.33307870500005], [35.556976322000025, 32.33269053100008], [35.55721167500019, 32.33221603599998], [35.557363828000064, 32.331814614000166], [35.55740516600014, 32.33155594500016], [35.55734493700004, 32.33129755700014], [35.55728520300005, 32.33116851200003], [35.557174632000056, 32.33102509600002], [35.55711497600009, 32.33096086500012], [35.557107353000106, 32.33095265700018], [35.5570216590001, 32.330860374999986], [35.55669909100004, 32.330609890000176], [35.55649545000017, 32.33047405400009], [35.556266392000055, 32.33033109900009], [35.555934890000174, 32.330130796000105], [35.55564575400007, 32.329987301000074], [35.55545717400008, 32.32988340600008], [35.555268380000086, 32.329767251000135], [35.555050854, 32.32964497800009], [35.554876382000145, 32.32949792700009], [35.55479730000019, 32.32941560600011], [35.55478741400009, 32.32940531500003], [35.55475292600005, 32.32936933700012], [35.554672784, 32.32924049000019], [35.554642887000114, 32.32901329600003], [35.55469983100005, 32.32875515100005], [35.55475693700015, 32.32853997900003], [35.55479239600015, 32.32834938200017], [35.554791564000084, 32.32812831100006], [35.55481251700013, 32.32791929600012], [35.55490617400011, 32.32775940000005], [35.55502140100015, 32.327599305000035], [35.55507880600004, 32.32746402499998], [35.555114427000035, 32.327316544000155], [35.555142653000075, 32.32714442600013], [35.55518487699999, 32.32689998800015], [35.55519111400008, 32.32661732100013], [35.555226364000134, 32.32637149300001], [35.55521815700013, 32.326131982], [35.55520293200016, 32.32592306600014], [35.555129748000184, 32.32570219100006], [35.554991484000084, 32.32551826700012], [35.55479526600004, 32.32532224199997], [35.554676535000056, 32.325212943999986], [35.5546634960001, 32.32520096300016], [35.55463540400012, 32.32517515100017], [35.55445357700006, 32.324966829000175], [35.55430806200019, 32.32479518200006], [35.554169758000114, 32.324599], [35.554060678000155, 32.324451912000086], [35.55393296300019, 32.32431258600013], [35.55382773600007, 32.32419779300011], [35.55380907400013, 32.32417741400013], [35.55380657400008, 32.32417474200008], [35.55378707000011, 32.32415345100003], [35.55377541600018, 32.32414072900019], [35.553637230000106, 32.32397526000011], [35.55351348, 32.323809755000184], [35.553485104000174, 32.32375851900002], [35.55347639000013, 32.323742786000025], [35.55341139900003, 32.32362573200015], [35.55332394400011, 32.323447726000154], [35.55325069100019, 32.32325136600008], [35.55319948300007, 32.32309186200018], [35.55314716700019, 32.322637314000076], [35.55310242500019, 32.32229955300011], [35.55309404000013, 32.32201086800012], [35.553078615000175, 32.32174685900003], [35.553135672, 32.321607353], [35.55331611100013, 32.321447223000064], [35.55351846900015, 32.321336069000154], [35.55401427400005, 32.32111196000017], [35.55427759300011, 32.321017406000124], [35.554787351000186, 32.32088611000012], [35.55542452200001, 32.32070402400012], [35.55594282400011, 32.320551002000116], [35.55637586300014, 32.32040553800016], [35.556902572000126, 32.320238118000134], [35.55739523200003, 32.320063603000165], [35.55790478900019, 32.31988185400013], [35.558354666000184, 32.31967138200014], [35.5585158990001, 32.31956991100003], [35.558914666000135, 32.31931617900017], [35.55930486000011, 32.319033725000054], [35.559618441000055, 32.31876585200018], [35.56004653400004, 32.31832872300015], [35.56030898200004, 32.31805380300017], [35.560529005000035, 32.31775011800016], [35.56074872300013, 32.317367102000105], [35.560924551000085, 32.31700618800005], [35.56108556800018, 32.316720136000015], [35.56119712400016, 32.31656117], [35.56124641600019, 32.316434083000104], [35.56127086100014, 32.316275357999984], [35.56128269700008, 32.31611667200019], [35.56126538400014, 32.31605880800004], [35.56126025300017, 32.316041256000176], [35.5612293690001, 32.31593561500006], [35.561208050000175, 32.31586268900003], [35.561185705000014, 32.31581524500001], [35.56109379200018, 32.315620093000064], [35.561062265000146, 32.31552002600006], [35.561052809000046, 32.315490012000055], [35.56104709900012, 32.31547199200014], [35.561030636000055, 32.31541933900013], [35.56096756200003, 32.31519731200018], [35.56092913100014, 32.31495422000012], [35.56092704700012, 32.31492956900013], [35.560925833, 32.31491646900008], [35.56091772900004, 32.314824333000104], [35.560903109000094, 32.314658116000146], [35.560911046000115, 32.314574279000055], [35.56091634500012, 32.314518307000185], [35.56093898200015, 32.31427730000007], [35.56104056200019, 32.31372341600007], [35.5610612000001, 32.31361063700007], [35.56108980700009, 32.31354208000016], [35.561234, 32.3131975980001], [35.56145658300005, 32.31269988000008], [35.56171657100009, 32.31226546400006], [35.56200718500014, 32.31185674700009], [35.56233769600004, 32.31146863300012], [35.56240595100007, 32.31139841400005], [35.56244067500012, 32.31136774300012], [35.56251849600011, 32.31128256200009], [35.562742591000074, 32.31105198800003], [35.563271490000034, 32.31048014700019], [35.56356897000012, 32.31013425000009], [35.56370080300013, 32.30990153500011], [35.5637745680001, 32.309668982000176], [35.563790073000064, 32.30938727400013], [35.5637058640001, 32.30906357500004], [35.563613823000026, 32.30885966500006], [35.563371013, 32.30849512100008], [35.56323986000007, 32.308345145000146], [35.56322617100011, 32.308329474000175], [35.56313770300005, 32.30822819900004], [35.562845647000074, 32.307827578], [35.562808117000145, 32.30778608900005], [35.562796828000046, 32.307773609000094], [35.5625988810001, 32.30755463300011], [35.56258021200006, 32.30753200099997], [35.562569149000126, 32.30752226700008], [35.56224592900003, 32.30723787900018], [35.56189638300003, 32.30694309400019], [35.561613417000046, 32.306746615], [35.56133899400004, 32.306571387000076], [35.56101444300009, 32.306346983000026], [35.560928421000085, 32.30628254800007], [35.560925767000185, 32.30628055200009], [35.56092076500016, 32.30627679000014], [35.56078866200011, 32.30617979300018], [35.56075992900014, 32.30615923700009], [35.56071646000004, 32.30612814000011], [35.56053196300013, 32.305996201000085], [35.56045938500017, 32.30593745700003], [35.56045441100008, 32.305933431000085], [35.56040581100018, 32.30589397200009], [35.560394152000185, 32.305884533000096], [35.56031544300015, 32.30582081200009], [35.56009047499998, 32.30556090400006], [35.55997198600005, 32.305422723000106], [35.559896763000154, 32.30527512500015], [35.55991241400011, 32.30502864400006], [35.560011068999984, 32.30479602400004], [35.56015178400003, 32.30459215100012], [35.56020097400017, 32.304520883000066], [35.56020666000012, 32.30450678500017], [35.560274932000084, 32.30433750499998], [35.560274426000035, 32.30420529600019], [35.560274355000104, 32.30418674100014], [35.5602741510001, 32.304133339000145], [35.56023939900007, 32.3040694660001], [35.56022736800003, 32.3040475200001], [35.56018225900016, 32.30396465200016], [35.56012999600017, 32.303920553000125], [35.560120482000116, 32.3039125360001], [35.5599990070001, 32.30381016400014], [35.55980767900007, 32.303669930000126], [35.55948370900006, 32.30359332600017], [35.559390099000154, 32.30353975800017], [35.55938100700013, 32.30353455000011], [35.559167302000105, 32.3034121500001], [35.55981985100016, 32.303338493000126], [35.55986402700012, 32.30333351100006], [35.56032829500015, 32.3032811540001], [35.560171099000115, 32.30312870900019], [35.56003771600018, 32.303042705000166], [35.55981042000019, 32.30299683300012], [35.55959118700008, 32.30297756900012], [35.55934048400002, 32.30297149500012], [35.55916035500013, 32.30293887800019], [35.55897213500003, 32.30287289100016], [35.558713153999975, 32.30274073000015], [35.558367986000064, 32.30254230200006], [35.558124668000175, 32.30238346800007], [35.55795179200004, 32.30225107100006], [35.55777903300009, 32.302105287000074], [35.557645452000145, 32.30196615799997], [35.55748014800014, 32.30177385700017], [35.55736203600014, 32.30160143300009], [35.55728290000013, 32.30138240700012], [35.55727442400013, 32.30120292099997], [35.557257921000144, 32.30096385400003], [35.557264788000055, 32.30071796200008], [35.557224704000134, 32.30047219500011], [35.55716922700009, 32.30027959300014], [35.55701996600004, 32.30016037400014], [35.55680009600019, 32.30001486000003], [35.55648244600019, 32.29985101300002], [35.55623151700013, 32.2997386940001], [35.55595718200004, 32.29966645200017], [35.555675074000135, 32.29960071600004], [35.55532241000009, 32.29952192400009], [35.55509505000015, 32.299456175000046], [35.554820591000066, 32.299350541000024], [35.55465583800003, 32.299257993000026], [35.55447534300009, 32.29912547200013], [35.554450988000156, 32.29891291300004], [35.554513121000014, 32.298760007], [35.554658860000075, 32.29858657300008], [35.554692317000104, 32.29854675800004], [35.55472520100017, 32.29851243100012], [35.554920521000156, 32.29830857800005], [35.55503828100012, 32.29818568100012], [35.555043297, 32.29818044600012], [35.555047607, 32.29817682700008], [35.55517328000019, 32.29807131700005], [35.555479209000055, 32.29781263400008], [35.55558821800008, 32.2977293460001], [35.55572237399997, 32.297626966000166], [35.55591792400003, 32.29757331400015], [35.55626995300008, 32.29748598200001], [35.55684122200017, 32.29742454000012], [35.55725608100016, 32.29737028500011], [35.5577490230001, 32.29730257200015], [35.557952470000146, 32.29727538399999], [35.5583045460001, 32.29720129100019], [35.55872219500014, 32.29700879900008], [35.55898013300015, 32.296915095000145], [35.55927731100007, 32.29680127500012], [35.55959790200018, 32.29669401000007], [35.55984783700018, 32.29654720800016], [35.56022277700009, 32.296293678000154], [35.560480559000155, 32.29616009600011], [35.56066020500009, 32.296026588000075], [35.56136336800006, 32.295667596000044], [35.56181373000004, 32.29548768700016], [35.56193652700017, 32.29541140100008], [35.561978727999985, 32.29538521500001], [35.561978817000124, 32.29538506900019], [35.56206824100002, 32.29523814800001], [35.562112358000036, 32.29497637100013], [35.56211866600006, 32.29463184700006], [35.56217054100017, 32.29444669700018], [35.56224487800017, 32.294235983000135], [35.56245377000005, 32.29368630600004], [35.56255124600011, 32.293496663999974], [35.56280870300003, 32.293109453], [35.56310199700016, 32.292767794999975], [35.56311881300013, 32.29252525600009], [35.563162415000136, 32.2922599530001], [35.5633133500001, 32.29203986900018], [35.563375361, 32.29190330300008], [35.563472744000194, 32.291690833000075], [35.563596394000115, 32.29136472100009], [35.563711663000106, 32.29114459400006], [35.56383572100009, 32.29092458100007], [35.56396000500007, 32.29071964400009], [35.56428148600014, 32.29033478800005], [35.56444132400003, 32.29014482900004], [35.564610225000024, 32.289939767000135], [35.56483259900017, 32.28974977200011], [35.56495696600007, 32.28956766000016], [35.565054490000136, 32.28939309000009], [35.5652669320001, 32.28895302300003], [35.56548809800012, 32.28845234100015], [35.565621300000146, 32.28823976900014], [35.565780896000035, 32.28798936200013], [35.56601168800012, 32.287662946000125], [35.56617298300006, 32.287422821000064], [35.56631473800013, 32.287149636000095], [35.566474173000074, 32.28681595200004], [35.56665129400011, 32.28646686200011], [35.56681938800011, 32.28605720800016], [35.56690738800012, 32.28573880400006], [35.566986695000026, 32.28548848000014], [35.56702160599997, 32.28525349600005], [35.56706892300008, 32.284923652000145], [35.56708431900012, 32.284575720000134], [35.567108399000176, 32.28428454600004], [35.56714076900016, 32.28403590300013], [35.567190002000075, 32.28377312400016], [35.56720617400015, 32.28362400300017], [35.56718035100005, 32.28346781500005], [35.56707842700018, 32.28306342900015], [35.56692699200016, 32.28280825700017], [35.56687602900013, 32.28258422300013], [35.56683365200007, 32.28243526800014], [35.56679105300003, 32.282229527000084], [35.56674842600012, 32.282016603000045], [35.56670585400013, 32.28181791000003], [35.566638017000116, 32.28160505400018], [35.56654541200004, 32.28142073100014], [35.56637706200013, 32.28116560800004], [35.56626792600014, 32.28103811500006], [35.566125177000174, 32.28092494600003], [35.565990749000036, 32.2807762490001], [35.565764129000115, 32.28054960700018], [35.565596114000186, 32.28037972700014], [35.56536930400006, 32.28010348800012], [35.56527648400004, 32.279904933000125], [35.5651885370001, 32.27955207700006], [35.56512905200009, 32.27931073700017], [35.56509447900015, 32.2789914060001], [35.565084176000084, 32.27851574900012], [35.5650742630001, 32.27809673100006], [35.56509856400004, 32.277905035], [35.56516507500015, 32.27777705000017], [35.56526492100005, 32.27764897100013], [35.5653731430001, 32.27754214800012], [35.565438949000054, 32.277504639000085], [35.56548220200017, 32.277479985000184], [35.565623533000064, 32.277399415000104], [35.56567439600008, 32.27734319300009], [35.56569324800006, 32.277322385000105], [35.565823362000174, 32.277178765000144], [35.565897999000185, 32.277008206000176], [35.565989415000104, 32.27684464300006], [35.56602211700016, 32.276638553000055], [35.56600526200009, 32.27635594800017], [35.56596275000015, 32.27617148400003], [35.56574023600018, 32.275716712000076], [35.56541078200013, 32.27548514299997], [35.56516387700003, 32.275369730000136], [35.564935214, 32.27525412400013], [35.564661065000166, 32.275169642000094], [35.564496694000184, 32.27512360500009], [35.564361916, 32.27509650400009], [35.56433629300011, 32.27509136900011], [35.56426830200007, 32.27507774200012], [35.564153933000114, 32.27506644200008], [35.56411018700004, 32.27506212000009], [35.56404000400005, 32.275055130000055], [35.56379343000003, 32.27502481900012], [35.56361090400003, 32.27500207800006], [35.56331854200005, 32.274925393000046], [35.56317219000016, 32.27486380400018], [35.56292502200017, 32.27467864100004], [35.56268699100008, 32.274454562000074], [35.56243964500004, 32.274222758000064], [35.56223800000015, 32.27401421600007], [35.562009046000014, 32.273821110000085], [35.56174377600013, 32.27362810400007], [35.561597188000064, 32.27350465600017], [35.561368478000134, 32.27337354400015], [35.56111248000008, 32.27321925799998], [35.560929644000055, 32.27315776700016], [35.56067383700014, 32.273096475000045], [35.560399787, 32.273035234000076], [35.559946929000034, 32.27296800400018], [35.55966063500017, 32.27295822400009], [35.55960032100012, 32.27295611200009], [35.55955613800012, 32.27295456500002], [35.55918248600011, 32.27295559300012], [35.55884329100019, 32.2729703550001], [35.55879197600012, 32.27297258800019], [35.55875432300013, 32.272971283000174], [35.55840123500002, 32.27297225100011], [35.55819735400013, 32.27295829700017], [35.55801322700006, 32.27286157800006], [35.557945981000046, 32.27270986900004], [35.557905126000094, 32.27256442900011], [35.55795463600015, 32.27232461700015], [35.55812501100007, 32.2720758800001], [35.55820506200007, 32.271887273], [35.558284852999975, 32.27167316400016], [35.55843473700014, 32.27131316800006], [35.55855397900007, 32.270833488000164], [35.558673156000054, 32.27037945400008], [35.558832338000116, 32.26980554199997], [35.558982055000115, 32.26940271400008], [35.55922118900003, 32.26881739500004], [35.55922260700015, 32.268813923000096], [35.559226560000184, 32.268799831000024], [35.559252430000015, 32.26870761400011], [35.55929230900006, 32.26856546000005], [35.559361816000035, 32.26826570900005], [35.55941112, 32.267974466], [35.55945684500017, 32.26771329100018], [35.55948010100013, 32.267580453], [35.559569313000054, 32.26718652599999], [35.559661617000074, 32.26677708900013], [35.55976025400014, 32.26633212700011], [35.55979202100019, 32.265877910000086], [35.559808486, 32.265762970000026], [35.55981420900008, 32.265723016000095], [35.55985711900007, 32.26542345800016], [35.559911359000125, 32.265035405000106], [35.55996603400013, 32.26476091400002], [35.560042925000175, 32.26448622400005], [35.56013156600011, 32.26433465000014], [35.560275780000154, 32.26414502000006], [35.56040896900009, 32.26402164399997], [35.56052960700009, 32.2638244690001], [35.560684513000126, 32.26369962500007], [35.561174596000114, 32.26345295900012], [35.56184759700011, 32.26316492200016], [35.56232821300006, 32.26295928100012], [35.562837775000105, 32.26277807500003], [35.56348222700018, 32.26257183300004], [35.56393398300003, 32.26236626600013], [35.56431830600013, 32.26217708900003], [35.56458743600001, 32.262045581000166], [35.564740857, 32.261881706000054], [35.56474974800011, 32.261693574000105], [35.56468100000012, 32.26132586800003], [35.56460272500016, 32.261023568999974], [35.564553495000155, 32.2607294980001], [35.56455216800015, 32.260386122000114], [35.56454084600006, 32.259944705000066], [35.56454030000003, 32.25958920700015], [35.56450075500004, 32.25931145700008], [35.564451404000124, 32.25898455800012], [35.564363607000075, 32.25870680100013], [35.56428593900006, 32.25851905300004], [35.564208297, 32.25838019700012], [35.5641114280001, 32.25820067500018], [35.564011962, 32.257949721000045], [35.56385079199998, 32.25769401000008], [35.563727357000175, 32.25746242600013], [35.56364184200015, 32.25730259700015], [35.56354682400007, 32.25708671700005], [35.56344213900002, 32.25681492300009], [35.563384795000104, 32.25660710900013], [35.56326120900019, 32.25633536800012], [35.563156372000094, 32.256023558000095], [35.56298560300007, 32.255727995000086], [35.56288116900015, 32.25552017000018], [35.56278592700011, 32.255288369000084], [35.56270011999999, 32.255008633000045], [35.56265194000014, 32.25476866600019], [35.56258460600003, 32.25437671900016], [35.56248784200005, 32.25396386], [35.56238261200019, 32.25354806300015], [35.56229639600019, 32.25320421600003], [35.562229297000044, 32.252916255000116], [35.56217159000016, 32.25261234400011], [35.56216094100006, 32.25230027400005], [35.56218828100003, 32.25203614600002], [35.562234680000074, 32.25172645100008], [35.562346810000065, 32.251478012000064], [35.56248738199997, 32.25125358500003], [35.56267472400003, 32.250989012000105], [35.562806061000174, 32.250820550000185], [35.56292806900012, 32.25068424000011], [35.56321009200013, 32.25050732600005], [35.56348281700019, 32.250370596000096], [35.563727631, 32.25030594500015], [35.56398182300012, 32.25026522100018], [35.56470733700007, 32.25020711800005], [35.56499009700002, 32.25022239200007], [35.565527324000186, 32.25026879799998], [35.56595167300003, 32.25032368900003], [35.56615902200019, 32.25034706200006], [35.56643230100019, 32.25035432700008], [35.56677615700005, 32.25030418800009], [35.567086834000065, 32.250207219000174], [35.56742535600017, 32.25002224800005], [35.56767876600003, 32.2497814350001], [35.56784763500002, 32.24958890800008], [35.56801647300017, 32.24938849000017], [35.5681664490001, 32.24915600000014], [35.56844871800013, 32.24853706100015], [35.568587918000105, 32.24817821100015], [35.568699051000124, 32.24780760200014], [35.56881027600019, 32.24746080800003], [35.56886428700011, 32.24689901500017], [35.56886269800009, 32.24649279300013], [35.56883332400014, 32.24614639500004], [35.568804438000086, 32.24596724700018], [35.56883183000019, 32.24576412700003], [35.56897116500011, 32.245441206000066], [35.56922333100016, 32.245141778000175], [35.569518079000034, 32.24496171700008], [35.56993881000011, 32.24464983300004], [35.57037426900018, 32.24445753600003], [35.57065548100019, 32.2444208070001], [35.57090822600003, 32.2443125800001], [35.57121691900011, 32.24409668300012], [35.571371113000055, 32.24392899300011], [35.57146870100013, 32.24370172000005], [35.57143962300006, 32.243474807000155], [35.571377505000044, 32.24332483800009], [35.57134069700004, 32.243235974000015], [35.57132211700008, 32.24320607000004], [35.57123297499999, 32.24306260100019], [35.57122857200011, 32.24305551400005], [35.57117034200007, 32.24296183900003], [35.57093646699997, 32.24263969200007], [35.570922064000115, 32.24261986900012], [35.570844617000034, 32.24251328200012], [35.57083181500002, 32.24249460500005], [35.57081560200004, 32.24247095100009], [35.570741642000144, 32.24238182900018], [35.57070671700018, 32.24231246400018], [35.57068904600004, 32.2422867250001], [35.57056144000012, 32.24204811600015], [35.57047649000003, 32.24190506000008], [35.57032451200007, 32.241791921000186], [35.57031925200016, 32.241788010000164], [35.570236551000164, 32.241726510000035], [35.569997434000186, 32.24171521100004], [35.569659675000025, 32.24170418900002], [35.56944862299997, 32.24170478700012], [35.56909744900008, 32.241825266000035], [35.56891481800017, 32.24188552600003], [35.56880299400012, 32.242077045000144], [35.56874718500006, 32.24222064300017], [35.568550271000106, 32.24223303500008], [35.56848150000019, 32.24219927200005], [35.568478858000105, 32.24219797300003], [35.56838116900013, 32.24214995500017], [35.56807066200008, 32.24189988300009], [35.56774641300018, 32.24169775300004], [35.567575244000125, 32.24154869000006], [35.56757207100014, 32.24154592700012], [35.56730873300006, 32.24131657400005], [35.567073235000066, 32.24112729500007], [35.56705909400006, 32.241115944000114], [35.56701236600014, 32.241078433000155], [35.566829639, 32.24089362900014], [35.566812300000095, 32.24087609200018], [35.56679965400008, 32.24086471600015], [35.566705458000115, 32.24077226500003], [35.566694513000186, 32.2407615140001], [35.56661691900018, 32.240685295000105], [35.56658610900013, 32.240611936000164], [35.56658407900011, 32.240607102000126], [35.56653174500008, 32.24048249100019], [35.56654518700009, 32.24031520000011], [35.56658646200003, 32.24009992700019], [35.56666696600013, 32.23995358300016], [35.566833303000124, 32.239796431000116], [35.56700877500009, 32.23972886700005], [35.56721050100009, 32.23967602500011], [35.567412507000085, 32.239653056000066], [35.56770215400019, 32.2396150400001], [35.56791284100012, 32.23960698200017], [35.56818512000018, 32.239621149000186], [35.56843114600008, 32.239620455000136], [35.56865925800014, 32.23957500500006], [35.568913575000124, 32.23944747200011], [35.56906234600007, 32.23933517700016], [35.56911442300003, 32.23917087800015], [35.5691136640001, 32.23897699499997], [35.56904836300009, 32.23888067900003], [35.56904396300007, 32.238874190000104], [35.5689722620001, 32.23876857600004], [35.568673015000115, 32.23859779900005], [35.568391513999984, 32.23847178200003], [35.56816250400004, 32.23828601000008], [35.56789806400002, 32.238070467000114], [35.56768712000019, 32.23801131800013], [35.56744988600008, 32.23801198500007], [35.567046306000066, 32.2381251380001], [35.566783226000155, 32.23821535200011], [35.566397480000035, 32.23839538100003], [35.56602944600013, 32.23861269800011], [35.5657881840001, 32.23881500599998], [35.56551726400005, 32.23915139700006], [35.56534228400011, 32.239345913000136], [35.56529022700016, 32.23951753500012], [35.56526484000011, 32.23972642600012], [35.56524387200017, 32.24009128600011], [35.56520289000014, 32.240425905000166], [35.565105428000095, 32.24068896400013], [35.56495158000013, 32.24090455100014], [35.56461511200018, 32.241228020000165], [35.56422216700008, 32.241480064000086], [35.563730783000096, 32.241744218000065], [35.563308913000185, 32.24180513400012], [35.563143217000174, 32.24178685500016], [35.56313810500012, 32.24178629900007], [35.56309777000007, 32.24178190800018], [35.56294226000017, 32.241567180000175], [35.562870909000026, 32.24129261700011], [35.56284143900007, 32.240958193000154], [35.562811697000086, 32.24055205100012], [35.56279613700008, 32.24016982100011], [35.56283173600008, 32.23977040199998], [35.562883312000054, 32.239471965000064], [35.562899364000145, 32.23907654600015], [35.56293353700005, 32.23882296400012], [35.56301178500013, 32.23860631900004], [35.563134001000094, 32.23844197000005], [35.563265168000044, 32.23827745200009], [35.56339641800008, 32.23813533700019], [35.56352739000005, 32.237963493000166], [35.563658499000155, 32.23778404000012], [35.563675555000145, 32.23764985200006], [35.56364844800015, 32.23745590400017], [35.56360184900012, 32.23734939600007], [35.56360128300008, 32.237348103000045], [35.563586396000176, 32.23731432600016], [35.56336601300012, 32.23708371700019], [35.56318985500013, 32.23697233000013], [35.56296114200012, 32.23686108600015], [35.56272368200018, 32.23680214300015], [35.56252164500006, 32.23677283300003], [35.56225791000003, 32.23673622300004], [35.56188020400003, 32.23672247600007], [35.561669639000115, 32.23676025599997], [35.5614856900001, 32.23686517500005], [35.56138955400013, 32.23699972100019], [35.56129364400016, 32.2371940110001], [35.56129438600004, 32.23738789200007], [35.56122480700009, 32.2375745010001], [35.56111149000003, 32.23776883700003], [35.56096257800016, 32.23788859400008], [35.56077848700011, 32.23800098000015], [35.56059436400005, 32.238061090000144], [35.56028717200019, 32.238106744], [35.559948766000105, 32.23818362400016], [35.55954873200005, 32.238184724000064], [35.559246079000104, 32.23820401300014], [35.55893231300013, 32.238177259000054], [35.558770070000094, 32.23815022800005], [35.55849929500016, 32.23804994300019], [35.55832599900003, 32.23794938800012], [35.55815233100003, 32.237793742000065], [35.55803304800003, 32.2376838830001], [35.55798158300013, 32.23749028200018], [35.55796712100016, 32.237436073000026], [35.557967094000105, 32.23743533900017], [35.55795509000018, 32.237105547000056], [35.55801869300018, 32.236783969999976], [35.55823371600013, 32.23643436200018], [35.55836210299998, 32.236103451000076], [35.55850160299997, 32.23581844400002], [35.55869462600009, 32.23539548400004], [35.55879123900013, 32.23521148200007], [35.55888802800007, 32.235073552000074], [35.55930878800007, 32.23481524800019], [35.559578719000115, 32.23469515900007], [35.55998895400006, 32.23454707000019], [35.560205085000064, 32.23449138100011], [35.56035182700015, 32.23441207100012], [35.560575558000096, 32.234350864000135], [35.560951874000125, 32.23426331100006], [35.56135895600005, 32.23420173900013], [35.56155218500015, 32.23414061700004], [35.5617353020001, 32.234079521000126], [35.561918019000075, 32.23395798000013], [35.56208001700014, 32.23370672100003], [35.56219102000017, 32.23342967900004], [35.562291478000134, 32.233083483000144], [35.56239163900017, 32.232659508000154], [35.56243129300009, 32.23236547200014], [35.562470411000106, 32.23197618900019], [35.56248973800018, 32.23169940000014], [35.56252902700015, 32.231310115000156], [35.56255879900016, 32.23111981100004], [35.56260696900006, 32.230756569000164], [35.562641889000076, 32.2303957580001], [35.56267762700003, 32.23020487500003], [35.562731312000096, 32.229983225000126], [35.56284570000014, 32.22972519300009], [35.56297807200008, 32.22944654200006], [35.56312881900004, 32.229203910000024], [35.56329787800007, 32.228981938000175], [35.56355170900002, 32.22873380700014], [35.56378346300005, 32.228564499000186], [35.563989062000076, 32.228404284000135], [35.564298228999974, 32.22832099400017], [35.5647289530001, 32.22829400800009], [35.56508684200014, 32.22829300799998], [35.56560275700008, 32.22834821000015], [35.56586982099998, 32.228393819000075], [35.56618571900003, 32.22846507700012], [35.56655020000005, 32.22858255600016], [35.5668176850001, 32.228736376000086], [35.56699432300013, 32.22893173699998], [35.56710418400007, 32.22909121300006], [35.567131283000094, 32.22928164100017], [35.567136079000136, 32.22931538800003], [35.56714423400018, 32.22937277000017], [35.56711564200015, 32.22982106300003], [35.567068536000136, 32.230197409000084], [35.56704948000015, 32.23034254700019], [35.567038426000124, 32.23042674400017], [35.567027320000136, 32.23051188300019], [35.56699177100012, 32.23074898200019], [35.56703623800013, 32.23097261300012], [35.56720052000003, 32.231100937000065], [35.56749805400017, 32.23113617300015], [35.56788626700006, 32.23112986500013], [35.568304904000115, 32.23110304200014], [35.56863216700009, 32.2310247640001], [35.56902590800007, 32.23086386700015], [35.56925597100002, 32.23072921700003], [35.56954045200001, 32.230563555000174], [35.56977950300018, 32.230412567000144], [35.56979411800006, 32.230403336000165], [35.56981892000016, 32.23038762500005], [35.569830670000044, 32.23034053000015], [35.56983750500018, 32.23031317900006], [35.56986657800019, 32.23019684700006], [35.56991869500018, 32.229995078000115], [35.569930426000155, 32.229949661000035], [35.56993842700018, 32.22991835900012], [35.56998168700005, 32.22962078700016], [35.56994985800014, 32.22923959200017], [35.5699245990001, 32.22901295100013], [35.56992358900004, 32.22875523900012], [35.569928432000154, 32.228425369000036], [35.569877591000136, 32.22801534300004], [35.56983394400015, 32.22770632400011], [35.56978966700012, 32.227278664000096], [35.56975808300018, 32.22695932400012], [35.569677407000086, 32.22646484000006], [35.569609295000134, 32.22613010300017], [35.56956465300016, 32.225693427000124], [35.569551442000034, 32.22541010900011], [35.569537669000056, 32.22510960000005], [35.56953749600012, 32.22510734400004], [35.569531514000175, 32.22497730800012], [35.56951780100019, 32.224565062000124], [35.56953460400007, 32.22419908500012], [35.56950949200012, 32.22400851400005], [35.56947248300003, 32.22382826200004], [35.56933067699998, 32.223510501000135], [35.5691598950001, 32.223242986000116], [35.56899519500013, 32.22304759400015], [35.56886723100018, 32.22287802300002], [35.5686781120001, 32.222626057000184], [35.56858661000018, 32.22249738800008], [35.56840352400013, 32.22221962000003], [35.56835437700005, 32.22207040000012], [35.56828733000009, 32.22183697000014], [35.56828625500009, 32.22156122300015], [35.56828590300006, 32.221470906000036], [35.56828575200012, 32.22143225900015], [35.56828534400012, 32.221327889000065], [35.5683344520001, 32.22108384600017], [35.56842101500007, 32.22088196900012], [35.56855776200007, 32.220711935000054], [35.56875683300012, 32.2205417240001], [35.56899360699998, 32.22043495600013], [35.56926829700018, 32.22040233500019], [35.569718023000064, 32.22045404400012], [35.57005553500011, 32.22054862200014], [35.57044285500018, 32.22062178000016], [35.57070545000016, 32.22071642700007], [35.571143121000034, 32.22086369700003], [35.571430372000066, 32.22090529500008], [35.57166793700014, 32.22095773900014], [35.57195531000019, 32.22098862500002], [35.57211728699997, 32.220913906000135], [35.57221048800017, 32.220754308000096], [35.572253776000025, 32.22068018100009], [35.57226034500013, 32.22065658300011], [35.572327651000194, 32.22041478900019], [35.57250130600005, 32.22014925400015], [35.57272476600008, 32.219819747000145], [35.572935962000145, 32.21953282700002], [35.57301755700007, 32.219336586000054], [35.573024297000075, 32.21932037500005], [35.57305959500013, 32.21923544800018], [35.57307122900005, 32.21899136900015], [35.57295776200016, 32.2187159450001], [35.57280717400016, 32.21852544900014], [35.572606527000175, 32.218335096000146], [35.57239399400004, 32.21824031200009], [35.572144004000165, 32.21818790200001], [35.5718941400001, 32.21816747800011], [35.571494648000055, 32.218200459000116], [35.57105815600005, 32.21830765700008], [35.570696457000054, 32.218425495000076], [35.57021032300014, 32.218638935000115], [35.56981128500013, 32.218788577000055], [35.56954952600006, 32.218905986000095], [35.569088207, 32.219066368000085], [35.56876375400009, 32.219130973000176], [35.56851417700011, 32.219142246000104], [35.56820170000009, 32.219090147000145], [35.56790173800016, 32.219016734000036], [35.56758913600004, 32.21889023600005], [35.567326139000045, 32.21868948400015], [35.56715078100012, 32.21856273800012], [35.56700061400005, 32.21847833700019], [35.56686288000003, 32.218393759000094], [35.566625326000064, 32.218299032000175], [35.566350310000075, 32.218204270000115], [35.566162689000066, 32.21811997100019], [35.565912456000035, 32.21800400400008], [35.56561245600011, 32.217920020000065], [35.565299945000106, 32.21781479000009], [35.56503716000009, 32.21766701299998], [35.564874156000144, 32.21751895400013], [35.56477551100005, 32.217297870000095], [35.56476745200018, 32.217279789000145], [35.564723011000126, 32.21718008100004], [35.56473421499999, 32.21686174500019], [35.56483140100005, 32.216620106000164], [35.56503038699998, 32.21642862500005], [35.56527926200005, 32.21619459300001], [35.56555299600018, 32.21596049100003], [35.56600134000013, 32.21566235100005], [35.56639983600007, 32.21537477600015], [35.566810596000096, 32.21504475400019], [35.56717154400013, 32.21473614800004], [35.56745774100011, 32.21451271600006], [35.56775669900014, 32.21433151700006], [35.56813085800013, 32.214181951000114], [35.56856712900009, 32.21402164000011], [35.56891675500003, 32.21399937800004], [35.56910424900008, 32.214051969000025], [35.569367361, 32.21428456199999], [35.569530575000044, 32.21452800600008], [35.56981921700009, 32.214887905000126], [35.570032279000145, 32.21512064100017], [35.57024530000007, 32.215300254], [35.57053290699997, 32.21539496900016], [35.57072006800013, 32.2153625950001], [35.571118757000136, 32.21517053900004], [35.57150442700009, 32.214787594000086], [35.57176479300011, 32.214320178000094], [35.571962838000104, 32.21389535100002], [35.572086303000106, 32.21351314900005], [35.572198088, 32.21336431900016], [35.572284762000095, 32.21319442400005], [35.57227345800004, 32.21280711000014], [35.572240527000076, 32.212441980000165], [35.57228129900005, 32.21214779500002], [35.57241650600014, 32.211844468000095], [35.57252036400001, 32.21157687600015], [35.572508736000145, 32.21131849200009], [35.57250743600002, 32.21098877800017], [35.57250624100004, 32.21068583800013], [35.57252637700009, 32.210454134000145], [35.57273496200003, 32.210141718000045], [35.57299595600011, 32.20983803100006], [35.57313134400016, 32.20962375], [35.57317273500013, 32.20944552900011], [35.5731930180001, 32.20929399900018], [35.57308733700012, 32.209098302000086], [35.57276170600011, 32.20893874199999], [35.57242490800013, 32.20893138900004], [35.572405020000076, 32.208931306000125], [35.572130616000095, 32.20894364100013], [35.57210326100005, 32.20894492200017], [35.571996067999976, 32.20894994200006], [35.571733951000056, 32.20896844200013], [35.57156641600017, 32.20905797000012], [35.571409804000155, 32.20922778100004], [35.57126345700004, 32.20935289700009], [35.57114859700016, 32.209478067000134], [35.57099173800003, 32.20958531700012], [35.57082053900018, 32.209675183000115], [35.570803356000056, 32.20968420300011], [35.5707228390001, 32.20969623700006], [35.570708142, 32.20969843400013], [35.57069188200012, 32.20970086400018], [35.57052310000017, 32.20972642300006], [35.570253325000124, 32.20973648600011], [35.56991849700012, 32.209682342000065], [35.56968075300017, 32.209618903000035], [35.56943212800013, 32.20952787699997], [35.569140140000115, 32.20940949700014], [35.56885887800013, 32.209235991000185], [35.56865343800018, 32.20912652600009], [35.56829615400011, 32.208879963000186], [35.568003942000075, 32.20866069300018], [35.567787245000034, 32.20846868700011], [35.567635458000154, 32.20830411600008], [35.56747293600006, 32.208148731999984], [35.56732075800005, 32.20788313400004], [35.56713587100012, 32.20751687800015], [35.56707018000009, 32.20728781100007], [35.56693993000016, 32.207077244000175], [35.56673426000003, 32.20694945700018], [35.56658839200003, 32.206942539000124], [35.566569493000145, 32.20694167200014], [35.566550765000045, 32.206940812000084], [35.56629187600004, 32.20697817300004], [35.56598994500018, 32.2070707470001], [35.56568839199997, 32.207218273000024], [35.56547312300006, 32.20739317300013], [35.56538734700007, 32.20754009400008], [35.565226492000136, 32.20781573000016], [35.5650876090001, 32.208201210000084], [35.56508923900009, 32.208623072000194], [35.5650797400001, 32.20895323600013], [35.56502662200012, 32.20914585900016], [35.56495150800015, 32.20926527500012], [35.56486496100018, 32.2092995110001], [35.564848910000194, 32.20930586000003], [35.564671183000144, 32.20937610500005], [35.56432548300012, 32.20929463800013], [35.56412012200008, 32.209203481000145], [35.56385475200017, 32.20906669800013], [35.56371381500014, 32.208920407000164], [35.56357213600006, 32.20858150500004], [35.56337599800014, 32.20808677200006], [35.563201652000146, 32.20765622700003], [35.56311428599997, 32.2073905850001], [35.563037800000075, 32.207152387000065], [35.56296124200014, 32.206895872000075], [35.562981377000085, 32.20652890100018], [35.56299116500003, 32.206272146000174], [35.56305652700013, 32.20594393800019], [35.56320678800017, 32.20571427100009], [35.56337883600003, 32.20554865300011], [35.563755770000114, 32.20530919400005], [35.56422982800012, 32.20511525900008], [35.56472563000011, 32.20493056000004], [35.56489603000017, 32.20489474600009], [35.564949839000064, 32.20488343700009], [35.56516792000008, 32.20483759700005], [35.56536119000009, 32.20476026400013], [35.56538961900003, 32.20474891200007], [35.565491248, 32.20470832900003], [35.565695715000174, 32.20457023500012], [35.565770717000134, 32.20442320500007], [35.56581340200006, 32.204276403000165], [35.565758488000085, 32.20404730600012], [35.5656028090001, 32.203687026000125], [35.56536410200016, 32.203413069000135], [35.565125586000136, 32.20318744400004], [35.5649444500001, 32.20305874100012], [35.564810973000135, 32.20295413700018], [35.56468678699997, 32.20280907100005], [35.56453400200007, 32.202639848], [35.56444796200003, 32.20250284600007], [35.56436156800015, 32.202317235000066], [35.56428463200018, 32.202091298000084], [35.56418864900019, 32.20182511400009], [35.56405433500004, 32.20150239500015], [35.56389119700009, 32.20113931500009], [35.563661803000116, 32.20078459100006], [35.56351843900012, 32.200607309000134], [35.56328944300003, 32.200397856000166], [35.56300138100016, 32.200126852000096], [35.56281991400016, 32.19990923400002], [35.56262865300005, 32.19964331500017], [35.56248530400018, 32.19942559100008], [35.56238002800018, 32.19924003100016], [35.56231248100016, 32.19899800300004], [35.56225448499998, 32.19873960300015], [35.562262384, 32.19833574900014], [35.56233776400006, 32.198157860000094], [35.56242291399997, 32.198020384000074], [35.562640618000046, 32.19779348600014], [35.56283029400015, 32.197647689000064], [35.56310546900005, 32.197541810000075], [35.56329406300006, 32.19751573300016], [35.56331448500015, 32.19751290900007], [35.56358064300014, 32.19747595600012], [35.563922831000184, 32.19747500500017], [35.56426521000003, 32.197522522999975], [35.56474122400016, 32.19767464100016], [35.565045955000016, 32.19784343800018], [35.56549393800009, 32.19811681200008], [35.56589432400017, 32.19842258200015], [35.56632381800017, 32.198841416000164], [35.566600430000165, 32.199107233], [35.56694382800015, 32.199372719000166], [35.56726772000013, 32.199565696000036], [35.56763643300013, 32.19973529400005], [35.5680362760001, 32.199855346], [35.56833104200018, 32.19988678300007], [35.568692328000054, 32.199893796000026], [35.56882509000019, 32.19985749300008], [35.568849370000066, 32.199850860000026], [35.56911015000014, 32.19977961300003], [35.56928085800007, 32.1996579530001], [35.56944167300014, 32.199463615000184], [35.56956434700015, 32.1992210520001], [35.56957244200004, 32.198833260000185], [35.569580245000054, 32.19841320200004], [35.56950156, 32.197826697000096], [35.56943314900013, 32.19732597500007], [35.56940316400005, 32.19694646500011], [35.56940177600012, 32.19659110700019], [35.56940967400004, 32.19619528300012], [35.56947499600011, 32.19586397400019], [35.56962581199997, 32.19557272000003], [35.569795880000015, 32.19528958300015], [35.57009894600009, 32.194989868000164], [35.57025920600017, 32.19478369500007], [35.570530335000115, 32.19458072700013], [35.57074486500011, 32.19439722600015], [35.57116253300006, 32.19403997400008], [35.571590047000086, 32.19370157600014], [35.57185918100015, 32.19349832900008], [35.57215185100017, 32.193254716000126], [35.572254446000045, 32.19309252500011], [35.572301583000126, 32.192944019000095], [35.57230889800013, 32.1927821000001], [35.57225240000008, 32.19257301600004], [35.57214850399998, 32.19240465000013], [35.57197327200009, 32.19225677500003], [35.57179019200004, 32.19213583699997], [35.57159956300012, 32.1920757900001], [35.57133713500008, 32.19200227800002], [35.57107505700009, 32.19197597000016], [35.570725684000024, 32.19195681200017], [35.570463325000105, 32.19194262000008], [35.57017997600019, 32.191943421000076], [35.570117011000036, 32.19194360000017], [35.56987409600009, 32.19194428800006], [35.569847338000045, 32.191942387000154], [35.56973454900003, 32.191934372000105], [35.56970437100017, 32.1919322280001], [35.56961337500013, 32.191925861000186], [35.56929591000005, 32.19188815000018], [35.56914841600013, 32.19184051800016], [35.56896680199998, 32.19175437500007], [35.56880759100005, 32.191591092000124], [35.56873881100006, 32.19141797500009], [35.56872671800005, 32.19120622900016], [35.56874840300014, 32.190946199000166], [35.56897356200005, 32.19059893800011], [35.56903830600004, 32.19050336300012], [35.569176368000115, 32.19029978800006], [35.56944643200006, 32.189954654000076], [35.56952489800017, 32.18972334700004], [35.569580738000184, 32.18951141200017], [35.56956832800006, 32.189261058000056], [35.56948837300007, 32.18906880900005], [35.5694197090001, 32.188924575000044], [35.56928338900019, 32.188809418000176], [35.56910157600015, 32.188713553000184], [35.568806941, 32.18870578900004], [35.56879064200018, 32.18870536200012], [35.56877297000011, 32.18870489900013], [35.568523955000046, 32.18875379000019], [35.56829781000005, 32.18888913100011], [35.56783425100019, 32.189160129000186], [35.56749538500003, 32.18941132800006], [35.567235495000034, 32.189604674000066], [35.56708852600019, 32.189691744000186], [35.566930090000085, 32.18976926300013], [35.56687795700009, 32.18978326700005], [35.56684633400005, 32.189791762000084], [35.56674900399997, 32.18981781900004], [35.56651114100015, 32.189837791000116], [35.566227839000135, 32.18984816500006], [35.56595582000011, 32.18982004200012], [35.56550225300015, 32.18976353900018], [35.56485559100008, 32.189563145000136], [35.564269863000106, 32.189350885000124], [35.56372527299999, 32.189150201000075], [35.56331663200007, 32.18896844400018], [35.562896687000034, 32.18877699200016], [35.56241954200004, 32.18848946000003], [35.56201053500007, 32.188211319000175], [35.56176011700012, 32.18789427100006], [35.56154407500003, 32.187683088000085], [35.56135005200002, 32.187336996000056], [35.561167682000075, 32.18704864500006], [35.56112066700018, 32.1866250760001], [35.561096700000064, 32.186249630000134], [35.56110693700009, 32.18598005200005], [35.561186806000194, 32.185591216000034], [35.561226513, 32.18531479200004], [35.56128643100004, 32.18503845200013], [35.56127893600018, 32.18485431000016], [35.56129156300011, 32.184647145000156], [35.56126394500012, 32.18448616700016], [35.56120246600011, 32.18435388600011], [35.56092702600006, 32.184206273000086], [35.56075579000009, 32.18422844400004], [35.560715382000126, 32.18423334800008], [35.56069712000004, 32.1842355980001], [35.56037737300011, 32.184275000000184], [35.56012070100019, 32.184357008], [35.559897157000194, 32.184479082000166], [35.55958226700005, 32.18454462200009], [35.55932148700015, 32.184591416000046], [35.55918817400004, 32.18460599400004], [35.559120590000134, 32.1846133840001], [35.55906080000017, 32.18461988900003], [35.55875660100014, 32.18462072300008], [35.55856088900009, 32.18461196100009], [35.558397609999986, 32.184547872], [35.558081356000116, 32.18425312100004], [35.55794991400006, 32.1839764610001], [35.55785093800006, 32.18365349500016], [35.55787163100007, 32.18338571900006], [35.55808792500005, 32.18309881000005], [35.558380197000076, 32.18279337300004], [35.55865065900008, 32.182460097000046], [35.55883445000006, 32.18221033200007], [35.559061579000115, 32.18194184900011], [35.5593647180001, 32.18166399800015], [35.55958153000006, 32.18151559400013], [35.559830981, 32.1813672400001], [35.559960776000025, 32.181209915000125], [35.55997080600014, 32.18101585900007], [35.559893883000086, 32.18074187000008], [35.55978418000018, 32.18047431100001], [35.559619878000035, 32.18009615300019], [35.5594884730001, 32.17982865199997], [35.55944406000009, 32.179607130000136], [35.55939981000017, 32.179385749], [35.559431782000104, 32.17921009300005], [35.55956168000006, 32.1790805280001], [35.55977852900014, 32.178987498000026], [35.560006655000166, 32.17894079600006], [35.560080867000124, 32.17893602100014], [35.5601164740001, 32.17893373000004], [35.56053040299997, 32.17890722900006], [35.560906966000175, 32.178901116000134], [35.56106816800019, 32.178900671], [35.56108670800012, 32.17889611100003], [35.56110157299997, 32.17889245600014], [35.56131910000016, 32.178838967000104], [35.56146808400001, 32.178762467000126], [35.561539200000084, 32.17859966800006], [35.56160423600011, 32.17840644600011], [35.56162735600009, 32.178213483000036], [35.561608726000145, 32.1780204960001], [35.561536446, 32.177878523000174], [35.56140438699998, 32.177701065000065], [35.561278025000036, 32.17754021800016], [35.56104418700005, 32.17734796499997], [35.560888263000095, 32.17721129500006], [35.560714426, 32.17706945800012], [35.56052958300012, 32.176864811000144], [35.56040515000018, 32.17673101300011], [35.56033708000007, 32.17660663800001], [35.56023439500018, 32.17631003399998], [35.56022232800018, 32.17609941600017], [35.560176317000185, 32.17585042200017], [35.56012036600009, 32.175427156000126], [35.56003569500007, 32.175249145000066], [35.559967276, 32.17517812000011], [35.55996367400007, 32.17517437999999], [35.55992625, 32.17513545200018], [35.55975840100007, 32.17512872700007], [35.559607639000035, 32.17517197700005], [35.55940724200008, 32.17540769900006], [35.55908123500018, 32.175722248000056], [35.55884704400006, 32.17591550700013], [35.55861298600007, 32.17614427400014], [35.5583536420001, 32.176301811000144], [35.55812762700015, 32.17642360700006], [35.55793475400009, 32.17645978300004], [35.55777548500015, 32.17648868200001], [35.5575741400001, 32.17647500200013], [35.55733060800003, 32.17643283100011], [35.55691892900012, 32.176262894], [35.5567897790001, 32.176194484], [35.556782634000115, 32.17619069700015], [35.556557539000096, 32.17607140200016], [35.55626330100006, 32.17589395900012], [35.555977479000035, 32.17575214000004], [35.55572539800005, 32.17563883400004], [35.555532697, 32.17554396300011], [35.55552538200004, 32.175540304000094], [35.55552373300014, 32.17553947900012], [35.55525516100016, 32.175490326000045], [35.555011737000086, 32.17547675600014], [35.55483576400019, 32.17551288300001], [35.55446702500012, 32.17561364200009], [35.55416209700013, 32.17567773200011], [35.55393573200013, 32.175706809000076], [35.55370148500003, 32.17568944900006], [35.55367522300014, 32.17568750300012], [35.553667423000036, 32.17568414200008], [35.55342349500012, 32.17557982700009], [35.55325528100008, 32.17543063800008], [35.55317070000007, 32.17527403900016], [35.55311962000013, 32.175081700000135], [35.553135722000036, 32.174867764000055], [35.553244199, 32.174724874000106], [35.55339461900002, 32.174589058000095], [35.553670786000055, 32.17441006900009], [35.55400613600011, 32.174330678], [35.55431629900011, 32.17429419000018], [35.55483643700012, 32.17432138700002], [35.55524778400013, 32.174362965000114], [35.555868918000044, 32.17446103900005], [35.556271597000034, 32.17448854800011], [35.556808609000086, 32.17450850500006], [35.55709372600012, 32.174507728000094], [35.55741874200004, 32.17447220600019], [35.55744281400007, 32.174469575000046], [35.55749630200006, 32.174463793000086], [35.55756425800013, 32.17442767800003], [35.55758260100015, 32.1744179260001], [35.55773902000004, 32.174334766000186], [35.55798149300011, 32.1741416270001], [35.55811473800003, 32.173891720000086], [35.55814721000007, 32.17358516100006], [35.55815471700009, 32.17333559800011], [35.55806106500012, 32.172972319000166], [35.55802000800003, 32.17280404900009], [35.557994098, 32.17261164300015], [35.55795982400019, 32.17239784400016], [35.55798430800007, 32.17221248600009], [35.55805906900014, 32.172005433000095], [35.5582259630001, 32.17180545500008], [35.558426570999984, 32.17162666200011], [35.55867748300017, 32.17143349899999], [35.558853101000125, 32.171261817000186], [35.55897821800011, 32.1710976010001], [35.55903618900015, 32.17087636200017], [35.55905219199997, 32.17068384100014], [35.558975895000174, 32.17048452800009], [35.558797367000125, 32.17028084600014], [35.558796151000024, 32.17027946100012], [35.55875493900015, 32.17023249100009], [35.55851982100006, 32.17013337400016], [35.55825946500005, 32.170062788], [35.55790694299998, 32.170020919000024], [35.55763854600008, 32.17001446500018], [35.55742042700007, 32.17002943200009], [35.55711875600008, 32.17007295000013], [35.55689237400014, 32.170137820000036], [35.55661617700014, 32.17025975100006], [35.556323078000105, 32.17042442100018], [35.556055592, 32.17066046100018], [35.55583854300011, 32.17091763900015], [35.5555713440001, 32.171274855000036], [35.55539618199998, 32.171524874], [35.55513707900013, 32.171789352000076], [35.55495319900001, 32.17196809400008], [35.55476907700006, 32.17208258600016], [35.55461077500013, 32.17236820700009], [35.554477439000095, 32.17259669300017], [35.55431650600019, 32.1727989040001], [35.554116047000036, 32.17302038500003], [35.553932295000095, 32.173234777000175], [35.5537316220001, 32.17339933200003], [35.55360603700012, 32.17348520100012], [35.55340480400008, 32.17349997600019], [35.553069278, 32.1734866490001], [35.552825860000155, 32.17347307400013], [35.55259086400008, 32.173452288000135], [35.55245728, 32.17344049300016], [35.55245149400008, 32.17343998200005], [35.552356034000184, 32.17343150300013], [35.552179343000034, 32.17331798500015], [35.55204475600016, 32.17321140100006], [35.55185938300019, 32.17299081900006], [35.55159018500012, 32.17277060000009], [35.551438550000114, 32.172578531000056], [35.551354084000025, 32.17245039200003], [35.551244362000034, 32.17225821100004], [35.551184892000094, 32.17208012600014], [35.55118375600017, 32.17177365900011], [35.55122499000004, 32.17154542200012], [35.5514257160001, 32.171395103], [35.5518528720001, 32.17123712900013], [35.55238904200007, 32.17103602500015], [35.5527071140001, 32.170856925000066], [35.55307559700009, 32.17069206000002], [35.55347770300017, 32.170569797000155], [35.554030835000106, 32.17043275200007], [35.55426542300012, 32.170346587000154], [35.55447461800014, 32.170203426000114], [35.55457453200006, 32.17003209600017], [35.55458244800019, 32.16988948000005], [35.55459917800016, 32.16953533800006], [35.55453061900005, 32.169143384000165], [35.554403686000114, 32.16882288700003], [35.55427690500005, 32.16858791900012], [35.55413376900009, 32.168452895000144], [35.553957087000015, 32.16829654600008], [35.55378888000007, 32.16819005200017], [35.553616506000026, 32.16807751200008], [35.55361384500003, 32.168075796000096], [35.55360388400004, 32.16806937400008], [35.55342055800014, 32.167951225000024], [35.55310766200017, 32.167826805], [35.552829721000194, 32.167702149000036], [35.55265573200012, 32.167599333000055], [35.55249046400007, 32.16748183900006], [35.55244124700005, 32.167432937000115], [35.552430927000046, 32.167422688000045], [35.552342482000086, 32.16733485200007], [35.55232374800016, 32.16723110300012], [35.5523216790001, 32.16721964700008], [35.552319480000165, 32.16720725300007], [35.55231599300015, 32.167187766000154], [35.55231592700011, 32.16718739500004], [35.552297847000034, 32.16700313900009], [35.5523145300001, 32.166811322000115], [35.55238309000009, 32.166582589000086], [35.552564017000066, 32.16627971999998], [35.552641192000124, 32.166006720000155], [35.552718280000136, 32.16575570100008], [35.552847221000036, 32.16541619400016], [35.55292417300018, 32.16512840000013], [35.55301023200013, 32.16492906800016], [35.55316575300009, 32.16478858900018], [35.553495509000015, 32.16477290300014], [35.55371286800016, 32.16491251700012], [35.55375748300003, 32.16498545800005], [35.55375787000014, 32.16498609100017], [35.553852539000104, 32.16514068900017], [35.553931468000144, 32.165383819000056], [35.55402792900003, 32.16566382000019], [35.554115311000146, 32.165818296], [35.55415394100015, 32.165849490000085], [35.554174792000026, 32.165866327000174], [35.55430672000011, 32.16597263500006], [35.55455859600016, 32.16603832100003], [35.55500986100009, 32.16608881100012], [35.55537446600016, 32.166132066000046], [35.55560041700011, 32.16621994100012], [35.555722365000065, 32.16635967100012], [35.55576515200016, 32.166460864000044], [35.55577090899999, 32.16647449100003], [35.55580506400008, 32.166555336000044], [35.55583585800014, 32.16662822400008], [35.55586243000005, 32.16669112000011], [35.55591524800013, 32.166904873000135], [35.556037339, 32.167081517000156], [35.556045304000065, 32.16708562800005], [35.556052277, 32.167089227000076], [35.55619385600011, 32.167162111000096], [35.556402083000194, 32.167161545000056], [35.55680084200003, 32.167079440000066], [35.55698269900006, 32.16698298700004], [35.55731121200017, 32.166679850000094], [35.55760499000013, 32.16634721600008], [35.557794596, 32.16602219300012], [35.5579147950001, 32.165697500000135], [35.558000540000194, 32.16541700500011], [35.557981864000055, 32.165077896000014], [35.55793757200013, 32.164842001000125], [35.55784129200015, 32.16461371500009], [35.55765062800003, 32.16435074499998], [35.557543403000125, 32.16421072100013], [35.5575241090001, 32.164185525], [35.55745885600015, 32.164100457000075], [35.55723235000005, 32.16386519800005], [35.557032131000085, 32.16370356300013], [35.55666700900008, 32.16347586799998], [35.55643250500003, 32.16340281300006], [35.55624159700005, 32.16338121000018], [35.5559986180001, 32.16338919800012], [35.55553030400006, 32.16342738700018], [35.55526134700011, 32.16344291300004], [35.55505343100015, 32.16348025200017], [35.554775749999976, 32.16346635000008], [35.554619488000014, 32.16345197800018], [35.554440043, 32.16335101100009], [35.5544378780001, 32.163348481000014], [35.55442656000008, 32.16333357700006], [35.55436783599998, 32.16326708600013], [35.55435015300003, 32.16323359900014], [35.55433174900014, 32.16320947500009], [35.554314860000034, 32.16318733700018], [35.554192669000145, 32.16298124100018], [35.55411376800009, 32.162789682000096], [35.554084575000104, 32.162622673000044], [35.554077037000184, 32.162579548999986], [35.554051820000154, 32.16243589600009], [35.55390288100017, 32.16207501500003], [35.55373718200002, 32.161839445000055], [35.55364512200009, 32.16176177400013], [35.55362289599998, 32.16174267100001], [35.55356155300018, 32.161689946000024], [35.553546578000066, 32.161677075000114], [35.553539432000036, 32.16167033000016], [35.55340644800003, 32.16154542500004], [35.55323271500015, 32.16146473200007], [35.55272984400017, 32.161562043000174], [35.552701964, 32.16163401], [35.55266995500011, 32.16171663800009], [35.55266979200019, 32.16171705900007], [35.55266978700013, 32.16171718200013], [35.55266841700018, 32.16174792200019], [35.552656017, 32.16202145200009], [35.552655402000084, 32.16203399400007], [35.552661643000135, 32.16216982900005], [35.552672343000154, 32.16240269700012], [35.55269091600019, 32.162764070000094], [35.55265733900012, 32.16304428000018], [35.552554104000194, 32.16330269800005], [35.552459322000175, 32.16347260200007], [35.55220836100011, 32.16365025400006], [35.552035008000075, 32.16367284300003], [35.55179189200004, 32.1635996600001], [35.55143975700014, 32.16351972600006], [35.551240094000036, 32.16350546500007], [35.55087583400007, 32.16350644100015], [35.55071109600016, 32.16352900600015], [35.55047694900003, 32.16355175500013], [35.55025133500004, 32.16355235800012], [35.54997357600001, 32.163516322000135], [35.54971320300007, 32.163480100000186], [35.54940929900016, 32.16340721900008], [35.54900424300001, 32.16330571800012], [35.54897502300008, 32.16328776100016], [35.548964669000156, 32.16328140000007], [35.548868600000105, 32.16322238100008], [35.548695173000056, 32.162909047000085], [35.54859519200005, 32.162522385000045], [35.548593385000174, 32.16203077200015], [35.54862886200016, 32.16163318400015], [35.54868979100013, 32.16144477200015], [35.548836841000025, 32.16129797900004], [35.5490701920001, 32.16115081800018], [35.54924223000012, 32.16108765500019], [35.54963538800013, 32.160929780000174], [35.54997911700008, 32.160709190000034], [35.55012573900012, 32.16044727900015], [35.55023531900014, 32.160112334000075], [35.55029542, 32.159746102000156], [35.550343775000044, 32.15947402400019], [35.55041683000013, 32.15929600700008], [35.55062510400012, 32.15904435600015], [35.550884809000024, 32.1589033190001], [35.55124172200016, 32.15889193500004], [35.55146333900012, 32.15893319100013], [35.55174491200006, 32.15906234900012], [35.552040988000044, 32.159260232000065], [35.55237396200005, 32.159447587000045], [35.552719428000046, 32.159697749000145], [35.553003094000076, 32.159853815000076], [35.55340951300019, 32.15996783800017], [35.55391405800009, 32.15996647600008], [35.55434460900011, 32.159933889000115], [35.55486078600012, 32.159765099000026], [35.555548912, 32.15951227900007], [35.555831326000146, 32.159333690000096], [35.556040099000086, 32.159218003000035], [35.556260814000154, 32.15901872500007], [35.55639319300013, 32.15871894300017], [35.5564967520001, 32.15851934900013], [35.556501400000116, 32.15851039], [35.55650482700014, 32.15847815400019], [35.55652763799998, 32.158263592000026], [35.55652575200003, 32.15776211400009], [35.55651469800017, 32.15724544400018], [35.55652282200015, 32.15698319800015], [35.55656653300014, 32.15670927500014], [35.55656715900017, 32.156705350000095], [35.556567015000155, 32.15670326100019], [35.55653843100009, 32.15628891299997], [35.55649725300009, 32.15612680200019], [35.55648227700004, 32.15606784300019], [35.55647386900006, 32.15603461300009], [35.55636432200015, 32.155842013000154], [35.556246041000065, 32.155749759000116], [35.55608246500003, 32.1556808790001], [35.555882624000105, 32.15565817200013], [35.555710314000066, 32.15568949700014], [35.55553857700016, 32.155828896], [35.555330367000124, 32.15596050400006], [35.55506821600005, 32.156238939000104], [35.55478786100019, 32.156478816000174], [35.554579767000064, 32.156641278999984], [35.5543171760001, 32.15680403200008], [35.55412700900007, 32.15688937200002], [35.55385496400004, 32.15695957200012], [35.553600965000044, 32.156983367000066], [35.553274126000076, 32.15693028000004], [35.55300161800011, 32.15687704900017], [35.55281085000013, 32.156800347], [35.552574698000114, 32.156723906000025], [35.552397606000056, 32.15662842500018], [35.55225128900014, 32.15647805100019], [35.55224086300012, 32.156467314999986], [35.55218810300005, 32.15641298200006], [35.552114869000036, 32.15622816800004], [35.552077620000034, 32.155965903000094], [35.55208578500009, 32.1557114040001], [35.5521574440001, 32.155472097000086], [35.552355802000136, 32.15513987200006], [35.55252733600014, 32.15490029200009], [35.55268984900016, 32.154683987000055], [35.55284319100008, 32.154452068000126], [35.55296019600007, 32.154158670000015], [35.55305847, 32.153772744000094], [35.553138947000036, 32.15345633600003], [35.55331037400009, 32.15283307100003], [35.55339128400004, 32.15263234500014], [35.553526939000164, 32.15250079400016], [35.553680852000184, 32.15242330400014], [35.553962089000095, 32.15242254499998], [35.55426174600012, 32.15247570400004], [35.55448001100012, 32.15259854500016], [35.5545990060001, 32.15288355800004], [35.554754994000064, 32.15336136900004], [35.55479581700013, 32.15360333400008], [35.554805630000146, 32.1536614740001], [35.554820040000095, 32.153746851000164], [35.55488050300005, 32.154202608000105], [35.554891796, 32.15428773500014], [35.55489367000018, 32.15430196200015], [35.554990125000074, 32.154582383], [35.555090408000126, 32.1546900460001], [35.55528128800006, 32.15479760300008], [35.55549912300006, 32.15480476300013], [35.55577113500004, 32.154726806000156], [35.55626905500003, 32.15442461900011], [35.55667632300015, 32.15415353700007], [35.55725571800019, 32.153804907000165], [35.5575634220001, 32.153618917000074], [35.55784378100009, 32.15334056800003], [35.55820504400003, 32.15290756400009], [35.55840363500005, 32.15264479700011], [35.55859374900018, 32.15250548300014], [35.559019462000094, 32.152342276000184], [35.55933702100003, 32.15231054700013], [35.55960038000006, 32.15235618000008], [35.5598911940001, 32.15247867400012], [35.56010920900013, 32.152578399000106], [35.560427846000096, 32.15269926700017], [35.56095824100004, 32.15284237399999], [35.56136827300003, 32.15286674700019], [35.56180798800011, 32.15281452400018], [35.562067700000114, 32.15272884], [35.562083825000116, 32.15260106900001], [35.56208474200008, 32.15259380400005], [35.56209680100011, 32.15249922600003], [35.56200621200014, 32.15237195599997], [35.56181571800005, 32.15223650800016], [35.56164533100002, 32.15211805400014], [35.561344535000046, 32.15189780400004], [35.56109382600016, 32.15169460500016], [35.56083318100019, 32.15149129100007], [35.560672443000044, 32.15129630000018], [35.56054145400009, 32.15104162100016], [35.56038036400008, 32.150753067000096], [35.560289361000116, 32.15047291500014], [35.560218335000116, 32.15021807100004], [35.560137240000074, 32.14992929700014], [35.56014780000004, 32.14957038199998], [35.56004564800014, 32.149275042000056], [35.559843052000076, 32.149046909000106], [35.55958414300005, 32.14881879000018], [35.55931425000017, 32.14861930300009], [35.55901080900003, 32.148438931999976], [35.55883093600016, 32.14830598500009], [35.558628467000176, 32.14815408000004], [35.558425818000046, 32.14795440700016], [35.558234502000175, 32.14777372700013], [35.55812162400008, 32.147573808000175], [35.557974777000084, 32.14732635600012], [35.557873420000135, 32.147108230000015], [35.55787240400008, 32.14710189100015], [35.557841179000036, 32.14694670000017], [35.557841033000045, 32.14690809100006], [35.55783402900016, 32.1468644680001], [35.55782712600006, 32.14682147200011], [35.557833636000055, 32.14676026200004], [35.557840242000054, 32.146698143000094], [35.55785959400009, 32.14651632200008], [35.55787649500013, 32.146386643000085], [35.55788203700007, 32.14634430900014], [35.55790321600011, 32.14618253900011], [35.557969990000174, 32.146058358], [35.55807033200011, 32.14587702100005], [35.558461291000015, 32.14546605800007], [35.55865123100011, 32.14528433100003], [35.55885170900018, 32.14499915200014], [35.55889050500019, 32.14488802400018], [35.55889725400016, 32.14486869100011], [35.55891839100019, 32.1448083250001], [35.55892865700014, 32.144589048000114], [35.558871921000105, 32.14438897600013], [35.5587592980001, 32.14425584700018], [35.55846682400005, 32.14403739800014], [35.55829823400012, 32.14395204800019], [35.55812992100016, 32.143895299], [35.55793905000007, 32.14382903300003], [35.55758013100012, 32.14382057100005], [35.55735592700006, 32.14383062500019], [35.55710927200016, 32.1438599010001], [35.55682931900003, 32.14397507800015], [35.55662793800013, 32.144109066000055], [35.556399914999986, 32.14429286200016], [35.55614278500002, 32.14453183500012], [35.55591954500005, 32.14479945600016], [35.55578568800007, 32.14500948900019], [35.55564083999997, 32.14524829400017], [35.555563017000054, 32.14542956900016], [35.55542900300014, 32.14555393000006], [35.55517136500015, 32.14565946400006], [35.55498009700011, 32.14548835800014], [35.55490034900009, 32.14515490800005], [35.554798168000104, 32.14480249800005], [35.55468483600009, 32.14447858200003], [35.554661600000145, 32.144287998000095], [35.55466601300009, 32.144272064], [35.55467381099999, 32.14424345900005], [35.55470587400009, 32.14412583799998], [35.554918556000075, 32.1440012650001], [35.55543334600003, 32.143752015000075], [35.55581400000011, 32.14355075500009], [35.55597042800008, 32.14339787000017], [35.55604614600014, 32.14325979400013], [35.556050368000115, 32.143252096000026], [35.55605941500005, 32.14323558500013], [35.55602515200019, 32.143064057000174], [35.55595745000005, 32.14294024400016], [35.55578865100006, 32.142797682000094], [35.5555640930001, 32.142712481000046], [35.555238656000085, 32.14266573700007], [35.55485749100012, 32.14268579000003], [35.55458862400013, 32.142753308000124], [35.554219194000154, 32.14294495399997], [35.55377189400008, 32.14326080400019], [35.55353261199997, 32.143515214000104], [35.553478263000045, 32.143572999000185], [35.55340337100006, 32.14365267200009], [35.55323963500018, 32.14380120600015], [35.553170186000045, 32.14386421], [35.55303447000017, 32.143987331000176], [35.55267668300013, 32.14428377400009], [35.55235268200005, 32.14458026500006], [35.552140174000044, 32.14475246000018], [35.55183813800011, 32.14494391700009], [35.55164779600017, 32.145020658000135], [35.551445950000186, 32.14503078100017], [35.5512999610001, 32.144964384000104], [35.55111997600005, 32.14484100900012], [35.551007220000145, 32.144669687000146], [35.5508941810001, 32.14442213600017], [35.55071323600015, 32.14399356200005], [35.55052110100013, 32.143584182000154], [35.55032939000017, 32.14328907300012], [35.55016794900007, 32.143028547000085], [35.55004372500008, 32.14280004800008], [35.5498742690001, 32.14247627600014], [35.549727689, 32.142247977000125], [35.54963733100004, 32.14208603400016], [35.54941249700005, 32.141924593000056], [35.549236926, 32.14187292500003], [35.54905155400013, 32.141858341000045], [35.54881360000019, 32.14191153200011], [35.54860244700018, 32.14204708200015], [35.54843515400012, 32.14217504700014], [35.548429933000136, 32.14218379200008], [35.548420999000086, 32.14219875700019], [35.54825985200017, 32.14246803300006], [35.54806710300011, 32.142836026000055], [35.548030990000086, 32.14287881700011], [35.54801734900008, 32.142907034000075], [35.54796453800009, 32.1429579010001], [35.547908970000094, 32.14302399300004], [35.54787692600013, 32.14304676300014], [35.547857163000174, 32.143060853000065], [35.54775056200015, 32.14313685500014], [35.547459965000144, 32.143287692000115], [35.547274839000124, 32.14329564700017], [35.547027717000105, 32.14328883600001], [35.54678934900011, 32.14322944100019], [35.546427489000166, 32.14318530500009], [35.54606543600016, 32.143088755000065], [35.54583587200017, 32.14303694400013], [35.545606339000074, 32.142992600000014], [35.54537685700012, 32.14296319099998], [35.545209147000094, 32.14293362000012], [35.5449796690001, 32.14290420999998], [35.54475885700015, 32.142844764000074], [35.54461742900014, 32.14275509900017], [35.54442281600012, 32.142613153000184], [35.544298833000084, 32.142493425000055], [35.54424521400017, 32.14232109700015], [35.544235702000094, 32.142118642000185], [35.544252469000185, 32.14190103900006], [35.54428725200012, 32.14176596000016], [35.54438381099999, 32.141630719000034], [35.544441788000086, 32.141589], [35.544454769000026, 32.14157964900011], [35.54455113800009, 32.141510227000026], [35.54479781500015, 32.141442084000175], [35.54513287000009, 32.14140372300011], [35.54558277500007, 32.14138746100019], [35.54591821400004, 32.141409122000084], [35.54630618000016, 32.14139316200004], [35.546553213000095, 32.14137743200013], [35.54666716400004, 32.14131445600009], [35.546681303000014, 32.14130664200013], [35.546702954000125, 32.14129460800007], [35.54678178800009, 32.14115941000006], [35.54681095300009, 32.1408925990001], [35.546749045000126, 32.140719307000154], [35.54662612300007, 32.140572245000044], [35.546442022000065, 32.140451270000085], [35.546258017000184, 32.140356362000034], [35.54597209000008, 32.14028765000006], [35.54563519300018, 32.14022780800008], [35.54531879000018, 32.14020271600015], [35.545084157000076, 32.140211928000156], [35.54481895100014, 32.14023869200008], [35.54449285300018, 32.1403262070001], [35.54426860700005, 32.140413592000186], [35.54399370400017, 32.14055310600014], [35.543800093000016, 32.14064041300003], [35.54354530900008, 32.14071040500011], [35.54336165100017, 32.14071088600008], [35.54314694600009, 32.140598723000096], [35.54317808700006, 32.14032556600017], [35.54318057200004, 32.14030396400017], [35.54318659800015, 32.14025156800005], [35.54332831500005, 32.139965017000065], [35.54338979700003, 32.13986728200007], [35.54342233700004, 32.139815553000176], [35.54350433700006, 32.13968499900017], [35.543541386000015, 32.1396261430001], [35.54375461100017, 32.139330670000106], [35.54391567400012, 32.13909571], [35.543919321000146, 32.13909039000009], [35.54394010600015, 32.139060068000106], [35.54402856900009, 32.138930905000166], [35.54410958300008, 32.138757238000096], [35.54418058800019, 32.138609523000184], [35.5441898090001, 32.138366718999976], [35.544128010000065, 32.13817595300003], [35.54400483500012, 32.13800282000017], [35.54386133300011, 32.13779493800001], [35.54376873500013, 32.137604393000174], [35.54374751600005, 32.13737026400008], [35.54379702100016, 32.13709240600019], [35.54395629600009, 32.13680877000013], [35.54397109700017, 32.13678236300018], [35.544019809000076, 32.136695455999984], [35.544172454000034, 32.136547526000186], [35.544304587000056, 32.13645178600012], [35.544549195, 32.13636434500006], [35.54491643100005, 32.13634604900017], [35.54548765600015, 32.136318476999975], [35.545793650000064, 32.13630907600003], [35.546007652000185, 32.136230450000085], [35.54630288300018, 32.13603874300014], [35.54668972500019, 32.13581227200012], [35.547076724000135, 32.13562905800006], [35.54740303300008, 32.13555886700004], [35.54769882200014, 32.135566677000156], [35.547897555000134, 32.13566055900009], [35.54804094100007, 32.13579023300014], [35.5481953530001, 32.13617154100007], [35.54829885800001, 32.13657890500002], [35.548453242, 32.136951473000124], [35.548719553000126, 32.13722835100015], [35.54896463100016, 32.137314496000045], [35.54919928700019, 32.13731387100012], [35.54957665700016, 32.13715630600012], [35.54958885000019, 32.13715121500013], [35.5495966200001, 32.137147952000134], [35.54981001300007, 32.136904603000175], [35.549910741000076, 32.136557282000126], [35.54997095900006, 32.13627094300017], [35.54995909400009, 32.13583726400003], [35.549906681000095, 32.13545569000013], [35.54978280200004, 32.13504823800014], [35.54965942900009, 32.134823118000156], [35.549249710000026, 32.13436443200004], [35.548952961000055, 32.13413963300019], [35.54861547600012, 32.13391508000018], [35.548410923000176, 32.1337680960001], [35.548028756000065, 32.13350519200003], [35.54777310600002, 32.13333241600009], [35.54759911800005, 32.133211417000155], [35.54742526600006, 32.13308167900004], [35.547210482000025, 32.13294345700018], [35.54702642700016, 32.1328312170001], [35.546873227000106, 32.13277962800004], [35.54665885600002, 32.132754128000045], [35.54637339700014, 32.132806877000064], [35.546180033000155, 32.13291151600009], [35.546068171000115, 32.1330245370001], [35.54604404300005, 32.13308246500014], [35.546037148000096, 32.133099018000166], [35.54596705199998, 32.133267726999975], [35.54593733200005, 32.13351932100005], [35.54591873499999, 32.13400521500006], [35.545889140000156, 32.13429147300013], [35.545797970000024, 32.134447837000096], [35.545711629000095, 32.134521616000086], [35.545695985000066, 32.134535011000025], [35.54559442300018, 32.134621969000136], [35.54537044900013, 32.13473528300011], [35.54514634700007, 32.13481393700005], [35.54497289700009, 32.13484045900009], [35.544809912000176, 32.134875551000164], [35.544575324000164, 32.13489349800011], [35.54438141100019, 32.134894008000174], [35.544044656000096, 32.13486882400002], [35.543676892000065, 32.134739730000035], [35.543482477000055, 32.13460144900006], [35.5433187700001, 32.134437017000096], [35.54316494500006, 32.134211968000045], [35.54302106500006, 32.1339433550001], [35.54294878600001, 32.13369202800004], [35.54291696000007, 32.13336253000011], [35.542941065000036, 32.133205217000125], [35.542943368000124, 32.13319009200006], [35.54295675700007, 32.13310217300017], [35.54306849799997, 32.132954354000105], [35.54336356500016, 32.132719395000095], [35.54361321800013, 32.132536322000135], [35.54363508200015, 32.13252028900013], [35.543648459999986, 32.13251053000016], [35.54379060300016, 32.13234529800013], [35.543820705000144, 32.13219769000017], [35.54386085200019, 32.131989466], [35.54388315200009, 32.1317454980001], [35.543779786000016, 32.131505949000086], [35.54356123600007, 32.13133222000016], [35.543355764000125, 32.13120199800005], [35.54306013799999, 32.131006629000126], [35.542931666000015, 32.13087620400012], [35.54286648000016, 32.130571171000156], [35.54296446500018, 32.130329262000146], [35.54296807600019, 32.13032037400012], [35.542971401000045, 32.130317935000164], [35.54323644900012, 32.13012353000016], [35.54347979400006, 32.13005751400004], [35.543864093000025, 32.130001976000074], [35.54431258400007, 32.130022641000096], [35.54469723800008, 32.13006517100007], [35.54520993600005, 32.130074672000035], [35.54549185400015, 32.130052231000036], [35.54559509000012, 32.12999910000019], [35.545602758000086, 32.12999515400003], [35.54568374400003, 32.12995351500007], [35.54574715400008, 32.1297681960001], [35.545746599000154, 32.129615596000065], [35.54556631000008, 32.129398090000166], [35.545168630000035, 32.129279366000105], [35.54493784700003, 32.12924714200011], [35.544745523000074, 32.129225947000066], [35.544553081000174, 32.12917192300006], [35.54434764900003, 32.129052551000086], [35.54423168500006, 32.12890039500013], [35.54423115000009, 32.12875272600007], [35.54423112400008, 32.128745716000026], [35.54423101300017, 32.128715106000186], [35.54437125600015, 32.128529444000094], [35.5445504330001, 32.12844175400011], [35.544858010999974, 32.12841924500009], [35.54526803900018, 32.12842901700003], [35.545781048000094, 32.12852573700002], [35.546037730000194, 32.1286231310001], [35.546256358000164, 32.12881869600005], [35.54638515700003, 32.12899279700014], [35.54650171500009, 32.12935208200008], [35.54657978800009, 32.129646087000026], [35.54670986100007, 32.130168789000095], [35.546801281, 32.13062621000017], [35.54691780300004, 32.13097464300017], [35.547098258000176, 32.131235688000174], [35.54738089700004, 32.13140938300006], [35.54766273200016, 32.13140863600012], [35.5480085370001, 32.13133134800012], [35.54825176000003, 32.13123263000011], [35.54845355800006, 32.13110511800005], [35.54846405200004, 32.13109848700009], [35.548545831000126, 32.13104669900008], [35.548660400000074, 32.13086110299997], [35.54872312400016, 32.13049035400013], [35.54878584700009, 32.13011974400001], [35.54880942900007, 32.129913114000146], [35.54881021400007, 32.12990612500005], [35.54881071099999, 32.12990169700004], [35.549104738000096, 32.12970477300007], [35.54955363400012, 32.12979079800016], [35.54969527100019, 32.12998656000019], [35.54978590300004, 32.13022600000011], [35.549799944000085, 32.130531165000036], [35.54969860300014, 32.13089102900017], [35.54962265000012, 32.131130912], [35.54958511600006, 32.131370836000144], [35.549585678000085, 32.13152343500008], [35.54966339600014, 32.13176291000008], [35.54983066300019, 32.131947755], [35.550139014000024, 32.13213208200011], [35.550497970000094, 32.13216381300015], [35.550741437000056, 32.13213047100004], [35.5511637140001, 32.13195504100008], [35.5514063280001, 32.1317364090001], [35.551435140000024, 32.13170250900015], [35.55144869900016, 32.13168655599998], [35.551610605000064, 32.13149617900012], [35.55164833500015, 32.13131078599997], [35.55164740600014, 32.1310601190001], [35.55154373800008, 32.130744344], [35.551414400000056, 32.13042877900011], [35.551272392000044, 32.13017848700002], [35.55095044800004, 32.12976522600019], [35.55077015100011, 32.12950418600008], [35.55050002700017, 32.12922154600017], [35.55020411400011, 32.12894996500012], [35.54985744000004, 32.12874375700011], [35.54948489800012, 32.12852691100011], [35.549202505000096, 32.12841860300006], [35.54885631900004, 32.1283432940001], [35.548535953, 32.12835499600004], [35.54802366000018, 32.128454426000076], [35.54774186800012, 32.12850970500011], [35.54743441699998, 32.12852136700019], [35.547267432000126, 32.128456430000085], [35.54721579100004, 32.12832580500003], [35.54731713000018, 32.12800948600005], [35.547521048000135, 32.127714732000186], [35.54771226800017, 32.127479899000036], [35.54772857900019, 32.12745986400006], [35.54781446900017, 32.12735436100013], [35.548019068000144, 32.12720121700005], [35.54837752600014, 32.12710219600012], [35.54880026500001, 32.12705753100005], [35.54923620000011, 32.127089062000096], [35.54989096300005, 32.12710070500009], [35.55027528300002, 32.12705613800006], [35.55055573600009, 32.12695435800015], [35.55056433800007, 32.12695123600008], [35.550608159000035, 32.12693533700008], [35.55073583600006, 32.12680423300009], [35.55077368700006, 32.12665167200015], [35.55076004900019, 32.126455567000164], [35.55061837400012, 32.12624881300013], [35.550399785000025, 32.126064106], [35.550232568000126, 32.12589025300014], [35.550078141000085, 32.12572721300012], [35.54991084500011, 32.12553151800017], [35.54975629799998, 32.12533578800014], [35.54964029399997, 32.12512896499999], [35.549524282000164, 32.124965825000174], [35.54945936300004, 32.12473716599999], [35.54935578800007, 32.12444322800019], [35.54924002600012, 32.12430192700015], [35.549111305, 32.124149668000086], [35.548944330000154, 32.12408473000005], [35.54876504900017, 32.12409605800008], [35.548508974000185, 32.124162118000015], [35.54838462100008, 32.124334173000136], [35.54837734600011, 32.12434423800016], [35.54834324300003, 32.12439139200018], [35.54803683900013, 32.12473009800016], [35.54784552000018, 32.12498127600014], [35.547669125000084, 32.12510334900003], [35.547625291000145, 32.12513374600013], [35.547577132000185, 32.125167141000134], [35.54737245700005, 32.12529844300019], [35.54716763100015, 32.125342666], [35.546949805000054, 32.12536494300019], [35.54666799100016, 32.12536568800016], [35.546385850000036, 32.12532289300009], [35.546193214000084, 32.12521448000007], [35.54606450100016, 32.125062218000096], [35.54596109400006, 32.12481181900006], [35.54590877200013, 32.12453958500009], [35.545895190000124, 32.12431078900016], [35.54597389000003, 32.12418813300013], [35.545985237000025, 32.12417045199999], [35.54603530200012, 32.124092436000126], [35.546214192000036, 32.12392851500016], [35.546533749000105, 32.12369884000009], [35.54699413000009, 32.12344695000019], [35.547325086000114, 32.12327244400012], [35.54732663200008, 32.12327162900016], [35.54737103399998, 32.1232336060001], [35.54746726500008, 32.123151485000164], [35.54747664200005, 32.12313511500008], [35.54748660900003, 32.123117814000125], [35.54772541300008, 32.122703282000145], [35.54767893700017, 32.12226405900009], [35.547565323000185, 32.121939711000095], [35.547384909000186, 32.12173009900016], [35.54721753000007, 32.12159935699998], [35.54696142800003, 32.121428976], [35.54675206500019, 32.12127157300006], [35.54656583700006, 32.12114708100006], [35.546464690000164, 32.121015741], [35.54636361000013, 32.12085805300012], [35.54637043400015, 32.120594821], [35.54639224600004, 32.120219670000154], [35.54642200900008, 32.11989057500017], [35.54639792000012, 32.119686747], [35.546335444000135, 32.119489502000135], [35.54617998900011, 32.11931223000005], [35.545938019000175, 32.119156321], [35.545697749, 32.11901224400009], [35.54527901900019, 32.118782963], [35.544876020000174, 32.11859985800004], [35.54456581500017, 32.118436094000174], [35.544340994000095, 32.118305078], [35.54415453800016, 32.118114781000145], [35.54405360800013, 32.11799654200007], [35.543974791000096, 32.117628278000154], [35.54384975500005, 32.117253514000026], [35.54367075200008, 32.1169710420001], [35.54343706000009, 32.11653738100006], [35.54333741000005, 32.11623617900017], [35.54333277300009, 32.11622216300009], [35.54333143500014, 32.11621808000018], [35.54332206300012, 32.116190064000136], [35.54329394000018, 32.11610489000003], [35.54328643000008, 32.116086366000104], [35.54317667100014, 32.11581563500016], [35.54301332700015, 32.115559468000015], [35.54287335600003, 32.115355804000046], [35.54274882599998, 32.11516534100019], [35.54265507000008, 32.11492209800008], [35.54265402700008, 32.11463253800008], [35.542645651999976, 32.114468122000176], [35.54265355700005, 32.11445598400002], [35.54275350100011, 32.11430326200019], [35.54277619200013, 32.11428163800019], [35.5430927270001, 32.11397998000007], [35.54327587300003, 32.11376053400005], [35.54362369699999, 32.11348091000019], [35.54386644800013, 32.113354445000084], [35.54404559000017, 32.113219128000026], [35.544066896000174, 32.11315890500009], [35.5440704020001, 32.113149007000175], [35.544118846, 32.11301222700001], [35.54390616100011, 32.11266206700003], [35.543778792000126, 32.112509658000135], [35.543672222, 32.11229406800004], [35.54354462700002, 32.11207867300004], [35.54346938900005, 32.11173717200012], [35.54335173900006, 32.111341954000125], [35.54328745800018, 32.1110993420001], [35.54322323800017, 32.11087476400019], [35.54311657400007, 32.11063225900011], [35.54298904700005, 32.110434902000065], [35.54280883600018, 32.11031842000017], [35.542480786000056, 32.110202465999976], [35.54218442200005, 32.11010432100011], [35.541856436000046, 32.110051207000026], [35.541644929000086, 32.110024846000044], [35.54134898600017, 32.11004350999997], [35.540905432000045, 32.11012554200005], [35.54033514900004, 32.11032485599998], [35.539912844000185, 32.11046981600009], [35.53968049700006, 32.11054228000006], [35.53937438000003, 32.110633110000094], [35.539205313000025, 32.11066947800009], [35.5389727430001, 32.11067909500008], [35.53876133200015, 32.110679641000104], [35.53853922900015, 32.11065316000014], [35.53796112200018, 32.11051613800004], [35.537484882, 32.11034644199998], [35.537146078000035, 32.1102305010001], [35.53682853600009, 32.110087450000094], [35.536447264000174, 32.10989961100006], [35.536129306000134, 32.109684697000034], [35.535716226000034, 32.109442973000114], [35.53538784100016, 32.10922808300012], [35.53520763900019, 32.10911159000017], [35.53494307200003, 32.10901334800019], [35.534540777000075, 32.10887050700018], [35.53408602900009, 32.10878176600005], [35.53350433300011, 32.10870236400007], [35.53314461100018, 32.10861337700004], [35.53263669800015, 32.108470797000166], [35.53236134600013, 32.1083637000001], [35.53217068800018, 32.108238212000174], [35.53215733300004, 32.10820626000003], [35.53215702000011, 32.10820552700005], [35.53215583200017, 32.108202741000184], [35.5320960630001, 32.10805860300013], [35.53211653100004, 32.10785184000002], [35.532179401000064, 32.107698798000115], [35.5323374940001, 32.10755453200011], [35.53248508900015, 32.10743734800019], [35.532937172000175, 32.10709760600014], [35.53340102900006, 32.10676374900015], [35.53372795800004, 32.10652013500004], [35.533959731000095, 32.10628578300003], [35.53411730400012, 32.10604274000008], [35.534243236000066, 32.10574567000003], [35.53430547200003, 32.10541283100008], [35.53432574500005, 32.10515210200009], [35.53435663900012, 32.10494531400002], [35.53437864400007, 32.104658793000056], [35.53443849100012, 32.104400640999984], [35.53453637700005, 32.10422623000005], [35.53477774400005, 32.10385150900004], [35.5349510210001, 32.103509228000064], [35.53506395300019, 32.10328320500008], [35.53516160900011, 32.10304440200014], [35.53517608800013, 32.102831455], [35.53516029200006, 32.10267029900018], [35.53514154400011, 32.10261130600003], [35.535134576000075, 32.10258927200016], [35.53509902400015, 32.10247684700016], [35.53498457300003, 32.102270853000164], [35.534817280000084, 32.102148689000046], [35.53462746800005, 32.10207181600015], [35.534369288000164, 32.10199497500008], [35.53391407300006, 32.10190581000006], [35.53311706400012, 32.101733814000056], [35.53269975900014, 32.10164454800014], [35.53221776800012, 32.10151824600018], [35.53203547700008, 32.10146079400005], [35.531860650000056, 32.10131286200004], [35.53184306900016, 32.101150214000086], [35.531842347000065, 32.10114353800009], [35.53183704200006, 32.101093528000035], [35.531980188000034, 32.10079655700008], [35.5322293210001, 32.10051214100014], [35.53235034400012, 32.10042151500011], [35.532592546000046, 32.10028549000015], [35.53294876000007, 32.10023287500013], [35.533502376, 32.10025091700004], [35.53426830600017, 32.10024897100004], [35.53451509000013, 32.100241157000085], [35.53518224600009, 32.10020719000005], [35.53594044500005, 32.100172986000075], [35.53655462800015, 32.10013914600012], [35.53707015400016, 32.10010555700006], [35.53727462100011, 32.10002119300003], [35.53745615500003, 32.099911101000146], [35.53755426500015, 32.09975599200004], [35.537523279000084, 32.099607697000124], [35.537490895000076, 32.099577483000076], [35.53748427200014, 32.09957129000003], [35.53737878700002, 32.09947265500011], [35.53721135700005, 32.09931188900015], [35.537150428000075, 32.09916914400014], [35.53714959600018, 32.099167195000064], [35.53714258700006, 32.09915072700011], [35.53716448900008, 32.09893141900011], [35.53734584200009, 32.098724526000126], [35.53764790700012, 32.098388390000025], [35.53804309500009, 32.09807963300017], [35.53827005100004, 32.09794349600014], [35.538497337000024, 32.09785273200009], [35.53872445400009, 32.09776182400003], [35.53916782599998, 32.09764513500005], [35.53948346200019, 32.097497073000056], [35.53968613700016, 32.09733013800002], [35.53982085600006, 32.09713773200008], [35.539872739000145, 32.09692623800004], [35.53988731600003, 32.096789521000176], [35.539890418000084, 32.09676086400003], [35.539894685000036, 32.0967214420001], [35.5398187290001, 32.09654226600003], [35.53962995400008, 32.09638282599997], [35.539494004000176, 32.096229445000176], [35.53940319200012, 32.09610807900009], [35.53922194200004, 32.09592283300003], [35.539099160000035, 32.095701641], [35.539002801000095, 32.09550941200018], [35.538984339000024, 32.09520594700007], [35.53903586500019, 32.09484703300018], [35.539046525000174, 32.094772779000095], [35.53905233700016, 32.09473190000017], [35.5391548230001, 32.09422817600006], [35.53935378800014, 32.09385749800015], [35.53962232300006, 32.093501438000146], [35.54020389500005, 32.093063120000124], [35.5404119100001, 32.092818249], [35.540602464000074, 32.09255129900015], [35.54074927200014, 32.09222514100014], [35.540745988000026, 32.09213947899997], [35.540745434000144, 32.092124823], [35.54074311100004, 32.09206335800019], [35.54074031699997, 32.09198942600011], [35.540736266000124, 32.09197447800011], [35.540696203000095, 32.09182665400016], [35.54057379799997, 32.09166408200019], [35.540320854000186, 32.09151664400008], [35.53991138200007, 32.09138440700002], [35.539571613000135, 32.09130398300016], [35.539231819000065, 32.09121594700014], [35.53890082200013, 32.09113535700004], [35.53849985400018, 32.090973502000054], [35.53814244900019, 32.09081900300015], [35.53783739600004, 32.09067902000004], [35.53761040000012, 32.09047233100006], [35.53750527700004, 32.09028012100015], [35.53746114100011, 32.09011001700014], [35.53746994000005, 32.08999253400009], [35.537473469000076, 32.08994540700019], [35.53747773400016, 32.08988776600012], [35.53763336600008, 32.08962090900013], [35.537919702000124, 32.08933878199997], [35.53831931200017, 32.08916753900013], [35.538519453000106, 32.08912996400011], [35.538797987000066, 32.08912177900004], [35.539085681000074, 32.089269130000105], [35.53919951900008, 32.08949090500005], [35.539308457000175, 32.08979658300012], [35.539321735000044, 32.0898338400001], [35.53933143100011, 32.08986086800019], [35.539373159000036, 32.089958551], [35.53938658400017, 32.08998997600003], [35.539410378000184, 32.09004567400001], [35.539576424000074, 32.09019333900011], [35.539811766000184, 32.09032603000014], [35.540351561000136, 32.09038381100004], [35.54099575200007, 32.09038214100008], [35.54193556200005, 32.090335312000036], [35.54261421100017, 32.09029648500007], [35.54300558200009, 32.09022881300018], [35.54333604800007, 32.090116916000056], [35.543587873000035, 32.08995336800001], [35.54369161700009, 32.08976061800007], [35.54373439900013, 32.08955323100008], [35.54376811600014, 32.08926442400008], [35.543757898000024, 32.088864559000115], [35.54375072900001, 32.08866744500011], [35.54375813200005, 32.08833418199998], [35.543809846000045, 32.088171159000126], [35.543965995000065, 32.08805238700006], [35.54426171400013, 32.08799229000016], [35.54457524500003, 32.08805079000018], [35.54497604800008, 32.08816810000013], [35.54522856400018, 32.08819716600004], [35.54551562000012, 32.08816668200018], [35.54570692800013, 32.088114464000114], [35.54582828800005, 32.08798817300004], [35.54581906200019, 32.087817982000104], [35.545705717000146, 32.08769019599998], [35.54569493200006, 32.08767804500013], [35.545583066, 32.087552006000124], [35.54521613800006, 32.08719027800004], [35.545015444000114, 32.087027916000125], [35.544901725000045, 32.08688744800003], [35.54476960500011, 32.08670768300016], [35.54475402200018, 32.086686481000186], [35.54466952600012, 32.08657144000017], [35.5445511800001, 32.08643295700017], [35.544414293000045, 32.08615586900015], [35.54438463100007, 32.08610028900017], [35.544375432000095, 32.086083052000106], [35.54433214000011, 32.08600193400014], [35.54421387800005, 32.08584034000006], [35.54401393900014, 32.085702072000174], [35.54370534200012, 32.085540976000175], [35.543512052000096, 32.085456093000175], [35.54349216100013, 32.08544740900015], [35.54347807300002, 32.085442092000164], [35.54347554800012, 32.08544089800006], [35.54323336500005, 32.0853263410001], [35.543060707000166, 32.085180390000176], [35.54303270700012, 32.08498770300014], [35.54304117100014, 32.08481042000011], [35.54316719700006, 32.08455575200003], [35.54341075900015, 32.08426216900017], [35.543618711000136, 32.08414594000004], [35.543899238000165, 32.084052771000074], [35.544198167000104, 32.08401338100015], [35.54446107400008, 32.08403579900005], [35.54496896, 32.08415790000015], [35.545134633000146, 32.084227881000174], [35.54514168100019, 32.084230858000126], [35.5452230680001, 32.08426516700001], [35.54536855500015, 32.08440343800004], [35.545559227000126, 32.08454172800009], [35.54571580700008, 32.084585798000035], [35.545723412000086, 32.08458793800003], [35.54572473000019, 32.08458624200006], [35.54585815400003, 32.084502475000136], [35.54595697600007, 32.08427859500006], [35.54592913400006, 32.084085907000144], [35.545828657000186, 32.083854943], [35.54566474400002, 32.08365500400009], [35.545634169000095, 32.08362183100007], [35.54561152800005, 32.08359732900004], [35.54558670300008, 32.083570463000115], [35.54555325000007, 32.083534259000146], [35.545437439000125, 32.08340887500009], [35.545402605000106, 32.08338811100015], [35.54539580600016, 32.083384042000034], [35.54537448000019, 32.08337126500015], [35.54521948900003, 32.08327840300012], [35.54498328100004, 32.083132620000015], [35.5447382480001, 32.083017579], [35.54415666600016, 32.08283479800008], [35.543676070000174, 32.0827050150001], [35.543449218000035, 32.08262853200006], [35.543222312000125, 32.08253654800012], [35.5430496890001, 32.082398347000094], [35.542949640000074, 32.08228292400008], [35.54288556100005, 32.082136687000116], [35.54289444900007, 32.082050508], [35.542896594000126, 32.08202971100019], [35.542903153000054, 32.081966989000136], [35.54298385800007, 32.08172005200004], [35.543254584000124, 32.08143414500012], [35.54355314100019, 32.081294572], [35.543869932000064, 32.08120905800001], [35.544196161000116, 32.08121581300014], [35.54445029200008, 32.081330830000184], [35.544559690000085, 32.081423273999974], [35.544572973000015, 32.08143449800002], [35.544695655000055, 32.081538306000084], [35.54491384800008, 32.081738104000124], [35.54501653800003, 32.08182485500009], [35.545017605000055, 32.08182575700016], [35.54506840300019, 32.081868741000164], [35.54524072100003, 32.081922255000165], [35.545449503999976, 32.08199117400011], [35.54567593700017, 32.081998329000044], [35.54589338000011, 32.08199000600018], [35.546209806000036, 32.08180416100015], [35.5463631880001, 32.08161099600005], [35.546425843000065, 32.08141046000003], [35.54641620500013, 32.08121772300012], [35.546343240000056, 32.08108687300012], [35.546316013000194, 32.08106397600011], [35.54630797400017, 32.081057181000176], [35.546170421000056, 32.080940925000164], [35.54602552600005, 32.08087282600013], [35.54600646800009, 32.08086540800019], [35.54599586299997, 32.080862620000175], [35.545798563000176, 32.08081086300007], [35.545599025, 32.08078052900004], [35.54544494200013, 32.08073471500012], [35.54537496200004, 32.08069530400019], [35.545371368000076, 32.08069328300007], [35.54530862300015, 32.080657998000106], [35.54513614200016, 32.08055812600003], [35.544998600000156, 32.08046365600018], [35.54499129600009, 32.08045789900012], [35.54497369900014, 32.08044329000012], [35.54487260300016, 32.08035844800003], [35.54485535600003, 32.08034891300019], [35.54484496100014, 32.080343168000184], [35.54463662400008, 32.08022802300013], [35.54448235000007, 32.08017446200006], [35.54431917699998, 32.080130786000154], [35.544304761000035, 32.08012690400005], [35.544282896000084, 32.08012101600008], [35.54425090500001, 32.080119367], [35.544238700000164, 32.08011873800007], [35.54399288700017, 32.080106419], [35.54349465700017, 32.080177048999985], [35.542960432000086, 32.080270881000104], [35.54263454100004, 32.08035655600003], [35.54239010100008, 32.08040341200018], [35.5421820410001, 32.08048878000011], [35.541929054000036, 32.08068995100018], [35.54167675400009, 32.08108373800013], [35.54144268500005, 32.08153144400006], [35.54128965300015, 32.081778431000146], [35.54106402200006, 32.082041104000155], [35.540874467000094, 32.0822574660001], [35.54060340400014, 32.08245093000011], [35.540359094000166, 32.082582608000166], [35.53992472900018, 32.08269927700013], [35.53960759900008, 32.0827387060001], [35.539335679000146, 32.0826931900001], [35.53917210700007, 32.08258567700017], [35.53905394100008, 32.082447188000174], [35.53898970400019, 32.08225459200003], [35.53898391600006, 32.08220467700011], [35.53897877700007, 32.082160355000156], [35.538952305, 32.08193102700017], [35.53895796700016, 32.081753890000186], [35.538959964000014, 32.081692966000105], [35.53896050300017, 32.08167652599997], [35.53897185500006, 32.08161487900014], [35.538985346000175, 32.08154161300013], [35.538996062000024, 32.08148381400002], [35.539058348000026, 32.081267642000114], [35.539194117000136, 32.08109778100015], [35.53938378400011, 32.08095863700004], [35.539637137, 32.080857657000024], [35.54001750900005, 32.08077959700012], [35.54040676400018, 32.08068615400009], [35.54066924600005, 32.08059289800002], [35.540931010000065, 32.08034562900008], [35.541102519000106, 32.08012931400003], [35.541201599000146, 32.07997490500014], [35.541273423000064, 32.07978970800019], [35.541245618000175, 32.07960476900007], [35.54114535400004, 32.07947398500011], [35.541044946000056, 32.079394914000034], [35.54103388700014, 32.079386204], [35.54088196400011, 32.07926654800008], [35.540664061000086, 32.07914367800004], [35.540044650000084, 32.078878265000185], [35.539636262000045, 32.07870980800004], [35.53933674400014, 32.07857954000008], [35.539037393000115, 32.07849548400003], [35.538865305000115, 32.078503678000175], [35.538711313000135, 32.078527184000166], [35.538467012000126, 32.07861264000013], [35.538110887000016, 32.07875967900014], [35.53780347200012, 32.07892237100009], [35.53755884000009, 32.078961468000045], [35.53738675400007, 32.07896966100009], [35.53713282900014, 32.07890859300005], [35.536997297000084, 32.07878407100003], [35.53699518500008, 32.078782131000025], [35.53692378900007, 32.07871651000005], [35.53682251400011, 32.07853203900015], [35.536777561, 32.07836222200001], [35.536758675000044, 32.07816950900019], [35.53682119200016, 32.07787654300006], [35.53705665900003, 32.07763385900006], [35.53741160700008, 32.07738931800003], [35.537905349000084, 32.07712962700009], [35.5382519420001, 32.07700318800005], [35.538772005000055, 32.07683938000014], [35.539040543000056, 32.07668368900016], [35.539308783000024, 32.076491083], [35.539438184000176, 32.076254446000064], [35.53948935900007, 32.076032807000104], [35.53948004299997, 32.07583358900018], [35.539383635000036, 32.075575412000035], [35.53925276900003, 32.075354245000085], [35.53904394700015, 32.07522190900016], [35.53878315700007, 32.07508970600014], [35.538401138000154, 32.07502418000007], [35.538290900000106, 32.07505262500018], [35.538276474000156, 32.07505634700016], [35.537967619000085, 32.075136051000186], [35.537491265000085, 32.07539569800008], [35.53714525200019, 32.07568446000016], [35.53679109300009, 32.07615050400017], [35.53644550900009, 32.076609196000106], [35.536238285000024, 32.076882804000036], [35.53605662400014, 32.07703840900018], [35.53580522000016, 32.077127541000095], [35.535658001000115, 32.07719442700011], [35.53541478700009, 32.077165455000056], [35.535360032000085, 32.0771243100001], [35.535358281000185, 32.0771229930001], [35.5352583130001, 32.077047775000096], [35.53517062500015, 32.07681916500019], [35.53514370700003, 32.07655348000014], [35.53519447700012, 32.07621362500015], [35.53534069400007, 32.07581462400009], [35.53550437900003, 32.075489414000174], [35.53575478600004, 32.07511959800013], [35.535910253000054, 32.07490502300004], [35.53597883800012, 32.07469080700008], [35.53599543500013, 32.07446926000017], [35.53599290700015, 32.074175474000185], [35.53594012900004, 32.0739910210001], [35.5358092780001, 32.07376984700011], [35.53553939000017, 32.07354170200017], [35.5352957020001, 32.073328145000175], [35.53506965100013, 32.073188519000155], [35.53488674100009, 32.07303398600004], [35.534756023000114, 32.072849728999984], [35.53470311700016, 32.07262835800009], [35.534745566000026, 32.07236982500007], [35.534883240000056, 32.072037214000034], [35.53503885800012, 32.071867025000074], [35.53529830800011, 32.07162273400019], [35.53548000900014, 32.071481926000104], [35.53557355500004, 32.0713075270001], [35.53551222900012, 32.07113789100015], [35.53535557900017, 32.07096849500016], [35.53519887200008, 32.07082869200019], [35.53518098000018, 32.07068106600008], [35.535258461000126, 32.070503607000035], [35.535465623, 32.07021520400008], [35.535603864000166, 32.070045058], [35.53572467700013, 32.06986016100012], [35.53564566000006, 32.06960193700007], [35.5354626350001, 32.069366102000174], [35.53518381900017, 32.06904202100009], [35.53501840600006, 32.06887265000017], [35.534800945000086, 32.06872553200009], [35.534627048000175, 32.068637345000184], [35.53447756600008, 32.06865128900006], [35.53447485800018, 32.068651542], [35.53421944400003, 32.06867529900012], [35.534081098000115, 32.06881599400015], [35.53390836400007, 32.069060063000165], [35.53376229400004, 32.06945173500003], [35.5336159790001, 32.06982114300007], [35.533547985000155, 32.07020529000016], [35.533462168000085, 32.07050817500004], [35.53338474300017, 32.07065604300004], [35.53319434300005, 32.07081899100001], [35.532830316, 32.07092319800006], [35.53257006500007, 32.07093865200005], [35.53230956900018, 32.070931984000026], [35.53190662700007, 32.0709339870001], [35.53149010800013, 32.07093503800013], [35.53117801300016, 32.07103178200015], [35.53087486600003, 32.07118021700006], [35.530502344000126, 32.07136574300017], [35.53033785500014, 32.07146211300011], [35.53014683900011, 32.07144779700019], [35.53012155200008, 32.07141009800017], [35.53011906100011, 32.07140637200007], [35.529920111000024, 32.07110878000009], [35.52983196700018, 32.07069557900013], [35.52977884500007, 32.07040769600019], [35.529855498000074, 32.06998675400018], [35.53001063700003, 32.06967622600007], [35.53007923300004, 32.0694620160001], [35.530087464000076, 32.06930685500015], [35.53013913000012, 32.06912509700004], [35.530224893000025, 32.06885166100017], [35.53031011100012, 32.06875520700015], [35.53032023200018, 32.06874376400003], [35.53037044000007, 32.06868699800009], [35.53051194100016, 32.06859617900017], [35.530660413000135, 32.06851140100008], [35.53090126400008, 32.06848656000005], [35.53125594900007, 32.06860022600006], [35.53144066700008, 32.06870840100004], [35.53169604800013, 32.06881625500006], [35.53188746400019, 32.06885198500015], [35.53200235600008, 32.068835794000165], [35.53202491000019, 32.068832616000066], [35.53219212700009, 32.068808943000136], [35.53240415700003, 32.06863354300003], [35.532587618000036, 32.0684280590001], [35.53267922200013, 32.068265078000024], [35.532741982000175, 32.06799353000008], [35.53274830000015, 32.067764399000055], [35.532697710000036, 32.06749327900019], [35.53263339200009, 32.06731857600005], [35.53249812800004, 32.06715617000009], [35.53224260900015, 32.067054236], [35.53202300200019, 32.06704873000007], [35.53166899400003, 32.06712811000011], [35.53135759600019, 32.067231333], [35.53133332400017, 32.067238897000095], [35.531267344000184, 32.067259460000116], [35.531123865000154, 32.06730434800011], [35.53095404700014, 32.06734084800013], [35.53081691400007, 32.067354158000114], [35.5307626550001, 32.06735950800004], [35.530761933, 32.06735943300015], [35.53047925700008, 32.06733006500019], [35.53010275200012, 32.06707779900012], [35.52999587200014, 32.06689108100011], [35.529966598000044, 32.0666559820001], [35.53004386600003, 32.066462886000124], [35.530170925000164, 32.06631179500016], [35.53034762500005, 32.06616072000014], [35.530516159000115, 32.06608829200019], [35.53052473400004, 32.066084654000065], [35.53053152400008, 32.066081774], [35.53092104700005, 32.06603260400004], [35.53133199700011, 32.066007474000116], [35.53161539000001, 32.0659885820001], [35.53189973900004, 32.06595975600004], [35.53194324300006, 32.06595534600007], [35.53196325700014, 32.06595332500012], [35.53228892600015, 32.065862039000024], [35.532571980000114, 32.06574676600019], [35.53280533000009, 32.065613579000114], [35.53291107400014, 32.06542632900005], [35.53297415000003, 32.065245244000096], [35.532980760000044, 32.06510065700013], [35.53287339500014, 32.0648234790001], [35.53273131100008, 32.06469730500015], [35.532433396000044, 32.064631689], [35.53225630200012, 32.06462001900013], [35.53193742100012, 32.06461490700008], [35.53168950500003, 32.06465160500011], [35.531405813, 32.06471610000017], [35.53134228800019, 32.06473054200012], [35.53131417900005, 32.06473695500006], [35.53103807600007, 32.06480401600015], [35.53083295700003, 32.06487090000019], [35.53074414700018, 32.064885213000025], [35.53071464300001, 32.06488996100006], [35.53041504100008, 32.064938176000055], [35.53015992700011, 32.064950935000184], [35.52996104800013, 32.064812782], [35.52994646200017, 32.06466204600014], [35.529981057999976, 32.06442678600007], [35.53012885700008, 32.06414910600017], [35.53024136800002, 32.063907591000145], [35.5303539840001, 32.06369637000017], [35.53058806100006, 32.06348738000014], [35.53099870300008, 32.06337643799998], [35.53100854400009, 32.06337378600011], [35.531083674000115, 32.06335354000004], [35.53165055000011, 32.06339424200007], [35.53221062299997, 32.06347723199997], [35.53255099400019, 32.0635247030001], [35.532742444, 32.06357240900013], [35.53298376500004, 32.063686357000165], [35.533140163000155, 32.063836732000084], [35.533374772000116, 32.06406525500006], [35.533588095000084, 32.064263674000074], [35.53373022200003, 32.06440196700004], [35.53392887400014, 32.064473749000115], [35.534085223000034, 32.06446976300015], [35.53410690600015, 32.06446921000003], [35.534191123000085, 32.06446716400018], [35.53442472200015, 32.064406261000045], [35.534622675000094, 32.064279082999974], [35.53480591200008, 32.06401328600009], [35.534748707, 32.06383856600007], [35.53466310600015, 32.06368209500016], [35.534485001000064, 32.063429337], [35.534314176000066, 32.06317655800018], [35.53415760900015, 32.062977855000156], [35.5339798440001, 32.062821617], [35.533773871, 32.062689547000105], [35.53345461600014, 32.06257579700008], [35.5332488950001, 32.062516010000024], [35.532837685000175, 32.06241447000019], [35.53253980100004, 32.062354914000025], [35.53212855000004, 32.06228972900004], [35.531419942000014, 32.06226742000007], [35.53103031100005, 32.062280379000185], [35.53044921399999, 32.06228789800019], [35.53020823300005, 32.06227046800018], [35.53002384000018, 32.06220456200003], [35.52964057600008, 32.06204869300018], [35.529519866000044, 32.061928519], [35.52952415000004, 32.06177971000005], [35.52958721099998, 32.0615927070001], [35.529770683000095, 32.06134495600014], [35.52990447800005, 32.06113368100017], [35.529988817000174, 32.06092844800014], [35.53012248000016, 32.06063262900011], [35.53022084100019, 32.06041538400012], [35.530369090000136, 32.060221969000054], [35.53049591100006, 32.06005284300005], [35.53069200600004, 32.05982013400012], [35.53069886900016, 32.05981199000013], [35.53071342700008, 32.05979471500001], [35.531002044000104, 32.059665763], [35.53122181400016, 32.05962773000016], [35.53144837100018, 32.059734108999976], [35.531619251999984, 32.06010257500009], [35.53176572800004, 32.06044757000012], [35.53185816400003, 32.06057401400011], [35.53200743900004, 32.06067607600005], [35.53202258500005, 32.06067432300017], [35.53203357000018, 32.06067305100004], [35.53221981000013, 32.06065144400014], [35.53230443700011, 32.06053061400007], [35.532346163, 32.0603013920001], [35.53230284100016, 32.06007238600017], [35.53224560200016, 32.05988568600003], [35.532138740000164, 32.05951311400008], [35.53204987700019, 32.059272809], [35.53189851000019, 32.05909142100012], [35.53170936300006, 32.0588940610001], [35.53143248900011, 32.05878245600002], [35.53121227700018, 32.05869212600004], [35.53100471500005, 32.058623179999984], [35.530684110000095, 32.058592], [35.53013144000016, 32.058630729000186], [35.52992423000006, 32.058663377000016], [35.52971698300007, 32.05868531300007], [35.529522217000135, 32.05868044700003], [35.52925803300013, 32.058600932000104], [35.529100736000146, 32.05852100800007], [35.52898079300007, 32.058382373000086], [35.52898031400014, 32.058243297000104], [35.52905515500004, 32.05806669300006], [35.529361452000046, 32.05764362700006], [35.52947403300004, 32.05747228200016], [35.52962901300009, 32.05716865900018], [35.52972852100015, 32.05690110900008], [35.52979662900009, 32.05659615500008], [35.529833354, 32.05630734200008], [35.529794189000086, 32.05589049400004], [35.529730283000106, 32.05559122500006], [35.52965411600013, 32.05533482200008], [35.52960953100006, 32.055169227000135], [35.52952005700013, 32.05474785200016], [35.529525585000044, 32.05452858700005], [35.529612869000175, 32.05431461], [35.52986339400019, 32.054084022000154], [35.530126421000034, 32.05388031200016], [35.530283061000034, 32.05372478100014], [35.530395343000066, 32.05351609600001], [35.53043255000006, 32.053366216000086], [35.53043798500005, 32.05312031900007], [35.53041862400016, 32.05297593700004], [35.53025456600005, 32.05275723500006], [35.5300969650001, 32.052634620000106], [35.529744336000135, 32.052379475000066], [35.52957419800009, 32.05221954700016], [35.52947933900015, 32.05205943100003], [35.52940970100008, 32.051920529000085], [35.52940275100019, 32.05172820700017], [35.52939596699997, 32.051583793000134], [35.52948944100007, 32.051343029000066], [35.529677127000184, 32.05112330500003], [35.529908432000184, 32.05079131100007], [35.53007095000015, 32.0505662970001], [35.53008918300014, 32.05038447800007], [35.52987501900003, 32.050219309], [35.52968650500003, 32.05019836100007], [35.52939135400004, 32.050247291], [35.52904640200012, 32.05039244400007], [35.52898953000005, 32.05042166200013], [35.52896068900003, 32.050436480000144], [35.528701563000084, 32.05056972400013], [35.52851518800003, 32.05064261600012], [35.52848756300017, 32.050653456000134], [35.528412914000114, 32.0506827480001], [35.52826234200006, 32.05072595900003], [35.528086455000164, 32.050721044000056], [35.52790113000003, 32.050569043000166], [35.52766114800005, 32.0504962280001], [35.52729614300017, 32.050391031000174], [35.52710427900007, 32.05035881700019], [35.52685476100004, 32.050351265000074], [35.52669500300016, 32.050417723000066], [35.52656068700003, 32.05047359800017], [35.52654879000005, 32.05047855900017], [35.526538713000036, 32.05048266900013], [35.526479848, 32.05054087100018], [35.52641123300015, 32.050602476], [35.52635337800007, 32.050665748000085], [35.52634777200012, 32.050671256000044], [35.52624969300007, 32.0507773220001], [35.52609903100006, 32.05094100900004], [35.52608115700019, 32.05093837499999], [35.52607277800007, 32.05093713700006], [35.525772606000146, 32.05089277900015], [35.525484201000154, 32.05068945700003], [35.52531066800009, 32.050453018999974], [35.52520411600017, 32.05015949000011], [35.525155081000094, 32.04984933300011], [35.52513469600012, 32.04949838000016], [35.525228733000176, 32.048934796000026], [35.5252655860001, 32.04848563100012], [35.52526469600019, 32.04822439000009], [35.52514882700012, 32.048012469000014], [35.52498550700011, 32.04790676900018], [35.524658760000136, 32.04776060700016], [35.524332565000066, 32.047728720000066], [35.524051824000026, 32.04775337000018], [35.52404031700007, 32.04775438000007], [35.524025432000144, 32.04775568600019], [35.524007304000065, 32.047757272000126], [35.523853093000184, 32.04777076300013], [35.52343133300013, 32.04790242300015], [35.52327974400009, 32.04801360500011], [35.523267291000025, 32.0480227380001], [35.5231634860001, 32.04809894300007], [35.52297240300015, 32.04834445000006], [35.522935013999984, 32.04863833400003], [35.52311395000004, 32.04910641600003], [35.52311794900015, 32.049116972000036], [35.523118962000126, 32.049119648000044], [35.52331379200007, 32.04937640300011], [35.52334297800019, 32.049414865000074], [35.52344651200002, 32.0495514320001], [35.52344778600013, 32.04958581200009], [35.52344811400019, 32.049595311000076], [35.52345371500019, 32.04975776500004], [35.523454573000095, 32.04978264400006], [35.5234571310001, 32.04985351500011], [35.52338993000018, 32.04999190900003], [35.52334382400005, 32.05008701100007], [35.523314353000046, 32.050147799000115], [35.52291282300001, 32.05058954500009], [35.52266407500008, 32.05076163900014], [35.522367291000194, 32.05096654200014], [35.52193616800014, 32.05112259400005], [35.5215817780001, 32.051270428], [35.521284471000115, 32.05132018900014], [35.52105433500009, 32.051320750000116], [35.52081435500014, 32.05129681699998], [35.520574158000045, 32.051158606], [35.5205078840001, 32.05108098700009], [35.520496758000036, 32.05106796000018], [35.5204489190001, 32.05101194500003], [35.520424432000084, 32.05088391000004], [35.52041877700009, 32.05085434100016], [35.52040985300005, 32.05080800500008], [35.52048080500009, 32.050603656000135], [35.5205014280001, 32.050544149000075], [35.52057141800003, 32.05034219300006], [35.52078101800015, 32.04994164400006], [35.52132602600011, 32.04940965600008], [35.52168415200009, 32.049047070000086], [35.52182760500011, 32.04884012700012], [35.52184138600012, 32.048820247000094], [35.521894074000045, 32.048744451], [35.521950877, 32.04851575900011], [35.52195013500011, 32.04829538100017], [35.52182481400018, 32.048124201000064], [35.521586532000185, 32.04796302000011], [35.52105521500016, 32.04788907200003], [35.52064219, 32.04786485600016], [35.520243848000064, 32.04782820100007], [35.520022570000094, 32.047803657000145], [35.519697557000086, 32.04762873300007], [35.51957892600012, 32.04747839200019], [35.519445196000106, 32.04716491200014], [35.51932585500009, 32.046750931000076], [35.51935213700011, 32.046249094000075], [35.519353541000044, 32.04622372600011], [35.519377188000135, 32.04613544900013], [35.519484753000086, 32.04573389400008], [35.51982284700017, 32.04541927200012], [35.52000031300008, 32.04530825200004], [35.52006751200008, 32.045266214000094], [35.52009540200004, 32.04524543400015], [35.5201099410001, 32.045239619000085], [35.52013398200006, 32.04522457000019], [35.52020552700003, 32.04517978500013], [35.5206768430001, 32.04497784300014], [35.520900888000085, 32.04476209100005], [35.52091199500006, 32.04475139500005], [35.521014130000026, 32.04442480400013], [35.52098286700004, 32.043885059000104], [35.52098173000002, 32.04354617800004], [35.52103377000009, 32.043229006000104], [35.52103690700005, 32.04320999300006], [35.521039444, 32.043194613000026], [35.52121548400004, 32.042905462000135], [35.5212473790001, 32.042879553000034], [35.52135258700008, 32.04279409200018], [35.52150964700013, 32.04266632700018], [35.521881178, 32.0424119270001], [35.52191850100019, 32.04238635900009], [35.522171833000186, 32.042212816000074], [35.52234829900004, 32.04209937600007], [35.522412041000166, 32.04203517200011], [35.52244309800017, 32.04200389000016], [35.52259824100014, 32.04184766700013], [35.52256029400007, 32.04168176999997], [35.52227535400016, 32.04151408200016], [35.52204646500013, 32.04143573200008], [35.521823716000085, 32.041362723000134], [35.521613320000085, 32.04127376000014], [35.521371856000144, 32.04109553600017], [35.52124149800005, 32.04094860400005], [35.52114838400013, 32.04080679600008], [35.52107292300019, 32.04045456800003], [35.52107203900016, 32.04019163700008], [35.52099090700017, 32.03992354500008], [35.520872783000186, 32.03972402500011], [35.52071781700016, 32.0395877200001], [35.52045748900008, 32.03935684200019], [35.520318387000145, 32.03911608600015], [35.520287132000135, 32.03897159100018], [35.52027735700011, 32.03892652400009], [35.520268314000134, 32.03888483500009], [35.52027314600019, 32.03886115400019], [35.52028117200018, 32.03882181700004], [35.52034724000009, 32.038495454000156], [35.520364939000046, 32.038248258000124], [35.52026517700017, 32.03794864700012], [35.52009693000019, 32.03754930000002], [35.519879087, 32.037060736000115], [35.51974210400016, 32.03680940600009], [35.51953736500019, 32.036578530000156], [35.519134726000175, 32.03627965200013], [35.51894255600007, 32.036096091000104], [35.51891697900015, 32.03601541300003], [35.51890731700007, 32.03598492800006], [35.51889257, 32.03593839500002], [35.51890020900004, 32.03591048800013], [35.51890515200017, 32.03589242900017], [35.51894765000014, 32.03573831200009], [35.51907117100012, 32.035625147000076], [35.519096202000185, 32.03560222600004], [35.51921250300012, 32.03549573200007], [35.519608139000184, 32.03520265999998], [35.51966595300013, 32.03515983400018], [35.51994597300006, 32.03495230200008], [35.52032163700005, 32.034556844000065], [35.52056808300017, 32.03435122300016], [35.5208462170001, 32.034371542000144], [35.52086277500007, 32.034381642000085], [35.52087704900015, 32.0343903480001], [35.52115585100012, 32.034560170000134], [35.521213910000085, 32.03460864100015], [35.521221455000045, 32.03461493200007], [35.521589636000044, 32.03492195000007], [35.52176637500003, 32.035030520000134], [35.521785896000154, 32.03504251099997], [35.521973538000054, 32.03515773800018], [35.52221006800005, 32.03523594800009], [35.52221846600003, 32.035238725000056], [35.52225804500006, 32.035251734000155], [35.52228500700011, 32.03525166800017], [35.52229195600006, 32.03525165100007], [35.52230296400012, 32.035251637000044], [35.52250981500009, 32.03525138100002], [35.52252502900012, 32.03525136200011], [35.52259781300006, 32.03525090200009], [35.52291242299998, 32.03505018300007], [35.52302919000016, 32.03489743300008], [35.52312984800011, 32.03467821400011], [35.52312310600013, 32.03449420400017], [35.52304834200015, 32.034299794000106], [35.522936789000084, 32.03418325500013], [35.522915110000156, 32.034160567000185], [35.52283751900018, 32.03407936700006], [35.522577377000175, 32.033901190000165], [35.522317415000146, 32.03377557100015], [35.52213792800012, 32.03372345100007], [35.52198322400011, 32.03361335900007], [35.52199336600006, 32.033560195000064], [35.521993954000095, 32.03355711000012], [35.52201346100003, 32.03345546600002], [35.522222515000124, 32.03325035600011], [35.522245134000116, 32.03322817100013], [35.522309072999974, 32.03316545900009], [35.52254328800012, 32.03296507600015], [35.522685004000095, 32.032854259000146], [35.52267979200019, 32.032486641000105], [35.522585327000115, 32.03209049600008], [35.522435500000086, 32.03185597000004], [35.522018407000076, 32.03168296600012], [35.521821808000084, 32.03165667600007], [35.5214526260001, 32.03171112100006], [35.52113067400012, 32.03179222400007], [35.520903187000044, 32.03192650000017], [35.520652054000095, 32.032014193000066], [35.52046363100004, 32.03210821400012], [35.52028309100007, 32.03213542600008], [35.52010216300016, 32.03209570700005], [35.519881261000194, 32.03187558100012], [35.51984122800019, 32.03162810100008], [35.51988270000004, 32.031579483000144], [35.51988868400019, 32.0315724670001], [35.520052625000176, 32.03138001100018], [35.52051508100004, 32.031024363000085], [35.52098549600015, 32.030675314000064], [35.521298921000096, 32.03042035200008], [35.52158874300005, 32.03013205000002], [35.52181604500004, 32.02994422600011], [35.52203565500008, 32.029829978000066], [35.52235766700011, 32.029768881999985], [35.52270373700014, 32.02982834300002], [35.52286921300015, 32.029995056000075], [35.523034900000084, 32.03017529400006], [35.52323977599997, 32.03030188900016], [35.52349931000015, 32.030401579000056], [35.52379792500005, 32.030367451000075], [35.52393132700013, 32.03029357000008], [35.52402511200012, 32.03014608900003], [35.52407165400007, 32.03001817], [35.52406911900016, 32.0300081580001], [35.5240159920001, 32.029798348000156], [35.52383425100004, 32.02951782400004], [35.523637164000036, 32.02929750500016], [35.523377285000095, 32.02904605800006], [35.52321151500007, 32.02879226700014], [35.52306136100009, 32.02855844300012], [35.522950351000134, 32.028257735000125], [35.522870767000086, 32.02795695000003], [35.52277562800015, 32.02770298400014], [35.52260182500004, 32.027469218000135], [35.52234190800016, 32.02730259800006], [35.52209020400011, 32.02721627200003], [35.52183039900018, 32.02708304300012], [35.52153917400017, 32.02695003200017], [35.52138140900013, 32.02676314900009], [35.52126918500011, 32.02659080900003], [35.521251849000066, 32.02647560600019], [35.52125057500018, 32.02646713700011], [35.52124449600012, 32.02642658600007], [35.521237039000084, 32.02637684900009], [35.52124424200008, 32.02635097799998], [35.52125109400009, 32.026326369000174], [35.52128361700005, 32.02620947600019], [35.521471432000055, 32.025988355000095], [35.52191052900008, 32.02567953800008], [35.52244412400006, 32.02543742000012], [35.522655993000114, 32.02533643400011], [35.522649624, 32.02521315400003], [35.522645528000055, 32.02513300400011], [35.52263917600004, 32.02500872100006], [35.52250492200011, 32.02482840500005], [35.52221325200014, 32.02456153500003], [35.521834805000026, 32.02421469600017], [35.52162968599998, 32.023960997000074], [35.52127181700013, 32.023533932000134], [35.5208707860001, 32.02310795400007], [35.52066584, 32.022855099000026], [35.520494940000106, 32.02259483500018], [35.52046009400004, 32.022363406000125], [35.52049346100006, 32.02215337100006], [35.520569378, 32.02204926400009], [35.52060936800012, 32.02199442500006], [35.520621556000094, 32.02198002200004], [35.52062535300013, 32.021977618000165], [35.52089188800005, 32.02180492100018], [35.52126556900015, 32.02167366800006], [35.521724628000015, 32.021650849000025], [35.522073789000046, 32.0218020370001], [35.522320950000164, 32.021967988000085], [35.52280660400004, 32.02227792400015], [35.5232666440001, 32.02254466400018], [35.523479495, 32.02263826800015], [35.52382822100009, 32.0226591120001], [35.524286892000134, 32.022520458000145], [35.52466876200009, 32.022316890000184], [35.52494004800019, 32.02208456600016], [35.52513445500017, 32.021714907000046], [35.52517617300009, 32.021483149], [35.525147079000135, 32.021341608000114], [35.52514657200004, 32.02133921300003], [35.52513295400013, 32.0212734430001], [35.525131020000174, 32.02126855400013], [35.52505571000012, 32.02107819300011], [35.52482558200012, 32.02091220800014], [35.52420503900004, 32.020964462], [35.52367825300013, 32.02105974400007], [35.523372281000036, 32.02111122100018], [35.52300691300019, 32.021155517000125], [35.52255592600005, 32.02106982400005], [35.522378495000055, 32.020941841000024], [35.52237272000019, 32.02093767500003], [35.52232580000003, 32.02090383200016], [35.522188591000145, 32.02077664500018], [35.522171099000104, 32.02076048100008], [35.52214661600016, 32.020737858000075], [35.52214230300007, 32.020722190000015], [35.52213925100017, 32.02071110300011], [35.52212150400004, 32.02064731500013], [35.52211597500019, 32.02062733600019], [35.522086511000055, 32.02052086200007], [35.52207713000007, 32.02028923300003], [35.52224749200013, 32.019959504000155], [35.522263306000184, 32.01992889700006], [35.52226677200014, 32.01992733700007], [35.52227684600007, 32.019923086000176], [35.5225349800001, 32.01981240500015], [35.52320655500017, 32.01978905800013], [35.52447364000011, 32.019843858], [35.52604671100016, 32.019854489000124], [35.52682064200013, 32.0198738470001], [35.52685011000011, 32.019881806000114], [35.52686798800016, 32.01988626700006], [35.52726394400008, 32.01998575500011], [35.527552184000115, 32.0201194660001], [35.52789288400004, 32.02011791200016], [35.528123852000135, 32.01999728300018], [35.52861303900005, 32.01950387100004], [35.52880820400014, 32.01916900600014], [35.52887299600013, 32.0189646660001], [35.52888305099998, 32.01871382500002], [35.52887091900004, 32.0183610200001], [35.528782867000075, 32.018101263000176], [35.528628899000125, 32.01776741000015], [35.52843147100015, 32.01744282600015], [35.52813596200008, 32.01716498700017], [35.52795008900006, 32.01702623200015], [35.527545596000095, 32.01674852200006], [35.52672630400019, 32.0163699630001], [35.52582867200016, 32.01595636300016], [35.525063963000036, 32.01562401600012], [35.52455004900014, 32.01526314800009], [35.524309805000144, 32.01513368100012], [35.52381860800011, 32.0150327290001], [35.52343664900019, 32.015005767], [35.523240091000105, 32.01493199100014], [35.523076026000126, 32.014783876000024], [35.52301815800013, 32.014698440000075], [35.52300970800013, 32.01468596500018], [35.52300269400007, 32.01467560800012], [35.52294654900015, 32.01459269800006], [35.52295434900009, 32.0143555300001], [35.523075655000184, 32.01418473200005], [35.523080534000144, 32.0141812760001], [35.523091825999984, 32.01417327800016], [35.523115940000025, 32.01411530600012], [35.52321127200014, 32.01408801700012], [35.52322135600008, 32.01408082200015], [35.523284196000134, 32.014035984000145], [35.52369289400019, 32.01390154000006], [35.524101980000125, 32.01383374300019], [35.52490296200011, 32.01384670800013], [35.524999342000115, 32.01385223800003], [35.52502305300004, 32.01385359799997], [35.52558512400009, 32.01388588599997], [35.52562399500016, 32.01388818700008], [35.52564318300017, 32.01388926600009], [35.52598265500018, 32.013872785000046], [35.525984802000096, 32.01387193500017], [35.52599001000016, 32.01386984900017], [35.526147975000185, 32.01380657200019], [35.526304082000024, 32.01365780900005], [35.526399127, 32.01345001400017], [35.52656285000012, 32.01291598600005], [35.52671690500017, 32.01216695500017], [35.526863394000145, 32.01172174200019], [35.527002046000064, 32.01149904300013], [35.527059080000186, 32.011460022000165], [35.527075632000106, 32.01144869800015], [35.52721917100018, 32.01135026700007], [35.52747149600003, 32.01129031900007], [35.52795208200018, 32.01138789900017], [35.528343777000146, 32.01136466100019], [35.52838492100017, 32.011324101000014], [35.52838877300013, 32.01132030400015], [35.5285173310001, 32.01119372700009], [35.52857739900014, 32.01096375600014], [35.528559146000134, 32.01070438700009], [35.528375415000085, 32.010415701], [35.52810472300007, 32.01023108100003], [35.52793029400016, 32.01009807300005], [35.527781854000125, 32.00997247100014], [35.527746273000105, 32.009772327000064], [35.52778048199997, 32.009572152000146], [35.52789250900014, 32.009458226000106], [35.52789715900013, 32.009453498000084], [35.52791924300004, 32.00943103800017], [35.52833545400006, 32.008940765000034], [35.52857831900019, 32.008680605000166], [35.528638448000095, 32.00842104300017], [35.528647453000076, 32.00825037900012], [35.52864799700012, 32.00824018800006], [35.52865444600019, 32.00811945600003], [35.52860142600008, 32.007897094999976], [35.528435138000134, 32.00763076699997], [35.528234269000166, 32.007453301000055], [35.52812228600004, 32.00734042300013], [35.52812159300004, 32.007339725000065], [35.52805073700006, 32.007268463], [35.52783268200005, 32.007143032000045], [35.527623516000176, 32.007054499000105], [35.527414343000146, 32.00701063200012], [35.52708378700015, 32.007063308], [35.52700594200002, 32.00709941300005], [35.5269799350001, 32.00711147499999], [35.526666563000106, 32.00725710700016], [35.526345260000085, 32.00750252100005], [35.52613676800007, 32.00765860100017], [35.52577214899998, 32.00795611800015], [35.52558075200005, 32.00798618000016], [35.52538034000003, 32.0079421480001], [35.52524944600003, 32.00786835400004], [35.52510073800016, 32.00766116200009], [35.52509963000006, 32.007335099000045], [35.525272501000074, 32.00696394300007], [35.525358318000144, 32.00688369500017], [35.52537569300006, 32.00686744700005], [35.52541152300017, 32.00680296300004], [35.52552372000014, 32.006728708000026], [35.525548540000045, 32.0067054540001], [35.525550260000045, 32.00670384200009], [35.52555397500009, 32.00670185500002], [35.52560770300005, 32.00667312400009], [35.525828397000055, 32.00655491800006], [35.52624549300009, 32.006324064000125], [35.526488483000094, 32.00610110700006], [35.52654533700019, 32.00599458100015], [35.526562724000144, 32.00596209300011], [35.52658362200009, 32.005923044000156], [35.52660630300011, 32.005785039000045], [35.52658810000008, 32.00553961900016], [35.526391695000086, 32.00528604200002], [35.52638047900007, 32.0052715600001], [35.52636187600001, 32.00524751200004], [35.526191347000065, 32.00513929400017], [35.52615013700017, 32.005113117000064], [35.52612439400008, 32.00509676500013], [35.525976539000055, 32.00504245700006], [35.52597168100016, 32.00504067300011], [35.525851532000104, 32.00499654700019], [35.525626238000086, 32.00497695500013], [35.52528278500017, 32.005028249000134], [35.52493988100008, 32.00524102300017], [35.52462099700017, 32.00556462999998], [35.52443231300015, 32.00567231200006], [35.52442162200009, 32.00567841399999], [35.52440808800003, 32.005686197000045], [35.52428728000018, 32.005708194000135], [35.52419253400012, 32.005725454000185], [35.52418299900012, 32.00572719100006], [35.52408892000011, 32.00573150900004], [35.524087619000056, 32.005731567000055], [35.523946067000054, 32.00573791900007], [35.52373226700013, 32.005597113000135], [35.523636728000156, 32.00536527000003], [35.523647686000174, 32.00513316600018], [35.52382442500016, 32.00483006000013], [35.52414303400013, 32.00442557200006], [35.524168113000144, 32.00440906100005], [35.52418643100009, 32.00439700100014], [35.52421014100008, 32.004367069000125], [35.52454079900008, 32.00415179200019], [35.524584890000085, 32.00413449400014], [35.52460340900012, 32.00412228300013], [35.524604196999974, 32.00412176300006], [35.524911750000115, 32.00396966900013], [35.52506538800003, 32.003828099000145], [35.525206500000024, 32.0035047880001], [35.52553711100012, 32.00313070400006], [35.52597461900007, 32.00287725300012], [35.52635337300012, 32.00275527499997], [35.52645647900016, 32.002735366000024], [35.5264797910001, 32.0027308650001], [35.527040325000144, 32.002622385], [35.527348559000075, 32.002672063000034], [35.5275510030001, 32.00297423500018], [35.52776549300006, 32.00331681199998], [35.527962863000084, 32.00333400599999], [35.52796994200003, 32.00333462300017], [35.527990783000064, 32.00333640400004], [35.52825121100011, 32.003234863000046], [35.528392727000096, 32.00303272900004], [35.52843898100019, 32.00272994000011], [35.52834326100009, 32.00244765700012], [35.52820008300017, 32.00216549200013], [35.52790272300007, 32.00186341800003], [35.52755810600007, 32.00157174800006], [35.527272864999986, 32.00133023500001], [35.526987625, 32.00108886000004], [35.526844762, 32.000897436], [35.52684393400011, 32.000655217000144], [35.526890007000134, 32.000153324999985], [35.52706593600004, 31.99961813700014], [35.52728969800006, 31.99919386900018], [35.52765660000006, 31.999092064000024], [35.527892356, 31.99918259000009], [35.52789833800017, 31.999184887000183], [35.527917709000064, 31.999192307000044], [35.52810564099997, 31.999218611000117], [35.52830063900012, 31.999231935000125], [35.52840361400001, 31.999335787000064], [35.528426911999986, 31.999359284000093], [35.5284308950001, 31.999363360000075], [35.528433881000126, 31.99936687400003], [35.52843604200007, 31.999369828000113], [35.528454480000164, 31.999395828000104], [35.52867614400003, 31.999708398000053], [35.52885572300005, 31.999950172000183], [35.529010757000094, 32.00012282200004], [35.52914913899997, 32.00021237700008], [35.52933646200012, 32.00030180700003], [35.52957209500016, 32.00030121800006], [35.52991293200006, 32.00016889700004], [35.53045622500014, 31.999814698000137], [35.53087765200013, 31.999509135000153], [35.53140453999998, 31.9990995980001], [35.531688491000125, 31.99896741400005], [35.53192402200017, 31.998939201999974], [35.53221669700014, 31.998986796000054], [35.53239594900003, 31.999131761000058], [35.5324074670001, 31.999163641000166], [35.53242015900008, 31.999198773000046], [35.532478096000034, 31.99935982700009], [35.532442382000056, 31.99959875900015], [35.53243269800015, 31.99966379400007], [35.53240520200018, 31.99984844300019], [35.53239859600018, 31.999892805000115], [35.53237587899997, 32.00001756700016], [35.53235072700005, 32.000155864000135], [35.53234354100016, 32.000418816000035], [35.532385396000166, 32.00075788000004], [35.53244338500008, 32.00107604700014], [35.53250142500008, 32.00140802300007], [35.53257540200008, 32.00166386800004], [35.53271895200004, 32.0018116010001], [35.532787475000134, 32.00184321400013], [35.532790337000165, 32.00184453400004], [35.53289799400011, 32.001894286000095], [35.533133627000154, 32.0018936890001], [35.53336062700009, 32.00174079200019], [35.53353860599998, 32.001518974000135], [35.533708022000155, 32.001165565000065], [35.533901741000136, 32.000763765000045], [35.53408740600014, 32.00042426800013], [35.534346422000056, 32.00011220100015], [35.53458908900012, 31.999807079000107], [35.53474250900007, 31.999516136000125], [35.53475969500005, 31.999323892], [35.53471014200011, 31.99910250700009], [35.534677034000026, 31.998950409000145], [35.53461151700003, 31.998798252000086], [35.534619015000146, 31.998625338000124], [35.53469978600015, 31.99845900200006], [35.534894493000024, 31.998389321000047], [35.53514636600016, 31.99835415600006], [35.53552840300006, 31.99842236900014], [35.53560226400003, 31.99852685500008], [35.53561132800007, 31.998539678000157], [35.53561385300003, 31.99855249300009], [35.535667733000025, 31.99873342300009], [35.53566050400008, 31.998982428000033], [35.53560576500007, 31.999262836000128], [35.53560511600011, 31.99926636100014], [35.53560496600011, 31.99927101100019], [35.53562162500015, 31.99949459100003], [35.53567940500011, 31.999750476000145], [35.53575332000008, 31.999985605000177], [35.53589240500014, 32.000227473999985], [35.53604076400006, 32.00047185400018], [35.53615089800013, 32.00061487800008], [35.5361560290001, 32.00062151100019], [35.536163191000185, 32.000630769000054], [35.536294984000165, 32.00072310999997], [35.53635415100018, 32.00076456600004], [35.53639045400007, 32.00078997800017], [35.536547703, 32.000882295999986], [35.536575965000054, 32.000899107000066], [35.536692529000106, 32.000968442000044], [35.53672688800003, 32.00098037000015], [35.53673524300007, 32.00098327000018], [35.536969181000075, 32.001064680000184], [35.5370872850001, 32.001086180000186], [35.53709741400013, 32.00108802400018], [35.53715631800003, 32.001098724000144], [35.537318791000075, 32.00107759399998], [35.537448444, 32.00098721900008], [35.537496491000184, 32.00077953900012], [35.537495855000145, 32.0005997400001], [35.53747848300014, 32.00031599300013], [35.53741235100017, 31.999990945000093], [35.53724045800004, 31.999638549000053], [35.537052439000036, 31.99930676700012], [35.536750535000124, 31.998940893000054], [35.536546539000085, 31.998719906000133], [35.53635614400008, 31.998558771000035], [35.536318331000075, 31.99852674000016], [35.53631629900008, 31.998525259000132], [35.5360250710001, 31.99831302500013], [35.53585408900017, 31.998216656000068], [35.53581125200009, 31.998132837000185], [35.53579015200012, 31.998091552], [35.53578997800014, 31.998088734000135], [35.53578003500007, 31.99789416400006], [35.53584438600018, 31.997714059000145], [35.53607974100004, 31.997637368000085], [35.53636404700012, 31.997608882000065], [35.53667919900005, 31.997661868000193], [35.536681873000134, 31.99766231800004], [35.53668567600016, 31.997664461000113], [35.53693005400015, 31.997802178000086], [35.53694497400011, 31.99781058600007], [35.53706392900011, 31.99787693100012], [35.537306773000125, 31.998093872000027], [35.537336838000044, 31.998120761000052], [35.53735736200014, 31.998139117000164], [35.5374667160001, 31.998231744000066], [35.53750214900015, 31.99826175800007], [35.53778939799997, 31.998504794000098], [35.53805870000008, 31.99881551300018], [35.538387094000086, 31.999189484999988], [35.53858264400009, 31.99935807500009], [35.53859004200018, 31.999364459000105], [35.53869741900007, 31.999457120000045], [35.53888174700006, 31.99953851400005], [35.53916988999998, 31.999564968000072], [35.539345470000114, 31.99951082700011], [35.53937258800005, 31.999502467000127], [35.53940781500006, 31.99949160600005], [35.539431194000144, 31.999484398000163], [35.53948173700013, 31.999468767000053], [35.539585235000175, 31.99932533600014], [35.539588770000194, 31.999296018000052], [35.539590850000025, 31.999278282000148], [35.53960850900012, 31.99912772200014], [35.53958373300003, 31.99890289500013], [35.53944680200016, 31.99866468800019], [35.539310398000055, 31.998528782000164], [35.53908548200013, 31.99833166500008], [35.538804457000026, 31.998073398000145], [35.53858759600013, 31.997862735000183], [35.538466926000126, 31.99768592100014], [35.53842606500018, 31.997447467000143], [35.53846540500007, 31.997256575000108], [35.538577029000066, 31.997120028000097], [35.53885647599998, 31.996935281], [35.53892544200005, 31.996919469000147], [35.53894536300015, 31.996914902000185], [35.53909636900005, 31.996880133000047], [35.53932832300006, 31.996825002000037], [35.539584570000045, 31.996858442000132], [35.53993732400011, 31.997061990000134], [35.54018667800011, 31.997388394000097], [35.540508689000035, 31.997919072000172], [35.54075809800014, 31.99830691200009], [35.5409827580001, 31.99847668900003], [35.541119134000155, 31.998558205000165], [35.54137540800008, 31.99859840300013], [35.541607344000056, 31.99853650600005], [35.54162598800019, 31.998478965], [35.541629600000135, 31.998467791000166], [35.54170219800011, 31.998243166000123], [35.54153344600019, 31.99803238300018], [35.54133276400006, 31.997862544999975], [35.54110788700001, 31.997631331000036], [35.540963285000146, 31.997468113000025], [35.540874569000096, 31.99730488700004], [35.54088296300006, 31.997215668000024], [35.540885402000185, 31.9971897370001], [35.54089767000016, 31.997059506000085], [35.54090885800019, 31.99699789700003], [35.54091751700008, 31.996949992000054], [35.54096058500011, 31.99671171900019], [35.54107128700019, 31.99631885800011], [35.54108667000014, 31.99613479100003], [35.54096609200013, 31.99598517700008], [35.540781503, 31.995828965000157], [35.5406450590001, 31.99572701600016], [35.5404206020001, 31.995611771000085], [35.54005987099998, 31.99544234500013], [35.53977933800013, 31.99532033700018], [35.53940281600006, 31.99521915100013], [35.53902629300012, 31.99511782000019], [35.538738067000054, 31.99506417100008], [35.53834567500013, 31.99501065000004], [35.53802747300006, 31.994942845000025], [35.53783619100005, 31.99490204900019], [35.53776896500017, 31.994875732000025], [35.53776585600019, 31.994874510000102], [35.537574082000106, 31.99479915500018], [35.537570933000154, 31.994797189000053], [35.537565462000146, 31.994792835000055], [35.537524532000134, 31.99476785799999], [35.53750908800009, 31.99474873400004], [35.53749220800012, 31.99473551500006], [35.537427845000025, 31.994685111000024], [35.53742159300003, 31.994651836000173], [35.53742009200016, 31.994643845000155], [35.53739886400018, 31.994531735000123], [35.537341216000016, 31.994313895000175], [35.53733042900012, 31.993974756000114], [35.537310470000136, 31.99366001400017], [35.5372903440001, 31.99334513500014], [35.537232811000024, 31.993159562000187], [35.53721341300002, 31.993144253000025], [35.53720563100012, 31.99313814200019], [35.537099670000146, 31.993054926000013], [35.53692878300012, 31.992982796000092], [35.536644283000044, 31.992951255000094], [35.536388167000155, 31.992951911000148], [35.53612273800013, 31.992936385000064], [35.535876071000075, 31.992896714000096], [35.535761920000084, 31.992783856000187], [35.53576390500018, 31.99274257200011], [35.53576438600015, 31.99273255800017], [35.53577069200014, 31.992598254000086], [35.5360258180001, 31.99236341200003], [35.536356745000035, 31.992104139000162], [35.53645111000009, 31.991950589000055], [35.536479009, 31.99179706800004], [35.536411918000056, 31.99161969400012], [35.536183503000075, 31.991361848999986], [35.53601978000012, 31.99121064800005], [35.535877052000046, 31.991057563000084], [35.53575342100004, 31.99092866500007], [35.535736025000176, 31.990683242999978], [35.53573521200019, 31.99067169800003], [35.535733416000085, 31.99064619100011], [35.535771562000036, 31.990611073000082], [35.535789285000135, 31.99059475700011], [35.53597913800013, 31.990419547000045], [35.5362913030001, 31.990233032000162], [35.53689695100013, 31.989908518000107], [35.53714303800018, 31.989786707000064], [35.537246937000134, 31.98966539700018], [35.53721583500004, 31.989612918000148], [35.53721096300018, 31.989604682], [35.53711337700008, 31.989439722000043], [35.53688562000019, 31.989367596000136], [35.53664230600015, 31.989291283000114], [35.53663591000014, 31.98928928100014], [35.536553422000054, 31.989263468000047], [35.53650344800019, 31.989251056000057], [35.53649827300018, 31.98924976800015], [35.536135912000134, 31.98915955900003], [35.53581283100016, 31.988966631000096], [35.53559413300019, 31.988789644000065], [35.535422969000024, 31.98863663000003], [35.5352988890001, 31.98837851800016], [35.5352928850001, 31.988337235000017], [35.53529075600005, 31.988322597000092], [35.53526974400006, 31.988176810000027], [35.5352785180001, 31.987991070000078], [35.53534382500004, 31.987708379000082], [35.53538343200006, 31.987404618000085], [35.53534360400016, 31.987221397999974], [35.53516398800019, 31.987061217000132], [35.53515784800004, 31.987054752000063], [35.53512945800003, 31.98703001100006], [35.53487548700002, 31.986808680000138], [35.53486265500004, 31.98679749700017], [35.534656393000034, 31.98658130200016], [35.53455781700006, 31.986381602000165], [35.5345372110001, 31.986114914000098], [35.534585185000026, 31.98583973600006], [35.53474983500013, 31.9853141480001], [35.53494391700019, 31.984838649000096], [35.5352254280001, 31.984212718000094], [35.53540998700004, 31.983803891000093], [35.53567241000019, 31.983535776000053], [35.53567916500009, 31.98352871200018], [35.53571513500003, 31.983491269000183], [35.535800072000086, 31.98340285500018], [35.53617277500007, 31.983137135], [35.53635303900006, 31.98296668500012], [35.53640857000016, 31.982914178000158], [35.53645569500003, 31.98286966900008], [35.5366797910001, 31.982610669000167], [35.536874214000136, 31.98223521100016], [35.53702787500015, 31.981834214000116], [35.53703278500018, 31.98182011], [35.537095873000055, 31.98163664600014], [35.53719413600015, 31.981350891000034], [35.53724602000017, 31.981261882000183], [35.537266443000135, 31.981226845000037], [35.53733036400001, 31.981117054000094], [35.53743761300012, 31.980963752000036], [35.53744409800004, 31.98095444400019], [35.53744715300019, 31.980950058000133], [35.537471477000054, 31.980939614000192], [35.537522095000156, 31.980917880000163], [35.537586144000045, 31.98089037900013], [35.53758784900009, 31.980889654000123], [35.537603477000175, 31.980883009000024], [35.537809085000106, 31.980915876000154], [35.53812280900013, 31.98104005700003], [35.53833916500008, 31.981165897000153], [35.53834386200003, 31.98116863100006], [35.538354748000074, 31.98117496900005], [35.538365672000054, 31.981181328000105], [35.538436576000095, 31.981222574000128], [35.53857901300006, 31.981342967000046], [35.53858756100004, 31.98135019100016], [35.53877351700015, 31.98150733100016], [35.53896202400006, 31.981844604000116], [35.53915089700013, 31.982285024000134], [35.539306307000174, 31.982659866000063], [35.539450345000034, 31.98290341000012], [35.53955080300017, 31.982969562000108], [35.539560542000174, 31.982975974999988], [35.53956759300013, 31.98298060700006], [35.53964919900011, 31.983034224000107], [35.53967836700008, 31.983034149000048], [35.539681106000046, 31.983034142000122], [35.539869410000165, 31.983033657000135], [35.54008958600008, 31.98297672400014], [35.54038606900019, 31.982760224000174], [35.540660596000066, 31.982506299000022], [35.54083549100005, 31.982130604000133], [35.54096600800011, 31.981642436000072], [35.54109659200009, 31.981219933000034], [35.541294174000086, 31.981041170000083], [35.541612802000145, 31.980824612000106], [35.54181024800016, 31.980561443000056], [35.54175409100003, 31.980298934000132], [35.54161587900012, 31.980205306000187], [35.54161514700007, 31.980204810000146], [35.541588537, 31.98018677600004], [35.54125786300017, 31.980131411000173], [35.54075102899998, 31.980048319000048], [35.540608102000135, 31.979977251000037], [35.54059977200018, 31.97997309800013], [35.54056338900011, 31.979954960000043], [35.54055167500019, 31.97977674000009], [35.54068333000015, 31.97960758900018], [35.5410568690001, 31.979353267000135], [35.541265525000085, 31.97917447600014], [35.54142973800009, 31.978911393000146], [35.541571828000144, 31.978610887000173], [35.54166880300011, 31.978268648000153], [35.54173613000006, 31.978002719000074], [35.5417355350001, 31.977836587000013], [35.541706820000115, 31.977771967000024], [35.541705702, 31.977769450000096], [35.541676538000104, 31.977703863000045], [35.54141295600016, 31.977638037000133], [35.541081367000174, 31.977647210999976], [35.54087653000016, 31.977598001], [35.540729960000135, 31.977523556000165], [35.54070921800019, 31.97750120700016], [35.540697396999974, 31.977488481000194], [35.540622257000166, 31.977407585000037], [35.540679773000136, 31.977125054000055], [35.54079563200003, 31.97679248900016], [35.540998586000114, 31.976268767000136], [35.541162597000096, 31.975811513000167], [35.541307357, 31.975379249000127], [35.54144331000015, 31.975212763000172], [35.541667010000026, 31.975037737000093], [35.54194915300019, 31.97488749900009], [35.54247493499997, 31.974636861000135], [35.54284481200011, 31.97442834000003], [35.54310883900001, 31.97420529500016], [35.54329328400013, 31.97396399900009], [35.54337053400013, 31.973747783000135], [35.54340808300009, 31.973340739000037], [35.54339692800016, 31.972950447000073], [35.5434433960001, 31.972310738000147], [35.54352046499997, 31.9720447790001], [35.54367579400014, 31.971844988000157], [35.54387011800003, 31.971686660000046], [35.544162527000026, 31.971636155], [35.54442618400003, 31.971726775000036], [35.54454293700002, 31.971786498000085], [35.544551213000034, 31.971788869000022], [35.54456248200012, 31.971796590000054], [35.54484617200018, 31.971941688000186], [35.54528631199997, 31.972289285000045], [35.54585338000004, 31.97271968300015], [35.546273664000125, 31.97296784600013], [35.54647859600004, 31.973000421999984], [35.54672183500003, 31.972883531000036], [35.54694522000011, 31.97262549800007], [35.547079680000024, 31.97205206400008], [35.547204990000125, 31.971644787], [35.54733993000008, 31.971204229000136], [35.5473972690001, 31.97088012500018], [35.54746745000017, 31.970360266000057], [35.54753439100011, 31.969994568000175], [35.54759163600011, 31.969645524000043], [35.54758656800004, 31.96960170300008], [35.547585152000124, 31.969589459000133], [35.54757115900014, 31.96946901800004], [35.54737889900019, 31.969237588000055], [35.547068649000096, 31.9689687070001], [35.54669261900011, 31.96879412400017], [35.546404928000186, 31.968638050000038], [35.546139062, 31.968438095000067], [35.54593996700015, 31.968325750000133], [35.545674378000115, 31.96820104000011], [35.545446086000084, 31.96815147400008], [35.54496732400008, 31.968090027000073], [35.54465048200012, 31.968053233000035], [35.54436320399998, 31.968010021], [35.544075655000086, 31.967891704000067], [35.54394271100011, 31.967741561000025], [35.54392837600005, 31.967662266000104], [35.54392238600013, 31.967629418000058], [35.54390510500019, 31.96753466200005], [35.54395566200003, 31.967252289000044], [35.54414522500019, 31.96673761400018], [35.544180054000094, 31.966630603000112], [35.54421012900019, 31.96653819700009], [35.54423694000019, 31.966456117000064], [35.54423686700011, 31.966435826000065], [35.54423610500004, 31.966224183000065], [35.543889148, 31.96599301100008], [35.54360897400011, 31.965855791000138], [35.543181319000155, 31.965706417000035], [35.54286460400016, 31.965657077], [35.54245973600007, 31.965639249000162], [35.5421136810001, 31.965659032000076], [35.541900199000054, 31.965634505000082], [35.54177608400016, 31.965547744000105], [35.54176715000011, 31.965541492000114], [35.541730349000034, 31.965515736000157], [35.54170027700019, 31.96533390000019], [35.541728645000035, 31.965039183000044], [35.54180167100009, 31.964844539000126], [35.542102348000185, 31.964523891000056], [35.54255029500018, 31.964202860000057], [35.543108542000084, 31.963850260000186], [35.543792156000166, 31.96356637300005], [35.54409455400014, 31.96349766400016], [35.544550417000096, 31.96335838000016], [35.54492529700008, 31.96317562300004], [35.54515265500004, 31.962924208000118], [35.5452768020001, 31.962654182000165], [35.54527625900016, 31.96250369000012], [35.54515797300013, 31.962348618000078], [35.545153865000145, 31.962343233000126], [35.54512828800006, 31.962309622000078], [35.54499534300015, 31.96220344400018], [35.54467109500018, 31.962078743000063], [35.5441699270001, 31.961935905000132], [35.543801429000155, 31.961823997000124], [35.54358022400004, 31.961717907000036], [35.543420311000034, 31.96155740500012], [35.54340254099998, 31.96153964100006], [35.543380666000076, 31.961517773000025], [35.54326118600011, 31.961337586000127], [35.54322461700019, 31.96128243700008], [35.543209008000076, 31.961261905000185], [35.543092924000064, 31.96110946100015], [35.5430816330001, 31.961094694999986], [35.54304175200008, 31.96104225500011], [35.54293682000008, 31.960904279000033], [35.542892675000076, 31.960864959000162], [35.54285905500018, 31.96083501400011], [35.542756747000055, 31.96074411100011], [35.54252828700015, 31.960688201000096], [35.541887858000166, 31.960702408000145], [35.54145349500004, 31.960703535000164], [35.54117370000006, 31.96066663800019], [35.54083753600014, 31.96044177200008], [35.54077463400006, 31.960322161000192], [35.54076844000008, 31.960310341000138], [35.54076298300009, 31.960299927000165], [35.54077139500009, 31.960063176000176], [35.540844514000185, 31.959802585000034], [35.54089443000004, 31.959642947000134], [35.54090122100018, 31.959621229000106], [35.54090203900006, 31.95961883000018], [35.54090874000019, 31.95959725500012], [35.54089878500014, 31.959447353000144], [35.54084274400003, 31.959305319000123], [35.540637857000036, 31.958998101000077], [35.540386915000056, 31.958754130000045], [35.54028412600019, 31.958525558000133], [35.54026113000003, 31.958426560000134], [35.54024985100011, 31.958377837000114], [35.540218325000126, 31.95824165400012], [35.54024485800011, 31.957894243000055], [35.540327625000145, 31.957744100000127], [35.54053985100012, 31.957467367000106], [35.54095536000011, 31.957095417000062], [35.541232543000035, 31.95691306800012], [35.54145466600005, 31.956817799000135], [35.54162129300005, 31.956825257000048], [35.541834642000026, 31.956864157999973], [35.54208512800017, 31.95698187100004], [35.54230793300019, 31.957123471000045], [35.542558110000016, 31.957154384000034], [35.54287310000018, 31.957145672000024], [35.5430859170001, 31.957081990000063], [35.54321511900014, 31.95693158300014], [35.54324206600012, 31.956702674000155], [35.543287551000105, 31.95648161000014], [35.54319678500019, 31.956063001000075], [35.5431954550001, 31.956056865000107], [35.543182433000084, 31.956020544000182], [35.54303636200018, 31.955615386000034], [35.54288127900003, 31.95523068300014], [35.542877443000066, 31.95522111000014], [35.54287149400005, 31.955175049000104], [35.542842773000075, 31.954954882000095], [35.54283937400004, 31.954929245000017], [35.542847146000156, 31.954883851000034], [35.54285026300016, 31.95483156500012], [35.542857668000124, 31.954822247000095], [35.542860003000044, 31.954808448000108], [35.542875632000175, 31.954716093000172], [35.54304174099997, 31.954534169000055], [35.5432823160001, 31.95447041300008], [35.543523120000145, 31.954469785000015], [35.54386583700017, 31.954453107000063], [35.54403251100007, 31.95442900100005], [35.544145656000126, 31.954352862000064], [35.54415023100006, 31.954349783000055], [35.544161939000105, 31.954341861000103], [35.54403126200009, 31.95408166100009], [35.543789951000065, 31.9539402530001], [35.5435768320001, 31.95391713900017], [35.54322471900019, 31.953894384000137], [35.54262252400002, 31.953864389000046], [35.54218691900013, 31.953833958000075], [35.54175142499997, 31.953787743000078], [35.54152899500008, 31.95374886500008], [35.54137112800004, 31.953646693000167], [35.541305725000086, 31.953520606000097], [35.54129850099997, 31.953441857000087], [35.541286977000084, 31.95331685900004], [35.54126721300008, 31.953102486000148], [35.54143281400019, 31.952778385000045], [35.54168829600019, 31.952354287000162], [35.541715206000106, 31.95218999200017], [35.54171999800013, 31.95216073500012], [35.54172452900008, 31.95213324500014], [35.54171205900013, 31.952020549000054], [35.5417053970001, 31.951959554000098], [35.54157509800007, 31.951802073000124], [35.54140811899998, 31.951739378000184], [35.54108394800011, 31.951763891000155], [35.54078779200012, 31.951812005000022], [35.54062148600019, 31.95193868900003], [35.54050145500014, 31.952065257000015], [35.540418806000105, 31.95224710300016], [35.54036426100015, 31.952570774000037], [35.540346564000174, 31.95279965700007], [35.540254689000164, 31.95298927800019], [35.54013471100018, 31.95313162499997], [35.53993157900004, 31.953313783000112], [35.53961699400003, 31.953432959000054], [35.53945965600019, 31.95343336500008], [35.53927153600006, 31.953375655000116], [35.5392641950001, 31.95337341700008], [35.53925548800015, 31.953370763000066], [35.53923468300013, 31.953337070000032], [35.53921709100007, 31.95330858000017], [35.53920613400015, 31.953295223], [35.53918135200007, 31.95325090000017], [35.53915309400003, 31.953205176000097], [35.53911640900009, 31.95314555100009], [35.53903191100005, 31.953008215000068], [35.539058726000064, 31.95273985200015], [35.53915043800015, 31.952455541000177], [35.539500836, 31.95199682100008], [35.53972236500016, 31.951783194000086], [35.53994392200008, 31.951577455000177], [35.5402852040001, 31.951253186000088], [35.54066983400014, 31.95094247100002], [35.54094343400004, 31.95073335700016], [35.541157845999976, 31.950517913000112], [35.54138657800007, 31.95019505900018], [35.54151163700004, 31.94990403600019], [35.54155492200016, 31.94957532000018], [35.541606070000114, 31.94936664100004], [35.54168689700015, 31.94913900100005], [35.54183487500012, 31.949018561], [35.5420197040001, 31.94889802600011], [35.5422199140001, 31.948872283000185], [35.5424203230001, 31.948903327000096], [35.542635714000085, 31.949010140000098], [35.54296297000013, 31.94924939900011], [35.5432232550001, 31.949432043000115], [35.543587304000084, 31.949607936], [35.543802335000066, 31.949613716000158], [35.54393541200011, 31.949486973000035], [35.54394509500014, 31.94945640600008], [35.54396074200008, 31.949407010000073], [35.54400142800006, 31.94927825100018], [35.54400061000018, 31.949050826000132], [35.54394815100005, 31.9488930010001], [35.543732391000106, 31.948729263000075], [35.54329426300012, 31.948540883000135], [35.54287811400002, 31.94835230300015], [35.5424472360001, 31.94820293200013], [35.54231336400005, 31.94810845000012], [35.54206039400009, 31.94784377100018], [35.54202188000005, 31.947749885], [35.54201311100013, 31.947728527000038], [35.54199304000019, 31.947679644000175], [35.54199972600003, 31.947515326000087], [35.542088055000136, 31.947306549000132], [35.542346524000095, 31.946983616000125], [35.542612740000095, 31.946793401000093], [35.543049438000025, 31.946539469000072], [35.543426873000044, 31.94630471400012], [35.54355999500007, 31.946190512000044], [35.54355960500004, 31.946082054000158], [35.543559587, 31.94607693800009], [35.543559428000094, 31.94603255100003], [35.54347733700013, 31.945906371000092], [35.54332152800015, 31.945868871000187], [35.543061910000176, 31.945869548000132], [35.542483572000094, 31.945934322000028], [35.541934911000055, 31.94597999500013], [35.541586293000194, 31.94595553700009], [35.54136356500004, 31.945873962000178], [35.54130374100009, 31.94573518200002], [35.54128086800006, 31.94566999800014], [35.541265643000145, 31.945626578000144], [35.541251151000154, 31.945585247000167], [35.54126543800004, 31.945421050000164], [35.54133900700015, 31.945243876000063], [35.54159024200004, 31.944977750000078], [35.541834465000136, 31.944831838000084], [35.54212350300003, 31.944786841000166], [35.54264995900007, 31.944772791000105], [35.54316189000008, 31.944809502], [35.54356251400003, 31.944820997000193], [35.543814415000156, 31.944788776000053], [35.54397757400005, 31.94475678499998], [35.544155009000065, 31.94460470400014], [35.54417215799998, 31.944548073000135], [35.54417542200008, 31.944537295000146], [35.54419893900018, 31.944459167000048], [35.544124148000094, 31.944295062000094], [35.543960589000164, 31.944169095000063], [35.54364883400007, 31.944100438000135], [35.54327032000015, 31.94403195700005], [35.5428918500001, 31.943976016000136], [35.542513616000065, 31.94393909500019], [35.54209805700009, 31.943908614000065], [35.5416010780001, 31.943846635], [35.541326120000065, 31.94371475100013], [35.54121452000004, 31.94360752600005], [35.54113236900008, 31.943462461000024], [35.541103821000036, 31.943381228000135], [35.54109684000008, 31.943361376000098], [35.54107243400006, 31.943291973000157], [35.541101684000125, 31.943152958999974], [35.541227231000164, 31.943000875000052], [35.541545460000066, 31.94284843000014], [35.54196103700008, 31.94288525500008], [35.54251011100007, 31.942959638000104], [35.54273247000009, 31.942940176000093], [35.54290269600011, 31.942851241000085], [35.54302201700011, 31.942669861000184], [35.543125935000035, 31.942570248000038], [35.54316422800008, 31.9424907450001], [35.54317547300002, 31.942467397000144], [35.543219760000056, 31.94237526700016], [35.543363344000056, 31.94227752100005], [35.54359660100005, 31.942209137000077], [35.54379012200019, 31.942166357000076], [35.5439490170001, 31.94214480700009], [35.544112885000175, 31.94212746600016], [35.544331403000115, 31.942097165000064], [35.54461421700006, 31.942024419000063], [35.54474557900011, 31.941974898000126], [35.54476851600015, 31.941966243000024], [35.54477223900017, 31.941964176000113], [35.544908366000186, 31.941888592999987], [35.54493706700015, 31.94187265700009], [35.54493878, 31.941869618000112], [35.54501112300005, 31.941741278000165], [35.544970627000055, 31.94155509900014], [35.544826206000096, 31.941420062000077], [35.54460213500016, 31.941285095000183], [35.544323458000065, 31.941129273000058], [35.54409948300014, 31.94101966600016], [35.54383091900007, 31.940918771000042], [35.54363203200006, 31.940847427], [35.5433185980001, 31.940721143000076], [35.5431493960001, 31.940632670000127], [35.542880639000145, 31.94047681799998], [35.54271137600011, 31.94037143500009], [35.54264726500003, 31.940329485000177], [35.54262193300008, 31.940312909], [35.54256778600012, 31.94028247100016], [35.542542758000025, 31.94026111800008], [35.54252084000012, 31.94024679400013], [35.54242764300017, 31.940185890000066], [35.54212864200019, 31.939936834000093], [35.54193835700016, 31.939773732000106], [35.541798886000095, 31.93968095200006], [35.541519857000026, 31.939423527000145], [35.54139015300012, 31.939241808000133], [35.54132983400018, 31.93905567900009], [35.54124479100017, 31.938886526000033], [35.54113988800009, 31.938708970000107], [35.541084709000074, 31.93857369699998], [35.54107630400017, 31.938419196000098], [35.54107215500011, 31.938342917000114], [35.54106879800008, 31.938281631000166], [35.541054310000106, 31.938111449000132], [35.54105327600007, 31.938099616000102], [35.54105502900012, 31.938039066999977], [35.54105769100016, 31.937947139000016], [35.54106804400004, 31.937918708000097], [35.54110514700017, 31.937816813000097], [35.541135243000156, 31.937730640000154], [35.54125501400006, 31.937582515000088], [35.54144818000003, 31.937442372000078], [35.54166159700003, 31.93737403900002], [35.54179667800008, 31.937349875000166], [35.54183713800006, 31.937342582000042], [35.54192466100011, 31.93732685600014], [35.541943167000056, 31.937326385000176], [35.542088566000075, 31.937322202000132], [35.54233190400015, 31.937304521000158], [35.54276904400007, 31.937324660000115], [35.54318646100006, 31.937374300000158], [35.5433949990001, 31.937373758000092], [35.5437342350001, 31.937371604000134], [35.54389109400017, 31.937384016000067], [35.54413814000003, 31.937523437000152], [35.54425797500011, 31.937624860000085], [35.54437044500014, 31.937745607000068], [35.54458753600011, 31.937872423000044], [35.54475192500007, 31.937910180000074], [35.544908669999984, 31.937890605000177], [35.54510249200007, 31.937750032000167], [35.54518408800004, 31.937603411], [35.545256132000134, 31.937420181000107], [35.54527082900006, 31.93738274600014], [35.54534597300005, 31.937191353], [35.5453468450001, 31.937189131000025], [35.54534776800011, 31.937185874000193], [35.54543528000005, 31.93687692200001], [35.54549440900007, 31.93668583400006], [35.54554595800016, 31.93650110700014], [35.545590120999975, 31.936284552000075], [35.545611623000184, 31.936061575000167], [35.54558100300011, 31.935864380999988], [35.545498350000116, 31.935718190999978], [35.54539334100008, 31.935603767000146], [35.54507928100003, 31.935483689000137], [35.544892448999974, 31.935452333], [35.544257169, 31.93533309300011], [35.543950844000165, 31.935295708000126], [35.54378641500017, 31.935245127000087], [35.54362184300004, 31.935201030000087], [35.54335265900016, 31.93510619400007], [35.54318813800012, 31.93503025000018], [35.542925960000105, 31.93481449400008], [35.54280573400007, 31.93464923900018], [35.54273771400017, 31.934388449000096], [35.54273133200013, 31.93423675200006], [35.54272940599998, 31.93419105600003], [35.54273530900002, 31.9341683560001], [35.542744403000086, 31.934133384000063], [35.54275030900004, 31.934029376000126], [35.54279476300019, 31.933938797000053], [35.54280341700019, 31.933905440000046], [35.54281872300004, 31.933846438000103], [35.54295714800003, 31.93360385000011], [35.542962264000096, 31.93359870200004], [35.54297904700013, 31.93358181300016], [35.54298201100005, 31.93357870500006], [35.543016419000026, 31.933543950000114], [35.5430910020001, 31.933468653000034], [35.54312137800008, 31.933434910000187], [35.54326430500009, 31.933276139999975], [35.54340221500013, 31.93315780900008], [35.543452425000055, 31.93311472700003], [35.543504809000126, 31.933069922000186], [35.54365848900005, 31.932934811999985], [35.54382011000018, 31.93280291900004], [35.54386574100016, 31.932763768000086], [35.54386788300013, 31.932761932000062], [35.54387546000015, 31.932755429000167], [35.54399340300006, 31.93265422900015], [35.54404131500007, 31.932606053000086], [35.54410766500007, 31.93253936900004], [35.544111854000164, 31.93253471700001], [35.54412586300015, 31.93251915900015], [35.54418600499997, 31.93245236500013], [35.54421398300019, 31.932421150000152], [35.544218735000015, 31.93241014600011], [35.544229, 31.932386407000024], [35.544276744000115, 31.932275989000118], [35.544283974, 31.932080527000096], [35.544255741000086, 31.931949131000067], [35.54414082200009, 31.931834872000138], [35.54386777000002, 31.93176484800017], [35.543587104000096, 31.931782489000113], [35.54341326000008, 31.93182338400004], [35.54315276900013, 31.931938624000168], [35.543006828000046, 31.93201988700008], [35.542852956000104, 31.932101170000124], [35.54267535000014, 31.93219928400009], [35.54245442100006, 31.932334710000077], [35.542273197000156, 31.93248341900005], [35.542154930000095, 31.93258814000012], [35.54203664200003, 31.932686241000113], [35.54190273100005, 31.93280453100016], [35.541863551, 31.932845777000182], [35.54181865700002, 31.932893116000116], [35.54167292400018, 31.933046788000013], [35.541626782000094, 31.933099215000027], [35.541537124000115, 31.9332010870001], [35.541515434000075, 31.933225731000164], [35.54142102200012, 31.933347299000104], [35.54135669800013, 31.933435845000133], [35.54131118200007, 31.9334985000001], [35.541251822000106, 31.93358024000014], [35.54122627200013, 31.93359735600012], [35.54120669300005, 31.933610496000142], [35.54103488900006, 31.93372579900017], [35.54090476900012, 31.933770954000067], [35.5408990680001, 31.93377293300017], [35.54086903300015, 31.933783439000138], [35.54062406200006, 31.933804364000025], [35.54040246700009, 31.93375435000013], [35.54025999300006, 31.933697509000126], [35.53997350700013, 31.933567624000148], [35.53966458400009, 31.933400033000055], [35.53934345200014, 31.933144684000126], [35.539212699000075, 31.933037224000145], [35.539101479000124, 31.93289265500016], [35.53904942300005, 31.93270396900016], [35.53908039900017, 31.93253874300018], [35.53920647799998, 31.932400324000184], [35.539260259000116, 31.932365271000037], [35.53932303000005, 31.93232435800013], [35.53940364200014, 31.932271731000128], [35.539541694000036, 31.932200637999983], [35.5396838960001, 31.932136297000113], [35.53983380600005, 31.932055028000036], [35.539983714000186, 31.93197375900013], [35.54016911100018, 31.931882251000047], [35.54026871400015, 31.93182605300018], [35.54030730100004, 31.93180439200006], [35.54034013400019, 31.93179064000003], [35.54050066500008, 31.931723009], [35.54069419300009, 31.931641627000033], [35.540861502000155, 31.93157468600009], [35.54102334000004, 31.931503528000064], [35.54122860200016, 31.931422115000146], [35.541469372, 31.931337226000153], [35.541627223000035, 31.9312593140001], [35.541781058000026, 31.931167888000175], [35.54183480800003, 31.93113548100007], [35.54184998800008, 31.93112909900009], [35.54187520300013, 31.931111140000098], [35.54192714000004, 31.93107986200016], [35.54209676500017, 31.93096824300011], [35.54223960100006, 31.930850776000057], [35.54228984800005, 31.93080935900008], [35.542292089000114, 31.930806658000108], [35.54245519400007, 31.930610103000106], [35.5426440330001, 31.93037372700013], [35.54272620700016, 31.930262608000078], [35.54278331100011, 31.930185390000076], [35.542785685000126, 31.930168968000146], [35.54281265400016, 31.929982403000054], [35.542740572000014, 31.92973994200014], [35.54264128400018, 31.929605348000052], [35.542442997000194, 31.929417185000034], [35.54229649500013, 31.92934006500019], [35.54204156700018, 31.929299864000143], [35.54174910500018, 31.929344447], [35.541599081000186, 31.92939189800012], [35.54134636000015, 31.929460050000102], [35.541184426000086, 31.929504293000093], [35.54101859000019, 31.929565314000115], [35.540860670000086, 31.929623075000165], [35.54067912400018, 31.92968075400006], [35.54046979300017, 31.929731883000102], [35.54027217099997, 31.92977621500006], [35.54007865700015, 31.92981377600006], [35.53988105500014, 31.929817668], [35.539525248000075, 31.92984549800019], [35.53918038800015, 31.92993206200009], [35.53893114400012, 31.93000358000012], [35.53824054800003, 31.930209112000057], [35.53805368000019, 31.930258346000073], [35.537866743999984, 31.93033421400014], [35.53756573900006, 31.93044123300018], [35.5373529040001, 31.93053041100012], [35.53708309799998, 31.93062861100003], [35.5369115630001, 31.930668927], [35.53674008700011, 31.930678243000102], [35.53670585200007, 31.930669595000097], [35.53669967400009, 31.930668042000036], [35.536511039000175, 31.930620632], [35.53650374900013, 31.930618781000135], [35.53649565900014, 31.930616727000142], [35.53629244100006, 31.93047999700019], [35.53619123200008, 31.930339900000035], [35.53616675, 31.930306012000074], [35.536135866000166, 31.93026325300019], [35.53606745200017, 31.930025149000016], [35.53606309000014, 31.930006277000075], [35.536061398000186, 31.929994867], [35.536040736000075, 31.929851475000078], [35.536029684000084, 31.929621113000167], [35.536018576, 31.92942175200011], [35.53604405300007, 31.929241884000135], [35.53608486700011, 31.929006884000103], [35.53611029300009, 31.928860694000036], [35.53612544599997, 31.92870551400017], [35.536171412000044, 31.928479514000117], [35.53626374900017, 31.928142502000128], [35.53629446400009, 31.927996160000134], [35.53634067900015, 31.92784104000009], [35.53638178700015, 31.927690303000134], [35.536458953000135, 31.927503961000184], [35.53656737200015, 31.927277805000074], [35.53665002900016, 31.927149084000177], [35.5367587130001, 31.92699817200014], [35.53690872600015, 31.926807278000183], [35.53705877300001, 31.926625258], [35.53712065000008, 31.92646122100001], [35.537110056000074, 31.926361626000073], [35.53710738800004, 31.92633658200009], [35.53710117100019, 31.92627822900016], [35.53700349999997, 31.92603695600019], [35.53689936800009, 31.92588405300006], [35.53682289100004, 31.925748692000127], [35.536794463000035, 31.925621337000166], [35.53678931800005, 31.925598286000138], [35.536780757000145, 31.925560401000098], [35.53681452100005, 31.92543603200005], [35.536835237, 31.925359887000013], [35.536844130000134, 31.925351129000035], [35.53689945200006, 31.925296597000113], [35.53695819500007, 31.925238751000165], [35.53697305000014, 31.92522412200009], [35.53698041000001, 31.92521970000007], [35.537009323, 31.925202327000136], [35.53710890500008, 31.925142466000068], [35.53711105100007, 31.92514161600019], [35.5371184760001, 31.92513906100004], [35.53728349600004, 31.92508185100013], [35.53744185700009, 31.92501014700008], [35.53773890300016, 31.924909902000024], [35.537897697000176, 31.92486834700003], [35.538084063000156, 31.924820666000073], [35.538242923000155, 31.924796726000068], [35.53840173900011, 31.924760949000017], [35.53872049600011, 31.924680374000047], [35.53876238600003, 31.92466979200003], [35.53880220600013, 31.924659733], [35.53898855099999, 31.924606271000016], [35.53914028100013, 31.924529366000172], [35.53932633400018, 31.9243933300001], [35.53938111600007, 31.924234100000035], [35.53931832900014, 31.92409292900004], [35.539193754, 31.923998979000032], [35.53891686400004, 31.923864278], [35.53874381600008, 31.923799903000088], [35.53846009600005, 31.923694668], [35.53823876400003, 31.923618581000028], [35.537850153000136, 31.92352037600017], [35.537583313000084, 31.923422565000124], [35.537407159000054, 31.92332015000011], [35.537195378000035, 31.923140749000083], [35.5369585470001, 31.922931399], [35.53682749900008, 31.922828869000057], [35.53666617400012, 31.922713733000137], [35.536535127000036, 31.9226112020001], [35.53639919800008, 31.922530103000042], [35.53614272599998, 31.922466503000066], [35.53563003300013, 31.922459214000128], [35.53532855800012, 31.922472804000165], [35.535107665000055, 31.92252057100012], [35.534901822000165, 31.922619590000068], [35.534671192000076, 31.922765879000167], [35.53453584900018, 31.92285189600011], [35.53440052300016, 31.922942282000122], [35.53421998400006, 31.923049831000014], [35.53401416700018, 31.923157446000175], [35.53398372200007, 31.92319176500007], [35.53394165100002, 31.92323925900007], [35.53391904500012, 31.92326477900008], [35.533934811, 31.92342749000011], [35.534055719000094, 31.92351285900014], [35.53422120000016, 31.92358839100018], [35.534477993, 31.92369497200002], [35.53465914400016, 31.92376299500006], [35.53492582000001, 31.923860812999976], [35.53511194200013, 31.923933191000117], [35.53528818500007, 31.92401419000015], [35.53544924199997, 31.9240994540001], [35.53563011700015, 31.924301171000025], [35.53564098600003, 31.924313292000022], [35.535656245000155, 31.92433030300009], [35.53565516400016, 31.92435144200016], [35.53565433900019, 31.924366553000084], [35.535650641000075, 31.924434329000178], [35.53564708900012, 31.924499419000085], [35.53564197500003, 31.924595955000086], [35.535607308000124, 31.924745972000153], [35.535552618, 31.924887587000057], [35.53547260700009, 31.925016301000028], [35.5352872900001, 31.925175296000134], [35.53514676200018, 31.925244136000117], [35.534955871000136, 31.925274635999983], [35.534779899000114, 31.925270856000054], [35.53448494200012, 31.925213690000135], [35.53445303200016, 31.925207431000047], [35.534299737000026, 31.925168364000115], [35.53428839400004, 31.92516548200001], [35.53413618800005, 31.925126789000103], [35.53388463300013, 31.925054573000182], [35.53366318000019, 31.924990879000063], [35.5331438770001, 31.924843954000096], [35.53296275200012, 31.924784384000134], [35.53287202100017, 31.924746791000132], [35.53286810900005, 31.92474517000005], [35.532817334000185, 31.924730079000142], [35.53276932900002, 31.924704131000112], [35.532751299000154, 31.924696667000035], [35.532716219000065, 31.924682143000098], [35.532499712, 31.924567142000058], [35.53247805600017, 31.92454940100015], [35.53247021800007, 31.924542980000012], [35.53234744700012, 31.92444380600017], [35.53234247400013, 31.924439028000165], [35.53232591400001, 31.92442331899997], [35.53220720900009, 31.924310717000083], [35.53213136500017, 31.924165205000122], [35.53211002500018, 31.92407812500005], [35.53210337700017, 31.924050997999984], [35.53209566800018, 31.924019735000172], [35.532095624000135, 31.924007195], [35.53209545500005, 31.923958291000076], [35.53209514800011, 31.923869668000123], [35.53211756600018, 31.92381173900003], [35.53213052000001, 31.923778267000102], [35.532179811000105, 31.923651041000028], [35.53225487000003, 31.92352234100008], [35.532279214000084, 31.923490857000104], [35.53235868900015, 31.923388636000084], [35.53243497900007, 31.92329051100006], [35.53246031900005, 31.92326877100004], [35.53249049400017, 31.923242883], [35.53264039600009, 31.923114277000025], [35.53276561900009, 31.92301546600015], [35.53295592300003, 31.922817852000094], [35.533050839000055, 31.922650490000137], [35.53311029300016, 31.922406141000067], [35.53309242300014, 31.922255554000117], [35.5330923090001, 31.922222579000163], [35.53308731900006, 31.92221287000018], [35.53308442200006, 31.92218779600006], [35.533008564, 31.92203791600008], [35.532975205000184, 31.92199474000006], [35.53295679600018, 31.921970897000108], [35.53294500400011, 31.92195562400019], [35.53292276000019, 31.921926813000027], [35.532917321000184, 31.921921912000073], [35.53268576200014, 31.92171322700011], [35.53245734300015, 31.921591776000128], [35.53229723700008, 31.92154046500019], [35.53187805700003, 31.921483887000136], [35.53160307100018, 31.921608017000096], [35.53147133900012, 31.921735169000158], [35.531350396000164, 31.92182945900015], [35.531147285000145, 31.922050777000152], [35.531042979000176, 31.922178], [35.53096630800013, 31.922319103000177], [35.53086754900005, 31.922474354000144], [35.530708886000184, 31.92279419500005], [35.530648884000186, 31.922977671000126], [35.530457258000126, 31.923321130000033], [35.53033666700003, 31.923518707000085], [35.53018297199998, 31.923697624000056], [35.52998512500005, 31.923867214000097], [35.52980903200017, 31.923924019000083], [35.52946185800005, 31.92395785900004], [35.52924687600017, 31.923948956000118], [35.52908706200009, 31.92393526300009], [35.528805866000084, 31.923889041], [35.52851889000016, 31.923795769000094], [35.52829817000003, 31.92370233000014], [35.52802202400011, 31.923538574000077], [35.52800960900004, 31.92352813000008], [35.52800081500004, 31.923520731999986], [35.52787025000015, 31.92341114700008], [35.527651608000156, 31.92320116800005], [35.527476094, 31.922992070000134], [35.527258905999986, 31.922771238000166], [35.52715739000013, 31.922652420000134], [35.52714494700007, 31.92263779500007], [35.527128313000105, 31.922605286000135], [35.52711369400009, 31.92258179000015], [35.527108189000046, 31.92256616300017], [35.5270872050001, 31.922525372000052], [35.52703600800004, 31.92242585400004], [35.526970512000105, 31.922259883000038], [35.526964164000105, 31.92199695800008], [35.52699014400014, 31.921669415000054], [35.52700561100011, 31.92145716800013], [35.52702123800003, 31.921291135], [35.52703562700009, 31.921226428000068], [35.52704434399999, 31.92118722600003], [35.52707460800019, 31.921051031000047], [35.52705773500014, 31.920898889000057], [35.52704409200015, 31.920871023000075], [35.527037077000045, 31.92085669500011], [35.526959408000096, 31.920698053000137], [35.526883269999985, 31.92055986800017], [35.526823, 31.920375423999985], [35.52675722200007, 31.920126455000116], [35.5266802380001, 31.919739283000013], [35.526657765000095, 31.919494858000178], [35.526668016000144, 31.919351807000112], [35.52667249400014, 31.91906574799998], [35.52670417600012, 31.91881202800016], [35.52672182000015, 31.918774844999973], [35.526736952000135, 31.918742955000027], [35.526811618000124, 31.918585600000085], [35.526886860000104, 31.91846099000003], [35.526994584000136, 31.918317698000124], [35.527134932000024, 31.918197434000092], [35.52726428300019, 31.918049439000185], [35.52749070200019, 31.917832014000055], [35.527604059000055, 31.91769420500009], [35.52779769000017, 31.917357087000084], [35.52786210400018, 31.917158525000048], [35.52789940000008, 31.917001597000024], [35.527925649, 31.91680313100011], [35.52793598700015, 31.91663711200016], [35.527924514000176, 31.916471005000176], [35.52790779000003, 31.916314213000135], [35.52782055900019, 31.916120678000027], [35.527727959000174, 31.915950264000173], [35.52759730600013, 31.915715407000164], [35.52742866400018, 31.91548219600014], [35.527298184000074, 31.915298067000094], [35.52722753300014, 31.91516902800015], [35.527123857000106, 31.914947913000105], [35.52698757400009, 31.914611474000026], [35.52698327300004, 31.914593346000117], [35.5269770160001, 31.91456697100017], [35.52697634600008, 31.91456429700014], [35.526968402000136, 31.914530955000032], [35.526943664000044, 31.91442713100014], [35.526916005000146, 31.914261064000186], [35.52689914000007, 31.914062845000046], [35.52688753199999, 31.913855311000077], [35.52686518300004, 31.913647662000074], [35.52682348800005, 31.91336141700009], [35.52682086400017, 31.913343405000035], [35.52681650300008, 31.913323969000032], [35.52678245300012, 31.913172858000053], [35.52673855600011, 31.91299302200008], [35.52664015300007, 31.91281459000004], [35.52656927700008, 31.912667231], [35.52648217800004, 31.91251061300005], [35.52647370600005, 31.91249668400002], [35.52644881900005, 31.912455522000187], [35.52636787900008, 31.912321652000117], [35.526226622000024, 31.91212373899998], [35.526052525000125, 31.911838120000084], [35.52595431000009, 31.911616991000187], [35.52584511900017, 31.91132656000019], [35.5257359900001, 31.911054730000103], [35.52555617500008, 31.910640051000144], [35.525430179000125, 31.910215936000156], [35.52529901100013, 31.909824950000143], [35.5252332500001, 31.909576121000043], [35.52518419600011, 31.909433219000164], [35.52514040100016, 31.909281142000054], [35.52505326400012, 31.909110571999975], [35.52492796000007, 31.90888950900012], [35.524884759000145, 31.908818007000036], [35.52481931500006, 31.90870969200006], [35.524725196000134, 31.908575211000027], [35.52466145700009, 31.908484199000156], [35.524558131000106, 31.908313810000152], [35.524454681000066, 31.908106502000066], [35.524464935000026, 31.907963452000104], [35.524659133000114, 31.907796840000174], [35.52480496599998, 31.907690374000083], [35.52491828900003, 31.907593289000147], [35.52510167400004, 31.907454464000125], [35.52523115500003, 31.90734803800018], [35.52534441300014, 31.90723249500013], [35.525446739000074, 31.907107675000077], [35.525559807000036, 31.90693661300014], [35.52565131800003, 31.906788853000023], [35.52572858500014, 31.906630984000174], [35.525749862, 31.906572170000118], [35.525763348000055, 31.906534736000026], [35.52582251900009, 31.906370488000107], [35.5258825950001, 31.906136925000055], [35.52589262400011, 31.906097934000115], [35.525899934000165, 31.9060609980001], [35.525953685000104, 31.905787635000138], [35.52594110500013, 31.905634496000175], [35.525937581, 31.905591442000173], [35.525935074000074, 31.905560816000104], [35.52588114100013, 31.90534155000006], [35.52573816700004, 31.90502414800011], [35.52561417400017, 31.90485117300011], [35.52559891900006, 31.90482989200018], [35.525586636000185, 31.90481273200004], [35.52542618400008, 31.904601197000034], [35.525292279999974, 31.904374661000077], [35.52522950500003, 31.904178101000184], [35.525281899000106, 31.903943497000114], [35.52546753300004, 31.90373871800017], [35.52568893600011, 31.903609520000145], [35.525954426000055, 31.903427371000078], [35.526046117000135, 31.90338275800019], [35.52610813000018, 31.9033525210001], [35.52628226600018, 31.903267612000093], [35.52645049500018, 31.9031916670001], [35.526868597000146, 31.90295658000008], [35.52715168300011, 31.902897399000096], [35.5273585540001, 31.90286729600018], [35.527540190000025, 31.902844451000135], [35.527549421000174, 31.902843290000135], [35.52755503599997, 31.90284257100018], [35.527569496000126, 31.902820270000177], [35.52765127000015, 31.902726644000097], [35.527675970000075, 31.902655704000097], [35.52769355200007, 31.902628604000142], [35.5276980540001, 31.90259237800018], [35.527702152000074, 31.902559199000166], [35.52770433600011, 31.902541521000103], [35.52771123500003, 31.902485678000062], [35.527723944000115, 31.90233740800005], [35.52771027600005, 31.902204562000065], [35.527701358, 31.902108765000037], [35.52769176200013, 31.902007049000133], [35.52768770500006, 31.901882353000133], [35.52768578000013, 31.901851356000122], [35.52768356100006, 31.901830086000132], [35.52765917100015, 31.901604547000034], [35.52765322800013, 31.901509165000164], [35.52765305700018, 31.901507474000084], [35.52764501400014, 31.901376728000116], [35.5276354720001, 31.901194414000145], [35.52761736500008, 31.90101958700012], [35.527617188000136, 31.90101592400009], [35.52760358300003, 31.900946214000044], [35.52758087600017, 31.9008298710001], [35.52757764600011, 31.900773353000034], [35.52757297000005, 31.900691515000176], [35.52756664200007, 31.900579223000136], [35.52756709800008, 31.900326006000057], [35.5275842260001, 31.90011699100006], [35.527629247000164, 31.899951025000178], [35.5276315320001, 31.899942847000034], [35.52763349900016, 31.899938615000053], [35.527638424000145, 31.89992986600015], [35.52771673700016, 31.89979002900003], [35.527791959000126, 31.89966457300011], [35.527911468000184, 31.899447694], [35.52798680300009, 31.899307018000115], [35.528093216000116, 31.8991737340001], [35.528342096000074, 31.89901740700003], [35.52848444500006, 31.898960125000087], [35.52867144400017, 31.89891794900018], [35.52893856400004, 31.898879238000063], [35.52925457500004, 31.898840402000076], [35.529530718000046, 31.898832104000064], [35.52982021700012, 31.898816305000082], [35.529993952000154, 31.898808260000067], [35.530171904000156, 31.898777378000148], [35.53046572800014, 31.898723519000043], [35.530670394000026, 31.89863183600005], [35.53080350700009, 31.89848340400016], [35.53083410200003, 31.89835044800003], [35.53084034400001, 31.898340427000164], [35.5308402870001, 31.898323659000027], [35.530842891000134, 31.89831237800007], [35.530840202000036, 31.89829914], [35.530833131000065, 31.898264397000105], [35.53081583900007, 31.898179427000173], [35.53067719500012, 31.898016460000065], [35.53056078500009, 31.897883870000157], [35.530426520000105, 31.897698064000053], [35.530390232000116, 31.897568236000154], [35.53038990700014, 31.89747400000016], [35.53038978900014, 31.897439722000172], [35.530389657000114, 31.897401115000093], [35.530432729000154, 31.89724628500005], [35.53043716900015, 31.89723027200006], [35.530443988000115, 31.897205675000066], [35.53047616300017, 31.897180077000087], [35.53049142600014, 31.897167934000038], [35.53050816400008, 31.897154603000104], [35.53064939100011, 31.89704212500004], [35.53078937900017, 31.89703108200007], [35.530809896000164, 31.897029463000024], [35.53097568200002, 31.897016365000013], [35.5309776630001, 31.897016361000055], [35.530979647000095, 31.89701649700004], [35.53124832200007, 31.897058620000053], [35.53125298800006, 31.8970593520001], [35.53126670900008, 31.89706270000005], [35.53127050800009, 31.89706269000004], [35.531536592000066, 31.897060896000085], [35.53171290600011, 31.897035368000104], [35.531874361000064, 31.896963804000052], [35.532123892000186, 31.896808595000095], [35.53229014500016, 31.89669108000004], [35.53249036900007, 31.896510912000053], [35.532543624000084, 31.89629335300009], [35.53252525400018, 31.89612292400011], [35.532522806000145, 31.89610021600015], [35.53251837000016, 31.896059361000084], [35.53249481000017, 31.896028703000184], [35.53247776000018, 31.896006576000048], [35.53229670700017, 31.895771615000058], [35.53227710300018, 31.89575241500006], [35.5322614050001, 31.895737041000075], [35.532128160000184, 31.895606750000184], [35.532095115, 31.895555825000145], [35.53208531900009, 31.89554066800008], [35.532044469000084, 31.89547746400018], [35.53198522000008, 31.895347976000096], [35.531896061000054, 31.895118371000024], [35.53180034900015, 31.894915841000113], [35.53178757800009, 31.89488881800014], [35.53178407800016, 31.894879246000016], [35.531728231000045, 31.894730160000165], [35.53165409000002, 31.89459239500019], [35.53157041300011, 31.894467195000118], [35.53132450100003, 31.894233758000098], [35.531206557000075, 31.89413372399997], [35.53096557200007, 31.893891962000055], [35.530793563000145, 31.893775294000193], [35.53064128100016, 31.89367957700017], [35.530489079000176, 31.893558772], [35.5303990160001, 31.89344866500005], [35.530386174000114, 31.893432944000097], [35.53035605800011, 31.893396073000133], [35.5303164390001, 31.89325821900013], [35.53032568000009, 31.893111930000032], [35.53034484700015, 31.89296970000015], [35.530350765000094, 31.89296042100017], [35.530357988000105, 31.89294909500012], [35.53036718800013, 31.892934699000193], [35.530451625000126, 31.892802171000028], [35.5304568840001, 31.892793985000083], [35.53048309500008, 31.892779829000176], [35.53060360300009, 31.89271372200011], [35.53061498700015, 31.89271045300012], [35.53069438900013, 31.892687922999983], [35.53076530300012, 31.892667802], [35.53077547700008, 31.892667534000168], [35.53078892000002, 31.892667179000057], [35.53100377900017, 31.89266156700012], [35.53119989900006, 31.89268193000015], [35.53149915800003, 31.89277319400003], [35.53163667000018, 31.89284809500009], [35.5318232890001, 31.892939501000058], [35.531960859000094, 31.893031169000153], [35.53204047100013, 31.893088787000124], [35.53208057100005, 31.893117809000046], [35.53212792600016, 31.893151933000013], [35.5323489970001, 31.893318496000063], [35.532580038000106, 31.89350194400015], [35.53270781200018, 31.89362689300009], [35.532821068000146, 31.893756245000134], [35.53295882700007, 31.89390216300012], [35.5330621010001, 31.894010547], [35.5332389620001, 31.89414382400014], [35.53343031700018, 31.894218588000115], [35.53362632400018, 31.894205552000074], [35.533771646000105, 31.894183338000175], [35.53378381100015, 31.89418147900011], [35.53379289100019, 31.89418004700019], [35.53400820300004, 31.894066772000144], [35.534049290000155, 31.89400875400014], [35.53408906699997, 31.893952571], [35.53415941100013, 31.89385319100012], [35.53420297000008, 31.893698359000098], [35.53421200500003, 31.89363689900017], [35.53422734500003, 31.893535263000103], [35.53422678600009, 31.893457761000093], [35.534226380000064, 31.89340153900008], [35.53421120200005, 31.89326362700001], [35.53417980900019, 31.893101698000066], [35.534176388, 31.893084052000177], [35.534157687000175, 31.89302590500006], [35.53412679700011, 31.892929599000126], [35.534084169000096, 31.89282994100006], [35.53406634000015, 31.892785177000064], [35.53406317900016, 31.892778984000188], [35.534056689000124, 31.89276476700013], [35.533988454999985, 31.89261641900015], [35.533867574000055, 31.892431568], [35.53383569200008, 31.892382753000163], [35.53372742199997, 31.89226184400019], [35.533727171000066, 31.89226157600018], [35.53361436000006, 31.892140946000154], [35.53342244900006, 31.89195331400009], [35.533211213000186, 31.89181166800006], [35.53302470000011, 31.89170349600016], [35.532867581000176, 31.891641186000186], [35.53270568400018, 31.89158311799997], [35.53235384000004, 31.89147324700002], [35.53200554500006, 31.891386337000142], [35.53185926300006, 31.891353027000036], [35.53185871800008, 31.89135290300004], [35.53169661800018, 31.891316095000036], [35.53146608700001, 31.891279050000037], [35.53133124900006, 31.891258957000105], [35.53132957400004, 31.891258708000123], [35.53124548700009, 31.891246209000087], [35.53102469000004, 31.891204911000045], [35.53080226900016, 31.891172214999983], [35.53078970300004, 31.89117035200013], [35.53074526100005, 31.891163762000133], [35.53049029100009, 31.89112692000009], [35.53036363000001, 31.89108411700016], [35.5303519520001, 31.891080165], [35.53034296200008, 31.891077123000116], [35.53033910400012, 31.891072907000137], [35.530334341000184, 31.891067704000136], [35.53022740600011, 31.89094974600016], [35.53019540800017, 31.890914456000075], [35.53018924300005, 31.89089855000003], [35.53017945300013, 31.890885469000068], [35.530155581000145, 31.890811269000153], [35.53011625400018, 31.89070977], [35.530117033000124, 31.890695959000027], [35.53012026800013, 31.89063503600005], [35.53013006300017, 31.890450600000065], [35.53019164800003, 31.890155191000076], [35.53019928000009, 31.89011858000015], [35.530209397000135, 31.89008304400005], [35.53027597100015, 31.889847413000155], [35.53035969800004, 31.88960511900018], [35.53042336900006, 31.889437697], [35.530490391000114, 31.889284781000185], [35.53057435700015, 31.889111672000126], [35.53062257500005, 31.889012913000045], [35.530640790000064, 31.888975694000067], [35.5306448770001, 31.888967342000115], [35.530656567, 31.888953118000188], [35.53070951400002, 31.888888691999966], [35.53071938100004, 31.888876549000145], [35.53072234300015, 31.888873019000187], [35.530735659000186, 31.888856748000023], [35.530749151000066, 31.888840261000155], [35.53087051300014, 31.888736245000075], [35.53098574300009, 31.888626468000155], [35.531166877000146, 31.88851807500015], [35.53138593400007, 31.888391551000154], [35.531605061000164, 31.888286585000174], [35.531752499000106, 31.88822491700006], [35.53187762900018, 31.88807827800008], [35.53187866300004, 31.88807706700004], [35.53187858900003, 31.888076369000032], [35.53186694600009, 31.88796592300008], [35.531866025000056, 31.88795718199998], [35.531860050000034, 31.88790054900005], [35.53165234700015, 31.887727328000153], [35.53150935900004, 31.887594526000044], [35.53135592900014, 31.887450055000045], [35.53125223000018, 31.887263605999976], [35.53124658000007, 31.88725347600007], [35.53124738800017, 31.887248399000043], [35.531251650000115, 31.887223743000163], [35.53128657100012, 31.88702171600005], [35.531401525000035, 31.88687952800018], [35.53159839100016, 31.88683267400006], [35.53175436800018, 31.886806213000057], [35.531927512000095, 31.886776891000125], [35.53216501600002, 31.88673275100001], [35.53236867200019, 31.886691797000026], [35.53256197800005, 31.886618881], [35.532771909000076, 31.886482231000116], [35.533026029000155, 31.88632517700006], [35.53320222500014, 31.8862234180001], [35.53339354499997, 31.88610161000014], [35.533566512000164, 31.88602296600004], [35.53373263900016, 31.885970409000038], [35.53390903100018, 31.88592656000003], [35.53416355400003, 31.885885334000193], [35.534540375, 31.88586986600012], [35.53470685500014, 31.88587240200019], [35.53486986900009, 31.885874806000174], [35.535117718000095, 31.885862622000047], [35.535338086000024, 31.885783857000035], [35.53549714400003, 31.88564733200019], [35.53555936300012, 31.88549683100007], [35.5355654330001, 31.88548214800005], [35.53555096000008, 31.885323905000178], [35.53554756600016, 31.88528679800004], [35.53554689200007, 31.885279426000125], [35.535538609000184, 31.885272259000146], [35.535494285000084, 31.885234103000187], [35.5353807350001, 31.885136356000032], [35.535361363000106, 31.88511968000006], [35.53532210600014, 31.88508596000014], [35.53518935500006, 31.884999497000138], [35.53500899700009, 31.884901457000012], [35.53467577200013, 31.884771961000183], [35.5345262350001, 31.884702870000012], [35.534403724000185, 31.884616381000058], [35.53427760200003, 31.884489175000056], [35.53406642500005, 31.884313147000057], [35.533906408000064, 31.88417447200004], [35.53369615700018, 31.883883879000052], [35.53359736800007, 31.883779855000114], [35.53347136900004, 31.883687453000107], [35.53332182500009, 31.883615544000122], [35.5331347930001, 31.883543588000066], [35.532886560000065, 31.883442758000058], [35.53259066400011, 31.883313301999976], [35.5324580620001, 31.883220917000074], [35.532390238, 31.883093280000082], [35.53238276000013, 31.88307920799997], [35.532386596000094, 31.88304312600019], [35.532387556000174, 31.883033399], [35.532388195000124, 31.883027480000123], [35.53239076200009, 31.883003283], [35.53241090500006, 31.882813379000083], [35.53249535900011, 31.882688742000028], [35.53269519700012, 31.882549157000085], [35.53283747500018, 31.882479328999977], [35.532973118000086, 31.88240077900008], [35.53315014700013, 31.882313249000106], [35.53319683700005, 31.882290164000096], [35.53322042400015, 31.88227598400016], [35.533467767000104, 31.882127288000106], [35.53359311000008, 31.882031433000066], [35.53371496400001, 31.881929810000088], [35.53392482700008, 31.881729466000024], [35.53413806000003, 31.881549404000054], [35.53436520399998, 31.88142722200007], [35.53469406300013, 31.881301823000115], [35.53489651400008, 31.881250438], [35.535130606999985, 31.881180375000156], [35.53537473300014, 31.88109859000008], [35.53558496500011, 31.881005477000087], [35.53577458500018, 31.88087465000018], [35.53589663100013, 31.880781618000128], [35.53602183500004, 31.880694498000025], [35.536164159000066, 31.880592679000017], [35.536292832000186, 31.88050554800003], [35.53646231200014, 31.880424092000055], [35.53667938200016, 31.88035111000005], [35.53685920300006, 31.880298513000014], [35.537059353000075, 31.880251641000086], [35.53755810200005, 31.88016342400016], [35.53777182400012, 31.880125251000095], [35.538039825, 31.880072146000032], [35.53829894300014, 31.880028645000095], [35.5385656360001, 31.879932282000027], [35.538693162000186, 31.87984938000011], [35.53883198000011, 31.879736857000125], [35.539013345000114, 31.87956137700013], [35.53912120900014, 31.879429067000046], [35.53922520400016, 31.87927703800017], [35.53927862400013, 31.879065532000084], [35.53926247000004, 31.8788874600001], [35.53916904700003, 31.87871268900011], [35.53905987300004, 31.87852161100011], [35.53894321300015, 31.878360145000045], [35.53888079800004, 31.87822164800008], [35.53885317800007, 31.878069815], [35.53888747300016, 31.877914726000085], [35.53905030500016, 31.87777607200013], [35.53918916599997, 31.87767665299998], [35.53924682500008, 31.8775444690001], [35.53926565600011, 31.877405906000092], [35.539361832000054, 31.877237269000034], [35.53950469799997, 31.877151084000104], [35.53968244300006, 31.87707467500013], [35.53982517300011, 31.876948896999977], [35.539817569000036, 31.87680987800013], [35.53981705000007, 31.87680039600008], [35.539790658000186, 31.87676242000009], [35.53968808800005, 31.876616135000177], [35.53968643000013, 31.876614590000145], [35.53949437, 31.87642499300017], [35.53928471500018, 31.876257143000146], [35.539106212000036, 31.87611894600019], [35.539041900000086, 31.876050345000067], [35.53899870600003, 31.876004388000126], [35.53897029000018, 31.875974155000165], [35.538873129000024, 31.875862098000027], [35.538854414000184, 31.875832758000115], [35.53883636100005, 31.87580445800006], [35.53879541500004, 31.875740269000175], [35.53872508800015, 31.87555881500009], [35.538682712000025, 31.87534177599997], [35.53865113000006, 31.875190097000143], [35.5386312870001, 31.875041627000087], [35.53863414200009, 31.874774169000034], [35.538668273000155, 31.874572719000014], [35.538760647000174, 31.87440423300012], [35.53889179000009, 31.87427186100018], [35.53907699700005, 31.874159078], [35.53922769500008, 31.87409274300012], [35.539579680000145, 31.874025750000158], [35.53982739400004, 31.874031732000105], [35.54004797000016, 31.874067520000096], [35.54033477300004, 31.874152595999988], [35.540524529000095, 31.874204948000056], [35.54071827100012, 31.874263771000074], [35.541008707000174, 31.87434883500015], [35.54117144000003, 31.87441774299998], [35.541388513000186, 31.874489892000042], [35.541867535000165, 31.874668736000103], [35.542030283000145, 31.874740883000072], [35.542324754000106, 31.874845802000152], [35.54255718700006, 31.87491776700017], [35.5427626180001, 31.875012913000035], [35.54302226500016, 31.875121161000095], [35.543293502000154, 31.87519316500004], [35.543494573000146, 31.875176155000077], [35.543653063000136, 31.87511951900018], [35.54385250700011, 31.87497132200008], [35.54402615300006, 31.874858703000086], [35.544196093000096, 31.87477244500002], [35.54435842400011, 31.87468282400016], [35.54450898800013, 31.874580127000115], [35.54468659200012, 31.874467497000012], [35.54486422200006, 31.87436134900014], [35.545088075000024, 31.874205618000133], [35.545246171000144, 31.874040197000056], [35.54542321800011, 31.873818643000163], [35.54553505500007, 31.87369293900008], [35.545712492000064, 31.87353394600018], [35.54585925000015, 31.873431257999982], [35.54601384400013, 31.87339463799998], [35.54624615500012, 31.87343362400003], [35.54641273600009, 31.87346940100008], [35.54669153100019, 31.87353137300005], [35.546846400000106, 31.873570562000168], [35.547044026000094, 31.87365261500014], [35.54736197600016, 31.87381016300003], [35.54756364800011, 31.8739153140001], [35.547718649000046, 31.873990856000148], [35.54788905400005, 31.87403324500019], [35.54807624200009, 31.874014714000168], [35.54827741300011, 31.8739812070001], [35.548501368000075, 31.873855204000108], [35.548624914000186, 31.873772302000134], [35.54883333300012, 31.873643098000116], [35.54903789500014, 31.87349727700007], [35.54920381300019, 31.873351699000068], [35.54931538300019, 31.873199499000123], [35.549281152000106, 31.873075004000043], [35.54927906700004, 31.873067420000098], [35.54926451000017, 31.87301475800018], [35.54896213100011, 31.87287042000014], [35.54872956800011, 31.872762110000053], [35.54857830500015, 31.872670073000165], [35.548316610000086, 31.872451226000123], [35.54801803900017, 31.87226389800003], [35.54783571400009, 31.872165317000167], [35.54757618899998, 31.872090051000157], [35.547281853000186, 31.872021638999968], [35.5471115150001, 31.871995596000033], [35.54693336600019, 31.87195646900011], [35.54673195900017, 31.87192402600016], [35.5463021110001, 31.87182609500013], [35.54613571300018, 31.87179355900014], [35.54589552600015, 31.871721621000063], [35.54574438700013, 31.871662552000032], [35.54550003600008, 31.87153440100019], [35.54544684900003, 31.871483951000073], [35.54541225700018, 31.871451039000192], [35.545340804000034, 31.87138305500008], [35.54525515900019, 31.871214890000147], [35.545176674000174, 31.870924677000176], [35.545179708000035, 31.87066722100019], [35.54519654200004, 31.87052696900014], [35.54521663200006, 31.870328373000063], [35.545277813999974, 31.870030467000106], [35.545360091000134, 31.869814091000137], [35.54546875600016, 31.869634002000055], [35.54555974600004, 31.869499193000024], [35.54568390100013, 31.869356969000137], [35.54582049100003, 31.86922908500003], [35.54604439200017, 31.869090264000192], [35.546172865000074, 31.86900129100019], [35.546388584000056, 31.86888376800016], [35.546645786000056, 31.868776703000094], [35.546857517000035, 31.86869822100016], [35.547002768000084, 31.868637528000193], [35.54718508100018, 31.86850600100007], [35.54723440900017, 31.86835692500017], [35.547233742000174, 31.868172614000116], [35.547173552000174, 31.868095485000026], [35.54716274200018, 31.868081633000145], [35.54707929800003, 31.867974478000065], [35.54663910500011, 31.867750178000165], [35.54641828700011, 31.867598291000093], [35.546356309000146, 31.86753602900012], [35.546348291000186, 31.86752798500015], [35.54630560100003, 31.867485152000086], [35.546267734000025, 31.867332786000077], [35.546308601000135, 31.86717316500011], [35.54644540500004, 31.867059512000026], [35.54663200700003, 31.866973911000116], [35.54689361200013, 31.866898820000074], [35.54714262900018, 31.86681305400009], [35.54730440400016, 31.866755841000042], [35.547453830999984, 31.866709367000112], [35.547607398000025, 31.866666408000185], [35.54793519800012, 31.866541540000185], [35.54813435099999, 31.86645590400019], [35.54836227600015, 31.866292265000027], [35.54842816000007, 31.86611130100016], [35.54837759400016, 31.865952056000083], [35.54837437800006, 31.865941927], [35.548365192000176, 31.865913062], [35.54811885400005, 31.8655982140001], [35.547997895000094, 31.865481576000036], [35.54785207100008, 31.865382759000113], [35.54759425300006, 31.865316083000096], [35.547354713000175, 31.865327284000045], [35.547039398000095, 31.86543436200003], [35.54686522100013, 31.865530499999977], [35.54665384200018, 31.8657048], [35.54654207500005, 31.86580077200017], [35.546343195000134, 31.865960808000068], [35.54614847800008, 31.86613153999997], [35.5460200600001, 31.86623460400017], [35.545796230000064, 31.866391182000143], [35.54553903300001, 31.866498105], [35.54538541200003, 31.8665269710001], [35.5451318210001, 31.86653467900004], [35.54503403000007, 31.866476318000082], [35.545026447000055, 31.866471782000076], [35.5449486440001, 31.86642524900003], [35.54492308800013, 31.866251713000054], [35.54495135800016, 31.86603181600009], [35.544984226000054, 31.865897018000112], [35.54504989200012, 31.865698442000053], [35.54520045000015, 31.865507534000074], [35.54532473900008, 31.8654043410001], [35.54546979600008, 31.86529052800006], [35.54560667200019, 31.865198012000178], [35.54593416200015, 31.86498803900014], [35.54618279200008, 31.86479602800017], [35.54630713299997, 31.864707067000154], [35.54645639200015, 31.864614518000053], [35.54665944800007, 31.86446856400005], [35.54681673200014, 31.864312300999984], [35.54692397300005, 31.864106429], [35.546923432000085, 31.863956595000047], [35.54692342200008, 31.86395396300003], [35.546915071, 31.86392805700018], [35.54687299300008, 31.863798106], [35.54675211600011, 31.863702745000182], [35.54645324500018, 31.86374256500011], [35.5463038850001, 31.863806791000115], [35.54612131300007, 31.863909993000107], [35.545882074000076, 31.864095498000097], [35.54572062200003, 31.864241204000052], [35.54560459100014, 31.864344372000062], [35.54538090400018, 31.86453984100018], [35.545186354000066, 31.864710571000103], [35.54499544900017, 31.86479252100014], [35.544729657, 31.864850003000072], [35.54448024800007, 31.86482585500005], [35.544185129000084, 31.86476279300018], [35.54398135700012, 31.864710199000058], [35.54380654100004, 31.864629068], [35.543689820000054, 31.864540739000063], [35.54364129000015, 31.864452091000032], [35.54363265100005, 31.864436324000053], [35.54361037500013, 31.864395666000064], [35.54356698100008, 31.86417355900005], [35.54357055100007, 31.86401756100014], [35.543586707000145, 31.86387223899999], [35.54363555600003, 31.86358859500018], [35.54367663000005, 31.863439544000187], [35.54380816000008, 31.863052822000157], [35.543869809000114, 31.86284002400015], [35.54390641200001, 31.86264138200005], [35.543922441, 31.862460551000083], [35.54392174300017, 31.862265673000138], [35.543887832999985, 31.862109771], [35.54382811100004, 31.862006289000192], [35.54381556300007, 31.86198454600003], [35.54379180500007, 31.861943462000056], [35.54365822000011, 31.861802054000066], [35.543528956000046, 31.861667678000117], [35.543345993000116, 31.86161503200003], [35.543138619, 31.861707728000056], [35.54303100600009, 31.861856811000052], [35.54290290400013, 31.862048503000096], [35.54278314800018, 31.86226511500007], [35.54270897500015, 31.862438911000083], [35.5426264570001, 31.86258806899997], [35.54241159500009, 31.86294302300007], [35.54220863500018, 31.863117293000073], [35.542071845, 31.863188528000023], [35.54190979700013, 31.863213749000067], [35.54172771300017, 31.86318575300004], [35.54170610300014, 31.86318243000005], [35.54162758700005, 31.86311076900006], [35.541543602000104, 31.863033908000034], [35.54145580400012, 31.862906610000152], [35.541367986000125, 31.862726046000148], [35.54129653900003, 31.86250640800006], [35.54120418600007, 31.8622585010001], [35.54115358200016, 31.862049518000106], [35.54112810800018, 31.861897259000045], [35.54112759200018, 31.8617518370001], [35.54117133400007, 31.861515838000173], [35.54126344400004, 31.861370600000043], [35.541401981000035, 31.861235249000117], [35.54162934800013, 31.8610995250001], [35.541806721000114, 31.861020011999983], [35.542030356000055, 31.860904168], [35.542215277000025, 31.860811532000184], [35.54235014400007, 31.860712260000128], [35.542438464999975, 31.86057041500004], [35.54244570900005, 31.86042539600004], [35.54241800900007, 31.860250879000034], [35.54238435100012, 31.860005699], [35.542377497000075, 31.859955772000035], [35.542376819000026, 31.859950843000092], [35.54236648000017, 31.859875481000074], [35.54233114800007, 31.859737197000186], [35.542230157000176, 31.859566110000173], [35.54210630800014, 31.859467651999978], [35.541866405000064, 31.859326658000043], [35.54165005900012, 31.859310732000154], [35.541476242000044, 31.85932104500006], [35.54131440700007, 31.859403899000142], [35.54121065900017, 31.859526055000117], [35.541162942000085, 31.859665259999986], [35.54109053900004, 31.85991923000006], [35.541040814999974, 31.86005111100002], [35.54096805800009, 31.86025224000008], [35.54090306200004, 31.860407271000042], [35.540818625999975, 31.860575457000095], [35.540676326000096, 31.860720823], [35.540463942000144, 31.860750963000044], [35.54023221600016, 31.860728452000046], [35.54000024900006, 31.860636894000095], [35.53983230900019, 31.860536291000017], [35.53972556500008, 31.860418342000116], [35.53971631899998, 31.86040809200017], [35.539704514000164, 31.8603950050001], [35.53964980100017, 31.860237043000154], [35.53960590300011, 31.859822028000167], [35.5396014750001, 31.85964420800002], [35.53959304, 31.859453153000118], [35.53958480400007, 31.859318038000026], [35.53956464800018, 31.859080935000065], [35.539548452000076, 31.858889899000076], [35.53953889800016, 31.858868438000172], [35.53952765000014, 31.858843172000036], [35.53947838400012, 31.858731978000037], [35.53934289200009, 31.858607196000037], [35.53907637100019, 31.858594635000145], [35.53889894200012, 31.858657657000037], [35.53872166500014, 31.858763513999975], [35.53860626699998, 31.858859349], [35.538482940000165, 31.85895520400004], [35.538340419, 31.85903800500006], [35.538124483000104, 31.859137336], [35.537958484000114, 31.859164114000123], [35.53774203900008, 31.85907251100008], [35.53770828800003, 31.85895888000016], [35.53770438000009, 31.85894573300004], [35.537687238000046, 31.858888057000115], [35.53775676800012, 31.858612253], [35.537841154000034, 31.858476902000064], [35.53792572800006, 31.85834817400007], [35.53808731500004, 31.858193039000128], [35.53822220500018, 31.858100396], [35.538380224000036, 31.85801107300017], [35.53852676499997, 31.857944751000048], [35.53870020700015, 31.857875118000038], [35.53893546900008, 31.857778975000144], [35.539085853000074, 31.85772588900005], [35.539321054000084, 31.857613258000015], [35.53945947300008, 31.85744493400017], [35.539458178000075, 31.857427595000047], [35.53945323500011, 31.857361388000186], [35.53944717000019, 31.857280240000193], [35.53926919900016, 31.857142321000083], [35.53885175400012, 31.857028130000117], [35.53862375700004, 31.85698263500018], [35.53821896500011, 31.85689800000017], [35.537998772000094, 31.85686558900011], [35.53782502000013, 31.856846306000193], [35.53765506499997, 31.85682701600018], [35.53732259800012, 31.856745432000025], [35.53705988500013, 31.85668692000013], [35.53682017000011, 31.856595234000167], [35.53668657000003, 31.856490737000172], [35.53659354200016, 31.85632751600008], [35.53658557400007, 31.856313553000064], [35.53658157900014, 31.85630655099999], [35.53653863000005, 31.856158421000032], [35.53656078700004, 31.85588485400001], [35.53660289700014, 31.85574636900003], [35.53670653300003, 31.855591384000093], [35.53688741700006, 31.85543267700018], [35.53706852600004, 31.855290598000067], [35.537291992000064, 31.85517476100017], [35.53756191500008, 31.855078530000128], [35.53788631400005, 31.855074459000036], [35.538187147000144, 31.85498801400007], [35.538360527000066, 31.854855816000168], [35.53865127100016, 31.85467160100012], [35.53889019300004, 31.854539096000053], [35.53903670799997, 31.854466288000083], [35.53919090800014, 31.854419814000153], [35.53944949300012, 31.854386177000094], [35.53972367799997, 31.854375605000143], [35.54008662300009, 31.85439439800018], [35.5403186150001, 31.85444988300003], [35.540500133000194, 31.85447238400002], [35.54067001400011, 31.85447194400018], [35.54087069800005, 31.854451698000105], [35.541036656000074, 31.854415055000175], [35.541233375000104, 31.854348600000094], [35.54138358, 31.854246048000164], [35.541456400000186, 31.854110866000156], [35.54144679100017, 31.854005324000127], [35.54144506200015, 31.853986328000133], [35.541440427, 31.853936317000034], [35.54132018300004, 31.85378176600011], [35.54118838300013, 31.85367346300012], [35.541056783000045, 31.853574882000032], [35.540878738000174, 31.853460079000058], [35.5407277760001, 31.853348443000016], [35.54060386599997, 31.853230255000028], [35.540452590000086, 31.85302956300012], [35.540390192000075, 31.852891488000182], [35.54030483300005, 31.85274995200018], [35.540223272000105, 31.852608546], [35.540142929000126, 31.852484468000057], [35.54002897600003, 31.852286216000152], [35.53996162300007, 31.85214843700004], [35.53987045500014, 31.851997473000154], [35.53982449500006, 31.85183934800017], [35.53980428200009, 31.851632117000122], [35.53980325400016, 31.851621410000064], [35.53980790100013, 31.851597078000168], [35.53983550999999, 31.851452513000027], [35.539884577000066, 31.851322326000172], [35.53997061000018, 31.85118851800013], [35.540077379000024, 31.851082700000063], [35.54015806900014, 31.85101529399998], [35.54018618000009, 31.85099181200019], [35.54020901900009, 31.85097266400004], [35.54024181600005, 31.850945168000067], [35.54037339600012, 31.85085337600009], [35.54065698000011, 31.850655790000076], [35.54082982900013, 31.850563891000036], [35.541047829000036, 31.850447356000075], [35.54126188700019, 31.850383391000037], [35.541570727000135, 31.850326368000026], [35.541764440000065, 31.85029782500004], [35.54197455600007, 31.850286712000127], [35.54217980900006, 31.85030027000016], [35.542446480000024, 31.850361580000083], [35.542563026000096, 31.850452164000103], [35.54263646100003, 31.85062966600009], [35.54263630700018, 31.850632765000057], [35.542623991000085, 31.850836698000137], [35.542608874000166, 31.850864715000057], [35.54254602800012, 31.85098119100013], [35.54253346300004, 31.851004478000164], [35.54249754799997, 31.851072350000095], [35.54229465900016, 31.851258880000103], [35.542281664000086, 31.851272020000124], [35.54225062400019, 31.85130332800003], [35.54210153800011, 31.85145370100014], [35.542027369000095, 31.85161884900009], [35.5420198060001, 31.85163568900009], [35.54202016100004, 31.851642734000052], [35.54202524400017, 31.851772078000067], [35.54214204100015, 31.851932978000093], [35.542321577999985, 31.85200282900007], [35.542655825000054, 31.851985474000173], [35.54285912800009, 31.851960145000078], [35.5431206450001, 31.851918035000153], [35.543275530000074, 31.851880431999973], [35.54341581500006, 31.851822294000158], [35.54345734000003, 31.851793502000078], [35.54351577900013, 31.851752984000086], [35.54354146800006, 31.851735162000068], [35.54354820500015, 31.851726831000178], [35.543563739000035, 31.851707911000176], [35.54363319000015, 31.851623321000147], [35.54371512200004, 31.851499104000084], [35.543746235000185, 31.85142304400017], [35.54375309100004, 31.85140628500011], [35.543801536000046, 31.851288076000174], [35.54376161300007, 31.850973944000145], [35.54371254900008, 31.85077989500013], [35.54366846400006, 31.850639380000132], [35.54358999900006, 31.850395805000176], [35.543502392000164, 31.850272030000156], [35.543414587000086, 31.85013994300016], [35.54331740600014, 31.850016193000044], [35.54319575900013, 31.849884193000094], [35.54307414300018, 31.84976050600011], [35.543022981000036, 31.849718649000067], [35.54294301099998, 31.84965347100001], [35.54280020900006, 31.849546273000044], [35.54271441700007, 31.849481871000023], [35.54248209700006, 31.8492881680001], [35.54247382799997, 31.849281273000145], [35.54243756900007, 31.84925107300012], [35.542189877000055, 31.849094596000043], [35.54203910600006, 31.848942098000066], [35.541975739000065, 31.84880994600013], [35.541970827, 31.84877501200009], [35.54196372100017, 31.848725255000147], [35.54195575900019, 31.848669508000057], [35.54196351100012, 31.848651613000072], [35.541969020000124, 31.84863889500008], [35.54201208900008, 31.848540286], [35.542013071000156, 31.848538028000178], [35.542020838000155, 31.848520108000116], [35.542027807000125, 31.848504031000118], [35.542041158000075, 31.848496699000066], [35.54205565100011, 31.84848874000005], [35.54220196000006, 31.848408463000055], [35.54229090300004, 31.84839794700008], [35.542294534000064, 31.848397513], [35.54238549800016, 31.848386637000033], [35.54241499500017, 31.848383110000157], [35.54241797500009, 31.84838335600017], [35.5424265530001, 31.848384065000175], [35.54259912100014, 31.84839911800009], [35.54275920400016, 31.84843181600013], [35.54302587000018, 31.84849312600005], [35.54320041900013, 31.848554671000045], [35.54336549700014, 31.84864513100007], [35.54363232700018, 31.848751952000157], [35.54385047500011, 31.84877209800004], [35.54401992700008, 31.848746855000172], [35.54421480900004, 31.848677299000087], [35.54423459700013, 31.84867026000012], [35.5442698760001, 31.848657709000065], [35.544346724000036, 31.84864733400019], [35.54445187700014, 31.848633138000082], [35.54455071400008, 31.84861977300011], [35.54479780000008, 31.848606727000117], [35.54510782700004, 31.84860591600011], [35.54536952800015, 31.84861763100014], [35.54542697900018, 31.848613369000134], [35.54542861100015, 31.84861324800005], [35.54552096900011, 31.848606455000095], [35.54553588900012, 31.8486053580001], [35.545602071000076, 31.848600535000116], [35.54566306300018, 31.84857571600014], [35.54578587000009, 31.848525653000138], [35.545988792, 31.84839689000006], [35.54623936300004, 31.848160626000038], [35.54628329300016, 31.848119223000083], [35.546442540999976, 31.847920399000145], [35.546543542999984, 31.847729903000015], [35.546625189, 31.84752719500011], [35.546677883000086, 31.847353454000086], [35.546667457000126, 31.84716338900006], [35.54660884200018, 31.84702291300016], [35.54646776200002, 31.846857994000118], [35.546288158000095, 31.846767576000104], [35.54605548400002, 31.84674747400004], [35.545955429, 31.846756746000096], [35.54595531400008, 31.84675675700015], [35.5459264750001, 31.846759427000052], [35.545687476000126, 31.846781556000167], [35.54560186700007, 31.846801044000188], [35.54558603400011, 31.846804648000102], [35.54550356100009, 31.846823325000173], [35.54533420000007, 31.846873369000036], [35.5451212910001, 31.846931843000107], [35.54492762000018, 31.846969549000164], [35.54472875500011, 31.84698627500012], [35.54471391900017, 31.846987537000075], [35.544675781000024, 31.84699078200009], [35.54459147100016, 31.846992782000086], [35.54458895700009, 31.846992842000077], [35.544467465000025, 31.846995553], [35.54417656600003, 31.846942485000056], [35.544166380000036, 31.846938037000086], [35.544165655000086, 31.846937721000018], [35.54411709200008, 31.846930240000063], [35.54405372100007, 31.846889258000033], [35.544037042000184, 31.84688204300005], [35.54396791100004, 31.846852141000056], [35.54393590200016, 31.84681662100013], [35.54392813100014, 31.84680799800003], [35.543863659000124, 31.846736723000106], [35.54384545400012, 31.846716439000033], [35.54384145200015, 31.846711980000123], [35.54383491900006, 31.84669853400004], [35.54380569400007, 31.846638378000023], [35.543789297000046, 31.846604750000097], [35.54377309800003, 31.846571528000027], [35.54376913100015, 31.846536500000127], [35.543765089000146, 31.84650081], [35.54376406300008, 31.846491654000147], [35.543762527000126, 31.846477144], [35.54375537700008, 31.84641367800009], [35.54375314800012, 31.84639389100016], [35.54375526900003, 31.84638155200014], [35.54376155800014, 31.846344970000132], [35.543776762000164, 31.846257426000136], [35.543783953000116, 31.846236832000045], [35.54379368600013, 31.84618889600017], [35.54383247800013, 31.846096356000146], [35.543835583000146, 31.846087612000133], [35.543851459, 31.84604157800004], [35.54385241300008, 31.846038813000064], [35.54391482, 31.84590224700014], [35.543925585000125, 31.84589080400019], [35.543941133000146, 31.845874277000178], [35.543943434000084, 31.845871876000047], [35.54394951800003, 31.845865238000044], [35.54398351700013, 31.84582895900013], [35.544093413000155, 31.84571169100019], [35.544195373000036, 31.84563390700015], [35.54423186800017, 31.845606066000073], [35.54426742600009, 31.84557892000015], [35.54449467000006, 31.845466723000186], [35.54485250300007, 31.845312898000145], [35.54520079100013, 31.845167268000182], [35.54558797699997, 31.84505056600011], [35.545984871000144, 31.844925521000164], [35.54624597800017, 31.844821406000165], [35.54663765000009, 31.84462197], [35.54680728700015, 31.844559101000073], [35.54698413400013, 31.844480992000058], [35.54727624600014, 31.844369043000142], [35.54749732400012, 31.84428870400012], [35.54770120600011, 31.8442461730001], [35.547979026, 31.844199363000143], [35.54816814500015, 31.844137989000046], [35.54823952800007, 31.844112014000075], [35.54825391400004, 31.844106776], [35.54830626600011, 31.844087716000047], [35.54832608200013, 31.844080501000064], [35.548342401000184, 31.84407454100011], [35.54841567800008, 31.84402418100018], [35.54846030200008, 31.843993628000078], [35.54853868300006, 31.843939731000148], [35.548690445000034, 31.84372754000009], [35.54873421100007, 31.843597220000106], [35.548765573000026, 31.843414656000107], [35.54872293500006, 31.843219604000126], [35.5486399510001, 31.843096948000152], [35.54841421900005, 31.842985097], [35.54833341900013, 31.842963470000086], [35.548309325000105, 31.84295701100018], [35.54821891100005, 31.842932771000108], [35.54795579000006, 31.842889219000085], [35.54774535700017, 31.842854265000028], [35.54771662500008, 31.84285152100017], [35.54770527100004, 31.84285040900005], [35.547510704, 31.842831351000086], [35.54704864600012, 31.842826933000083], [35.54685550000016, 31.842824622000137], [35.54669339800006, 31.84282518900011], [35.54655255900002, 31.84284001700007], [35.54653828700009, 31.84284152000015], [35.546506924000084, 31.842842307000126], [35.546286590000136, 31.842853455000125], [35.54601772000012, 31.842863320000163], [35.5459242550001, 31.84285454800016], [35.54591525200016, 31.842853706000085], [35.545852426000124, 31.84284783100003], [35.545846720000156, 31.84284729400008], [35.54574178700011, 31.84283741300004], [35.54553787900011, 31.842734095000026], [35.545483313000034, 31.84262412400011], [35.54545806400017, 31.842573239000046], [35.54545185900008, 31.842560753999976], [35.54543029600018, 31.842517369000063], [35.54540198500007, 31.84226478700009], [35.54544604200004, 31.842029772000103], [35.545507508000185, 31.841862911000078], [35.545546619000106, 31.84182144900018], [35.545567203000076, 31.84179962700017], [35.54567935500012, 31.841680966000013], [35.54574646000003, 31.841613151], [35.54576905300007, 31.841590385000075], [35.545827219000046, 31.841531774000146], [35.54601259800006, 31.841395589000115], [35.54615026600004, 31.84130293000004], [35.54627757500003, 31.841222134000077], [35.546290089000024, 31.841214805000106], [35.54636603200015, 31.841170328000032], [35.54643587500016, 31.841129420000073], [35.54652694200013, 31.841069575000176], [35.54655915800015, 31.841048434000072], [35.54660434100009, 31.841018783000038], [35.54673854100014, 31.840926132000106], [35.54692194900008, 31.840771916000108], [35.546949521000045, 31.84074873200018], [35.546951332000106, 31.840746755999987], [35.54695313700017, 31.840744214000154], [35.546976752000035, 31.840708555000106], [35.547071671000026, 31.84056522600008], [35.547102091000056, 31.840395626000088], [35.547080578000134, 31.84015190400015], [35.54701066700011, 31.83989985300019], [35.54697906500019, 31.839742397000123], [35.54698234799997, 31.839671189000114], [35.546985342000085, 31.839606260000153], [35.54698549400007, 31.839602595000088], [35.54698663199997, 31.839598083000112], [35.54700260700014, 31.839532265000173], [35.547019487000114, 31.839462721000075], [35.54706387100009, 31.839319860000046], [35.547098200000164, 31.83924779200015], [35.54711891400012, 31.83920430699999], [35.5471390670001, 31.839161980000142], [35.5472072340001, 31.838932817000114], [35.547216274000164, 31.83887600500003], [35.54722839200008, 31.838800197000126], [35.547240972000054, 31.838721502000112], [35.54725029900004, 31.838621746000058], [35.54725432200013, 31.838578722000193], [35.54724997800008, 31.838548602], [35.547226046000105, 31.838382646000127], [35.54719452900002, 31.838248862000114], [35.5471562030001, 31.838103399000033], [35.54705524500008, 31.83784621799998], [35.54697553200015, 31.837712702000147], [35.54689580600012, 31.837576226000067], [35.54681961300014, 31.837457496000184], [35.54672597000007, 31.837306121000154], [35.54663934700011, 31.837178681000125], [35.54653962900005, 31.83701800800003], [35.54651283200002, 31.836974831000134], [35.54649390500015, 31.83694416400016], [35.54641780600019, 31.836759907999976], [35.54641047900003, 31.83674231300006], [35.54640094800004, 31.83667280600008], [35.54638929000015, 31.836587788000145], [35.546430837000116, 31.83654053500004], [35.546446661000175, 31.836522537000178], [35.54658080400014, 31.836370280000096], [35.54667802600005, 31.836324225999988], [35.546688912000036, 31.836319057000026], [35.546747563, 31.83629121100006], [35.54690565000004, 31.836279521000108], [35.546959151000124, 31.836284645000035], [35.54696723900008, 31.836285420000024], [35.5471341760001, 31.83630132600007], [35.54737176400005, 31.83636453300005], [35.54755206500016, 31.836424087000182], [35.5477105490001, 31.83647608900003], [35.547877601000096, 31.83652440300017], [35.548050271000136, 31.836562459999982], [35.548064603000114, 31.83656561900017], [35.54814389600017, 31.836590544000046], [35.54814640200004, 31.83659133200007], [35.54818172700004, 31.836591379000026], [35.548247144000186, 31.83660586000002], [35.54847557500017, 31.83660159500016], [35.54856278300008, 31.83657092599998], [35.54856673900008, 31.83656950700015], [35.548577289000036, 31.83656581600013], [35.54871263500007, 31.836518392000073], [35.54883977600019, 31.836439425000037], [35.548949145999984, 31.836330352000175], [35.54903642900001, 31.836138903000062], [35.54902665000003, 31.836082139000155], [35.54902382900008, 31.83606561400012], [35.549012358000084, 31.83599842800004], [35.54900169000007, 31.835935940000013], [35.548978079000165, 31.835797766000155], [35.548837692, 31.835638343000028], [35.548817489000044, 31.835615410000173], [35.54877056500004, 31.835562145000097], [35.54863841300016, 31.835442437000154], [35.54852810300008, 31.83533774900019], [35.548417983000036, 31.83524053000008], [35.548215378000066, 31.83512861600019], [35.54799069800009, 31.834982941000135], [35.54783669000017, 31.834889642000178], [35.54770448200003, 31.834799949000114], [35.54760430800013, 31.83473775900012], [35.547587853000095, 31.834727543000156], [35.54757230000013, 31.83471786200016], [35.54745760500015, 31.834586975000093], [35.54737779700014, 31.834380889000045], [35.54731092400016, 31.83405471100008], [35.547239999000055, 31.833931882000115], [35.547098528, 31.833790214000146], [35.54698279900009, 31.833692021000104], [35.5468287760001, 31.833594069000185], [35.54670885200011, 31.833523363000154], [35.54665505000008, 31.833491599000013], [35.54664897600014, 31.83348801300008], [35.5466475770001, 31.833486671000173], [35.54664135600018, 31.833480704000124], [35.54662412900012, 31.83346384200013], [35.54654279900012, 31.833384440000145], [35.54646543700011, 31.833215122000183], [35.546438849000026, 31.832982827000023], [35.54645767000011, 31.832845952000184], [35.54646345400005, 31.832803644000023], [35.546466997000095, 31.832777725000142], [35.54655257800016, 31.83252611400019], [35.54665240900016, 31.832363451000106], [35.546763763000115, 31.832182013000192], [35.546803946000125, 31.832110886000123], [35.546813295000106, 31.832094375000054], [35.546857909000096, 31.832017179000047], [35.54696293100005, 31.831801024000015], [35.54699752200003, 31.831645083000183], [35.546990563000065, 31.831500243000107], [35.546957364000036, 31.831448193000085], [35.546944897000174, 31.831428497000047], [35.54691567700007, 31.831382332000032], [35.54690723199997, 31.831368990000158], [35.5468956740001, 31.831363795000186], [35.54671430100012, 31.831282272000124], [35.54655091799998, 31.831241697000053], [35.54629174400003, 31.831231245000083], [35.546268967, 31.831230741000184], [35.54605759700013, 31.83124848700004], [35.54570854900004, 31.831260395000186], [35.54547451200011, 31.831217184000025], [35.54530099000016, 31.83106460800002], [35.54523661700006, 31.83093931700006], [35.54523649700002, 31.830939083000032], [35.5452318240001, 31.830924721000088], [35.54521680100004, 31.830877836000013], [35.54520228400014, 31.83083220700007], [35.54519109000012, 31.83079702000009], [35.54518726000015, 31.830745282000066], [35.54518224600008, 31.830677549000086], [35.545181373000105, 31.830664587000058], [35.54518102800017, 31.83066036100007], [35.54520815300003, 31.83054679300011], [35.54521891400009, 31.83050173600003], [35.54522380600014, 31.830494404000092], [35.545236810000176, 31.830474915000025], [35.545265351000126, 31.830379442000037], [35.545347293000134, 31.830308629000115], [35.54535779500014, 31.83029281900002], [35.545357827000146, 31.83029278500004], [35.54548348900005, 31.830132697000124], [35.54551187700008, 31.83011407099997], [35.54552877200018, 31.830102985000167], [35.545674167000186, 31.830007208000097], [35.545820255000024, 31.829920162], [35.54598687200007, 31.8298502560001], [35.54627926899997, 31.82973844900016], [35.54642961899998, 31.82968943900005], [35.5467302940001, 31.829584513000043], [35.54689673100012, 31.829511084000103], [35.54696248400012, 31.829482870000106], [35.54698522300015, 31.829473084000142], [35.546990002000086, 31.82947096000015], [35.54709168100004, 31.829427291000172], [35.547232271000155, 31.829326731000037], [35.54723704200012, 31.8293222100001], [35.547264999, 31.82929437600012], [35.54733517400007, 31.829224423000085], [35.54735528600014, 31.829204375000018], [35.54742400200013, 31.829082728000174], [35.547459942000046, 31.82888831500003], [35.54745113800004, 31.828690355000163], [35.54740968300007, 31.82849952700019], [35.547315385000104, 31.82830193400008], [35.547221354000044, 31.828132101000165], [35.54715173500006, 31.828003913000032], [35.54706970400014, 31.827820519000113], [35.546991684000034, 31.827605409000057], [35.54699085700008, 31.82737642700016], [35.54703500900018, 31.827216516000135], [35.54713608600008, 31.827053072000126], [35.5472061210001, 31.827007913000045], [35.54723636700015, 31.826988411000173], [35.54734702000013, 31.826917242000093], [35.54755831900013, 31.826836787000104], [35.547716687000104, 31.82677042199998], [35.547874955000054, 31.82667629700012], [35.547992635000185, 31.82658566100008], [35.54813612400005, 31.826375323000093], [35.54816427100019, 31.826263363000066], [35.54817330700001, 31.826227646000063], [35.548184284000115, 31.826184258000183], [35.5482120420001, 31.82601058], [35.54823985500019, 31.825805761000026], [35.54825138700011, 31.825618315000156], [35.54827101900014, 31.82543423100003], [35.54829490700013, 31.82528494100012], [35.54840774100006, 31.82499647700007], [35.54856726400004, 31.824566974000106], [35.548592284000165, 31.824502220000113], [35.54861271800007, 31.824449334000178], [35.548655214, 31.824334940000085], [35.548709489000146, 31.824191490000146], [35.548719461000076, 31.82416539400009], [35.54874602400008, 31.82402638200017], [35.548768033000044, 31.823860471000046], [35.548749371999975, 31.823675360000095], [35.54864496300013, 31.823556001000043], [35.54863520800012, 31.82355165900003], [35.548620773000096, 31.823530560000165], [35.54849122800016, 31.823487924000176], [35.54845469500003, 31.823471675000178], [35.54842826600009, 31.8234655440001], [35.548273162000044, 31.82342959800019], [35.54826908000007, 31.823429532000148], [35.5480853360001, 31.823426571000027], [35.54807401300019, 31.82342638900019], [35.548070317000054, 31.823426329000142], [35.54787150200019, 31.823442214000124], [35.54780929500009, 31.823458078000044], [35.54779779800015, 31.823461010000074], [35.54759597400016, 31.82351240900016], [35.547465366000154, 31.823541502000182], [35.547412813000165, 31.82355319300018], [35.54733116500017, 31.823571357000105], [35.54732371200015, 31.823573015000022], [35.54713967500015, 31.823613942000122], [35.546895653000036, 31.82363388900012], [35.54668771900003, 31.823638241000083], [35.54650228200006, 31.823611814000117], [35.546330158000046, 31.823523491], [35.54620303100006, 31.823373331000028], [35.546147160000146, 31.82313506200012], [35.54614336000003, 31.823118856], [35.54614259800013, 31.823110397000107], [35.54611035200014, 31.822752430000094], [35.54610541000011, 31.822617447000027], [35.54610890700013, 31.822351254000125], [35.546103684000116, 31.822297626000136], [35.54609314200013, 31.822189385000115], [35.54609263499998, 31.82218600500005], [35.54608873500001, 31.822157128000015], [35.54607414599997, 31.82204711500009], [35.54606849100014, 31.822034869000163], [35.54605787100013, 31.82201184700017], [35.54600129199997, 31.8218892000001], [35.54586067700018, 31.821750630000167], [35.54569292800005, 31.821639184000162], [35.545412561000035, 31.821601308000083], [35.54524142399998, 31.821649244000128], [35.545231861, 31.821651947000078], [35.545219514000166, 31.821660857000097], [35.545128815, 31.821726477000027], [35.54510269200006, 31.821745396000097], [35.54506066700009, 31.821775833], [35.54502430600019, 31.821825238000088], [35.54500154200008, 31.82185616800018], [35.54497671200011, 31.82188145800012], [35.544955064000135, 31.821919418000107], [35.54492225500013, 31.821963976000063], [35.544813161000036, 31.822112137000147], [35.54476398500003, 31.822251206000033], [35.544656014000054, 31.822425092000174], [35.544576725000184, 31.822531837000042], [35.54454925400012, 31.82256882100006], [35.544536691000076, 31.82257410200009], [35.544518651000146, 31.82258168400017], [35.54451349400017, 31.82258385199998], [35.54438563200006, 31.822641818000193], [35.544191274000184, 31.82265782700017], [35.54403278300009, 31.822596521000094], [35.543874138000035, 31.822492658999977], [35.543720034000046, 31.822365815000182], [35.54360651500019, 31.822234920000085], [35.5434657510001, 31.82205393300012], [35.543248040000094, 31.821861590000083], [35.543116576000045, 31.821742296000025], [35.542971633000036, 31.821684897000125], [35.542691400000024, 31.82173043800009], [35.54268249200004, 31.821731869000132], [35.542674590000104, 31.82173766600016], [35.5426332290001, 31.82175553000019], [35.54246817700016, 31.82189010700006], [35.542461924000065, 31.82189477300011], [35.542458302000114, 31.82189760100016], [35.54230846600018, 31.822041581000178], [35.54216885700009, 31.822184689000096], [35.54208576500014, 31.822255642000187], [35.541945085, 31.822375783000098], [35.541742158000034, 31.822488194000073], [35.54157932100014, 31.822504116000175], [35.54142110800012, 31.82247366500019], [35.54122175700002, 31.82238540600008], [35.54105844500003, 31.822219974000063], [35.540922376000026, 31.822058274000028], [35.54085388800007, 31.82187329200019], [35.540830498000105, 31.821653387000026], [35.54087925900012, 31.82139482700012], [35.54091035700003, 31.82122875000016], [35.54098205400004, 31.821062710999968], [35.54103104800015, 31.82091688200012], [35.54108016200013, 31.82075850700005], [35.54115150400003, 31.82049213900001], [35.54122753200005, 31.820244920999983], [35.54125149400011, 31.82020647200011], [35.54126297900007, 31.820188041999984], [35.541291204000174, 31.82014287700008], [35.54138933800016, 31.819986069000095], [35.54141067100005, 31.819952335000153], [35.54144423300016, 31.81989942600012], [35.54149716100011, 31.81981598800013], [35.541690596000024, 31.819541554000182], [35.54180314900003, 31.819402462000028], [35.541933661000144, 31.819255434000127], [35.54211833500017, 31.81906979400003], [35.54227593800016, 31.818884225000033], [35.54237505500009, 31.81877208300017], [35.54252367700013, 31.818613453000182], [35.54270511600009, 31.818401189000042], [35.54285786500003, 31.818149966000135], [35.542883491000055, 31.818089961000055], [35.54293871500016, 31.81796065000009], [35.54293922200014, 31.81794977500016], [35.54294699400003, 31.81778322100007], [35.54291941900016, 31.817640546000064], [35.54282386799997, 31.81745549500016], [35.54269699000014, 31.81737099500009], [35.54249777500013, 31.81731754400016], [35.54208663500003, 31.817349468000145], [35.54185621500011, 31.817384731000118], [35.541607819000035, 31.817470345000118], [35.54142725200006, 31.81750928200006], [35.54125093200008, 31.817536791000123], [35.54106105500006, 31.81751022900005], [35.540911718000075, 31.817468199000132], [35.540639962000114, 31.817341656000053], [35.54040905000005, 31.817237976000172], [35.54017824800013, 31.817165297000088], [35.53998835600004, 31.81713492500006], [35.53979981100014, 31.81711159700012], [35.53979466100009, 31.817110971000034], [35.539772569000036, 31.817108287000167], [35.53967069000004, 31.817092060000164], [35.539655342, 31.817089634000126], [35.53953297800018, 31.817070293000086], [35.53947314200002, 31.81702380400003], [35.539466454000035, 31.817018608000126], [35.539415714000086, 31.816996331000155], [35.53940986000015, 31.816974647000166], [35.53940128200014, 31.81696799500014], [35.53936964900009, 31.816943467000044], [35.53935111600009, 31.816789075000088], [35.53939112900008, 31.816623116000073], [35.539449400000024, 31.816487973], [35.53953935700008, 31.816352606000123], [35.53972901800006, 31.8160843820001], [35.539860048000094, 31.81594397700013], [35.54002018800003, 31.815821958000072], [35.54022793400014, 31.815721796000105], [35.54041755600019, 31.815677624000045], [35.54060725699998, 31.81565543400012], [35.54079708100005, 31.815667344000076], [35.54103095600016, 31.8157228230001], [35.54121695300017, 31.815773776000185], [35.541224181000075, 31.81577575700004], [35.54137757700016, 31.815817789000164], [35.54141104800016, 31.815826961000027], [35.541455155000165, 31.815838966000058], [35.541464405000056, 31.81584162000007], [35.541637281000135, 31.815867663], [35.54189261600004, 31.81583276000009], [35.54203107100005, 31.815738974000112], [35.542066942000076, 31.81557063200006], [35.54201293100016, 31.81538565400001], [35.5420114800001, 31.81538068400016], [35.54182060400012, 31.815072720000046], [35.54168903000004, 31.814894280000033], [35.54165560900003, 31.814848954000013], [35.54153463600011, 31.814705958000104], [35.541377001000114, 31.814510074000054], [35.54123016000011, 31.81428612000019], [35.541169235000154, 31.81417637700008], [35.54115376200019, 31.81414850500005], [35.54114562300015, 31.814133729000105], [35.54110152900006, 31.813984898000115], [35.541111935000174, 31.81384776300007], [35.541175797000164, 31.81370738900017], [35.54118431200004, 31.813688766000155], [35.54119205000018, 31.81368423700019], [35.54136281899997, 31.813582339000106], [35.54169862400016, 31.81357836900014], [35.541884946000096, 31.813627771000142], [35.54218464900015, 31.81372661800009], [35.54236356600012, 31.81378223700017], [35.54260832700004, 31.813837685000124], [35.54289687199997, 31.81386187900017], [35.54313759600018, 31.813848709000126], [35.54336386000011, 31.813807679000092], [35.54352302400014, 31.81373793600011], [35.54369410300012, 31.81363152500012], [35.543814065000106, 31.813491003000024], [35.5438375170001, 31.813403858000186], [35.54384055500003, 31.813392625000063], [35.54386131700011, 31.813315847000126], [35.54386455300005, 31.813303880000092], [35.543866621, 31.813282532000073], [35.54388206100009, 31.81312318300013], [35.54388027800019, 31.813047655000105], [35.54387933600009, 31.813007782000113], [35.54387779400014, 31.812945644000138], [35.543859018000035, 31.812771241000178], [35.543792717000144, 31.812596965000125], [35.543705319000026, 31.812475442000107], [35.543701830000145, 31.81246911100004], [35.54368017000013, 31.812440989000038], [35.54357997400001, 31.812310901000103], [35.54347725100013, 31.812195901000166], [35.54331606500011, 31.812021871000127], [35.543162343, 31.811903902000097], [35.54304717100007, 31.81184026800014], [35.54301105000019, 31.81182031100019], [35.543003114999976, 31.81181596400006], [35.542920938, 31.811770522000074], [35.54290359000004, 31.81176422500016], [35.54288500500019, 31.81175744900014], [35.54263227500002, 31.811665305000133], [35.542248572000176, 31.81151679200019], [35.54207674500009, 31.811458054000127], [35.54193919700009, 31.81138767300007], [35.541814773000056, 31.81129442800011], [35.54175584700016, 31.811151273000064], [35.54176368500009, 31.811135055000136], [35.54176764300007, 31.811126865000176], [35.5418352960001, 31.81098605600016], [35.54199159400008, 31.810854744000153], [35.542007022000064, 31.810841725000046], [35.54201018700007, 31.8108390540001], [35.54202445600009, 31.810832081000115], [35.54205260800012, 31.810818323000035], [35.54219600400012, 31.810748246], [35.542352700000095, 31.81068245600011], [35.5423874760001, 31.810668713000098], [35.54245750300015, 31.81064103800003], [35.54257499500011, 31.810594654000113], [35.5427572590001, 31.81052569600007], [35.54276862300014, 31.81051918600008], [35.54278179500017, 31.81051172100007], [35.542917496000086, 31.81043481500012], [35.54296677800011, 31.81038162700014], [35.542986209, 31.810360656000114], [35.54301580000009, 31.81032873200013], [35.54305459400007, 31.810240560000125], [35.54308283600011, 31.810176581000064], [35.54308454800008, 31.81017270300009], [35.543105908000086, 31.810007639000105], [35.543111342000145, 31.809941954000124], [35.543119829000034, 31.809839352000154], [35.54311991600014, 31.809817029000158], [35.54312051700009, 31.809662222000043], [35.54310486000014, 31.80951618300014], [35.54309781699999, 31.809450488000095], [35.543077102000154, 31.809333726000034], [35.54306668900011, 31.809282459000144], [35.54306032700009, 31.80925669000004], [35.54303332600011, 31.80914719000009], [35.54302365799998, 31.809107981000125], [35.542993918000036, 31.808958548000078], [35.542989169000066, 31.808834556000136], [35.542986638000116, 31.80876847500008], [35.54298662300005, 31.80876396700006], [35.54298751900012, 31.808644892000075], [35.542987833000154, 31.808598452000126], [35.54298859900001, 31.80848495300006], [35.543017050000174, 31.80827308500011], [35.54303470200006, 31.80813283100008], [35.5430741780001, 31.80791149500004], [35.543076975000076, 31.807677853000087], [35.543061787000056, 31.807537684000124], [35.54302376600003, 31.807333599], [35.54297059300012, 31.807248555000115], [35.5429593770001, 31.807230617000187], [35.54292435900004, 31.807174625000187], [35.54276239100017, 31.807009755000024], [35.54261435100017, 31.806863167000188], [35.54253470000003, 31.806784322000112], [35.54245524600003, 31.80671435200003], [35.54237266500007, 31.80664166200006], [35.542352452000046, 31.80662387000018], [35.54233902100009, 31.806609094], [35.542292648000114, 31.806558079000183], [35.54219060500009, 31.806445895000138], [35.54207434600016, 31.80628090600004], [35.541978266, 31.80612882700018], [35.54193920500006, 31.80595687200008], [35.54193283500007, 31.805928566000034], [35.54193534000018, 31.805889807000085], [35.54194036000007, 31.805810057000087], [35.541947991000086, 31.805688832999977], [35.54197496500018, 31.805642409000086], [35.54198718700013, 31.805621374], [35.54198897600003, 31.805614042000116], [35.541994402000114, 31.80560881400004], [35.54200361799997, 31.805592929000056], [35.542049343000144, 31.80551411800019], [35.54220110300008, 31.805360974000166], [35.54237827700018, 31.805255676000115], [35.54257043500007, 31.805141602000106], [35.54273233900017, 31.805058182000153], [35.54282037900015, 31.805015484000137], [35.5428573640001, 31.804997547000028], [35.542904309000164, 31.804974737000066], [35.54306124800007, 31.804886965000094], [35.54330390600012, 31.80472921300003], [35.543440517000136, 31.804632755], [35.54356193200016, 31.804532108000103], [35.543724913, 31.80438090800004], [35.54382103700016, 31.804267221000146], [35.543913228000065, 31.804162141000177], [35.543933616000174, 31.804141374000153], [35.54403846400015, 31.804022454000062], [35.54405490800008, 31.80399972000015], [35.54416489200008, 31.803847671000085], [35.54431649000003, 31.803651125000158], [35.544452927000066, 31.803506895000112], [35.544639895000046, 31.80332773000015], [35.54479234100006, 31.80318646300009], [35.54483905300003, 31.803143177000038], [35.54485088700011, 31.803130039000052], [35.54500390600009, 31.803008454000178], [35.54528188100005, 31.80276352400017], [35.54543342500017, 31.802645466000172], [35.54560453600004, 31.80250804999997], [35.545641726999975, 31.802480332000187], [35.54569491800004, 31.802435061999972], [35.54579717900009, 31.802348030000076], [35.54600943600013, 31.802181760000167], [35.54609492200012, 31.802107728000067], [35.546135599000024, 31.80207250100011], [35.54628363299997, 31.801942755000027], [35.546324754000125, 31.801906855000084], [35.54638636400006, 31.801833278000117], [35.54644835300013, 31.80175915800004], [35.54649644200009, 31.801701657000137], [35.54660251200016, 31.80155764600005], [35.54681957600019, 31.80126087399998], [35.546856043000105, 31.801206755000067], [35.54690803700015, 31.801129595000077], [35.54692543500016, 31.801103761000036], [35.54711227700017, 31.80084638400018], [35.54717780400017, 31.800715586000024], [35.54721282700012, 31.80063630000018], [35.54722928800015, 31.800598997000066], [35.54724326899998, 31.8005673130001], [35.54732890100013, 31.80038418200013], [35.5474550130001, 31.800170507000132], [35.54753571900005, 31.800039667000135], [35.54758072800013, 31.799992051000117], [35.54760048200018, 31.799971153000115], [35.54773756700001, 31.79982579099999], [35.54786366300016, 31.799699200000134], [35.54798473500006, 31.79959869100003], [35.54805823200019, 31.79952747800013], [35.548097815000176, 31.799489073000018], [35.54815129400009, 31.799437187000024], [35.54819166400006, 31.79940167000018], [35.548220373, 31.799376412000072], [35.54829471600004, 31.79931097400015], [35.548483422, 31.799115169000174], [35.54853914500012, 31.798920421000048], [35.54851992300013, 31.798806331000037], [35.54851273500003, 31.798763713000085], [35.54847001300004, 31.79851040300008], [35.54835787400009, 31.798207596000168], [35.54831036000007, 31.798072303000083], [35.54824068800019, 31.797787277999987], [35.548248686000136, 31.79762633400003], [35.54828652600008, 31.797414019000144], [35.54829259900015, 31.797396958000036], [35.54829942900017, 31.797377770000082], [35.54829933600007, 31.797351982000066], [35.54832785100001, 31.797298079000143], [35.548342741, 31.797256169000036], [35.54835430999998, 31.79722360500017], [35.5485033600001, 31.79696717100012], [35.54859723200019, 31.796827983000128], [35.548703715000045, 31.79666311500017], [35.548797381000156, 31.796512934000077], [35.54892102000019, 31.796348020000096], [35.54893168700005, 31.796334560000048], [35.548971935000054, 31.79628377100005], [35.54898686900003, 31.796260901000096], [35.54901003800006, 31.796235759000183], [35.54905521700016, 31.79617863800013], [35.54905750600011, 31.796175744000095], [35.549155553000105, 31.796051058000046], [35.54937756400011, 31.795760471000108], [35.5496160940001, 31.795475053000075], [35.549735234000025, 31.79534340500004], [35.54988452500004, 31.79520054400001], [35.549991024000064, 31.795086968000078], [35.55033601700012, 31.794724468000084], [35.55045113700004, 31.79462185800014], [35.55060016800019, 31.79445349500014], [35.55069393600013, 31.79433276200018], [35.55083439900011, 31.79416794200006], [35.55093233100007, 31.794058052000025], [35.55104738000006, 31.793937123000035], [35.551196435000065, 31.79377594500005], [35.55129438000006, 31.79366971600001], [35.55140929200019, 31.793556115000115], [35.551568621000115, 31.793362358000024], [35.551696172000106, 31.79318658], [35.55181074900008, 31.79298180800015], [35.551869991, 31.79285017700016], [35.5519268970001, 31.792682770000056], [35.551933324000174, 31.792663862000097], [35.551954539000064, 31.792419602000166], [35.551952074000155, 31.792358148000062], [35.55194854900009, 31.79227025000006], [35.55193871900019, 31.79201888600005], [35.55190355800005, 31.791833398000165], [35.55183289300015, 31.791367723000064], [35.55180493300014, 31.791150945000084], [35.551801479, 31.79112416900017], [35.551780643000086, 31.790975135999986], [35.55174478400005, 31.79077936500005], [35.55172340500013, 31.79066260200011], [35.55170659400005, 31.790577394000138], [35.551701912000055, 31.79056007500003], [35.551681294000105, 31.79048360900009], [35.55166846200012, 31.790436019000083], [35.55165437400018, 31.79039701400012], [35.551636631000065, 31.790347893000046], [35.55159429400004, 31.79023020300008], [35.55143918000016, 31.789905104000127], [35.55137650300003, 31.78977380000009], [35.551374772000145, 31.789770360000148], [35.55117458700005, 31.78937259200012], [35.55098951499997, 31.78902009600006], [35.55086947400008, 31.78881186300015], [35.55055950100012, 31.788183366000112], [35.55048639900008, 31.78804335100017], [35.55037649800016, 31.787836680000055], [35.55034138400009, 31.78777064600007], [35.550156227000116, 31.78748480100012], [35.55003758700008, 31.787296997000055], [35.54998122300003, 31.78722095800009], [35.54988622100018, 31.787092792000124], [35.549791858000106, 31.786957483000037], [35.549701910000124, 31.786811028999978], [35.54969037900014, 31.78678968500003], [35.54966686600005, 31.78674616100011], [35.549624680000136, 31.78666834900008], [35.54953458000011, 31.786525700000084], [35.54943601400015, 31.78636856100013], [35.549337450000166, 31.786211560000027], [35.549198246000174, 31.785994217999985], [35.54915179700015, 31.785922616000107], [35.549060865000115, 31.78578237800008], [35.549058394000156, 31.785778567000193], [35.548964202000036, 31.78564410399997], [35.5488743570001, 31.78548003600008], [35.54877151200003, 31.785279648000028], [35.54869449100016, 31.78514894100016], [35.54861745500017, 31.785014430000103], [35.54853623300005, 31.784861895000176], [35.54848048300005, 31.78472733000018], [35.54842055200015, 31.78457811800007], [35.54837340400013, 31.784450858000184], [35.54835281000004, 31.78434593900016], [35.54834600800018, 31.784311284000182], [35.54832180500006, 31.784187484000086], [35.548300219000055, 31.784011681000038], [35.54826861100008, 31.783620164000013], [35.54825928500003, 31.783322438000084], [35.54825864900016, 31.78300947100007], [35.54823646800003, 31.782623848000185], [35.54822727800013, 31.782318511000085], [35.54823062000008, 31.782147575000124], [35.548231066000085, 31.782134043999974], [35.54823244500011, 31.782104590000074], [35.54824039199997, 31.781930542000055], [35.54824116500015, 31.781915461000096], [35.548242846, 31.78187896100013], [35.5482933240001, 31.78155937400004], [35.54829913800006, 31.78152497500014], [35.54831674300016, 31.781420796000134], [35.548324176000165, 31.78137779600013], [35.548341305000065, 31.781278548000103], [35.54840696500003, 31.781006691000073], [35.54842063600017, 31.78094379400011], [35.548443312000074, 31.78083947300007], [35.54848690400013, 31.780668710999976], [35.54854002899998, 31.780534137000075], [35.54864003200004, 31.78026994400011], [35.548705531, 31.780136182999968], [35.548757508000165, 31.780003304000104], [35.54883034000011, 31.779844019000166], [35.548894663000056, 31.779658547000054], [35.54895022300019, 31.779512695999983], [35.54897341300017, 31.779457782000065], [35.54902153300003, 31.779343834000088], [35.54902267700015, 31.77934101200003], [35.549030856, 31.77932224900013], [35.54909580700013, 31.779173411999977], [35.54918097400002, 31.779004796000095], [35.54923620100004, 31.778858381000134], [35.54930432499998, 31.77867515300005], [35.549389346, 31.77846623400012], [35.54947451100003, 31.778297335000047], [35.54957235200004, 31.778121074000126], [35.5496487850001, 31.777999827000144], [35.54976796100016, 31.777794058999973], [35.54984879300008, 31.777658003000113], [35.549946493, 31.77748893000006], [35.55005706400004, 31.777275856000188], [35.550180405, 31.777080926000053], [35.55036903500019, 31.77678718300018], [35.550496496000164, 31.776592240000127], [35.55058151600008, 31.776474353000026], [35.55069211800014, 31.776316095000084], [35.550840871000105, 31.776124620000132], [35.55094706200009, 31.775977363000152], [35.551061981000146, 31.775826422000193], [35.551236245000155, 31.775620081000056], [35.55144447900017, 31.775365882000074], [35.55175479900009, 31.77501558800003], [35.55192484700012, 31.774875207000093], [35.5521460330001, 31.77469044200018], [35.552384114000176, 31.77447998600013], [35.55255847900014, 31.77434677600013], [35.55261637100011, 31.7743002630001], [35.552689613000155, 31.77424154200014], [35.55281412300013, 31.774141719000113], [35.552845806, 31.774116318000097], [35.552867684000034, 31.77409949200012], [35.55300782800009, 31.7739917400001], [35.5531850270001, 31.773868106000123], [35.55336217200011, 31.773730101000183], [35.553500443000075, 31.773606429000097], [35.55372737800013, 31.77341629300014], [35.55387121900003, 31.77328316500018], [35.554015044000096, 31.77314524800005], [35.554136836000055, 31.77302641200015], [35.55429726600005, 31.77287435600016], [35.55447425200009, 31.772693793000087], [35.554629074000104, 31.772541611000065], [35.55475074200007, 31.772389663000126], [35.55485013500004, 31.772280326000043], [35.55489751700003, 31.772202414000162], [35.554915426000036, 31.77218320200018], [35.55492571700006, 31.77215626100019], [35.554971626000054, 31.772080889000165], [35.55497636100017, 31.77202310000007], [35.55497826900017, 31.771999829000038], [35.5549851020001, 31.771916516000147], [35.55498756700001, 31.77188645500007], [35.55497471900003, 31.771848163000072], [35.55490334400008, 31.771635432000153], [35.55473594400007, 31.771417816999985], [35.554588341000056, 31.77119792500008], [35.55456726600016, 31.771166528000094], [35.55451800700007, 31.771093033000113], [35.554388437, 31.77098015600012], [35.55422544700019, 31.770839117000094], [35.55408247500009, 31.770714933000136], [35.55397879700007, 31.77060022500001], [35.553962567000156, 31.77058223300014], [35.553894202000095, 31.770471869000062], [35.5538558720001, 31.770409827000094], [35.55381733400009, 31.770336303000022], [35.55378909600006, 31.770282692000137], [35.55372557700008, 31.77009882700014], [35.55367498300012, 31.769886675000123], [35.55366091500002, 31.769648991], [35.55366012400009, 31.76943388899997], [35.55367218900011, 31.769171050000182], [35.55369576700008, 31.76903409100015], [35.55369918500003, 31.769021259000112], [35.55371026400013, 31.76898452], [35.55378001600002, 31.768754713000078], [35.55380746200018, 31.768682773000023], [35.553824373000054, 31.768638220000128], [35.553852223000035, 31.76856484900003], [35.55394428500006, 31.768346679000103], [35.55401337000018, 31.768204945000093], [35.55408245100011, 31.76806328100008], [35.55419770700007, 31.767873300000076], [35.554280008000035, 31.76773724000003], [35.554319215000135, 31.767589949000183], [35.55433538600016, 31.76745688200009], [35.55434800800015, 31.767301138000164], [35.55435752400001, 31.767063532000066], [35.55433707800012, 31.766930564000063], [35.554280052000024, 31.766718429000036], [35.55418622400009, 31.766455455000084], [35.554105725000056, 31.766183916000102], [35.55403857700003, 31.76595483000017], [35.553978151000024, 31.76575975500009], [35.55392116900009, 31.76555889300016], [35.553874168, 31.765425997000193], [35.553820507000125, 31.765230833000032], [35.5537729830001, 31.765090046000182], [35.55369267300017, 31.76486952100015], [35.553625757000134, 31.764702717000034], [35.553548973000034, 31.76454439600019], [35.553481994000094, 31.76436061000004], [35.553338423000184, 31.76406944300004], [35.55322472600011, 31.76378390400015], [35.55314072100015, 31.763589597000134], [35.552858404000176, 31.762973288000012], [35.55269479300006, 31.762658006000038], [35.5516896740001, 31.760769232000087], [35.55168939400005, 31.76076870600008], [35.55167570000003, 31.760767262000115], [35.55166695500009, 31.760766369000123], [35.551424252000174, 31.76074108800009], [35.55047187400004, 31.760627508000084], [35.550166126000136, 31.760591047], [35.550161211000045, 31.76059106000008], [35.54872895500017, 31.760594853000157], [35.54675296800019, 31.760600060000115], [35.545315798000104, 31.760603827000182], [35.544834018000074, 31.760781651000173], [35.54405987100006, 31.761067332000096], [35.54356007900009, 31.761282400000084], [35.54298370900017, 31.761530427000082], [35.54242050600004, 31.761772712000152], [35.54190736700008, 31.761993446000133], [35.541902923000066, 31.761992194000015], [35.54152632600011, 31.76188606900007], [35.540828468000086, 31.761689393000097], [35.54082401800008, 31.761689880000063], [35.54034392600016, 31.76174242800016], [35.53939181900017, 31.76184654800005], [35.53869083900008, 31.761933883000097], [35.53813477200015, 31.76200315700015], [35.53714099000018, 31.762218054000073], [35.53669881200017, 31.762313664000146], [35.53508237300008, 31.76247122900014], [35.534658614000136, 31.762552764000077], [35.53346662000007, 31.76278208700012], [35.5323898530001, 31.76309163900015], [35.53203011500017, 31.763277210000126], [35.53149321800004, 31.763554186000135], [35.53077566000019, 31.763862824000114], [35.53005809700005, 31.764171459000124], [35.529412643000114, 31.764587357000096], [35.529341051000074, 31.764633474000107], [35.52772524400007, 31.76494432800007], [35.526827007000065, 31.764946550000047], [35.52682610900018, 31.764946297000108], [35.52574796000005, 31.764642370000104], [35.52520718700015, 31.764413166000168], [35.525028306000024, 31.764337298999976], [35.52475511500006, 31.764221506000126], [35.524308660000145, 31.76403222400006], [35.52391457400006, 31.763965904000088], [35.52340992100011, 31.76388103700009], [35.52304829600013, 31.76380477200007], [35.52269079700011, 31.763729338000076], [35.52225413300005, 31.763507052000136], [35.52179103900011, 31.76327130100009], [35.52178617900006, 31.763272145000144], [35.521720652000056, 31.76328352200011], [35.52089332999998, 31.76342686600009], [35.51981888600011, 31.76450344500006], [35.51820355000001, 31.764967564000187], [35.51640707800004, 31.764971869000078], [35.5146106040001, 31.764976147000084], [35.514607319000106, 31.764975899999968], [35.513845608000054, 31.764918637000164], [35.51263385800013, 31.764827440000147], [35.51263342100003, 31.764827665000098], [35.51180889900019, 31.765252763000092], [35.5117371070001, 31.765289780000046], [35.51101996, 31.76575176300014], [35.510124175000044, 31.76652092800009], [35.508463287000154, 31.767001307000157], [35.507684116000064, 31.767003117000115], [35.507682515, 31.767002848000175], [35.50690468800008, 31.766871900000183], [35.506877234000115, 31.766848573000118], [35.506357761000174, 31.76640744100007], [35.50588822600014, 31.765743198000052], [35.505506321999974, 31.765353956000183], [35.50510671500007, 31.76494664700016], [35.50440243700007, 31.763950308000062], [35.50421217700011, 31.763711120000153], [35.50400552400015, 31.76345153600016], [35.503769936000026, 31.762853328000062], [35.50367471100003, 31.7625713650001], [35.503612782000175, 31.76238796600012], [35.50337678200003, 31.761656666000135], [35.50337365600012, 31.760658716000023], [35.50337094700012, 31.759793859000126], [35.50321782400016, 31.75877025200009], [35.5032117610001, 31.758729753000182], [35.503208845000074, 31.757798314000127], [35.502817427000025, 31.75720045900016], [35.502348793000124, 31.75680231900003], [35.501957177000065, 31.75613788000004], [35.50187664200007, 31.75527320000009], [35.501717892000045, 31.754342115000043], [35.501170818000105, 31.753744609000194], [35.501167014000146, 31.75374137800003], [35.499999305000074, 31.752749303000087], [35.4992955890001, 31.75188602700007], [35.498435018000066, 31.750690399000064], [35.49788146500015, 31.749634004000143], [35.497808145000135, 31.74949424200014], [35.49694598800011, 31.74776636900009], [35.49608447400004, 31.74623809800005], [35.495145152000134, 31.744709992000082], [35.49381577300005, 31.742983203999984], [35.492642670000066, 31.741389014000106], [35.49260874700019, 31.741349561000106], [35.492234114000155, 31.74091397100011], [35.492163623000124, 31.740832043000125], [35.49197597700004, 31.740613897000173], [35.4919552930001, 31.740589774000057], [35.49178818300015, 31.74040039800019], [35.49162749500016, 31.74020868300005], [35.491616243000124, 31.74019560300019], [35.49126908700015, 31.739791937000177], [35.49115772900018, 31.739662469000166], [35.49057593000009, 31.739036317], [35.4899855380001, 31.73840102300005], [35.4890481810001, 31.737471613000082], [35.488679017000095, 31.73697864900015], [35.488500892, 31.736740958999974], [35.488011695000125, 31.736136507000083], [35.487640996000096, 31.7356783460001], [35.48631480700004, 31.733822887000144], [35.48631149500011, 31.733818313000143], [35.484981267000194, 31.73169221900008], [35.48466743800009, 31.731106329000056], [35.484198277000075, 31.730230205000055], [35.48380515600013, 31.728966962000072], [35.48356726600019, 31.727503850000176], [35.48353616500003, 31.727411758000187], [35.48325311400015, 31.72657306800005], [35.48289763300011, 31.725883620000047], [35.48270480500014, 31.72550975900009], [35.481799505000026, 31.72419404500016], [35.48167494400013, 31.72405036400005], [35.48077806800018, 31.72301575299997], [35.48070578200003, 31.722932271], [35.479871797000044, 31.72209043400011], [35.47820651900008, 31.72040934800009], [35.475706920000164, 31.718011575], [35.47516142600011, 31.717488282000147], [35.47460373000018, 31.716902587999982], [35.473833744000046, 31.716093906000083], [35.4734658750001, 31.715885402000026], [35.47289789000007, 31.71556351600003], [35.471494088999975, 31.71351034800017], [35.46984800100006, 31.71186285700003], [35.46840147199998, 31.71137157900006], [35.46791490300018, 31.71120634500005], [35.466474689000165, 31.711147719000166], [35.46598357200014, 31.711127701000123], [35.4654359380001, 31.71099541400008], [35.46429152200011, 31.710718881000048], [35.46094248500003, 31.71011226400003], [35.45926535299998, 31.708786971000052], [35.45746752600019, 31.707053019000114], [35.45681595600013, 31.706433254000103], [35.455430060000026, 31.705115171000045], [35.453513668000085, 31.703687951000063], [35.45243415200014, 31.702259196000057], [35.45238654400009, 31.701822235000066], [35.45231175800012, 31.701135268000144], [35.452307018000056, 31.699295687000074], [35.45218541700007, 31.698478319000117], [35.45185848400007, 31.69837733600002], [35.450869451000074, 31.698071921000064], [35.45074681800014, 31.69684575600013], [35.45074184700013, 31.694904008000094], [35.450411246000044, 31.69400635700015], [35.450139901000114, 31.693269943000132], [35.44939285700008, 31.692443167000135], [35.44894133200012, 31.691943542000104], [35.44809814100006, 31.689390079000077], [35.44665358500009, 31.685304755000118], [35.446537299000056, 31.685131711], [35.44588408600015, 31.684159036000096], [35.44543027000003, 31.68344562900012], [35.445167547000096, 31.68303245100003], [35.44525518200015, 31.682227162000117], [35.44530264500008, 31.681437450000146], [35.445328121000045, 31.681014793000088], [35.44542439100019, 31.68076597000004], [35.44604066100004, 31.679173820000074], [35.44699442300009, 31.678252305000115], [35.44732816800007, 31.677883614999985], [35.44782853400005, 31.67733093300012], [35.447953169000186, 31.67650725500016], [35.448030386000084, 31.67615580600011], [35.448064271000135, 31.676001933000123], [35.44817552400019, 31.675752304000127], [35.44834494300005, 31.67537229100003], [35.44843865900003, 31.67516060100013], [35.44854663200016, 31.674916686000074], [35.448846870000125, 31.674273056000118], [35.44903864800017, 31.674005309999984], [35.44914680800008, 31.673772242999974], [35.44924022000015, 31.673571335000076], [35.44921319300016, 31.672921052000163], [35.44906000500009, 31.672487808000028], [35.44895746200007, 31.672011064], [35.44890522700007, 31.671425864000128], [35.44871442100009, 31.670840637000083], [35.44857326900012, 31.670407650000072], [35.44851955400003, 31.66923715400003], [35.44856717200008, 31.668001362999973], [35.448502745000155, 31.667675189000192], [35.448438657, 31.667351270000097], [35.44840677600013, 31.66718948600004], [35.448387416000116, 31.667091232000075], [35.44824660400019, 31.666984748000175], [35.44815878000003, 31.666918255999974], [35.44801662200018, 31.666800290000026], [35.447663619000025, 31.666507273000036], [35.447329153000055, 31.66637803500015], [35.44710535600012, 31.66629157], [35.44671969600017, 31.66604877700007], [35.44652150200011, 31.66592407600018], [35.44636619000005, 31.665750049000053], [35.44603855000014, 31.66538306500007], [35.446017052000116, 31.665286085000048], [35.445961725000075, 31.665036339000153], [35.44589889100018, 31.664749126000117], [35.44588139000007, 31.66466911700013], [35.445893389000105, 31.66445990300008], [35.445908864000046, 31.66419100500019], [35.44589981400003, 31.66413056900018], [35.44585724900014, 31.663844233000134], [35.44567920900016, 31.663606126000047], [35.44537452600008, 31.66338988299998], [35.445316327000114, 31.663175935000083], [35.445297870000104, 31.66310818800008], [35.445296949000124, 31.662739694000095], [35.44516917100003, 31.662306394000154], [35.44476305800009, 31.662112037000156], [35.444026905000044, 31.661636442000145], [35.44354420500008, 31.66118208500012], [35.44323889100019, 31.660705706000044], [35.443110373000025, 31.65996887000017], [35.443134323000095, 31.659727226000086], [35.44315988000017, 31.65947021600016], [35.44322654300004, 31.659312197000133], [35.44326061100003, 31.659231601000045], [35.44329511000012, 31.65919201100013], [35.44363977700016, 31.658797312000047], [35.44390530700008, 31.65858009900012], [35.44395556600006, 31.658384908000073], [35.44391455100015, 31.658322132000023], [35.443828226, 31.65819004000008], [35.44352378000008, 31.65806052500011], [35.44348576700003, 31.657945325000185], [35.44345555400008, 31.657853361000036], [35.44334517000004, 31.657518882000147], [35.443318995000084, 31.657193764000056], [35.44335800100009, 31.65697900400005], [35.44339392100005, 31.65678172700018], [35.443545174000064, 31.656456285000104], [35.44367132500008, 31.65623925700004], [35.44365859100009, 31.656152614000064], [35.44364569000004, 31.656065903000126], [35.44355235500018, 31.656029858000068], [35.44336651000003, 31.65595804500009], [35.44285959900009, 31.655893928000182], [35.44275195400013, 31.6558670660001], [35.44242852800005, 31.655786270000135], [35.44212398500014, 31.655613422000044], [35.441810483000154, 31.655346384000154], [35.441768385000046, 31.655310598000028], [35.44148844600005, 31.655092891000095], [35.4413385740001, 31.654976338000097], [35.44118441000012, 31.65485641200013], [35.441001941000025, 31.654546087000142], [35.44098076400013, 31.65450991000006], [35.440903804000186, 31.654163180000126], [35.4409534830001, 31.65372956000016], [35.44105399800014, 31.653404212000055], [35.44103885900006, 31.65327649800014], [35.441028262000145, 31.65318745900015], [35.44069150100012, 31.653038901000116], [35.440343198000164, 31.652885218000108], [35.439607193000086, 31.652431299000114], [35.43940392800005, 31.652236561000166], [35.439213030000076, 31.651911734], [35.43917270900005, 31.651656606000074], [35.43916166499997, 31.651586660000135], [35.43913771300015, 31.651288592000185], [35.43913550700012, 31.65126153800003], [35.439083397000104, 31.650697963000027], [35.439131768000095, 31.650333606000174], [35.439158133000035, 31.650134229000116], [35.43918610800017, 31.65005364700005], [35.439233551000086, 31.649917295000137], [35.439178555000126, 31.64979246900009], [35.43915718500017, 31.649744032000058], [35.438850557000194, 31.649651009000138], [35.438446995, 31.649528492000172], [35.43819306000006, 31.64929050900014], [35.437989647, 31.649030736000043], [35.437920194000014, 31.648716896000167], [35.437912865000044, 31.64868400400013], [35.43790551200004, 31.64864019100014], [35.43786139700006, 31.648380630000077], [35.43778303600004, 31.6481975050001], [35.43775951100014, 31.64814230700017], [35.4375054250001, 31.64783929100014], [35.43740005900008, 31.647797131], [35.43707407700009, 31.647666651000065], [35.436861110000166, 31.64740456900006], [35.436845413000185, 31.647385221000036], [35.43679135800005, 31.647306330000163], [35.436489338000115, 31.646865579000064], [35.43641215000014, 31.64661981200004], [35.4363872510001, 31.646540591000132], [35.436384753000084, 31.64550006200011], [35.43640389800015, 31.645378345999973], [35.43645954600015, 31.6450229940001], [35.43652305400008, 31.644785578000153], [35.43653497100007, 31.644741027000123], [35.436629157000084, 31.644520043000114], [35.43667354500019, 31.644415615000185], [35.436672451000106, 31.64396038299998], [35.436665813000104, 31.64393982100006], [35.43659577700015, 31.643722086000082], [35.43629123200009, 31.643527520000134], [35.43606827100018, 31.64335211700012], [35.435961331000044, 31.6432679670001], [35.43565627100003, 31.64285659900014], [35.435502989000156, 31.642336600000192], [35.435447839, 31.642211631000066], [35.43542647400011, 31.642163333000155], [35.434760886000106, 31.641836088], [35.43452213800009, 31.641806629000143], [35.43424384700006, 31.641772236000065], [35.433575550000114, 31.641689623000048], [35.433523164, 31.641687248000153], [35.43311939500012, 31.64166871100008], [35.43283667700018, 31.641573095000183], [35.432827775000135, 31.64157008100011], [35.432697125000175, 31.64148850400005], [35.432535958000074, 31.64138795700012], [35.43230736400017, 31.641193249000025], [35.432180185, 31.640976669000054], [35.432002274000126, 31.64076017200017], [35.43184900300014, 31.64030463900002], [35.43179824700002, 31.640153592000047], [35.4316196260001, 31.63963356000005], [35.43138627200017, 31.63951389900018], [35.43129557100019, 31.639467341000056], [35.431273658000066, 31.639465548000146], [35.43042818400011, 31.6393971710001], [35.43009860100011, 31.639332700000182], [35.42981960399999, 31.63920311100003], [35.42928675700006, 31.638922181000055], [35.42924997200015, 31.63882839400003], [35.42918485500019, 31.638662222000107], [35.42900648700015, 31.63845608000014], [35.428829108000116, 31.6382509930001], [35.428730842000164, 31.638066980000076], [35.428701892000106, 31.63801270600004], [35.428599840000174, 31.637687713000048], [35.428573571000015, 31.63729755500009], [35.42857271700012, 31.6369290560001], [35.42876063000017, 31.635996568], [35.42884429500003, 31.635780258000068], [35.428936800000145, 31.635541033000095], [35.42900521100006, 31.635281559000077], [35.42906251700015, 31.635063883000043], [35.429163159000154, 31.634781948000068], [35.42917545400019, 31.634685681000178], [35.42923772800003, 31.634196519], [35.42926243800008, 31.63391464300014], [35.42909862900012, 31.633733135000057], [35.42900846700013, 31.63363323700014], [35.42875791400007, 31.633190405000107], [35.42867770300012, 31.63304849700006], [35.428168958000015, 31.632203920999984], [35.42813920500015, 31.632015001000184], [35.42811764300012, 31.631878842], [35.42824359500008, 31.631575163000036], [35.428546981000125, 31.631292811000094], [35.42884996099997, 31.630837062000126], [35.42980986499998, 31.629578090000052], [35.429757976000076, 31.629079612000055], [35.429908727, 31.628537383000037], [35.42993308100006, 31.628103809000038], [35.42998088600001, 31.62769893900014], [35.43018525100018, 31.62726625400012], [35.430209668000145, 31.627214498000114], [35.43031233700003, 31.62710116300002], [35.4303865870001, 31.62701909200007], [35.43086717199998, 31.626671472000112], [35.43129386900006, 31.626381928000114], [35.43138545800008, 31.62631983700004], [35.43134744500003, 31.6261937110001], [35.431043276000025, 31.62612919999998], [35.430511058000036, 31.626086778000058], [35.430292888999986, 31.625966456000015], [35.43007983600006, 31.625849011000184], [35.42974980000008, 31.62556773900019], [35.42945859100007, 31.62548114700013], [35.42924269700018, 31.625416905000122], [35.42904635200017, 31.62518937400006], [35.428607944000134, 31.62483267900012], [35.42857516099997, 31.62454392400008], [35.42855633200014, 31.624377531000107], [35.4285183130001, 31.62417418100017], [35.428479292000134, 31.62396575700012], [35.428174628000136, 31.623684438000055], [35.42792104100005, 31.623554800000136], [35.427734414000156, 31.623395806000133], [35.42756560900011, 31.62325193200013], [35.427433786000165, 31.623077064000086], [35.427336984000135, 31.622948851000046], [35.42703222700004, 31.622624197000164], [35.426959978000184, 31.62250108400019], [35.426765052000064, 31.622169409000037], [35.4267583570001, 31.622170566000193], [35.426281565000124, 31.62225294100017], [35.425878742000066, 31.622322596000174], [35.424955721000174, 31.62262816700013], [35.42489154100019, 31.62264941100011], [35.424884865000024, 31.62265023800012], [35.42429159700015, 31.62272375800012], [35.424182277000114, 31.622737328000028], [35.423625033000064, 31.622759953000184], [35.422991653000054, 31.622761], [35.422434163000105, 31.622675185000105], [35.42233760400018, 31.62265054300019], [35.42192713800017, 31.622545951000063], [35.42158893900017, 31.622353802000077], [35.421394529000054, 31.622243358000162], [35.421201079000014, 31.62212150000005], [35.42081088700007, 31.621875743000032], [35.420615625000096, 31.62175092400014], [35.42030359800009, 31.621551402000136], [35.419821219000085, 31.621096951000084], [35.41938956600018, 31.62064241700017], [35.41890241700008, 31.620111171000076], [35.41872849599997, 31.61958124800003], [35.418657698000175, 31.619289732000027], [35.418549508000126, 31.61884453500005], [35.41839603, 31.61817274300006], [35.41836918500019, 31.6175007490001], [35.41829840300005, 31.617290049000076], [35.41816529700003, 31.61689407300014], [35.41725175900012, 31.616180172000156], [35.416631517000155, 31.61584197600007], [35.416617667000025, 31.615834388000167], [35.4165817170001, 31.615811406000034], [35.41590726600015, 31.61538028800004], [35.41562793200012, 31.615055566000024], [35.41544272500016, 31.614850260000082], [35.41537405500003, 31.61477413200015], [35.41522126500013, 31.61440580500016], [35.414983350000114, 31.61404247200005], [35.4148526620001, 31.613842788], [35.414368615000114, 31.612586212000167], [35.41426818000008, 31.61243967500019], [35.414115215000095, 31.612216560000093], [35.413734964000184, 31.61158781900008], [35.413631512000165, 31.61141676900013], [35.413538295000194, 31.611178834000043], [35.41350418500019, 31.61109180000011], [35.41349728100016, 31.61102085800013], [35.413451979000115, 31.61055188200004], [35.41345109000014, 31.610138924000182], [35.41360241900014, 31.609682601000145], [35.413930386000175, 31.609053376000077], [35.414044784000055, 31.608881347000136], [35.41413243000005, 31.608749590000116], [35.41463800900004, 31.608250219000126], [35.41494029500018, 31.608009050000135], [35.41499191000008, 31.607967821000045], [35.41545611400011, 31.607451179000066], [35.41577537400008, 31.607142765000162], [35.41583491000006, 31.607034727000098], [35.41600252700016, 31.606730568000046], [35.416166617000044, 31.60647016900009], [35.41616600200007, 31.60618833500007], [35.41608934600015, 31.60607079], [35.41603879200005, 31.60599343700011], [35.41451878600003, 31.60588748800012], [35.41416225900008, 31.605865436000045], [35.41383488000008, 31.605845167000098], [35.41325195799999, 31.605672685], [35.41252438900011, 31.605308781000133], [35.412085443000024, 31.605089213000042], [35.411840980000136, 31.604880683000033], [35.41152723800013, 31.60461314600019], [35.4111275840001, 31.604207431000134], [35.41099409300017, 31.604072006000024], [35.41051180300002, 31.603595887000154], [35.4102320180001, 31.60303264800018], [35.41015322400011, 31.602599656000052], [35.41012956700001, 31.60246920100019], [35.41009021000008, 31.602310871000043], [35.40992514300018, 31.601645778000147], [35.4098042490001, 31.601314386000126], [35.409695942000155, 31.601017426000055], [35.409568323000144, 31.600540685000112], [35.409414890000164, 31.599847249000106], [35.40924910400008, 31.59930553200013], [35.40919225900012, 31.598816561000092], [35.40914581400011, 31.59841691800017], [35.40899092800004, 31.597029741000085], [35.40896709400005, 31.596421502999988], [35.408937510999976, 31.595664110000143], [35.40906243000012, 31.59486180800019], [35.40906060600014, 31.59399473800005], [35.409091284, 31.59370848400016], [35.409135044000095, 31.59330088100006], [35.40906532800017, 31.591387382000107], [35.409041044000105, 31.590721366000082], [35.409022556000025, 31.589994254000146], [35.40901340900007, 31.5896374620001], [35.40902112300017, 31.589234985000132], [35.40903625600009, 31.588445111000112], [35.409101088000114, 31.588040150000097], [35.40916121000009, 31.587664511000185], [35.4093105070001, 31.586407001000055], [35.409410470000125, 31.585799839000117], [35.409352597000066, 31.58552147299997], [35.409333805000074, 31.585431385000163], [35.40918113100008, 31.585084817999984], [35.40916422600003, 31.584795960000065], [35.409141689000194, 31.58441283500008], [35.409747582000136, 31.583523125], [35.41017640100017, 31.58274198000015], [35.410795202000145, 31.581739368000115], [35.41083260500011, 31.58167878500018], [35.411967594000146, 31.5795091870001], [35.41246287900003, 31.578881814000113], [35.41292712800015, 31.57829366400017], [35.41335631700019, 31.57770768100005], [35.413861688, 31.577186611000116], [35.41443049700007, 31.57677387500007], [35.415188875000126, 31.576187366000113], [35.41551652900006, 31.575471398000047], [35.41608720700003, 31.574489690000178], [35.41617247900018, 31.574343141000043], [35.416203578000136, 31.574262626000063], [35.416424215, 31.573692397], [35.41659907400003, 31.572586534000095], [35.41662276700009, 31.57182771900011], [35.41662186800011, 31.5714158130001], [35.41689912800018, 31.570851762000075], [35.41732354400011, 31.570066656000165], [35.417403541000056, 31.56991877100006], [35.417404856000076, 31.569917149000105], [35.417782255000134, 31.569462924000106], [35.418095861000154, 31.56903930800007], [35.41813573700006, 31.56898548300012], [35.41835044800018, 31.56872499900004], [35.418375589, 31.568481875000032], [35.41839992700005, 31.568247979000034], [35.41834933300015, 31.567920070000184], [35.41832295400019, 31.567749460000073], [35.4182016580001, 31.567452880000076], [35.41811924800004, 31.56725121500017], [35.417940752, 31.566687897000065], [35.41790386200017, 31.566377934000116], [35.41787636000004, 31.566146025000023], [35.41741748900017, 31.56471600800012], [35.41711210300008, 31.564001121], [35.416296683000155, 31.563359975000083], [35.415488858000174, 31.56272466100006], [35.4145505730001, 31.562032472000112], [35.41378983100003, 31.561470069], [35.41327961999997, 31.561001258000033], [35.41313038500016, 31.56086409700015], [35.41300539400004, 31.560674685000095], [35.41290170400015, 31.56051758200016], [35.41286192300015, 31.55969390000007], [35.4129116360001, 31.559238582000035], [35.412632064000036, 31.55871874600018], [35.41237069700003, 31.558476562000067], [35.41174425200012, 31.557896320000168], [35.41131596700012, 31.557475637000096], [35.41090697700008, 31.55707388000019], [35.41047594300011, 31.556749377000074], [35.409614698000155, 31.556490573000133], [35.40950059900007, 31.556466298000146], [35.40910809000019, 31.556382918], [35.40855064900012, 31.556123637000155], [35.408043773000145, 31.55588597900004], [35.40763805000006, 31.555539727000166], [35.40750143500003, 31.555370338000102], [35.407358714, 31.555193352000174], [35.40723153200014, 31.55489000400013], [35.40702595, 31.554316634000088], [35.406982084000106, 31.55419409900003], [35.406955353000114, 31.554158910000012], [35.40667234700015, 31.553785272000027], [35.40650358500005, 31.553586408000115], [35.40597437700012, 31.55296258600015], [35.405139474000066, 31.552287576000083], [35.40501090200007, 31.552183629000126], [35.404869920000124, 31.552126418000057], [35.403946786000176, 31.551751622000154], [35.40337874700015, 31.551440194000122], [35.40323706400005, 31.551362477], [35.40270187200019, 31.55117902400019], [35.40103323500006, 31.550607041000035], [35.400703336, 31.550217321000105], [35.40066071700011, 31.55013649700004], [35.40047455100017, 31.549784049000152], [35.40040585600008, 31.54958347800016], [35.400296444000105, 31.549264035000135], [35.400244758999975, 31.54876553600019], [35.40031922000003, 31.54856003700013], [35.40037060500009, 31.548418477000155], [35.40062325500003, 31.548201370000015], [35.40092658500009, 31.547984117999988], [35.401255257000116, 31.547766826000156], [35.401357350000126, 31.54764005900006], [35.401482591000104, 31.547484720000057], [35.40165893900013, 31.54705084900013], [35.401407931000165, 31.54677332800003], [35.40132904800009, 31.546661132000168], [35.40108718000016, 31.546427561000087], [35.40087257800019, 31.54624989700011], [35.40088554199997, 31.54598819000006], [35.40090894100007, 31.545512832000156], [35.40086664500012, 31.54477440400018], [35.40086476400006, 31.544740093000087], [35.40088927400012, 31.5446534620001], [35.401007725000056, 31.544233629000132], [35.40108209200008, 31.543903061000094], [35.400900870000044, 31.543629522000117], [35.40086241200004, 31.543571590000113], [35.40052799200009, 31.543376344000137], [35.40022157900006, 31.543197476000103], [35.400162744000056, 31.543152326000097], [35.399546728000075, 31.542679176000036], [35.39934896600005, 31.542442651000044], [35.39905438700009, 31.542090359000042], [35.39858445200019, 31.541512145000183], [35.39814039400005, 31.5407042650001], [35.397987191000084, 31.54003251000006], [35.39796090600015, 31.539555604000043], [35.39804237300001, 31.539149708000025], [35.39806111000007, 31.53905681300006], [35.39833903400017, 31.538817973], [35.39871835700018, 31.538600613000142], [35.39926166000009, 31.538187981000135], [35.399489238000115, 31.538035876000038], [35.39928436400004, 31.537774842000147], [35.398086944000056, 31.536983209000084], [35.398110880000104, 31.536939910000115], [35.39825482700019, 31.536679985000035], [35.39847389200014, 31.53654980900012], [35.39852434500011, 31.536519789000124], [35.39875141300007, 31.536194286000068], [35.398826393000036, 31.535922624000193], [35.39887719800009, 31.53573885800006], [35.398876421000125, 31.535348653000028], [35.39887585900004, 31.535066815000164], [35.398929496000164, 31.534819280000193], [35.39895101700006, 31.534719899000038], [35.39910244500015, 31.534502873], [35.39922982800016, 31.534437158000173], [35.39948179000004, 31.53430721400008], [35.39970928400004, 31.53419851400014], [35.39988578800006, 31.533851377000133], [35.399889470000176, 31.53379958500011], [35.399910429000045, 31.533504466000124], [35.39983015000007, 31.532768419000035], [35.39986339600017, 31.532691710000165], [35.400009315000034, 31.532355400000085], [35.400276747000134, 31.531983895000167], [35.40033745400012, 31.531899676000023], [35.400234771000044, 31.531808933000036], [35.40004687900017, 31.531642853000164], [35.39970789800009, 31.53144838800017], [35.399551750000114, 31.531358851000107], [35.39914650800017, 31.531186042000115], [35.39873185800013, 31.53099563100011], [35.39806930200001, 31.53040719600017], [35.397689326000034, 31.530277680000097], [35.39740470200013, 31.530111383000133], [35.39720803500012, 31.529996536000112], [35.39706575300005, 31.52984482900007], [35.39690352400004, 31.529671803000156], [35.396574393000094, 31.52921020000008], [35.39654832900004, 31.529173739000157], [35.39637003300004, 31.528610317000073], [35.39626727800015, 31.527808346000086], [35.39627777200013, 31.527454197000168], [35.39629087700007, 31.527006265000068], [35.39622003900007, 31.525784024000075], [35.396177125000065, 31.525041646000147], [35.396124384000075, 31.52390202800018], [35.396139848000075, 31.52364933500013], [35.39615722100018, 31.523364441000183], [35.39619904300008, 31.52296353200012], [35.396206953000046, 31.522887496000067], [35.39608950100012, 31.52104498900013], [35.39615140800015, 31.520483122000087], [35.39623504400015, 31.520349548000013], [35.39631556200004, 31.520220843000118], [35.39647233700015, 31.519970483], [35.39649218100004, 31.51993881900006], [35.39661791900011, 31.51954842900011], [35.396642186000065, 31.519006412000124], [35.396651655000085, 31.518886828000177], [35.39669161600011, 31.518377625000028], [35.39676485600012, 31.518061225000167], [35.39679193400002, 31.51794393700004], [35.3968026070001, 31.517851197000027], [35.396841744000085, 31.51751032600015], [35.39684055000015, 31.51690331200018], [35.39648044400019, 31.516558858999986], [35.3961054880001, 31.516275725000014], [35.395649526, 31.51603787200014], [35.39534535500019, 31.5157781690001], [35.395263896000074, 31.515423730000123], [35.395212797000056, 31.515201711000145], [35.395391314000165, 31.51479877500003], [35.39545698700016, 31.514650713000037], [35.396062943, 31.513956164000035], [35.397326394, 31.51302215000004], [35.397837098000025, 31.51266671400009], [35.397856974000035, 31.512652874000025], [35.397874051000144, 31.51263720700007], [35.39823593600016, 31.51230544700013], [35.39849759900005, 31.512035485000183], [35.39861464100011, 31.51191468700017], [35.398979041000075, 31.51136202800018], [35.399169636000124, 31.511090125000123], [35.399067136000156, 31.510418224000034], [35.39855821000015, 31.50900990200006], [35.398006212000155, 31.507522230000063], [35.39785870500009, 31.50712483600006], [35.39760591400005, 31.506218166000167], [35.39704319800006, 31.50419944700002], [35.39639085400006, 31.502844587000027], [35.396318520000136, 31.50269433000011], [35.396070826000084, 31.50177370000017], [35.39600057900003, 31.501512813000147], [35.39563152400012, 31.500429449000023], [35.39513405399998, 31.499022362000062], [35.39502060500013, 31.49870122600015], [35.394945737000114, 31.498514473000057], [35.39458032800019, 31.497602672000028], [35.39435851000013, 31.496609142000068], [35.39423325300015, 31.496048171999973], [35.394347242000094, 31.494699398000137], [35.39441669200016, 31.493876249000152], [35.394569447000094, 31.49199931700008], [35.39503614400007, 31.49063136300009], [35.39506230300003, 31.49055339600011], [35.39517528500011, 31.49021608099997], [35.39517000800015, 31.490213063000112], [35.39473685800016, 31.489965304000123], [35.394388508000134, 31.48977485400019], [35.39399571200016, 31.489561634000097], [35.39370097500017, 31.489371106000135], [35.39317772100003, 31.48904603500017], [35.39267756300006, 31.488756515000034], [35.392177589000084, 31.48847467400003], [35.39175793900017, 31.488230906000126], [35.391249001000176, 31.487903273000143], [35.39083819500007, 31.48763651900009], [35.39041850900003, 31.487369847000025], [35.3901148330001, 31.487141133000137], [35.38988257500006, 31.486935289000144], [35.38959580200009, 31.486687875000086], [35.389248508000094, 31.486435262000043], [35.38888818400011, 31.48616068100017], [35.38854068800015, 31.48588608400013], [35.38828221699998, 31.485687571000085], [35.38819781900014, 31.48562275100005], [35.38815451000016, 31.48558955500016], [35.38785850600004, 31.485325874000125], [35.387482620000185, 31.484991350000143], [35.387331629000016, 31.484885232000067], [35.3872991180001, 31.484862417000045], [35.38726378700011, 31.484837622000043], [35.38686483200007, 31.484475083000177], [35.38669671200017, 31.484295670000165], [35.38667386600008, 31.484271290000095], [35.386607297000126, 31.48420028600009], [35.38646565400006, 31.48399142200003], [35.38628520500015, 31.483694606000142], [35.38602747200002, 31.483309818000123], [35.385744146000036, 31.48295811200012], [35.38552512000007, 31.482694322000157], [35.38515171100016, 31.482265722000022], [35.3847784240001, 31.48190314300018], [35.384463975000074, 31.48161045100011], [35.38425812600019, 31.481445709000127], [35.383936535000146, 31.481292043000053], [35.383904443000176, 31.481277359000046], [35.383887222000055, 31.481269504000068], [35.383383564000155, 31.48103975900011], [35.382997706000026, 31.480809164000163], [35.382753239000124, 31.48065546300012], [35.38254735400005, 31.480468665000103], [35.382186953000144, 31.480128043000036], [35.381865228000095, 31.47989743000005], [35.381569542000136, 31.479787763000104], [35.38114512900012, 31.479601321000132], [35.380759322000074, 31.479392701999984], [35.380579195000166, 31.47926096600014], [35.380309005000015, 31.47906325600013], [35.37993833400003, 31.478765554000177], [35.3794276430001, 31.478417442000136], [35.3789927900001, 31.47817886500019], [35.37851640700006, 31.47788721300003], [35.37820576600018, 31.477683916000046], [35.377853792, 31.477445228000192], [35.37763632900004, 31.477303743000107], [35.37747074200013, 31.477206581000075], [35.376994400000115, 31.47693261], [35.37653899000014, 31.47668517400018], [35.37616614000018, 31.476446579000026], [35.37572088300004, 31.47617256300009], [35.375275732000034, 31.47586310300011], [35.37492356300015, 31.475597845000152], [35.374613177000185, 31.47534493300003], [35.37433120900016, 31.475073101000078], [35.37402188200002, 31.474762338000062], [35.37363063300006, 31.474428426000145], [35.37335779200015, 31.474203153000076], [35.37300318400014, 31.473946980999983], [35.37275770800005, 31.473760570000138], [35.37243932700011, 31.473535424000147], [35.37207992000015, 31.47325839900003], [35.371734320000144, 31.472978820000094], [35.37143434799998, 31.472745827000097], [35.37107056600007, 31.47250515999997], [35.370815918000176, 31.47233440000008], [35.37053403300018, 31.47210138300005], [35.37015214600012, 31.47184516500016], [35.369852133999984, 31.471682206000082], [35.369460502000095, 31.471496955000134], [35.369083069000055, 31.471345857000074], [35.368867470000055, 31.47122091200015], [35.368651697000075, 31.471089342000084], [35.368220317000066, 31.470826275000093], [35.36787369100017, 31.470609185000058], [35.367534806000094, 31.47039870800012], [35.36722668900012, 31.47020136900005], [35.36685386300019, 31.469947174000083], [35.36646094499997, 31.469670879000034], [35.366168299000094, 31.46948007200018], [35.36562915500008, 31.46916434900004], [35.365374852000116, 31.468993364000028], [35.365035892000094, 31.468730104000088], [35.364735254000095, 31.468473494000193], [35.36440399100013, 31.468190494000055], [35.364087992, 31.467887677000135], [35.36383056100016, 31.467607126000075], [35.36347237900014, 31.46726368300017], [35.363456764000034, 31.467248711000025], [35.36339122700019, 31.467185867000126], [35.36319864200016, 31.467047639000043], [35.36303691800009, 31.466981949000115], [35.362597939000125, 31.466778198000043], [35.36220518300013, 31.466587499000184], [35.361904828000036, 31.466396761000055], [35.36160085300003, 31.46620306699998], [35.36132357000008, 31.46604520600016], [35.3609922870001, 31.4658412550001], [35.3605764400001, 31.465597943000034], [35.360108770000124, 31.465333199000156], [35.35983444300007, 31.465170962000116], [35.35952349700011, 31.46503427600004], [35.359486151000056, 31.465017832000058], [35.35948234200015, 31.465016589000072], [35.35912755500004, 31.464900854000177], [35.35870114900007, 31.46473519800014], [35.3581947510001, 31.46451002100008], [35.35770942500011, 31.464302854000096], [35.35732946000019, 31.464077526000096], [35.35711829000013, 31.463924234], [35.356812144, 31.463698752000028], [35.35650598900003, 31.463464322000164], [35.356199777000086, 31.46319374500007], [35.355929517000106, 31.462993022000035], [35.35580541400003, 31.46290085800007], [35.35542537600003, 31.462621344000013], [35.35497148200017, 31.462314781000146], [35.354412115000116, 31.46194513400002], [35.35375778000008, 31.46150336300019], [35.35323003900004, 31.461169821000112], [35.35275514299997, 31.46088131400012], [35.352311828000154, 31.46060185700003], [35.35197025700006, 31.460417622000136], [35.35140049500018, 31.460120195000115], [35.35105231800003, 31.459912853], [35.350735502000134, 31.45967842200008], [35.35051392899999, 31.459479961000056], [35.3503026730001, 31.45925443300007], [35.349985919000176, 31.45894770500007], [35.349648, 31.45866812800017], [35.34918371000015, 31.458307371000046], [35.348676939000086, 31.45790149400011], [35.34844474100004, 31.457739189000108], [35.34819152700004, 31.45759501300006], [35.3480227390001, 31.457513879000146], [35.34782225000015, 31.457450888000153], [35.34759015700001, 31.457360804000132], [35.34730386400008, 31.457190378000064], [35.34688754200005, 31.45679623700005], [35.34665133600009, 31.45658475100015], [35.34633634000011, 31.45634452700017], [35.345976510000185, 31.45613316600003], [35.3454592490001, 31.455844957000068], [35.345031928000026, 31.455566305000104], [35.344627156000115, 31.455306936000056], [35.344053588000065, 31.45495141800012], [35.343266467000035, 31.454471049000063], [35.34279414100007, 31.454211671999985], [35.34231372900007, 31.453926723000166], [35.34214966400009, 31.45380471200008], [35.34179258400002, 31.453548452], [35.34140709400015, 31.453310544000033], [35.34098590899998, 31.453054421000104], [35.34050764200015, 31.45276770099997], [35.340115114000184, 31.452548186000058], [35.33969388500003, 31.452255345000083], [35.33937976600009, 31.45202961900003], [35.33909410300015, 31.451816054000062], [35.33879327600005, 31.45157044400014], [35.33851203100011, 31.45133974900017], [35.33817470400004, 31.45108987400016], [35.3378598540001, 31.45092657300006], [35.337464113000124, 31.450750457000083], [35.33703392700005, 31.450508843000136], [35.3366516320001, 31.450307485000167], [35.33629512900018, 31.450092150000046], [35.335926279000034, 31.449861043], [35.335557401000074, 31.44960886700011], [35.33518868400006, 31.449351404000026], [35.334850564000135, 31.449109764000127], [35.33450502600016, 31.448850377000042], [35.33413000700011, 31.448545639000088], [35.33374267500005, 31.448251338000148], [35.33339221600011, 31.447993924000173], [35.33314639600019, 31.447810040000036], [35.33295946900006, 31.447660487000178], [35.33263976600017, 31.447413472000108], [35.33227103200005, 31.447129787000165], [35.331951345000164, 31.44689333700012], [35.33174848500005, 31.446751479000113], [35.331502667000166, 31.446562309000115], [35.33118300300015, 31.446341641000117], [35.33088537800012, 31.446128912000063], [35.33060879100009, 31.445913488000144], [35.33036908500014, 31.445745377000037], [35.330061762000014, 31.445529979000128], [35.32977286100004, 31.44532506300004], [35.329416373000186, 31.445093922000183], [35.32888422100001, 31.444770572000095], [35.32855852900008, 31.444581467000148], [35.32809137800007, 31.44431357400009], [35.3276428420001, 31.444077231], [35.32728637800005, 31.44385658600015], [35.327083557000094, 31.44373578500017], [35.32688957700003, 31.443581791000042], [35.32666828499998, 31.44340802100004], [35.32634907100004, 31.44313484500003], [35.32611, 31.442935515000045], [35.32588871200005, 31.442761741000083], [35.32571531100001, 31.44263393800003], [35.32541640500017, 31.442429584000024], [35.32529695100004, 31.442327309000177], [35.325063586, 31.442087030000096], [35.32496202900006, 31.441969451000034], [35.32480505400014, 31.441828877000148], [35.32454790800017, 31.441629556000066], [35.32437442500009, 31.44143016400011], [35.32423699399999, 31.44127674900011], [35.32408152100004, 31.441154141000084], [35.323878231000094, 31.441041722000136], [35.32362724900008, 31.440908910000132], [35.32320292800006, 31.440694372000166], [35.32282036300012, 31.440484870000034], [35.32230916500009, 31.440185849999978], [35.32190866200011, 31.439950855000177], [35.32155597500014, 31.439705528000047], [35.32108980300012, 31.439393781000092], [35.320865778000154, 31.439253472000132], [35.32051905800006, 31.439043933000107], [35.32013649600003, 31.43882427600016], [35.31970625300005, 31.43858922800007], [35.319263989000035, 31.438333755000144], [35.31886350100012, 31.43809874800013], [35.3184511770001, 31.437863680000078], [35.318188190000114, 31.437710364000168], [35.31794905400005, 31.43757245600011], [35.317662260000134, 31.437439662000145], [35.317363456000066, 31.437296592000052], [35.316873571000144, 31.437067570000124], [35.31659827700008, 31.436930324000116], [35.316265735000115, 31.436744015000045], [35.31591017400012, 31.436547858000097], [35.31554309800009, 31.43634198400008], [35.315061402000026, 31.436077227000112], [35.31463712100003, 31.435861533000036], [35.31438483500011, 31.43571447000005], [35.31412792300017, 31.435543242999984], [35.31386430000009, 31.435396119000075], [35.313554614000054, 31.435209782000015], [35.31327931100009, 31.435052941000095], [35.31277473900013, 31.43474887600007], [35.312407678, 31.434542995000186], [35.31198340900016, 31.434327292000035], [35.31157047600004, 31.434101714000178], [35.311027305000096, 31.43381366500006], [35.310648922000155, 31.433617583], [35.310396649000154, 31.433470512000042], [35.310213096000155, 31.433342977000052], [35.309914859000116, 31.433087924000176], [35.309146247000115, 31.432518971000093], [35.30868752700013, 31.432185401000027], [35.30835056400008, 31.431984627000077], [35.30807546400007, 31.43184736400019], [35.30788039600009, 31.43170024699998], [35.307731199000045, 31.431572682000024], [35.307444488000044, 31.431327407000083], [35.30714630299997, 31.43111159600005], [35.306813809000175, 31.4309350530001], [35.306481164000104, 31.43076837600006], [35.3061715340001, 31.43061147600008], [35.30589640500011, 31.430434961000117], [35.30548341300005, 31.43012100400017], [35.305120776000024, 31.429867185000035], [35.30478560500006, 31.42963497500017], [35.304467916000135, 31.429462011000112], [35.304176652000024, 31.429252034000058], [35.30384168000006, 31.42904941600017], [35.30347191700008, 31.428896356999985], [35.30313126000004, 31.428758071000118], [35.302709511000046, 31.428550580999968], [35.302386074000026, 31.42837275300019], [35.30220103900007, 31.428219561000162], [35.30186023900012, 31.427927877000172], [35.301521253000146, 31.42764253500019], [35.301347894000116, 31.427494264000075], [35.3011167730001, 31.4272619030001], [35.300897151000015, 31.42702459900005], [35.3007237330001, 31.426811997000186], [35.30050412700018, 31.42658956100007], [35.3002787800001, 31.426376993000076], [35.29999572500003, 31.426139733000184], [35.29974147500013, 31.425946985000053], [35.29955088000008, 31.425813518000098], [35.29935948499997, 31.425703307000106], [35.298980186000165, 31.42552508600005], [35.298708913000155, 31.42540302000009], [35.29839468000017, 31.425207490000048], [35.298023335000096, 31.42491426700002], [35.29732343200004, 31.424388811000085], [35.29698060100014, 31.424181176000047], [35.29649510200005, 31.42394911500014], [35.296023882000156, 31.423692595000034], [35.295524048000175, 31.423411640000154], [35.29513842100016, 31.423118346000024], [35.29467679500016, 31.42273653400008], [35.29377088600006, 31.422062656000094], [35.293324602999974, 31.42173691400012], [35.29304879300008, 31.421478566000076], [35.29283869900013, 31.421197629000176], [35.29258912900008, 31.42087183200016], [35.29239202000019, 31.42059088400015], [35.29219511500014, 31.420354962000033], [35.29204644400005, 31.420219839000083], [35.29166916700018, 31.419864031000145], [35.29143807300005, 31.419613683000023], [35.291122407000046, 31.419238109000048], [35.290845084000125, 31.418921838000074], [35.290503453000156, 31.418535776000112], [35.29021083700013, 31.418199784000024], [35.289956725000025, 31.41792957800004], [35.289756576000116, 31.41773198500016], [35.28941782700002, 31.41744209900014], [35.28915605200012, 31.417237848000184], [35.28887112500013, 31.41705348000005], [35.288251785, 31.41664848400012], [35.287928537000084, 31.416417915000125], [35.287659060000124, 31.416233537000153], [35.28725886300009, 31.415943682000034], [35.286935456000094, 31.415713110000183], [35.28656603500019, 31.41547601100018], [35.286158164000085, 31.41523893100009], [35.2857193910001, 31.41498862300017], [35.28536528300009, 31.414784488000066], [35.28504981400005, 31.414606682000112], [35.284749642000065, 31.414448597000103], [35.28444947600008, 31.41429713300016], [35.284078787000055, 31.414108787000032], [35.28365831200017, 31.413919058000033], [35.28320709700006, 31.413709686000118], [35.282786604000194, 31.413493811000137], [35.28238139600006, 31.41327786100004], [35.28194562700014, 31.413061992], [35.28147157400008, 31.412846073000026], [35.280951652000056, 31.412597484000116], [35.28071463599997, 31.412499389000118], [35.280244676000166, 31.412258377000057], [35.279842944000166, 31.412061017000042], [35.279342903999975, 31.411798248000082], [35.279024172000106, 31.411623669000107], [35.27860350600008, 31.41136726700006], [35.27815736700006, 31.411100027000145], [35.27772406100007, 31.410854549000078], [35.27731328500005, 31.41063407400003], [35.27700097400003, 31.410464985000146], [35.27668866800013, 31.41030681500007], [35.27620441300013, 31.410034090000124], [35.275796441000125, 31.409815933000118], [35.27545864200016, 31.40961408700008], [35.27517834400004, 31.409395865000192], [35.274904135000156, 31.409193986000048], [35.27463650300007, 31.408992103000173], [35.27438102400015, 31.408783239000115], [35.27391955900009, 31.408408887000064], [35.273490638, 31.408048893000114], [35.273162676000084, 31.40779694000014], [35.27274216899997, 31.407480202000045], [35.27229649200018, 31.407113026000047], [35.27179180100006, 31.406695426000113], [35.27136095100013, 31.406375376000085], [35.270940438000025, 31.40602974400008], [35.27037693800014, 31.405612235000092], [35.269788283000025, 31.405158657000072], [35.26925847100006, 31.404733869999973], [35.26903144500011, 31.404532242000187], [35.268810502, 31.40433356699998], [35.2685203370001, 31.404044740000188], [35.26849945300012, 31.40402395300015], [35.26813777400014, 31.403663912000127], [35.26768355700011, 31.403239156000154], [35.26730513200016, 31.402893495000058], [35.266876266000054, 31.402540735000173], [35.266434755000034, 31.40219108000008], [35.266086124000026, 31.401928548000058], [35.26604974800006, 31.40190117300017], [35.26594706800006, 31.40182390100017], [35.26550128500003, 31.401463956000157], [35.26510614700004, 31.401168746000053], [35.26448387100004, 31.40072960300006], [35.26423995700014, 31.40055678900012], [35.26379715000019, 31.40020261600006], [35.26347793700012, 31.39993421400004], [35.26320229000015, 31.399706876000096], [35.26271771300014, 31.399267598000165], [35.26238716300014, 31.398979681000014], [35.26201683600016, 31.39865274100015], [35.261389485000166, 31.398083403000157], [35.26136609000014, 31.398062171000163], [35.26134998100014, 31.398047592000125], [35.26094382000019, 31.39767338400003], [35.26049922700008, 31.397317157000145], [35.260127294000085, 31.39703220900003], [35.25983096200008, 31.396807760000172], [35.25965443600006, 31.39664667900007], [35.25940360100003, 31.39639289800016], [35.259204229000034, 31.396217239000066], [35.258942089000186, 31.396017154000162], [35.25869706000009, 31.395865891000142], [35.2582753690001, 31.395607310000173], [35.25787931600007, 31.39536583800009], [35.25718991100018, 31.39491202500011], [35.2566428180001, 31.39452658099998], [35.256289645000095, 31.39426303500005], [35.25589079400004, 31.393989781000187], [35.25559204900014, 31.393821407000075], [35.25529018000009, 31.393655502000115], [35.254754788000014, 31.393324441000175], [35.25434824200016, 31.393085074], [35.25397556200005, 31.39288924300007], [35.25370032300009, 31.392744182000058], [35.25334031300014, 31.392595483000093], [35.25331353100006, 31.392585485000154], [35.25329766200008, 31.39257956600011], [35.25291261500013, 31.39243595400012], [35.25237236300018, 31.39222072299998], [35.25197013100012, 31.3920569550001], [35.251495114000136, 31.391870589000177], [35.25100480600008, 31.391652728000167], [35.250569364000114, 31.391415476000077], [35.250239562, 31.39119509800014], [35.249857024000164, 31.390957826000033], [35.24955368400009, 31.390760058000183], [35.249283214000116, 31.390590606000046], [35.24901273600011, 31.390404101000172], [35.24866042300016, 31.39014694800011], [35.248310744000094, 31.389904022000053], [35.24794135400009, 31.38966110300015], [35.24769732900006, 31.389474589000145], [35.24742026700005, 31.389231644000063], [35.247017831000164, 31.38890389300019], [35.24670133400019, 31.388632703000155], [35.24633848999997, 31.388287961], [35.24605484800014, 31.38800548200004], [35.24577580000016, 31.38770285300012], [35.245591105000074, 31.38755598700004], [35.24529435100004, 31.38734686400005], [35.245129360000135, 31.38717173800012], [35.244944615000065, 31.386877820000166], [35.244812652000064, 31.38673657700008], [35.2445993610001, 31.38654124100009], [35.24437505800006, 31.386332167000035], [35.24403213200014, 31.38607224800012], [35.24357697700003, 31.385699336000187], [35.24329993700019, 31.385456309000062], [35.24298986700012, 31.38518510600005], [35.242574308000144, 31.38481211100003], [35.242257341000084, 31.38452181200006], [35.24190538800019, 31.384245402000147], [35.241656123999974, 31.384025550000047], [35.24144349300008, 31.38379934400018], [35.24111335300012, 31.38339102300006], [35.2407225930001, 31.382953471000064], [35.240348602000154, 31.382551358000114], [35.23997462700004, 31.382186940000167], [35.23959326500011, 31.381828863000123], [35.23919728600015, 31.381477063000148], [35.23869581600019, 31.380983722000053], [35.23824857100004, 31.3805501920001], [35.23780133700018, 31.380135543000165], [35.23760718000017, 31.379954329999975], [35.23757460000013, 31.37992392200016], [35.23747141900003, 31.37982769100006], [35.23717502400012, 31.37957324000007], [35.23662514700004, 31.379190032000167], [35.23646644200011, 31.379076409999982], [35.23646249900008, 31.37907359200011], [35.2364124720001, 31.379037759000084], [35.23613391800012, 31.37883824], [35.235680331000026, 31.378563945000167], [35.23519405600018, 31.378282609000166], [35.23485365800008, 31.378053457000192], [35.23447662800015, 31.37779295400003], [35.23414838500008, 31.377553371000033], [35.23382539300019, 31.37728658800006], [35.233156737000115, 31.37669270500004], [35.232731068000135, 31.37630720700014], [35.232354203000114, 31.37599462600008], [35.23181929700013, 31.375546642000188], [35.231247927000084, 31.375067305000186], [35.23087091500014, 31.37480686400005], [35.23060348300004, 31.37465061800009], [35.230190181000125, 31.374421394000137], [35.229813358000115, 31.3742547330001], [35.22909603100004, 31.374025547000144], [35.22849303100003, 31.373818538000023], [35.22808977300008, 31.373671745000024], [35.227758140000105, 31.37359596900012], [35.227459847000034, 31.37350602400005], [35.22710061300012, 31.37338289900009], [35.22665859900013, 31.373255062000112], [35.226293952000105, 31.373160402000053], [35.22587953699997, 31.373065676000067], [35.2252645690001, 31.372936796000033], [35.22476179000017, 31.372818469000094], [35.22438055100014, 31.372690619000025], [35.22402691000008, 31.372586439000088], [35.223702839, 31.372500222000156], [35.22339925600005, 31.372432483000182], [35.22338402600019, 31.37242908500008], [35.22329943700004, 31.372410209000066], [35.22289619800017, 31.37233921800015], [35.22264752500007, 31.372310841000058], [35.22217793700014, 31.372272971000086], [35.22175253300014, 31.372239816000103], [35.22128836500008, 31.372206733000155], [35.220923734, 31.37218780500018], [35.220520343000146, 31.37217832000016], [35.220139121000045, 31.372164182000063], [35.21966543200017, 31.372153428000047], [35.21921457200017, 31.372149298000068], [35.21839185600015, 31.372141095000188], [35.21747355000019, 31.372132964000173], [35.21652075100013, 31.372123913000053], [35.215315503000056, 31.372115775000054], [35.21410056500008, 31.372107627000105], [35.21338313200016, 31.37211581000014], [35.21250309700008, 31.372099397000113], [35.21178566300006, 31.372074805000068], [35.211087286000065, 31.372033793000014], [35.21076536099997, 31.37202801300009], [35.21012118400006, 31.372017363999987], [35.209393733000184, 31.37199508600014], [35.20865478600007, 31.371982244000094], [35.20833220500009, 31.37197427200016], [35.20829748600016, 31.37197341400008], [35.20787855600014, 31.371963055000037], [35.207550064000145, 31.371924642000124], [35.20735592600005, 31.371873409999978], [35.20711711400003, 31.371809421000137], [35.206855179000115, 31.371736080000176], [35.20681835400018, 31.371725769000136], [35.206751343000064, 31.371707024999978], [35.20651992100011, 31.371668613], [35.20646867600004, 31.371662763000074], [35.20642011299998, 31.371657206000066], [35.20618403800012, 31.371630194000147], [35.20588166200014, 31.371610382000085], [35.20553083400006, 31.371584786000085], [35.205194953000046, 31.371539955], [35.20487402000009, 31.37148878100004], [35.20456803400015, 31.37142478400017], [35.20420965600016, 31.371360713000115], [35.20393356000005, 31.37130954100013], [35.20347811800019, 31.371207129000027], [35.20278402900004, 31.37105347500011], [35.20241087400018, 31.370970229000136], [35.20179135500018, 31.37082939900006], [35.201253796, 31.370701396000186], [35.200522434000106, 31.37051573600013], [35.200022164000075, 31.370374131], [35.19957166700004, 31.370203289000074], [35.19910392100002, 31.370047309000142], [35.19854091899998, 31.36986158200017], [35.19804722200007, 31.369727865000186], [35.19752758200008, 31.369571804000145], [35.19723294800002, 31.3694603670001], [35.19693848500009, 31.369311800000162], [35.19661308400009, 31.36917488199998], [35.196594422000146, 31.369167030000085], [35.196479460000035, 31.369118679000053], [35.195909415000074, 31.36888594300018], [35.19555418700014, 31.368737364000026], [35.195251180000014, 31.368633322000164], [35.19492189200014, 31.36853674500003], [35.19442820400013, 31.368432676000054], [35.19384796200012, 31.368328665000092], [35.19304238800004, 31.368187412], [35.192479395000134, 31.36808339400011], [35.19206355299997, 31.368009063999978], [35.19162193100004, 31.367919859000153], [35.190868265, 31.3677786720001], [35.190230880000115, 31.36764468800004], [35.18985757600018, 31.367588113000068], [35.18929754200019, 31.367512690000126], [35.188924237000094, 31.367465553000045], [35.18850707900009, 31.367418411000074], [35.188023903000044, 31.36736188000009], [35.187474872, 31.367277011000112], [35.186893006, 31.367163947000165], [35.18646486200009, 31.367060282000182], [35.1859817080001, 31.366937861999986], [35.185421858000154, 31.366796541000156], [35.18483983300001, 31.366674026000055], [35.1842298840001, 31.366576658000156], [35.183395429000086, 31.366454082000132], [35.18307469100017, 31.366395103000116], [35.183053039000185, 31.36639112000006], [35.18278055700017, 31.366340992000175], [35.182374270000025, 31.366227949000177], [35.18204500900009, 31.366124293000098], [35.18162773900019, 31.365954802000033], [35.18111176200006, 31.365785218000042], [35.18074949600009, 31.365672107000023], [35.18006881600007, 31.365436598000144], [35.179541861000075, 31.365210563000176], [35.17939782000013, 31.365143177000107], [35.17937518800005, 31.36513259000003], [35.179300309000155, 31.36509755200018], [35.17901490500003, 31.36499389800008], [35.17877333200016, 31.364956211000106], [35.17829954600006, 31.36486039900018], [35.178228111000124, 31.364847203000124], [35.17814893800005, 31.364832602000092], [35.17797060800018, 31.364799714000185], [35.17775253000008, 31.364754744000038], [35.17768354500015, 31.36474051900018], [35.1776709020001, 31.36473861200011], [35.17696392800002, 31.36458361600006], [35.17656092500016, 31.364511633000063], [35.17563816000012, 31.364336698999978], [35.17491902900002, 31.36421318300006], [35.174679261999984, 31.36418225400007], [35.17445163700012, 31.364171970000143], [35.173804407000034, 31.364140916000053], [35.17264183700007, 31.364048118000028], [35.171719032000055, 31.36399639200016], [35.17089098500003, 31.36395878600007], [35.17083290800008, 31.36395614600002], [35.17080821200017, 31.363955023000017], [35.16976550600003, 31.36393410900007], [35.16917838100005, 31.363920877000055], [35.16891280200019, 31.363949257000115], [35.168481334000035, 31.364006044000064], [35.16775097300007, 31.364043773000105], [35.16694326900006, 31.36405293200005], [35.16648966200006, 31.36404333000013], [35.165648828000144, 31.36395762800015], [35.16471947700006, 31.363871888000176], [35.16417718400004, 31.363862245000178], [35.16318145500003, 31.363833403000115], [35.16260618300004, 31.363766737000105], [35.16207430400016, 31.363655396000183], [35.16205852600007, 31.36365209300004], [35.16200696200008, 31.36364129300017], [35.16112401100014, 31.363405955000076], [35.15975349000013, 31.363118129000043], [35.15847460200018, 31.362856467000086], [35.15611615600011, 31.36244699200006], [35.15582403400009, 31.362377248000143], [35.15571067900004, 31.36235020100014], [35.15515833800009, 31.36221841300005], [35.154023320000135, 31.361989749000145], [35.15299458400011, 31.361730753000188], [35.152143336, 31.361547862000066], [35.15111455800019, 31.361364880000053], [35.15042291800012, 31.361227642000074], [35.1496956630001, 31.36106001400003], [35.148986329000024, 31.36086194799998], [35.147979623000026, 31.360604617000092], [35.14758589900015, 31.36046941300009], [35.146908969000094, 31.360212519000186], [35.146279155, 31.35998263100015], [35.145350173000054, 31.359685083000045], [35.144351423000046, 31.359356981000076], [35.143406699000025, 31.35904588400018], [35.142808374000026, 31.358897028000115], [35.14216299000009, 31.358653652000044], [35.14159611400004, 31.35839678900004], [35.14077769600004, 31.357869705000155], [35.14006275000003, 31.35739751600005], [35.14003217100009, 31.357377320000182], [35.13975461400008, 31.357193963000157], [35.13901480100009, 31.356761469000105], [35.13855831600006, 31.356491126000037], [35.13796016400016, 31.35615319900006], [35.1375193720001, 31.355977421000034], [35.13704707500017, 31.35577456700014], [35.136023815000044, 31.355382407000036], [35.135567244000015, 31.35523360100018], [35.13541305600006, 31.35521836100014], [35.135382113000105, 31.355215310000176], [35.13501617300017, 31.35517922700012], [35.13455946100004, 31.355206010000074], [35.13339348400012, 31.35524306700006], [35.13287145900017, 31.355215124000154], [35.13208586100018, 31.355191809000075], [35.131666462000055, 31.35517470500008], [35.13098496900005, 31.355163074000075], [35.130303644000094, 31.355145731000164], [35.12973348000014, 31.355145366000045], [35.12899301400017, 31.35515616100014], [35.12843596700003, 31.355178276000117], [35.127888121000126, 31.355195041000172], [35.12748181100011, 31.355234092000103], [35.127213113000096, 31.355278868000084], [35.12696413100008, 31.355306747000157], [35.12656439500006, 31.355340233000106], [35.12604676400014, 31.35535672900005], [35.12555524000015, 31.3553788750001], [35.12488025100015, 31.355434576000164], [35.12460762400008, 31.35546314000004], [35.12398499400007, 31.35554705600009], [35.12305441000018, 31.355675640000072], [35.12241226800012, 31.35572571700004], [35.121861759000126, 31.35577592200019], [35.12137022600007, 31.355803690000187], [35.12114633200002, 31.355815939000024], [35.12113882900019, 31.35581635000017], [35.120963927000105, 31.355825880000054], [35.12038729500017, 31.35588726400016], [35.12000706700019, 31.35594878800009], [35.11930593500006, 31.356032556000116], [35.11897171600003, 31.356066065000107], [35.11853995400003, 31.35609456800006], [35.11810751000013, 31.35615041200009], [35.11785194500004, 31.356189543000028], [35.11748487400013, 31.35622866000017], [35.11719648400003, 31.35625092400005], [35.11679016500011, 31.356289942000046], [35.116226681, 31.35633447600003], [35.11587934100004, 31.35635105700004], [35.115416226000036, 31.356362688000047], [35.11502306199998, 31.356384868000134], [35.114894796000044, 31.356396327000084], [35.114859403000025, 31.356399498000087], [35.11452510300012, 31.356429445000174], [35.11402699400003, 31.356457181000167], [35.1134830580001, 31.35649607900018], [35.112775403000114, 31.356523650000042], [35.11235597900003, 31.356528960000105], [35.11170056600008, 31.35653965400013], [35.11098635500002, 31.35655593200005], [35.110215835000076, 31.35655497200014], [35.109704620000116, 31.35655456500001], [35.10904941600012, 31.356520288000127], [35.10861692500009, 31.35646378200005], [35.108289356000114, 31.356418563000148], [35.107889669000144, 31.356395761000044], [35.107360901000106, 31.356377998000085], [35.10698089100009, 31.35638332400015], [35.10661387800019, 31.356366111000057], [35.10615528200009, 31.3563039390001], [35.105696667000075, 31.356258604000118], [35.105296881000186, 31.35617963599998], [35.104899707000186, 31.356108528000163], [35.104878534000136, 31.356104737000123], [35.10479250200012, 31.35608930600017], [35.10411762600006, 31.35603251200007], [35.10371796800001, 31.355987290000087], [35.10333801700011, 31.35594201400005], [35.10299075700016, 31.355885490000162], [35.10262657900006, 31.355834587000118], [35.10220721899998, 31.35578927500012], [35.101951700000086, 31.3557834180001], [35.10119811400011, 31.355771566000158], [35.1004576520001, 31.355770924000126], [35.09926000000013, 31.35577614800019], [35.09867685200004, 31.35578127200006], [35.09813293200011, 31.355803267000056], [35.097785570000156, 31.35583670900013], [35.097372684000106, 31.355870021000044], [35.09687588000003, 31.355903045000105], [35.09684370800005, 31.35590519400006], [35.096789495999985, 31.35590881600018], [35.09595058200006, 31.355975491000095], [35.09513139500001, 31.35602534000003], [35.094502387000034, 31.356064084000025], [35.093932981000194, 31.35610978200009], [35.09352665500012, 31.35614872600013], [35.09296315600011, 31.356198797000104], [35.09251085300008, 31.356232056000067], [35.09179004500015, 31.35627070099997], [35.09141657400005, 31.356298463000144], [35.09102981500013, 31.356314940000175], [35.090640262000136, 31.35633183500005], [35.09041742600016, 31.35632598600006], [35.08959827600006, 31.3563421180001], [35.08916571500009, 31.356347270000185], [35.088641474000156, 31.356386084], [35.088018859000044, 31.356430441000043], [35.08757331800007, 31.356441282000162], [35.08693120900011, 31.356446294000023], [35.08635444900017, 31.356462570000133], [35.08584335299997, 31.356495750000022], [35.08553096700007, 31.35652510799997], [35.08520130000005, 31.35658136100011], [35.08493750700018, 31.356623448000107], [35.084642637000115, 31.35669530800004], [35.08425515500005, 31.356758481000043], [35.08397494600001, 31.35679357300006], [35.08371115900013, 31.35682861100014], [35.08343901800009, 31.356849548000184], [35.082985722000046, 31.356884464000075], [35.08214484600012, 31.356933079999976], [35.08154309200006, 31.356967771000086], [35.0806117300001, 31.35701635500004], [35.0796476380001, 31.357069400000057], [35.07962616300017, 31.357070582000176], [35.07933777000005, 31.357086490000086], [35.078595903, 31.35714230300016], [35.07809297100016, 31.357205336000163], [35.077507739000055, 31.357282512000154], [35.076699813000175, 31.35736642900008], [35.076048587000116, 31.357429367000123], [35.07510059800012, 31.35749903100003], [35.07413621899997, 31.35754746400005], [35.073462517, 31.357589930000188], [35.07303384900007, 31.357624840000028], [35.072531134000144, 31.35764550300007], [35.07219316600009, 31.35764513500004], [35.07165743300004, 31.357672803000185], [35.071088505000034, 31.357714599000076], [35.07054454000007, 31.35775641700019], [35.06996745200013, 31.357762826000055], [35.06949778000018, 31.357762305000108], [35.069036173000086, 31.357747628000084], [35.06836763899997, 31.357738426000026], [35.06691588000007, 31.35776088900019], [35.06575814400003, 31.35774188900001], [35.06508634, 31.357723364000037], [35.064476477000085, 31.357687221000106], [35.06367038200011, 31.35764197200001], [35.06296750000001, 31.357650034000187], [35.06203716800013, 31.357657827000025], [35.06015583100003, 31.357665480000037], [35.05930828200013, 31.357664473], [35.05886380700002, 31.357619621000026], [35.058305764000124, 31.357530381000117], [35.05791294600016, 31.357529910000153], [35.05703434600008, 31.357537659000172], [35.056135190000134, 31.357563206000066], [35.05538053300012, 31.357597728000087], [35.05493591300012, 31.357641506000164], [35.05441902100017, 31.35769406900016], [35.05373672500019, 31.35776411400019], [35.05318882000006, 31.35779887800004], [35.05275476600002, 31.35780722000004], [35.05238411800008, 31.357807182000045], [35.05204307500003, 31.357780193000167], [35.051350613000125, 31.357743884000115], [35.050668317000145, 31.357716394000136], [35.04996546300009, 31.357706628000074], [35.048921507000045, 31.357705305000025], [35.04847707800013, 31.35773137400014], [35.048032465, 31.35776624800019], [35.04771199400005, 31.357810159000167], [35.04755349100003, 31.35782658500011], [35.04753068500008, 31.357828952000034], [35.047205440000084, 31.35786270799997], [35.04668854200014, 31.357915171000172], [35.046171672000185, 31.35794994500003], [35.04534837900019, 31.357976641000107], [35.04477979500018, 31.358002464000037], [35.04411823099997, 31.35804592200003], [35.04334287500012, 31.358080346000065], [35.043012131000125, 31.358079910000185], [35.04237132000014, 31.358087944000147], [35.042341595000096, 31.35808833900012], [35.04231351100003, 31.358088713000143], [35.04177172699997, 31.35809602800009], [35.04107915500009, 31.358121670000116], [35.03990079599998, 31.35815553700013], [35.039264072000094, 31.35817293000008], [35.03840611100003, 31.358207215000164], [35.03757925100001, 31.358206093000092], [35.036803940000084, 31.358213912999986], [35.03639064100008, 31.3581867850001], [35.035828231000096, 31.358159167999986], [35.03515638100009, 31.35816704900003], [35.034143424000035, 31.35818340600008], [35.033604777000164, 31.358181528999978], [35.03301366, 31.35813624500014], [35.032287487000076, 31.358126351000067], [35.03181044000013, 31.35811680200004], [35.03119853100003, 31.358124821000104], [35.03077316200006, 31.358141977000116], [35.03019220300007, 31.358194494000088], [35.02987053800018, 31.358256325000127], [35.02954887000004, 31.3583181570001], [35.02912337900011, 31.35839759600003], [35.02905718700015, 31.35840278699999], [35.02903301900005, 31.35840466900015], [35.028563293000104, 31.358441256000106], [35.02787854400003, 31.358493615000043], [35.027328822000186, 31.35852841000019], [35.02690338100007, 31.358581134000133], [35.02660243500003, 31.35862516200018], [35.026156432, 31.358695684000168], [35.025689404000104, 31.35876617300005], [35.02522948900014, 31.358810600000083], [35.02492088500003, 31.358824100000163], [35.02446627600017, 31.358844292000015], [35.02397115500014, 31.358836592000102], [35.02348411100013, 31.35881502100017], [35.02293221000002, 31.358786377000115], [35.022546150000096, 31.35877227600014], [35.02196987500008, 31.358778330000064], [35.02149907800015, 31.358763751000026], [35.02079293000014, 31.358755725000094], [35.020159687000046, 31.358754778000105], [35.01938044800016, 31.358753611000054], [35.01887713200006, 31.358738901000095], [35.018353824000144, 31.358703305000176], [35.01798870700003, 31.358647088000055], [35.01761539300003, 31.35858388300005], [35.01684441800012, 31.358478285000047], [35.01618726400011, 31.35836595500018], [35.01571658600005, 31.358295618000113], [35.01501045200007, 31.358204063000073], [35.01438554200007, 31.35814743600008], [35.01367490100017, 31.358091660000127], [35.01307425200008, 31.358055993000107], [35.012498097000105, 31.358007255000132], [35.01174881300011, 31.35797811300006], [35.01122770600006, 31.357914446], [35.01070432400013, 31.357850940000105], [35.010680003000175, 31.357847989000106], [35.01047034600015, 31.35782250400007], [35.010103879999974, 31.35778697800015], [35.009667497000066, 31.357730415000162], [35.00918713599998, 31.357659828000067], [35.00870667300012, 31.357561265000186], [35.00846253499998, 31.35753297500014], [35.00797384600014, 31.357518248000076], [35.00739555000007, 31.357475400999988], [35.006597558000124, 31.35741825100007], [35.00608449000015, 31.35736155000012], [35.00566108600009, 31.35730499400006], [35.004993415, 31.35720618800019], [35.004366413000184, 31.357135275000132], [35.00403019200019, 31.35708836700013], [35.003980299000034, 31.357081400000027], [35.003658019, 31.35703639500008], [35.00309489100016, 31.356968964000146], [35.002243289000035, 31.356874847000086], [35.00162159400003, 31.356781100000035], [35.000864853, 31.356640764000133], [35.00065427500016, 31.35659055800005], [35.00063391900011, 31.3565857050001], [35.00047306900012, 31.35654732000006], [35.00025675900014, 31.356489044], [34.999702726000066, 31.356395400999986], [34.999270169000056, 31.356325066000124], [34.99893236200006, 31.356254958000193], [34.997932469000034, 31.35602147600008], [34.99739872300012, 31.355891990000032], [34.99665546300008, 31.355751652000095], [34.9960066860001, 31.355657833000066], [34.99520940000008, 31.355517395], [34.99434469400012, 31.355346894000036], [34.99431752700008, 31.355341537000186], [34.99425818900016, 31.355329837000113], [34.993609606, 31.35515483300003], [34.99313692800018, 31.35496857200019], [34.99263715600006, 31.354782192000187], [34.99227229400003, 31.35470046400019], [34.99170467700009, 31.35459513799998], [34.99100745700014, 31.354436809000106], [34.99037445600004, 31.35424517900009], [34.990346628000054, 31.3542367550001], [34.990237175000175, 31.354203588000132], [34.989683113000126, 31.354063467000174], [34.98919646200011, 31.353958269000145], [34.988439461999974, 31.35380616200007], [34.98793937700009, 31.353689381000095], [34.98735817000005, 31.353572383000028], [34.98704731600009, 31.353502220000166], [34.986645163000105, 31.353361227000107], [34.98614521800005, 31.353186376000167], [34.98546943600013, 31.352999657000055], [34.984861196000054, 31.352859420000073], [34.984388216000184, 31.35274267], [34.98349597900017, 31.352567116000046], [34.98318670700013, 31.352523933000157], [34.98315901500018, 31.352520065000192], [34.982739050000134, 31.352461410000046], [34.98194145500014, 31.352332376000163], [34.98106282900011, 31.35216845100001], [34.980495105000045, 31.3520515190001], [34.980157137000106, 31.351992918000178], [34.97985978500003, 31.351911209000036], [34.97917038500003, 31.35179397900015], [34.978894769000135, 31.351755850000075], [34.978486242000145, 31.351677247000055], [34.97800514400012, 31.351528330000065], [34.977383603000135, 31.35133095800012], [34.976611954000134, 31.351142608000146], [34.97608538500003, 31.35105596000011], [34.975041212000065, 31.35084370600009], [34.97422413400011, 31.350701975], [34.973570248000044, 31.350638473000117], [34.973152637, 31.35058315900011], [34.972916540000085, 31.35050485900007], [34.97263865500014, 31.350456495000117], [34.97232980000007, 31.35044817000005], [34.971930217000136, 31.350408455000093], [34.97165791300017, 31.350361230000146], [34.971113028000104, 31.350313420000134], [34.97070431300011, 31.35031265200007], [34.97022287600015, 31.35030399700014], [34.969768657000145, 31.350310889000184], [34.969042076000164, 31.350293943000167], [34.96823368000008, 31.350292409000076], [34.96737971800013, 31.350321929000188], [34.96700731700014, 31.350313467000035], [34.96668042000016, 31.3502972710001], [34.96628083800016, 31.350257538000108], [34.965455936000126, 31.35016294700017], [34.96477482300014, 31.35009152700013], [34.96409369000003, 31.350027854000132], [34.963494351000065, 31.349956584000097], [34.96317658900006, 31.349901501000033], [34.962813610000126, 31.349807293000083], [34.962060189000056, 31.349634463000143], [34.961424610000165, 31.349547542000153], [34.96099777799998, 31.349507743000174], [34.96057993200009, 31.349483603000124], [34.95996256000012, 31.34940445900014], [34.95930070700018, 31.34931825000018], [34.958731871, 31.3492654800001], [34.95825683100014, 31.34920140700001], [34.95776155800013, 31.34914877800003], [34.95717262900013, 31.34911886200001], [34.95657036100005, 31.349043045000087], [34.95594150900007, 31.34896146500006], [34.95535922700003, 31.34890287400009], [34.95480647000005, 31.34879734300017], [34.95439182000018, 31.348687434000055], [34.95388345700013, 31.34856014600018], [34.95336152200019, 31.348472988000083], [34.9526455620001, 31.34836246900005], [34.95214374600016, 31.348304098000142], [34.95163753400004, 31.34823303200011], [34.95119599900016, 31.348169002000134], [34.9511178890001, 31.348160007], [34.95107764500017, 31.348155372000065], [34.950687453, 31.348110540000107], [34.95024571000016, 31.348063697000043], [34.94979742800018, 31.348005427000032], [34.949595990000034, 31.347990783000057], [34.94957219400004, 31.347989058000167], [34.94930885300016, 31.34796997100011], [34.94894752100009, 31.34794055300017], [34.94873354300017, 31.347888394], [34.94846517200011, 31.34785120300006], [34.947863773000165, 31.34782248600004], [34.947382976000085, 31.34776646500012], [34.94693414800008, 31.347669287000087], [34.94638122000015, 31.347571893], [34.94576407000005, 31.34748119700015], [34.945307287, 31.347411477000094], [34.944658157000106, 31.347307041000136], [34.94414521900012, 31.34723720100004], [34.94378449900012, 31.34716767700013], [34.943226221000145, 31.347047708000105], [34.94285773600012, 31.346936876000143], [34.94231300000018, 31.346791354000175], [34.942023163000044, 31.346736170000042], [34.942008017000035, 31.346733286000187], [34.94198444300008, 31.346728798000186], [34.941471432000185, 31.346686425000144], [34.940966343000184, 31.346630400000038], [34.94076613600009, 31.34658868500003], [34.94057389000017, 31.346519508000085], [34.940069323000046, 31.346339678000106], [34.93943647100008, 31.346118352000133], [34.938940587000104, 31.345946428000104], [34.93843722600013, 31.345748908000076], [34.938093900000126, 31.345630364000044], [34.937750622000124, 31.34555106600004], [34.93732713600008, 31.345442071000036], [34.936812003, 31.34534274200007], [34.93635408800003, 31.34527306000018], [34.93551861300011, 31.34511413100006], [34.935198104000165, 31.34505446300011], [34.934797527000114, 31.344975034000186], [34.93459143800004, 31.344925476000185], [34.934374107999986, 31.344846440000026], [34.93360082200013, 31.344536424000125], [34.93259385000016, 31.344239562999974], [34.93194183500009, 31.344012239], [34.93115214200003, 31.34381406600005], [34.93084729600008, 31.343732334000038], [34.930669624000075, 31.343684698000175], [34.93033968600014, 31.343596248000154], [34.92885201200016, 31.34322960200018], [34.928291381000065, 31.34314204800006], [34.92826740500004, 31.343138302000114], [34.9270662350001, 31.342950635000136], [34.92636791300009, 31.342840994000028], [34.92553204400008, 31.342770432], [34.924172102, 31.34268769400012], [34.923009856000135, 31.342711364000138], [34.92245907200004, 31.34278875900003], [34.92193883000016, 31.342918784000062], [34.92135693500006, 31.343127302000084], [34.92068293400018, 31.343492950000154], [34.920315230000085, 31.343728162000048], [34.920069929000135, 31.343937439000058], [34.919487702000026, 31.34430336100013], [34.91878306200016, 31.344695212000147], [34.91807833500002, 31.345060776000025], [34.91738081000017, 31.345379073000117], [34.91693424300007, 31.34562318500008], [34.91693331400006, 31.345623693000107], [34.916708083000174, 31.34574674700019], [34.91625952499999, 31.345996769000067], [34.91582825300003, 31.346232103000034], [34.91541417200011, 31.346482202000175], [34.915051698000184, 31.346717623000018], [34.91470657800005, 31.346967879000147], [34.91430947600003, 31.34724760600011], [34.913808971000094, 31.347615666000024], [34.913429153000095, 31.347880564000093], [34.91295457800004, 31.348303709000163], [34.9123329520001, 31.348804441000027], [34.91190123600006, 31.34917258200005], [34.91163723500017, 31.349417594000045], [34.91163569000014, 31.34941902800017], [34.91131410600019, 31.349717637000083], [34.91089299500004, 31.350104471000122], [34.91088839300005, 31.350108688000034], [34.91086499900007, 31.35013012400003], [34.91070928100015, 31.35035129000005], [34.91067371200012, 31.350690905000192], [34.91070716200005, 31.35101588100008], [34.91082564200008, 31.35145210600018], [34.91094677600017, 31.351996771000017], [34.91095499400012, 31.35203372000018], [34.91102930000005, 31.35236823500003], [34.91111344300003, 31.35301823000009], [34.91116326600013, 31.353564779000124], [34.91107599600019, 31.353948519000028], [34.91091989300014, 31.35428785200014], [34.91073875400019, 31.354548908000083], [34.91073287800003, 31.354557385000135], [34.910694869, 31.35461222000015], [34.910418138000125, 31.354980789000024], [34.910141499000076, 31.355319837000025], [34.90979600800017, 31.35567344500015], [34.90948497200003, 31.355982814000072], [34.90915664600004, 31.35630693700017], [34.908776800000055, 31.35661621400004], [34.90836261000004, 31.356881087000033], [34.90810305800005, 31.357060219000118], [34.90809745400014, 31.35706408400017], [34.90800002800006, 31.357131283000115], [34.90755125100014, 31.357425592000084], [34.907154393000155, 31.35766090900006], [34.90679292200019, 31.357920617000104], [34.90638015200017, 31.358199719000083], [34.906024475000095, 31.358393697000167], [34.905654635000076, 31.35859983200004], [34.905369860000064, 31.358806238000057], [34.905141985000114, 31.358988330000045], [34.904814674000136, 31.359194562000084], [34.90450144400012, 31.359413020000034], [34.903989144000036, 31.359740634000104], [34.90347222900016, 31.360073310000132], [34.90295971800009, 31.360413039000093], [34.902561413000114, 31.360631286000114], [34.90212032800014, 31.360873735000155], [34.901947252000184, 31.360954579000122], [34.901943842000094, 31.360956172000158], [34.90167935900013, 31.36107975699997], [34.90130921500008, 31.361322375000157], [34.901108217000115, 31.36146697000015], [34.901103549000084, 31.361470329000156], [34.90085371600014, 31.361650117000124], [34.90068004000017, 31.361776243000065], [34.90067585500009, 31.361779282000043], [34.90046932300004, 31.36192926800004], [34.900027905000115, 31.362269160000096], [34.89961501500005, 31.362572619000048], [34.89928743400003, 31.36280321800001], [34.89893152400009, 31.363058054000135], [34.898570250000034, 31.363295614000094], [34.89817171800007, 31.363525966000168], [34.89791556600005, 31.363659355000095], [34.897588263000046, 31.363853379000147], [34.89723230400017, 31.364120401000037], [34.896847647000016, 31.36447261000012], [34.896491439000044, 31.364812771000118], [34.89611924500019, 31.365168037000046], [34.895732742000064, 31.3654315980001], [34.89534596800007, 31.36577456500015], [34.89497454300016, 31.366143924000028], [34.89449487000013, 31.366566000000148], [34.89401523600009, 31.366974828000025], [34.89351980400011, 31.367489378000187], [34.89305227000017, 31.367959884000186], [34.89251089900006, 31.36840822199997], [34.89212392600007, 31.368804028000056], [34.8918913010001, 31.36916054500017], [34.891658677000066, 31.369517064000092], [34.891317648000154, 31.370018814000048], [34.89098204100003, 31.37059000300013], [34.89097750600007, 31.370597721000024], [34.89096065400014, 31.370626286000174], [34.89065081200005, 31.371035526000128], [34.890387030000056, 31.37147137300002], [34.89027814700006, 31.37170911800007], [34.89013823300019, 31.37203944300012], [34.88982811200003, 31.372528020000175], [34.88966707700013, 31.372790225000074], [34.88966207900006, 31.372798359000058], [34.889470529, 31.373110119000103], [34.88921544600015, 31.373592209000037], [34.88908765700012, 31.373881554000036], [34.88901640900008, 31.37415892299998], [34.88897333000017, 31.374412262000078], [34.888929962000134, 31.374750088000155], [34.88887263300012, 31.375039540000103], [34.88874496000011, 31.375340933000132], [34.88858891500007, 31.37567847400004], [34.88840428500009, 31.376160741000092], [34.888247741999976, 31.37664307400013], [34.888148113, 31.37695658900003], [34.88803297599998, 31.377241597000136], [34.88787676000004, 31.377627401000098], [34.887663372000134, 31.378254390000052], [34.887492651000116, 31.378797076000183], [34.88737835300009, 31.379267468000023], [34.88727855299999, 31.379629247000025], [34.887178670000026, 31.38001519200003], [34.88709266300009, 31.38047353800016], [34.887020613000175, 31.38093191700017], [34.886948731000075, 31.381390368000154], [34.88687526100006, 31.381737416000078], [34.88676170500008, 31.381990507000182], [34.886648064000156, 31.382267836000096], [34.88648086000018, 31.382596185000182], [34.88628800700013, 31.382978793000063], [34.88612742100014, 31.38329299500009], [34.885918869000136, 31.383607075000157], [34.88577404900008, 31.383921388000147], [34.88566727300008, 31.384154144000036], [34.885662823000075, 31.384163844000113], [34.88558917000012, 31.38432444900019], [34.88534050600015, 31.384693174000063], [34.885149532000185, 31.38491006000004], [34.88514161500012, 31.384919060000072], [34.88513382000008, 31.384927152000046], [34.88480826500006, 31.385265090000132], [34.88452806000009, 31.385537976000137], [34.88436779800014, 31.385708577000116], [34.88423942600019, 31.38592026600014], [34.884039076000136, 31.38618652100007], [34.883678675000056, 31.386561790000087], [34.883342351000124, 31.38690978300002], [34.88297394200009, 31.38727136300014], [34.88260567200018, 31.387639775000025], [34.88230921000019, 31.3879536230001], [34.881929388000174, 31.388382389000185], [34.88172088300007, 31.3886760260001], [34.881576280000104, 31.388921847000063], [34.88138365400016, 31.38927704000008], [34.881022847000054, 31.389761796000187], [34.880926283000065, 31.389987235000092], [34.88081330300014, 31.390349466000146], [34.880748222000136, 31.390684482000154], [34.88069402600013, 31.391054404000045], [34.88060664800014, 31.391516969], [34.88054477600019, 31.392060489000073], [34.88055143500014, 31.392596714000092], [34.8806435890001, 31.39320672400015], [34.88075208500004, 31.39365443400004], [34.88094682800005, 31.394338130000108], [34.88105643000006, 31.394845310000164], [34.881143189000056, 31.39524900600003], [34.88114776200018, 31.39527028599997], [34.88118284100011, 31.395433353000044], [34.88133553400007, 31.395881881000037], [34.88154055700005, 31.39630588300014], [34.881837638000036, 31.397136750000072], [34.88219358600003, 31.398283719000176], [34.882448524000154, 31.399236445000156], [34.882601178000186, 31.39969962600003], [34.882847778000155, 31.400265924000166], [34.88300056300005, 31.40069239200011], [34.88312758000018, 31.401111469000057], [34.883271643000114, 31.401589355000112], [34.88338229600015, 31.401990703000138], [34.88350105600017, 31.402328870000133], [34.88367285200019, 31.402676682000106], [34.88401961100004, 31.403407477000087], [34.8842581880001, 31.403875950000042], [34.884387675000085, 31.404344213000172], [34.884515307000186, 31.40529900500013], [34.884786237000014, 31.406768178000107], [34.884790511, 31.406791369000132], [34.88492267400005, 31.407508509000138], [34.88511941500008, 31.408437687000117], [34.88531385100015, 31.40903710400005], [34.88570383300009, 31.409917731000178], [34.88633363000008, 31.410967373000176], [34.88665933100009, 31.411529703000156], [34.88687602300013, 31.412016858000072], [34.887353190000056, 31.412972533000186], [34.887722128, 31.413628544000176], [34.887916691000044, 31.414246626000136], [34.88824614700013, 31.41472645400006], [34.888615673000174, 31.415213989000165], [34.888895318000095, 31.41554785900007], [34.88891073400015, 31.41556626400012], [34.88918125200013, 31.41588916400019], [34.88933308300017, 31.416226422000193], [34.889615558, 31.41665757900006], [34.89007200800012, 31.417295059000026], [34.89068377900003, 31.418358230000024], [34.89092502800003, 31.418691060000185], [34.89115643900004, 31.419065364000062], [34.89134899400011, 31.419414697000093], [34.89165774600008, 31.41985564099997], [34.89198550500009, 31.420363073000033], [34.89237271800005, 31.421025668000084], [34.89269055600005, 31.421649407000075], [34.89294032000015, 31.422189970000147], [34.89294358700016, 31.422195967], [34.89297898600012, 31.42226906200011], [34.89316210100009, 31.42264718100006], [34.89331600000014, 31.422963227000082], [34.893421922000186, 31.423179384000093], [34.89349914400003, 31.423427175000086], [34.89357550100004, 31.423784533000173], [34.89363272300011, 31.424067013000126], [34.89371891700017, 31.42438289000006], [34.89380533900004, 31.424632254000073], [34.89396874200014, 31.42500638600012], [34.89419023500005, 31.425455418000126], [34.89444008900017, 31.426120485000183], [34.89463140900017, 31.42684353700014], [34.89481735200019, 31.427261408000163], [34.89492595400009, 31.427709242000105], [34.8950345130001, 31.428121779000037], [34.89514338600014, 31.428440109000064], [34.89530696000003, 31.428864547000046], [34.89548648500005, 31.42923822100005], [34.89573256400007, 31.429662863000033], [34.896074156000054, 31.430276223000135], [34.896093814000096, 31.430316751000134], [34.896135200000174, 31.430402075000075], [34.89631996200018, 31.43078330100019], [34.89649714899997, 31.43121960900004], [34.896502364000185, 31.431232868000166], [34.896516192000036, 31.43126773500012], [34.896660773, 31.431632277000062], [34.89682420200012, 31.432103851000193], [34.89697402600012, 31.432516485000065], [34.89713765300007, 31.43292915600017], [34.89742433400005, 31.433554142], [34.89769724700017, 31.434167330000093], [34.89786459300018, 31.43460177800017], [34.898014469000145, 31.435049782000135], [34.89810948000007, 31.435391609000078], [34.89817715700008, 31.435697999000183], [34.898331808000194, 31.436539540000126], [34.89857050100011, 31.43677334900019], [34.898961501000144, 31.437072848000184], [34.89946530900011, 31.43740538500009], [34.900323617000026, 31.437995119], [34.900692952000156, 31.43823854400017], [34.90125772600015, 31.43867839300009], [34.901779041000054, 31.439090089000047], [34.902148109, 31.439417428000183], [34.90256039900004, 31.439847530000065], [34.90288598900014, 31.44020280500007], [34.90322691200004, 31.440544588000193], [34.90373707800012, 31.441002895], [34.90437763300008, 31.441601451000167], [34.90497640600017, 31.442160726000168], [34.90554453800013, 31.44274331600002], [34.905841822000184, 31.44311606100007], [34.906315223000036, 31.443617041000152], [34.906802034000066, 31.444141301000172], [34.90734301700013, 31.444689012000083], [34.907802943000036, 31.44514345100015], [34.90823597700012, 31.445528068000044], [34.908763183000076, 31.446122243000104], [34.90903340400013, 31.44648321900013], [34.90961462000007, 31.447205334000103], [34.90983473799997, 31.447506652000186], [34.91015869200015, 31.448030516000188], [34.91042847699998, 31.448531001000106], [34.91065777400007, 31.448996509000096], [34.910873154000114, 31.449496936000173], [34.91106191400007, 31.44989259400006], [34.911251085, 31.450160436000033], [34.911480985000026, 31.450439930000016], [34.91172436500011, 31.45071952500018], [34.91203539800017, 31.451022530000103], [34.912360169000124, 31.45134875000008], [34.91269849400015, 31.45165181600015], [34.913036785000145, 31.451966440000035], [34.91330740899997, 31.452211217000126], [34.9138151410001, 31.452695902000187], [34.914491776000034, 31.453313582000135], [34.91523461100013, 31.454001665000135], [34.91595298100003, 31.454631624000115], [34.91646250400004, 31.455025480000188], [34.91674994100009, 31.455261693000125], [34.916945719000125, 31.455475358000115], [34.917128544000036, 31.455677721000086], [34.91737660300004, 31.455891432999977], [34.91769010000013, 31.45620626900012], [34.917994223000164, 31.456470279000087], [34.91845138300016, 31.456897614000184], [34.919012953000106, 31.457426228000088], [34.91965254900009, 31.45813448000007], [34.92009650200015, 31.45858425700004], [34.92050137900014, 31.45896665300006], [34.920749511000054, 31.45921404100011], [34.920997367000155, 31.459551125000132], [34.921271432000026, 31.45986593300006], [34.92151946500019, 31.46014692900019], [34.92186402599998, 31.46057998500015], [34.922151080000106, 31.460950906], [34.92246413400011, 31.46136669800012], [34.922803436000095, 31.46174893800014], [34.922973135, 31.461951262000184], [34.92323446700016, 31.462187473000085], [34.923547843000165, 31.462502292000124], [34.923913525000046, 31.46286211200004], [34.924010193000015, 31.46297310000017], [34.92405310800012, 31.463022372000182], [34.92414845400003, 31.463131941000086], [34.92431805800004, 31.463367870000184], [34.92455288800011, 31.463671310000052], [34.92477470400013, 31.46392990400011], [34.92497081900012, 31.46409860300014], [34.9251405330001, 31.464244839000173], [34.92535884100005, 31.46441513700006], [34.9256428810001, 31.464649419000068], [34.92589133900009, 31.464853114000107], [34.926080232000174, 31.465127839000047], [34.92628068400006, 31.465493977000108], [34.92648139500005, 31.46582967500018], [34.926764631000026, 31.466277309000077], [34.92700064300004, 31.466684109000028], [34.927189551000026, 31.467009635000124], [34.92730735500015, 31.467253690000177], [34.92742497200004, 31.467558695000093], [34.9275307960001, 31.467904328000145], [34.92764841400003, 31.468209329000103], [34.92778048000014, 31.46852239900005], [34.928004602000044, 31.468949535000036], [34.92819304700009, 31.469376592000117], [34.92833445100007, 31.469702009000116], [34.92854639000012, 31.4701900660001], [34.928711565000185, 31.470485028000155], [34.928912143000105, 31.470871523000085], [34.92908881900013, 31.471278260000076], [34.92928918600012, 31.471735781000177], [34.92944834300005, 31.472010435000186], [34.92948381700012, 31.472071571000072], [34.929525059000184, 31.472142647999988], [34.92970199700005, 31.472518944000058], [34.92994248100007, 31.473033836000013], [34.93030244300019, 31.473678143000143], [34.93066239100011, 31.47427489200004], [34.930980741000155, 31.474871474], [34.93124760000012, 31.475367821000134], [34.93155219700003, 31.475892925000096], [34.93178699300012, 31.476501232000032], [34.932008281000094, 31.476954565000142], [34.93229887300015, 31.477491546000067], [34.93264478800012, 31.478171611000164], [34.93293540999997, 31.47875622200013], [34.93312920200003, 31.47911415900012], [34.93379387900006, 31.48021204200012], [34.934197284000106, 31.48086495900003], [34.934436848000075, 31.481316497000137], [34.93466116000013, 31.48175510500016], [34.934990438, 31.482400178000148], [34.9351547980001, 31.482761291000088], [34.93546910600003, 31.483354756000097], [34.935843676000104, 31.483922557000085], [34.93616166700019, 31.484384548000037], [34.93620330800019, 31.484427251000113], [34.93621413, 31.48443835000006], [34.9364767780001, 31.484707443], [34.93668637100012, 31.485068651000063], [34.93694084800012, 31.485546002000035], [34.93713563100016, 31.48585567200007], [34.937375471999985, 31.486165508000113], [34.93758526000016, 31.486462314000164], [34.937884693000115, 31.48697837300017], [34.938139291000084, 31.48741704300005], [34.93833404500003, 31.48773967300008], [34.938468799000134, 31.487997635000113], [34.93863322300007, 31.488345920000086], [34.93885762300016, 31.488823203000038], [34.939082364, 31.489184511000076], [34.9393668300001, 31.489649029000134], [34.93958529000008, 31.491838133999977], [34.93964241400016, 31.49204576000011], [34.93973402600011, 31.492268327000147], [34.93981390300007, 31.49256985600016], [34.939888079000184, 31.49285157300011], [34.93995676800006, 31.493039496999984], [34.94006563200003, 31.49332629100013], [34.940203047000125, 31.493692130000113], [34.94029475700006, 31.493939360000127], [34.940415718000054, 31.494308897000053], [34.940484384, 31.49450668500009], [34.94057015000004, 31.494763765000016], [34.94065599800018, 31.494991181000046], [34.94071912300018, 31.49511483400005], [34.94079356000003, 31.495307630000184], [34.9408738620001, 31.49552030800004], [34.94099474600017, 31.495860322000055], [34.9410864620001, 31.49610755000009], [34.9411949950001, 31.496453599000063], [34.94127503400006, 31.496700803000067], [34.941338034000125, 31.496868913000128], [34.94140669000012, 31.497071632000143], [34.941538316, 31.497452324000164], [34.94167739900007, 31.497871364000048], [34.94172875000015, 31.498029586000143], [34.94179760700007, 31.49816311100011], [34.941895039000144, 31.498425149000127], [34.94195198500006, 31.498696965000022], [34.94203775700004, 31.49895404299997], [34.942118141000094, 31.49908266100016], [34.94218697000019, 31.49922612200004], [34.942266928000095, 31.499502919000122], [34.94231266200012, 31.499670992000063], [34.942364095000016, 31.49985887600019], [34.94241228100009, 31.500089594000087], [34.942569153000136, 31.500501908000103], [34.94262380700019, 31.50065618800005], [34.94271501500009, 31.500854513000036], [34.94281018300018, 31.50116213399997], [34.94291939700014, 31.501505222000162], [34.94297033600003, 31.50169402100005], [34.94301019100004, 31.50184827400011], [34.9430648550001, 31.501999313000056], [34.94312705800019, 31.502218503999984], [34.94318531400006, 31.50237899400014], [34.943268934, 31.50269997600003], [34.94336378400004, 31.50294869000004], [34.94347303400002, 31.503394790000186], [34.9435201230001, 31.503608736000103], [34.94356016800015, 31.503753545999984], [34.94359997400005, 31.503983187000074], [34.94366143800016, 31.50428840900014], [34.943716199000164, 31.50446467400002], [34.943788783000116, 31.50473532400008], [34.943829185000084, 31.504986880000104], [34.94388340300014, 31.505295259000093], [34.943912206000164, 31.505462026000146], [34.943959504000134, 31.505660261000116], [34.94403901400017, 31.506097631000046], [34.944061084, 31.506260651000048], [34.944093273000135, 31.506565813000066], [34.94411845500008, 31.506732574000125], [34.94414338000007, 31.506990509000047], [34.94416487400008, 31.507182419000117], [34.94419026600008, 31.50733346800007], [34.944237844999975, 31.507606107000186], [34.94425208500013, 31.507804270000122], [34.94425889900015, 31.507952110000133], [34.94428052900014, 31.508096811000087], [34.94431688900016, 31.508266767000123], [34.94432003200012, 31.50843348000018], [34.94430087600017, 31.508691327000065], [34.94430689800009, 31.508886090000146], [34.94431910300017, 31.509336357000166], [34.94432895500006, 31.50957277000009], [34.94429872800015, 31.509905492000087], [34.9442519590001, 31.51021309200013], [34.944208443000036, 31.510360615000025], [34.944203874000095, 31.510376032000124], [34.94418436100017, 31.510441874000037], [34.944170268000164, 31.510568879000175], [34.94416663300012, 31.51060164100005], [34.944162918000075, 31.510635102000037], [34.94412906900004, 31.510796033000133], [34.94411831700006, 31.510817571000132], [34.94411158500003, 31.510831005], [34.944058430000155, 31.510937087000116], [34.94397008100003, 31.511173579000115], [34.94389535500005, 31.511363876000132], [34.94384720800008, 31.511576282000135], [34.943779192000136, 31.511778149000065], [34.943677140000034, 31.512089649000075], [34.94362246200012, 31.512343474000033], [34.943513550000034, 31.51269533400017], [34.94342493400012, 31.513024196], [34.943336350000095, 31.513341434000154], [34.943261454000094, 31.513589506000073], [34.94320708900017, 31.51373369400011], [34.94311180400018, 31.513978767000026], [34.94304378100014, 31.51418063300008], [34.942982488000155, 31.514388290000113], [34.942948271000034, 31.51456140800019], [34.94288684400004, 31.514815219000184], [34.94285282500016, 31.514976782000133], [34.94276652800005, 31.515356240000074], [34.94269931100007, 31.51556303900003], [34.94264867000004, 31.51572696400018], [34.94260100399998, 31.515886246000036], [34.942536625000116, 31.516078676000177], [34.942484768000156, 31.51620736700005], [34.94243685400011, 31.516337546999978], [34.94238921300018, 31.51648752700015], [34.942294178, 31.516700890000152], [34.94222620100015, 31.51688549400012], [34.942117742000164, 31.517133424], [34.94191364900007, 31.51774486900007], [34.941846368000085, 31.51791636900009], [34.941796849000184, 31.518146104000152], [34.941737734000185, 31.518338266000058], [34.94170261400012, 31.518537382000034], [34.94166800100015, 31.518675268000038], [34.941628429000104, 31.518821460000083], [34.94155961900009, 31.51900937199997], [34.94152494500008, 31.519168116000174], [34.941490317000046, 31.519310161000078], [34.941421472000116, 31.51951061400007], [34.94136236600019, 31.51969854800018], [34.94129331900007, 31.519911542000045], [34.94122883500006, 31.52008163800008], [34.94115473000005, 31.520336407000116], [34.941085811000164, 31.52056194200003], [34.94103149799997, 31.520741572000134], [34.94099210000013, 31.520883607000087], [34.940952539000136, 31.52102556900013], [34.94083397300011, 31.52152269600009], [34.94074956900005, 31.52186847500002], [34.94069519400006, 31.522069029000136], [34.94064578000007, 31.522261139000193], [34.94060633000015, 31.522419873], [34.9405569650001, 31.522595283000157], [34.94045837599998, 31.522896008000032], [34.94042859800004, 31.523067304], [34.940369536000105, 31.523238538000157], [34.940310379000096, 31.52344324100011], [34.94026029500003, 31.52363844700011], [34.94019594900004, 31.523930931000166], [34.940151247000074, 31.524198302000173], [34.940267944000084, 31.524348984000028], [34.94040411100002, 31.524537330000157], [34.9405401410001, 31.52477168600018], [34.94072070900012, 31.525080120000098], [34.9408180640001, 31.52520567500011], [34.9409201090001, 31.52536055100012], [34.94099779500016, 31.525519533000136], [34.941114240000104, 31.52575800500017], [34.941274378, 31.52613445700007], [34.94141515900003, 31.526435691000074], [34.94156565700007, 31.526732787000185], [34.94174046200004, 31.52704522199997], [34.941846277000025, 31.527262605000146], [34.941943350000145, 31.527509015000078], [34.941943454000125, 31.527509278000025], [34.94195800699998, 31.527539958999967], [34.94200428500011, 31.527637856000183], [34.942101910000076, 31.52778652100011], [34.942233014000124, 31.528020866000077], [34.942227558000184, 31.528259078000076], [34.942194143000165, 31.528437413000177], [34.942141350000156, 31.528717097000026], [34.94211165100012, 31.52914698300009], [34.942091972000185, 31.529353810000032], [34.94207251500006, 31.529540348000012], [34.942024434000075, 31.52978361400011], [34.942000279000126, 31.53000177700011], [34.941985524000074, 31.530212633000133], [34.94196050200014, 31.530675008000117], [34.941950353000095, 31.530885873000045], [34.941916241000115, 31.531076395000184], [34.941916061000086, 31.531082242000082], [34.94190874800012, 31.531170124000027], [34.9418969730001, 31.5313116210001], [34.94186342500018, 31.531477835000032], [34.94183868300007, 31.531785269000068], [34.94181912100004, 31.532008306000137], [34.94181365800006, 31.532247574000053], [34.941798879000146, 31.532466602000056], [34.94177917400003, 31.53268153300013], [34.94177377300002, 31.532957302000113], [34.94176834700011, 31.533184454000093], [34.94175354200007, 31.533354725000038], [34.941729223000095, 31.53351560300007], [34.941733327000065, 31.533690001000082], [34.94170900500018, 31.53390893900007], [34.941694095, 31.534172569000077], [34.94169788500017, 31.534513249000156], [34.9417155320001, 31.534955422000053], [34.94172581900017, 31.535096646000056], [34.94174832100009, 31.535452444000157], [34.94173123000019, 31.53595993100015], [34.94173577300012, 31.536210425000093], [34.941714194000156, 31.536447476999967], [34.941698058999975, 31.536621831000048], [34.941697415000135, 31.536845470000117], [34.94170666200006, 31.537234637000097], [34.9417111140001, 31.537516416000074], [34.94172577700016, 31.537851905000025], [34.94173504600013, 31.538138224000193], [34.94173801599999, 31.538229949000026], [34.94174057700013, 31.538312040000164], [34.9417452620001, 31.538513283000043], [34.94177569800013, 31.538799626000184], [34.94178512200017, 31.539184287000126], [34.941805115000136, 31.539497452000035], [34.94183552600009, 31.539907170000163], [34.94186586300003, 31.540229235000083], [34.94187058500006, 31.540417090000062], [34.941874949000066, 31.54073022300014], [34.94189008900008, 31.540900205000185], [34.941915481000024, 31.541225289000067], [34.94193049300003, 31.541440011000077], [34.94191939600012, 31.541636783000172], [34.94191358800015, 31.541882746], [34.94191251800004, 31.54225399600017], [34.94193216400009, 31.542687859000125], [34.941942421000135, 31.54295520300019], [34.941972986999986, 31.543196806000026], [34.94196712600012, 31.54346066400018], [34.94198221900007, 31.543648542000085], [34.942007556000135, 31.543934874000172], [34.94203815100008, 31.544167525000148], [34.94206379700006, 31.5443464760001], [34.942089214000134, 31.54460596299998], [34.94209977700018, 31.544823142000098], [34.94212594000015, 31.545052122000072], [34.94216139100013, 31.54531240400013], [34.94216050200015, 31.54562179100003], [34.942150792000064, 31.545850906000055], [34.94214554700005, 31.54607227800011], [34.94211765800014, 31.54632848300008], [34.94208027400009, 31.546681829000192], [34.94205636900017, 31.54698334600016], [34.94202838400008, 31.54721629800008], [34.941982372000155, 31.547480284000073], [34.94192211000012, 31.547891853000124], [34.941865480000104, 31.54858632500003], [34.94183271400004, 31.54893573800007], [34.94178617600011, 31.549324011000124], [34.941758038000046, 31.549665683000114], [34.9417253630001, 31.549984090000123], [34.94170848600004, 31.55024376900019], [34.941649521000045, 31.550490746000094], [34.941653704000146, 31.55063822700015], [34.94171862900009, 31.550892935000093], [34.94176811800003, 31.551021206000144], [34.94183113499997, 31.55119615000001], [34.94195283500011, 31.55150706400019], [34.9420609340001, 31.551798574000145], [34.94216912500008, 31.55205893900012], [34.94226831900011, 31.552299979000168], [34.94235060100016, 31.55252865300008], [34.94248540800004, 31.552975581000112], [34.942548424999984, 31.55315045500015], [34.9426206390001, 31.55333316800011], [34.942697105000036, 31.553523569000106], [34.94276465500013, 31.553725650000047], [34.9428457730001, 31.55395883000017], [34.942917755, 31.554164863999972], [34.94298308600003, 31.554394701000092], [34.943049617999975, 31.55454992300014], [34.943116050000185, 31.55479829000018], [34.943146986000045, 31.55497027800004], [34.94315023100006, 31.555216331000054], [34.94313391100013, 31.55545557500011], [34.94313263800012, 31.55549820300007], [34.943132250000076, 31.555512176000093], [34.94312511100014, 31.555769032], [34.94315614800013, 31.55590727000009], [34.943175348000125, 31.55615553800004], [34.943190517, 31.556374701000152], [34.943209561000174, 31.556563431000143], [34.943232757000146, 31.556738784000174], [34.94326354900005, 31.55696129000006], [34.94330593700016, 31.557331573000056], [34.94330943199998, 31.557489974000134], [34.94332481400005, 31.557634941000117], [34.94334661400006, 31.557787145000134], [34.943350304000035, 31.557812905000105], [34.943355629000166, 31.55785068400013], [34.94338654800015, 31.558086648000142], [34.94340550600015, 31.558305816000143], [34.94342875400008, 31.5585204140001], [34.94343225900013, 31.55867543400018], [34.94343966500003, 31.55884737100007], [34.943451061000076, 31.559005787000046], [34.94348558400003, 31.559305806999987], [34.94349703800009, 31.55944407200019], [34.94352033000007, 31.55958567500005], [34.94353562700013, 31.55976093900017], [34.94353913200018, 31.559915958000147], [34.943566398000144, 31.56010724300006], [34.943589643000166, 31.560265685000047], [34.94361267500011, 31.560440966000044], [34.94363197800004, 31.560596090000104], [34.94368244800012, 31.560845550000124], [34.94370178500003, 31.56099052600007], [34.943721089000064, 31.561145649000025], [34.943748104000065, 31.561424654000064], [34.94376307200008, 31.561714558000062], [34.94378240600008, 31.561859532000028], [34.943805536000184, 31.56200113500006], [34.94386031200008, 31.562125963000085], [34.94404087700002, 31.56234878300006], [34.944162532000064, 31.562510811000152], [34.94431971700004, 31.56267968200018], [34.94442565700007, 31.562811311000132], [34.944562579000035, 31.56298781600009], [34.94492298800009, 31.563399068000024], [34.94508965600005, 31.563648983000178], [34.9452709680001, 31.56407359800005], [34.94531737900013, 31.56453612100006], [34.945335843000066, 31.56481440400006], [34.94536368800016, 31.565092778000178], [34.945386935000045, 31.565309702000036], [34.945433289000164, 31.565619607000144], [34.945459143000164, 31.565788625000096], [34.945490471000085, 31.566057914999988], [34.94552803900018, 31.56633215200003], [34.94554664200018, 31.566504112000075], [34.945579330000044, 31.56675790500003], [34.94564532600003, 31.567105901000048], [34.945678439000176, 31.567269647000103], [34.945720613000105, 31.56760307900015], [34.945748588000185, 31.567836358000193], [34.945762372000104, 31.568024654000112], [34.945790535000015, 31.568249761000175], [34.94582182600004, 31.568590990000075], [34.94585627200007, 31.568805542000064], [34.94588005600008, 31.569008585000063], [34.945892668000056, 31.569262336], [34.94593987900015, 31.56950340600008], [34.94601977900015, 31.56999876200001], [34.946042427000066, 31.570485824000173], [34.94607996000008, 31.570715036000138], [34.946108357000014, 31.570917244000157], [34.94614100300009, 31.57118738300005], [34.94619759700015, 31.57148625000019], [34.946249408000085, 31.57178919200004], [34.946272728000054, 31.571981594000135], [34.94630854200017, 31.572179730000187], [34.94634902700005, 31.57241423300013], [34.946372306000114, 31.57256309200011], [34.94637470500004, 31.572762286000057], [34.946390844000064, 31.573048808000124], [34.94637302799998, 31.573295591000033], [34.94638628200005, 31.573497626000176], [34.9464180010001, 31.57392086900012], [34.946449481, 31.57425371500011], [34.946453247000136, 31.574550852000073], [34.94647987400015, 31.57497091600004], [34.946506549000105, 31.575315587000034], [34.946552102000055, 31.57567897100006], [34.94658843700017, 31.575984135999988], [34.946610876000136, 31.576198096000155], [34.946647148000125, 31.576467610000066], [34.946688216000155, 31.57672916900009], [34.94669189299998, 31.577116704000105], [34.94670491100004, 31.57740195000008], [34.94676900200005, 31.577671450000025], [34.946814681000035, 31.57793302000016], [34.94690158000003, 31.578285850000043], [34.94697010100009, 31.578618772000027], [34.94701676500006, 31.578823482000132], [34.94706242500013, 31.579033545000186], [34.947122022000144, 31.57926343700018], [34.9471770020001, 31.579437867000024], [34.94725531200015, 31.579628199000183], [34.94730101800002, 31.579822410000133], [34.94734245100017, 31.58001484900018], [34.947392875000105, 31.580228939000108], [34.94742477800014, 31.580415159999973], [34.947475214000065, 31.58056583700011], [34.94749799900006, 31.580716384000027], [34.947539120000044, 31.5809026930001], [34.947593784000105, 31.581247494000138], [34.94764051200008, 31.58148842000014], [34.947681712000076, 31.58164696900002], [34.94772774100011, 31.581785728000057], [34.94782422600019, 31.582011750000106], [34.94783928200019, 31.58205525600016], [34.947839574, 31.582056100000045], [34.947943422000094, 31.582355627000084], [34.94799734700018, 31.582497220000164], [34.948031447000176, 31.582585390000133], [34.94806108300014, 31.582662016000086], [34.948069188000034, 31.58269222600012], [34.94810017800006, 31.582807737000167], [34.948180846000184, 31.58309826600015], [34.948269119000145, 31.58331799800004], [34.948318074000156, 31.583470151000085], [34.948391837000145, 31.583640252], [34.94839312700009, 31.583642912000073], [34.948407711000016, 31.583672978000095], [34.948485127000026, 31.583832586000142], [34.9485831880001, 31.58408404700009], [34.94868155000006, 31.584288229000094], [34.948742668000136, 31.584505792000073], [34.94883356100013, 31.584790424000175], [34.94888237400016, 31.584936165000045], [34.948953455000094, 31.58512422600006], [34.94904163700011, 31.585377778000066], [34.949085720000085, 31.585506598999984], [34.94912554000018, 31.585630617000163], [34.949128150000035, 31.585638868000046], [34.949155131000055, 31.585718927000187], [34.949188719000176, 31.585818593000056], [34.949289048000026, 31.58614397000008], [34.949384984000176, 31.586392607000107], [34.94947577200003, 31.5865976180001], [34.94953930100007, 31.58683836700004], [34.94960552700019, 31.586996895000027], [34.94964709200019, 31.587144734000105], [34.94969381900006, 31.587330137000095], [34.94984346000007, 31.587683024000057], [34.94986771800012, 31.587839280000026], [34.949943966000035, 31.588005441000178], [34.95004449600003, 31.58826113200007], [34.950113057000124, 31.588468141000078], [34.95016946500016, 31.588607625000066], [34.95023581200002, 31.58884154400016], [34.950309374000085, 31.58902742700019], [34.95037312700015, 31.58918806400004], [34.950427065000156, 31.589327472000036], [34.950498057000175, 31.58954928200012], [34.95057446900006, 31.5897178350001], [34.95067012499999, 31.58995026500014], [34.95074106800013, 31.590191098000105], [34.95078739700011, 31.590402290000156], [34.95084917300005, 31.590623518000143], [34.9509163030001, 31.59081375300019], [34.95097970400013, 31.59098488900014], [34.9510224120001, 31.591195648000053], [34.951075069000126, 31.59138254300018], [34.95111534900008, 31.59151938700012], [34.95116065000019, 31.59168675100011], [34.95126469400009, 31.591864589000068], [34.951299880000136, 31.59199931000012], [34.95135772700007, 31.59221440000016], [34.95142091600002, 31.592342694000138], [34.951506613000106, 31.59254699000013], [34.951620236, 31.592833426000027], [34.95166563700013, 31.592965981000077], [34.951758651000034, 31.59317859900011], [34.95177213600016, 31.59320942500017], [34.95177327700014, 31.593213442000035], [34.95183966300016, 31.59337683100017], [34.95192544300011, 31.593671245000166], [34.951926748000176, 31.593675685], [34.95193220400006, 31.59369201200019], [34.952001038000105, 31.593897995000134], [34.95209673400018, 31.594178335000038], [34.95217227200004, 31.594367460000115], [34.952242905000105, 31.594543470000133], [34.95236776100012, 31.59469923000006], [34.952514606000136, 31.594821140000192], [34.95279330800008, 31.595069228000114], [34.95295027100019, 31.595223781000186], [34.953098025000145, 31.595375429000114], [34.953270143, 31.59552782900016], [34.95341959700011, 31.595660594000037], [34.95348755100008, 31.595718182000155], [34.953549193000185, 31.59577042100011], [34.953599453000095, 31.595812938], [34.953787006000084, 31.59598058800003], [34.953965333000156, 31.59615195300006], [34.95411718400004, 31.5963107930001], [34.954259068000056, 31.596443544000124], [34.95444397600005, 31.596615484000154], [34.954560443, 31.596711261000166], [34.95472351900003, 31.59686061200017], [34.95491109500006, 31.59702170600019], [34.95503772100005, 31.597134836000123], [34.955260607000014, 31.59732855400017], [34.95539981100018, 31.59747870200016], [34.95556193400017, 31.597615858000154], [34.95571254300012, 31.597750384999983], [34.955859296000085, 31.597909214000083], [34.955996120000066, 31.598026731000118], [34.95611517100002, 31.598142101000064], [34.95629493600006, 31.598331361000135], [34.95637523700009, 31.598408745000143], [34.956415247000166, 31.598447220000025], [34.95644190600018, 31.598472855000068], [34.95664058200009, 31.598670400000174], [34.956878691000156, 31.59889888099997], [34.95700525100017, 31.599038149000137], [34.95712179900005, 31.599166477000097], [34.957311088000154, 31.599367028000074], [34.95747460000018, 31.599541247000047], [34.95766309600015, 31.599730737000073], [34.95787298900018, 31.599923295], [34.95801875400008, 31.600085218000174], [34.95822201700008, 31.60029488800012], [34.95838915500008, 31.60046904000012], [34.958566962000134, 31.6006554760001], [34.958723438000106, 31.60081439100003], [34.958869422000134, 31.60095806600009], [34.959029358, 31.601116986000136], [34.95924463299997, 31.601330481000105], [34.95936547500003, 31.601455785000155], [34.959493529000156, 31.601593293000178], [34.95971764700005, 31.601825547000033], [34.95986345900019, 31.60197224799998], [34.959994990000155, 31.602103631000148], [34.960144460000095, 31.60223815100005], [34.96027617000016, 31.60236347600005], [34.96041130700007, 31.602500997000163], [34.96050733800013, 31.602607934], [34.960665610000035, 31.602775372], [34.96078663000014, 31.602897647000077], [34.96092169400009, 31.60306257400015], [34.96103545300019, 31.603190893000033], [34.961170558000106, 31.603340674000094], [34.96134495300004, 31.603514836999977], [34.961455129000115, 31.603627930000016], [34.9616152000001, 31.60380206600007], [34.961750355, 31.603933526000105], [34.96188204900005, 31.604068009000116], [34.96201785200003, 31.604203978999976], [34.96212459200018, 31.60431093400007], [34.9623094750001, 31.604503508000164], [34.962494494000055, 31.60470820200004], [34.96265461500002, 31.60486408800017], [34.962801444000036, 31.60500388400004], [34.96297227600013, 31.605156760000057], [34.96316365900009, 31.605338983000138], [34.96321534900005, 31.605388199000117], [34.963403678000134, 31.605587049000064], [34.963424598000074, 31.605614310000078], [34.96354479500013, 31.605770941000173], [34.963665837000065, 31.605887081000162], [34.96377605300012, 31.605987982999977], [34.96390901400002, 31.606143109000016], [34.96411168800006, 31.606335645000172], [34.96427900400005, 31.606512892000183], [34.96446028500003, 31.60670235700013], [34.964606268000125, 31.60685208200016], [34.964759128000026, 31.60701711100006], [34.96489789100019, 31.607157666000035], [34.96513813600012, 31.607404384000063], [34.96531251700003, 31.607587775000184], [34.96550813500005, 31.607774235000193], [34.96568233000016, 31.607966712], [34.96584246500004, 31.608122596000158], [34.96597415999997, 31.608260103000077], [34.966134252000074, 31.60843120500016], [34.966395686000055, 31.608699876000117], [34.96653788000009, 31.608852623000075], [34.966744307000056, 31.609063481000078], [34.966827316000035, 31.609132784000053], [34.96685274600003, 31.609154016000048], [34.966868846000125, 31.609167434000085], [34.96689708200017, 31.60920011200011], [34.96694243800016, 31.609252757000093], [34.96707158900011, 31.60940266500006], [34.967181763000156, 31.609521880999978], [34.96728482800006, 31.609653204000097], [34.96739871300019, 31.609802866000052], [34.96750883100003, 31.609943782000187], [34.96763175300009, 31.61010198800011], [34.967725819000066, 31.61021095600006], [34.96783583900009, 31.61032700100003], [34.967992979000144, 31.610497108000118], [34.968080237000095, 31.610576243000025], [34.9680945020001, 31.610589181000194], [34.96810403000018, 31.610597794000114], [34.96816283900017, 31.61065103300018], [34.968279098000096, 31.610775263000164], [34.96846143200008, 31.610945346000108], [34.96863194400015, 31.611103501000116], [34.9687953990001, 31.611251987000173], [34.96894945400015, 31.61140588100011], [34.969062579000024, 31.61153278200004], [34.969216636000056, 31.611686676000147], [34.969428180000136, 31.61189662400011], [34.96958535400017, 31.61205594900008], [34.96976456300018, 31.612226094], [34.96988086800013, 31.612334046000058], [34.97003177000016, 31.612498786], [34.970102559000054, 31.612570222000045], [34.97014244300016, 31.612610537000137], [34.970230992000154, 31.612700040000163], [34.97043220000006, 31.612897142000122], [34.970626953000135, 31.61310776200014], [34.97075276900006, 31.61323193600009], [34.971010549000084, 31.613458808000075], [34.971111841000095, 31.613579274000074], [34.97134127900006, 31.613814124000157], [34.971514176000085, 31.614008494000075], [34.97173736600007, 31.61424072400007], [34.97194500900008, 31.614448395000124], [34.972024143000056, 31.614527539000107], [34.97206816100015, 31.614571517000172], [34.97224739000018, 31.61473891200012], [34.97244860000012, 31.614938760000086], [34.972593962000076, 31.615083896000044], [34.972755866000114, 31.61526534800015], [34.973007440000174, 31.61553948500017], [34.97304733100003, 31.615588386000013], [34.97305153200011, 31.6155935380001], [34.973133350000126, 31.615693883000176], [34.973272667000174, 31.6158213220001], [34.973443639000095, 31.61599891800006], [34.97359638100016, 31.616157244000192], [34.973601435000035, 31.61616236000009], [34.97361855500003, 31.616179690000138], [34.97372236000018, 31.61628465600012], [34.97388416200005, 31.616442999000128], [34.97403455600005, 31.61655410999998], [34.974232529000176, 31.616735630000107], [34.974425840000094, 31.61693637500008], [34.974763153000026, 31.61723765000005], [34.974911444000156, 31.61739984000019], [34.97504185500003, 31.617534941000088], [34.97519923400017, 31.617685521999988], [34.975397043999976, 31.617867039000032], [34.97551847700004, 31.617971331000092], [34.97571340600007, 31.61818603], [34.97582568500019, 31.61832884600011], [34.975955883000154, 31.618548778000047], [34.97612212700005, 31.618776456000035], [34.97619839700013, 31.61889666000019], [34.97624860900004, 31.618968480000092], [34.976311183000064, 31.61905809800004], [34.976416141000016, 31.61920841900013], [34.97646148300004, 31.619257778000076], [34.97648823900016, 31.61928690400015], [34.976561319000155, 31.619366445000082], [34.9767162120001, 31.619590932000108], [34.97689539700008, 31.61978220600014], [34.977069589999985, 31.619994256000098], [34.97717122500018, 31.62011485800008], [34.977312316, 31.620326918000046], [34.97732609899998, 31.62034758599998], [34.977336169000125, 31.62036301], [34.97744667600011, 31.62053226900008], [34.97756122200019, 31.620692070000075], [34.97767553600005, 31.620879490000107], [34.97783428600002, 31.62107826400006], [34.97792373700008, 31.621198137000135], [34.97805242600015, 31.621367193000083], [34.97814909100009, 31.621499341000174], [34.97829584400006, 31.62168991900012], [34.97832092000016, 31.621723949000113], [34.97835755400018, 31.621773666000024], [34.978449631000046, 31.621898900000076], [34.9785861580001, 31.622094604000154], [34.978704315000186, 31.622260608000033], [34.978840115000025, 31.622484916000076], [34.97897445400008, 31.622700766000037], [34.979034191000096, 31.62278486200006], [34.97912985200014, 31.622924333000128], [34.97918812400013, 31.623001874000067], [34.97924081300016, 31.62307186700008], [34.97936948500012, 31.62325015000016], [34.97945613500019, 31.623372062000158], [34.97954079800019, 31.62349868900003], [34.97955031499998, 31.6235120930001], [34.97957460000015, 31.623553101000084], [34.97974580200008, 31.623842196000112], [34.97980015900009, 31.62391363400019], [34.979822791000174, 31.623943377000046], [34.979867439000145, 31.624002009000094], [34.97994619100007, 31.62412186199998], [34.98009632400016, 31.62434619400011], [34.980102561000024, 31.624355154000114], [34.980111836, 31.624368284000127], [34.98024763600006, 31.62456052200008], [34.9803386100001, 31.624681853000084], [34.980351377000034, 31.624698880000153], [34.98037239300015, 31.62472491800014], [34.98044085600009, 31.624809523000124], [34.98054098300008, 31.624944774000028], [34.980659133000074, 31.625116839000157], [34.98079859500007, 31.625328889000116], [34.980942484000025, 31.625549054000146], [34.981096215000036, 31.62578565200016], [34.98117494700011, 31.625914733000116], [34.98135716100012, 31.626221980000025], [34.98150026900004, 31.626424881000048], [34.981588933000126, 31.626601188000166], [34.98160155500011, 31.626626084000065], [34.98160728300019, 31.626638713000148], [34.98169082600009, 31.626822894000043], [34.98179906399997, 31.62700896200016], [34.98195141400015, 31.627206730000182], [34.98208090100013, 31.627391991000138], [34.98225009100008, 31.627639182000053], [34.98242366900007, 31.627841248000095], [34.98244995300013, 31.62787184600012], [34.982515606000106, 31.62796356000007], [34.98252594600012, 31.627978093000138], [34.98255496600018, 31.628018742], [34.98256845500015, 31.62803763700009], [34.98257741499998, 31.628045630000088], [34.98259639100013, 31.628062560000103], [34.982741336000174, 31.62819182900006], [34.98286667000002, 31.628325646000178], [34.98300309200016, 31.62850520800015], [34.983128292, 31.628694191000022], [34.98328410900001, 31.628889078999975], [34.983473688000174, 31.629153709000036], [34.98354245500008, 31.62925254700008], [34.98358642699998, 31.62931579500014], [34.98361926100006, 31.629363022000064], [34.9837884960001, 31.629595629], [34.983931846000075, 31.629765534000114], [34.983969306000176, 31.62980993300016], [34.984074260000114, 31.629958668000143], [34.98412129200011, 31.630025319000026], [34.984317748000024, 31.6303073630001], [34.98441529000013, 31.630421145000128], [34.98444962600013, 31.630461198000148], [34.98449725200015, 31.630516805000013], [34.98469694700003, 31.630755310000154], [34.98480629900001, 31.63089410000009], [34.98493149900008, 31.631085969000026], [34.98505679800007, 31.63123725600002], [34.985161681000136, 31.631385548000083], [34.985351353, 31.631615298000042], [34.985459801000104, 31.63172005200005], [34.98558182199997, 31.631865484000173], [34.985678022000116, 31.63199572100018], [34.98580673400011, 31.6321673060001], [34.98592853499997, 31.632335990000172], [34.98607761300008, 31.632530791000022], [34.98616211900014, 31.632661641000027], [34.98629758300012, 31.632833238000103], [34.98640595100005, 31.632972795], [34.98655575500004, 31.633140753000077], [34.986670743000104, 31.63333549200013], [34.986931513, 31.633658374000163], [34.98703643099998, 31.633795036000095], [34.98711767300017, 31.633914256000025], [34.987273476000155, 31.634123582000143], [34.98740550100018, 31.63428939200014], [34.98760531300019, 31.634553965000123], [34.98775897600018, 31.63476300300016], [34.98790117800007, 31.634943346000114], [34.98799262800014, 31.635065471000132], [34.98817213600006, 31.6352806860001], [34.98829409500013, 31.635455145000094], [34.98838883100018, 31.635580164000032], [34.98849048100004, 31.635708154000156], [34.988573213000166, 31.635825964000105], [34.988691728000106, 31.635994569000104], [34.9888338880001, 31.636195202000124], [34.98908111400016, 31.63654123600014], [34.98927378200011, 31.63676584100017], [34.989406853, 31.63691002200011], [34.989623872000095, 31.637147424000034], [34.98977434000011, 31.637318620000144], [34.98991688100011, 31.63749903100006], [34.98992032700005, 31.637503405000075], [34.989932197000144, 31.63751836200015], [34.98993986900007, 31.63752802900018], [34.990128825000056, 31.63772331800004], [34.99019904700003, 31.637796615000184], [34.99022510900005, 31.637823818000015], [34.99022987400019, 31.63782875800007], [34.990419301000145, 31.63803278600011], [34.99062576000006, 31.638279113000124], [34.99073585100018, 31.638392533000115], [34.99083740100008, 31.638494663000188], [34.99097050600017, 31.638626933000126], [34.99115939200016, 31.638852235000115], [34.99127836200006, 31.638972433000106], [34.99148488900016, 31.63919170400004], [34.99166347300002, 31.639387044000046], [34.99180343400013, 31.63954623899997], [34.99195901200005, 31.639720119000174], [34.992003859000135, 31.639770293000083], [34.992005330000154, 31.639772082000093], [34.99216178400013, 31.639962284000035], [34.99217188200009, 31.639974560000155], [34.99218108600013, 31.639983453000127], [34.992350361000035, 31.64014587000014], [34.99251133300004, 31.640338077000138], [34.99263024700008, 31.640482300000087], [34.99284532700011, 31.64070989800007], [34.993030836000116, 31.640905176000103], [34.99320240700018, 31.641073444000142], [34.993321317000095, 31.641220627000166], [34.993517334000046, 31.641430928000034], [34.993622314, 31.64154807200015], [34.99378316399998, 31.64179431600013], [34.99380567700018, 31.641817748000108], [34.99382315300005, 31.64183588500009], [34.99421093700016, 31.64223833200009], [34.99425361700014, 31.642282626000167], [34.994267744000126, 31.642299066000135], [34.99451881500005, 31.642565548000164], [34.994672938000065, 31.642730753000023], [34.994812888000126, 31.64289896600019], [34.99498584000003, 31.64311437000009], [34.99514682800003, 31.643303614000104], [34.995332365000024, 31.643489942000087], [34.99559482200016, 31.643751294000026], [34.99571388300012, 31.643907492000153], [34.99579200100004, 31.64403290200005], [34.995907482000064, 31.644171126000117], [34.9960159150001, 31.64429425999998], [34.99612794400019, 31.644429447000107], [34.996229333000144, 31.644534605000104], [34.99635901000016, 31.644660803000022], [34.99646745000007, 31.64478097700004], [34.99665647500018, 31.644958290000034], [34.996929672000135, 31.645207750999987], [34.99708487000015, 31.64533906500003], [34.997281165000174, 31.645435432000113], [34.997631575000185, 31.645633939999982], [34.99782089300004, 31.645757276999973], [34.99827644100009, 31.646010002000025], [34.99829864500015, 31.64602497700014], [34.9983089050001, 31.64603191200007], [34.998441077, 31.64612125200017], [34.99864786300009, 31.64624158800018], [34.999042192000104, 31.646471097000074], [34.99927386200011, 31.646586964000164], [34.99940147300009, 31.64666253900009], [34.999404151000135, 31.646664125000086], [34.99966522300008, 31.64681865000017], [34.99978221500015, 31.64694820900013], [35.00004271700004, 31.647209057000055], [35.00027234200013, 31.64742997400009], [35.00048010000006, 31.64763225300004], [35.00065188900015, 31.647788534000085], [35.00085672100005, 31.647974883000188], [35.001058230000126, 31.648174474000086], [35.00133126200012, 31.64843266300005], [35.001684875000024, 31.648754750000137], [35.001834298, 31.648895140000036], [35.00186508899998, 31.64892406600012], [35.00189380400013, 31.648951042000192], [35.00211097300007, 31.649147979000077], [35.00234670700007, 31.64936622400006], [35.00255449500003, 31.649560538000173], [35.002737607000086, 31.649738887000126], [35.00301180700018, 31.6499963710001], [35.00330040000017, 31.650225340000134], [35.00354245000011, 31.65042238600006], [35.003939547000016, 31.650752499000134], [35.00435372100003, 31.65110863800004], [35.00452758800009, 31.65122581200012], [35.004643361000035, 31.651319479000165], [35.00466127600015, 31.651333973000078], [35.00466867800009, 31.651339974000166], [35.00474481300006, 31.651401537000027], [35.00495897500019, 31.65154801700004], [35.00522592900006, 31.651734460000114], [35.00545863700012, 31.65191281700004], [35.00570074500013, 31.65208597300017], [35.00588218200011, 31.652207596000153], [35.006077768000125, 31.65233811800016], [35.00627316600014, 31.652479281000183], [35.006422190000194, 31.652583165000067], [35.00673261000014, 31.652782923000075], [35.007067152000104, 31.65295199700006], [35.007241078000106, 31.65304528200005], [35.007470860000126, 31.65313330100014], [35.007800081000084, 31.65325079000013], [35.00799583300011, 31.653306906000182], [35.00828478000011, 31.653384380000034], [35.00869803400019, 31.653496646000065], [35.00899981000015, 31.653584143000103], [35.009319032000064, 31.65368019300007], [35.00966592400016, 31.65377966900013], [35.00990926100013, 31.65384825800004], [35.01010483900018, 31.653910007000093], [35.01040397300005, 31.654002569000113], [35.01059943200016, 31.654043814000033], [35.01078283500016, 31.65409870900004], [35.010934457000076, 31.654146649000097], [35.01111671100006, 31.654199709000068], [35.01137994000004, 31.654288832000077], [35.01155937700008, 31.654350553000086], [35.01173096200017, 31.6543849250001], [35.01194237800007, 31.65443641100012], [35.01238509100017, 31.65456674800015], [35.01270017200005, 31.65467638100006], [35.01298354000005, 31.654748478999977], [35.01332093300016, 31.654824747000077], [35.01363606000007, 31.65491394600008], [35.014150517000076, 31.65508532500013], [35.0144657940001, 31.65518135500008], [35.01471699700005, 31.655273833000138], [35.015259392000075, 31.655479354000136], [35.01548050800005, 31.65554254400007], [35.01565980500004, 31.65559425400005], [35.015663427, 31.655595107000067], [35.015681744000176, 31.655601162000096], [35.015926119000085, 31.655681946000072], [35.01593901700005, 31.655686210000056], [35.015971121000064, 31.6556968270001], [35.016385972000194, 31.655840708000028], [35.01688863600003, 31.655984789000172], [35.01704821400011, 31.656012302000192], [35.01724210700007, 31.656096022000042], [35.017461612000034, 31.656144126000072], [35.01770496900019, 31.656209321000063], [35.01805600400019, 31.656305325], [35.018367193000074, 31.656391124000095], [35.018526766000036, 31.656422085000088], [35.0187740720001, 31.656490663000056], [35.01905333100018, 31.656562744000098], [35.0192767640001, 31.65662445100014], [35.01946825400012, 31.656675964000044], [35.01962367700014, 31.65672389800011], [35.019799174000184, 31.65678222100007], [35.01994682600014, 31.65684381400007], [35.020187143000044, 31.656945987000086], [35.020391269000015, 31.65702386900017], [35.02059834200003, 31.65710999900017], [35.020795872, 31.657190618000186], [35.02100639500014, 31.657282318000114], [35.02118432200018, 31.657362907000106], [35.02133328100018, 31.657429644000047], [35.02154052100008, 31.65751577100019], [35.021793055000046, 31.657607532000043], [35.02195818300004, 31.657663159000094], [35.02216398500019, 31.657728286000065], [35.022455401000116, 31.65782010600003], [35.02268853100003, 31.65789521000005], [35.02287311300006, 31.657945297000026], [35.023067412000046, 31.65799546900007], [35.023316864000094, 31.658065100000044], [35.02348532700006, 31.658101352000017], [35.02364079500012, 31.6581292730001], [35.023815700000114, 31.658157221000124], [35.024129011000014, 31.65817776400013], [35.02453393600007, 31.65818942200002], [35.02490656900005, 31.65820378000018], [35.02519168600014, 31.65823470600003], [35.02549295300008, 31.658262836000063], [35.025951197000154, 31.658305922000068], [35.026265497000054, 31.65832582500002], [35.02640474600014, 31.658389723000028], [35.02665710600007, 31.658572860000163], [35.0268383020001, 31.658670074000042], [35.02702276000008, 31.658783851000123], [35.02721054300008, 31.658883821000188], [35.02735289500015, 31.65896160300008], [35.02773818900005, 31.65915599200008], [35.02800580400009, 31.659292575999984], [35.02813023200008, 31.659355040000037], [35.028157225000086, 31.6593686060001], [35.02819560700004, 31.659387906000063], [35.02820051000003, 31.65939037100003], [35.02839043300003, 31.659492176000185], [35.028623157000084, 31.659610388000033], [35.02894128400004, 31.659781425000062], [35.029349775000185, 31.659997402000045], [35.02956339000019, 31.66011551400004], [35.02974870100013, 31.66021731000012], [35.03000971200015, 31.660363956000026], [35.030408635000015, 31.660588018000055], [35.03091865000005, 31.660872482000173], [35.031183184999975, 31.66107197100007], [35.03131708900008, 31.66117848400006], [35.03158150800016, 31.661353455000096], [35.03182699500013, 31.661522903000048], [35.032101174, 31.66167872200009], [35.03243512500018, 31.66185287400009], [35.03277946500009, 31.66202245800008], [35.03302500300015, 31.66216738300011], [35.03330230100016, 31.66233137800009], [35.03366566900007, 31.66254735000018], [35.03394296300007, 31.662714159000075], [35.03440079200004, 31.662989374000176], [35.034633512000084, 31.663117864000128], [35.03506705100017, 31.66334484700019], [35.03551669200016, 31.6635963760001], [35.03577564099999, 31.66370974900019], [35.036052993000055, 31.66385168400012], [35.03631519000015, 31.663990919000184], [35.03656685200019, 31.664124854000136], [35.036783623000076, 31.664240774000177], [35.037093578000054, 31.66439275700003], [35.03736170100012, 31.664536648000137], [35.03770820300002, 31.664706082000123], [35.03785961600005, 31.664794011000026], [35.038090388000114, 31.664913963000174], [35.038253499000064, 31.665003879000153], [35.03841429700003, 31.665095835000102], [35.038638149000064, 31.665215779000107], [35.03889443000003, 31.665349716000094], [35.03905886300004, 31.66543892900006], [35.03922198800012, 31.665520881000134], [35.03943188100004, 31.665616848000127], [35.03968583000017, 31.665766706000113], [35.03993996200006, 31.665908670000135], [35.04017991500007, 31.66605449100001], [35.04038861100014, 31.666175608000174], [35.04059598800012, 31.666297499000052], [35.04078936200017, 31.666417398000135], [35.04101237900005, 31.666547269000148], [35.04114784300009, 31.666621644000145], [35.041315568000186, 31.666714099000046], [35.04146846900011, 31.666802872000062], [35.04164160700009, 31.666908368000065], [35.041837631000135, 31.66702305200016], [35.04201389700012, 31.6671311610001], [35.042208293000044, 31.667235346000098], [35.042540818000134, 31.66739904000019], [35.04270345600008, 31.667482398000118], [35.042849307000154, 31.66755410600001], [35.04309702900002, 31.66769091400016], [35.04321599200006, 31.667780202000074], [35.04335736900009, 31.667867473000115], [35.04355027100007, 31.667979476000028], [35.04392770700019, 31.668184726000163], [35.04427118700005, 31.668400924000082], [35.04445402500005, 31.66852172000017], [35.044615141000065, 31.66862719600016], [35.04478827899999, 31.66873656399997], [35.04494546300003, 31.66883097300007], [35.04509277000005, 31.668919591000133], [35.04525687900008, 31.669010768000135], [35.04542543600007, 31.669103290000123], [35.045600228000126, 31.66921138900011], [35.04579923100016, 31.66932339600004], [35.04596876800008, 31.66942070900018], [35.0461845750001, 31.669536682000114], [35.046321359000046, 31.66961485799999], [35.04649910400008, 31.669729443000165], [35.04667604100007, 31.669837052000105], [35.04680820400006, 31.669919096000115], [35.04695569500012, 31.669998623000026], [35.04713643000002, 31.670101515000056], [35.04727929500007, 31.670188787000143], [35.04745326000017, 31.670301532000167], [35.047688645000164, 31.670434438000143], [35.04790906700009, 31.67055041600014], [35.048106598, 31.670659811000064], [35.0483566420001, 31.670797456000173], [35.04851316600008, 31.670896439000103], [35.04882676300019, 31.671062701000153], [35.04885404900017, 31.671079408000026], [35.048938206000116, 31.67113093000006], [35.04898625700008, 31.671160349000047], [35.04925667800018, 31.67133099300014], [35.04940248200012, 31.67143517600016], [35.04960756900016, 31.671561488000123], [35.04980442400017, 31.671683419000033], [35.05020317800012, 31.671870147000163], [35.050587606000136, 31.672051290000184], [35.05086478400017, 31.672225321999974], [35.0510881890001, 31.672336083000175], [35.051112112, 31.6723482270001], [35.051134944000125, 31.67235981700003], [35.05140427700013, 31.67249635100012], [35.05142024800011, 31.672504193000066], [35.05142330300009, 31.672505694000108], [35.05169847900015, 31.672640880000074], [35.05192133500009, 31.672785318000138], [35.05230479100004, 31.673058474000186], [35.05266897300015, 31.67332864400015], [35.0530766710001, 31.673594219], [35.053315827000176, 31.673747976000016], [35.05370168200005, 31.67397166900014], [35.05411487500004, 31.67420462200016], [35.05436492600006, 31.67434909000019], [35.054761793000125, 31.67459139300007], [35.05503897400001, 31.674773097000013], [35.05531632600008, 31.67495014800005], [35.05561883100012, 31.67516330400008], [35.05585251700012, 31.675340228000152], [35.05607537200018, 31.675493960999972], [35.05638510300014, 31.675722201000042], [35.05668400900015, 31.675922526000193], [35.056896035000136, 31.676048343000048], [35.05727125100009, 31.67623945800011], [35.057665079000174, 31.676437360000136], [35.05794778400019, 31.676572560000125], [35.058306691000155, 31.676763656000162], [35.05869820200013, 31.676968738000085], [35.05899719300004, 31.677122555000096], [35.059323343000074, 31.677295006000065], [35.059649627000056, 31.677486058000056], [35.059975751000025, 31.677677106000033], [35.06022053100003, 31.677830856000185], [35.060448828000176, 31.677989238000123], [35.06072408500012, 31.678150562000155], [35.06090891600007, 31.678285639000023], [35.061088344000154, 31.67840210800017], [35.061245890000066, 31.67849529900019], [35.06143071100013, 31.678639676000103], [35.061675302000026, 31.678812023999967], [35.06182214600011, 31.678900482000188], [35.062104783000166, 31.67908682500007], [35.062333054000135, 31.67926380300014], [35.062479873000086, 31.679370931000165], [35.06277070099998, 31.679588003000163], [35.06314562300014, 31.679876757000045], [35.06342837600016, 31.680095648000133], [35.063634948000185, 31.680244628000025], [35.06386867100008, 31.680416255000125], [35.06423510000013, 31.68066215700003], [35.064508848, 31.680847498], [35.064694210000084, 31.68096854900017], [35.0648222530001, 31.681070651000084], [35.06505625400018, 31.681278632000158], [35.06523432000017, 31.681428560000143], [35.0654019910001, 31.681587357000012], [35.06556520100014, 31.681753685000103], [35.06571081400017, 31.68189737500012], [35.0658784690001, 31.682067443000165], [35.06601964100008, 31.68220732500015], [35.066134485000134, 31.682320753000113], [35.06630217700018, 31.682468273999973], [35.06642577100007, 31.682574101000114], [35.06655383100019, 31.68266866300013], [35.06668864300019, 31.68276619000011], [35.06694481800014, 31.682921350000186], [35.06710371100007, 31.68300460100005], [35.06731131000009, 31.683137016000103], [35.067549730999986, 31.683265662000053], [35.06800468900019, 31.683500311000046], [35.068265150000116, 31.6836554730001], [35.06849484200012, 31.683784107000065], [35.06879049600008, 31.68398834599998], [35.069024601000024, 31.684139671000025], [35.06919682900002, 31.68423427900018], [35.06939015700004, 31.684327781000093], [35.06976552000009, 31.684460381000065], [35.06996435700012, 31.684505908000176], [35.07023824500004, 31.684615705000112], [35.070490070000176, 31.684710400000085], [35.070777110000165, 31.68484289800017], [35.0710420690001, 31.684971567000105], [35.071364516000074, 31.685119250000128], [35.07163837900009, 31.685247928000138], [35.071850318000145, 31.685350114000073], [35.07207839300008, 31.68546183100017], [35.07234335600003, 31.68559049600003], [35.07262167199997, 31.685719245000143], [35.07290989500012, 31.685833210000055], [35.073377642000025, 31.686019519000126], [35.0739703910001, 31.68625950900008], [35.07416801200003, 31.686352658000033], [35.07433272200018, 31.686411951000082], [35.074863126000025, 31.68657866400008], [35.07539001700019, 31.686781938000024], [35.07578153200012, 31.6869277830001], [35.07612396400003, 31.687054834000037], [35.076397382000096, 31.687156513000048], [35.076527458000044, 31.687204058000134], [35.07657988200009, 31.687223220000135], [35.076621390000184, 31.687238413000046], [35.07665366900011, 31.687253385000076], [35.07669384000013, 31.687271990000113], [35.07682231100017, 31.68733149000002], [35.07700348100008, 31.687407707000034], [35.07714643500003, 31.687456779000172], [35.07715172500008, 31.68745859500018], [35.077239186000156, 31.687492437000117], [35.07742168300007, 31.687563018], [35.07747142300008, 31.687584349000076], [35.0775175980001, 31.687604194000016], [35.07792467100012, 31.687779150000154], [35.07822444100003, 31.68789487500004], [35.07855384300012, 31.688035997000156], [35.07880419000014, 31.68814046800003], [35.079169666000155, 31.688292897999986], [35.079360744000155, 31.688357847000134], [35.079522180000026, 31.68840592700019], [35.079744779000066, 31.68847897500001], [35.079781294000156, 31.688490958000045], [35.07983186500013, 31.68850756900008], [35.08011188200015, 31.68860924700016], [35.08029338100016, 31.68868926500005], [35.08033310200017, 31.688706767000042], [35.08037095600008, 31.688723446000097], [35.08053566300015, 31.688791187000106], [35.08070696000016, 31.688858933], [35.080947434000166, 31.688957751000032], [35.081210811, 31.689059411000073], [35.08156000500014, 31.689192090000176], [35.08184989300014, 31.689310615000124], [35.08206632800005, 31.689394189999973], [35.08230681600003, 31.6894844790001], [35.08261319000013, 31.689600271000074], [35.082869127000095, 31.689691588000073], [35.08289025300007, 31.689699126000164], [35.08302483200009, 31.68974710200007], [35.08333845300001, 31.68986698700013], [35.08335993500003, 31.689875197000106], [35.08351239400014, 31.689933463000102], [35.0837726470001, 31.690035046000105], [35.084077199000035, 31.69016027300006], [35.08428472300017, 31.69025341700012], [35.08444942400001, 31.690329605000045], [35.08464377100006, 31.69041991600011], [35.08490251400002, 31.690541575000168], [35.08521178600006, 31.69071225199997], [35.08528623300009, 31.690937903000076], [35.08528777800012, 31.69094258500013], [35.085293850000085, 31.690961192000145], [35.0851405250001, 31.69124512800005], [35.085010691000036, 31.691461166000124], [35.084919798000044, 31.691644478], [35.0849056620001, 31.691672955000172], [35.0848336950001, 31.69181793100006], [35.08478004600005, 31.692003112], [35.08475036800007, 31.692133785000124], [35.08471491500006, 31.692266984000184], [35.08468240000013, 31.692422807000014], [35.084676227000045, 31.692598736000093], [35.084672986000044, 31.69279982000006], [35.084675502000096, 31.693007957000134], [35.084680903000105, 31.69327690100016], [35.08472165300009, 31.69360873], [35.08474997800005, 31.693725377000135], [35.08476852600012, 31.693801763000067], [35.084800811000036, 31.693934891000083], [35.08484997300002, 31.694142230000125], [35.08485991400005, 31.694184284000187], [35.08487406100011, 31.69424413600018], [35.084941308000055, 31.694482986000025], [35.085032117000026, 31.69472693200015], [35.08512073400016, 31.694887172999984], [35.08520281, 31.695128576000172], [35.085273238000184, 31.695332269000062], [35.085402351000084, 31.695528485000125], [35.08550815100017, 31.69565675200016], [35.08571448700019, 31.695910255000115], [35.08572967200007, 31.695922771000085], [35.08574033200006, 31.695931557999984], [35.086008353000125, 31.696151866000093], [35.08618763400017, 31.696302894000155], [35.086375671000155, 31.696438783000133], [35.08661376400005, 31.69660994700007], [35.086843133000116, 31.696773568000026], [35.08710081900011, 31.696961943000076], [35.08726841400005, 31.69710034600007], [35.08744771400012, 31.697241298], [35.08758586300013, 31.69733944000012], [35.0878327210001, 31.69749306900013], [35.08804155700017, 31.697606359000133], [35.08823261700013, 31.69770455000014], [35.088491385000054, 31.69782549700011], [35.08870600000017, 31.697933788000114], [35.08888124300017, 31.69802872300005], [35.089128131000166, 31.698159662000137], [35.08937815900009, 31.698288068000124], [35.089554579000094, 31.698363697000048], [35.08978680800004, 31.698492085000055], [35.090169061000154, 31.698716155000113], [35.09034540100015, 31.698854562000065], [35.09050380800005, 31.698969421000072], [35.09066222600018, 31.69907652800015], [35.090699776000065, 31.69909924899997], [35.09071756200012, 31.699110822000137], [35.09074793700006, 31.699130648], [35.090883066000174, 31.699218852000058], [35.09103146000018, 31.69930361300004], [35.091171624000026, 31.699378924000143], [35.09134752700015, 31.699475408000126], [35.091440496000075, 31.699523167000052], [35.091472709000186, 31.699539715000185], [35.09152623900019, 31.69956724300016], [35.09168005800018, 31.69966370600008], [35.09172551000006, 31.699694187000034], [35.091777770000135, 31.6997292370001], [35.091908140000044, 31.69981667400009], [35.092165362, 31.69999510600013], [35.09223899700015, 31.70004472700009], [35.092281791000175, 31.70007356500014], [35.092346837000036, 31.70011744900006], [35.09251168499998, 31.700228012000025], [35.09271769100019, 31.70037391400001], [35.09288269500013, 31.700489198000184], [35.09314089100019, 31.70068214200012], [35.09325629800003, 31.70078800800019], [35.09337169100007, 31.70090324400013], [35.093520651000176, 31.70106466100009], [35.093622196000126, 31.70118460600014], [35.09378695800007, 31.701363371000127], [35.09387761500005, 31.701490349000153], [35.09399014900009, 31.701652578000164], [35.09410100700006, 31.701837845000114], [35.09424934400016, 31.70197432000009], [35.09437295099997, 31.70211302500013], [35.09452685000019, 31.702282338000032], [35.09464207200011, 31.70240701500012], [35.094798744000116, 31.702599861000067], [35.09492498600008, 31.70274329000017], [35.095057955000186, 31.702909623000153], [35.09518699300003, 31.703060098000094], [35.09531603300002, 31.703208250000046], [35.09541495200011, 31.703321146000178], [35.09553034600009, 31.703441100000134], [35.09565397800003, 31.70356571200017], [35.0957583280001, 31.70368565700005], [35.09589361700006, 31.703847483000118], [35.096058378000066, 31.7040332200001], [35.0961737450001, 31.70417670700016], [35.096302954000066, 31.70432246200005], [35.096415538000144, 31.704451855], [35.09659676000007, 31.704658743000095], [35.096770765000144, 31.70483716000018], [35.096899798000095, 31.704994680000084], [35.097015163000094, 31.705142819000173], [35.097160800000154, 31.70533565200003], [35.09728438200011, 31.70550260900012], [35.09737225000009, 31.70562718700012], [35.09753418300005, 31.70583884900003], [35.09763688000015, 31.70596809200015], [35.09778794500011, 31.706175022000025], [35.09787863100013, 31.706285511000033], [35.09801869900019, 31.70645248300019], [35.09815332500011, 31.706624096999974], [35.0983234900001, 31.70684753300003], [35.09851071000014, 31.70714355300015], [35.09890208700011, 31.707774151000137], [35.09903473000014, 31.70795020100013], [35.099233706000064, 31.708205859000145], [35.099505799000156, 31.70852407899997], [35.09977115300006, 31.708825170000125], [35.099976947000016, 31.709035456000095], [35.10022915800005, 31.709302502000185], [35.10063471600017, 31.70967121400014], [35.10064146600001, 31.709677421000038], [35.1006441020001, 31.70967981700005], [35.10087298000019, 31.709887869000056], [35.10116512100012, 31.710126555000045], [35.10157007700002, 31.710450522000144], [35.101977233000184, 31.71086890200013], [35.102269165000166, 31.711153030000162], [35.10254795300011, 31.711397406000117], [35.102946315000054, 31.711732707000067], [35.10299868000004, 31.711777563000055], [35.10299996300006, 31.711778661000153], [35.10327155500016, 31.71201115300005], [35.103530390000174, 31.712266856000156], [35.10377605200006, 31.71251120100004], [35.10408806400011, 31.712829444000135], [35.104426466000064, 31.71313629400015], [35.10468904900017, 31.713435187000073], [35.10501949700017, 31.713782613000035], [35.105180696000104, 31.713943042000096], [35.10534749400006, 31.714111505000062], [35.1055406210001, 31.714320013000133], [35.105651764000186, 31.7144334730001], [35.10580936200006, 31.714573040000175], [35.10609054100013, 31.714764005000063], [35.10625000700003, 31.714860312000155], [35.10640190100014, 31.714943791000053], [35.10661377600019, 31.715049723999982], [35.10689407000012, 31.71515183800011], [35.10714918400009, 31.715214544000162], [35.10730230200011, 31.715239189000158], [35.10748806000004, 31.715263369000184], [35.1075229920001, 31.71526777500003], [35.1075358600001, 31.715269398000032], [35.10769260800009, 31.715289182000106], [35.10801914400014, 31.715316716000075], [35.10818052200017, 31.715324810000027], [35.10826090100011, 31.71532535100016], [35.108264100000156, 31.715325373000155], [35.10845070900001, 31.715326652000158], [35.10861589400008, 31.715320373999987], [35.108853797000165, 31.715297951000025], [35.10904885000002, 31.71526604800016], [35.10921026800008, 31.715237361000163], [35.10937745400008, 31.715211849000184], [35.10958189400009, 31.715186368000104], [35.10974531100004, 31.715139997000108], [35.11000591700008, 31.715007673000173], [35.11017298300004, 31.71493889800007], [35.11039065900013, 31.714870164000047], [35.110585897000135, 31.714817405000076], [35.11068715000005, 31.714784934000136], [35.11070804700012, 31.714778229], [35.11088998300005, 31.714719852000087], [35.11103642500012, 31.714667125000062], [35.11121599300003, 31.714624991000107], [35.111482445000036, 31.714569048000044], [35.111580804000084, 31.714551729999982], [35.11159439800019, 31.714549336000175], [35.111636442000076, 31.714541972000063], [35.11187801400018, 31.714478468000152], [35.11191989700018, 31.714467439000032], [35.11193691500017, 31.714462963000017], [35.112068137, 31.714428451], [35.11211463900014, 31.714420835999988], [35.112127657000144, 31.714418704000025], [35.11236095800018, 31.714380629000175], [35.11264589600012, 31.714303204000032], [35.11289354799999, 31.714255276000188], [35.11306056700005, 31.714229757000112], [35.11324636800009, 31.714210666000042], [35.11347917800015, 31.71416920600018], [35.113676204000114, 31.714137301000108], [35.11407550500019, 31.714097516000095], [35.114242526000055, 31.71406882700012], [35.11442636300012, 31.714036911000107], [35.114638576000175, 31.71398415800013], [35.114826225000115, 31.71393300800014], [35.114863327000194, 31.713923172000023], [35.114867836000144, 31.71392197900002], [35.11519014400017, 31.713836688000185], [35.11544734000012, 31.713802498000177], [35.115784667000014, 31.713754560000154], [35.11613599200007, 31.713718540000173], [35.11631041600009, 31.71370147800019], [35.11654532500012, 31.713699752000025], [35.11685178000016, 31.71369230200014], [35.11708883900013, 31.713684869000133], [35.11733859200007, 31.713671879000117], [35.11759804300016, 31.71368926500014], [35.117761205000136, 31.71372567000003], [35.11794231400012, 31.71378308700008], [35.11811451000017, 31.713852053000096], [35.11830679700017, 31.713940055000137], [35.1185409360001, 31.71404859100005], [35.11876451000012, 31.71416909700008], [35.118972429000166, 31.71428959200017], [35.11914902900003, 31.714404356000045], [35.1192987660001, 31.714513393000118], [35.11946183499998, 31.71464534100005], [35.11966873200015, 31.714799652000067], [35.11979606900013, 31.71488951000009], [35.11994578100007, 31.71502722000008], [35.120122374, 31.71515530000005], [35.12026997800018, 31.71525863000005], [35.12039730300012, 31.71536377300015], [35.12054983900015, 31.715478026000085], [35.1207016890001, 31.71562327800001], [35.12083582900016, 31.71583925800013], [35.120857889000035, 31.716038953000066], [35.120860966, 31.71609518100007], [35.12086202800015, 31.716114899000104], [35.12087100400015, 31.71628161900003], [35.1208820170001, 31.716482223000128], [35.120915259000185, 31.71670841600013], [35.12093973900005, 31.71696447900007], [35.12094619200013, 31.717107725000176], [35.12094972900019, 31.717367859000035], [35.12096041900003, 31.717562050000026], [35.12098904700008, 31.717787042000168], [35.12101403700018, 31.718027463000112], [35.1210354320001, 31.718230893000054], [35.12106428700008, 31.71839733400003], [35.12108918100017, 31.718563351], [35.121114186, 31.718785241999967], [35.12113561800004, 31.718954781000093], [35.121138993000045, 31.719213645000025], [35.121149601000184, 31.71949104700002], [35.121156414000154, 31.719944098000155], [35.12115985600008, 31.720131307000088], [35.12116694900004, 31.720297736000077], [35.121195624, 31.720476507000058], [35.12126387600017, 31.720815599000048], [35.121350213000085, 31.721034505000034], [35.12145897100004, 31.72125293300013], [35.121563479000145, 31.721437888000082], [35.12165715000003, 31.72157668600005], [35.12176891100012, 31.72176164800004], [35.121862558000146, 31.721925108000107], [35.12197415700001, 31.722106967000116], [35.12208591500007, 31.722295099000064], [35.122216441000035, 31.722512908000056], [35.12228490600006, 31.722636187000035], [35.122356977000095, 31.72277799800014], [35.122461481000016, 31.722972255000116], [35.122558734000165, 31.723157275000176], [35.12266324700005, 31.72334223000007], [35.12280004400009, 31.723554968000087], [35.122879382000065, 31.723687557000176], [35.12297732500008, 31.723844183000153], [35.12305647900007, 31.723998402], [35.123128531000134, 31.72416177200006], [35.12325821700006, 31.72440226500015], [35.12336275299998, 31.72456256000015], [35.123441924000076, 31.72469824900014], [35.12353920200013, 31.72486473700002], [35.123669913000185, 31.72506753600004], [35.12374200200003, 31.72519701699997], [35.123853612, 31.725375846000134], [35.12397626000006, 31.725563982000097], [35.12406630400005, 31.725708909000048], [35.124185187000194, 31.725872311000103], [35.12429334400019, 31.726041909000116], [35.12439426500009, 31.726192970000056], [35.12448891600019, 31.726352693000024], [35.12458258800012, 31.726500720000104], [35.12474113100018, 31.72673813100016], [35.12488518200013, 31.726963201000103], [35.12501494500009, 31.727129712000135], [35.12522044200011, 31.727410344000077], [35.12534195600006, 31.727582204999976], [35.125427567000145, 31.72771197700007], [35.12556339899999, 31.727914072000033], [35.12567222400003, 31.728080569000042], [35.12576130400015, 31.728204634000065], [35.12589979400002, 31.728388059000054], [35.12603166600013, 31.728593957000044], [35.12615367899997, 31.728763210000125], [35.126329386000066, 31.728996825000138], [35.126464586000054, 31.72916890400012], [35.12658991700005, 31.729321248000076], [35.12676134700018, 31.72954415300012], [35.126883372000066, 31.72970494700013], [35.12696256100014, 31.72983189500013], [35.12709113600005, 31.73004060800008], [35.12725381100006, 31.730285488000106], [35.127349477000166, 31.730423719999976], [35.12756040900001, 31.73072556000011], [35.12769562700004, 31.730886366000107], [35.12783418300012, 31.731004897000048], [35.12803221899998, 31.731165740000108], [35.12823690400012, 31.731270225000117], [35.12840188700005, 31.731335154000078], [35.12855039900006, 31.731383164000135], [35.128714572000035, 31.731433720000098], [35.12895884300008, 31.731521245000124], [35.12912382999997, 31.731583426000043], [35.129295404000175, 31.73165399700008], [35.129447196000115, 31.73172462400015], [35.129615629000114, 31.73180653500009], [35.12982344300008, 31.731916583000157], [35.12998196700005, 31.73201821500004], [35.13019305200015, 31.73215933900019], [35.13038613100008, 31.73234159700013], [35.13068301700014, 31.732601213000123], [35.130989781000096, 31.732877743000074], [35.131161441000074, 31.733047022000164], [35.13141553200006, 31.733224809000035], [35.13156735000018, 31.733267180000098], [35.13171917800014, 31.733301166000047], [35.13190739400011, 31.733391471000175], [35.132227479, 31.733524204000048], [35.13254740000008, 31.733656583000084], [35.13272903400019, 31.733735679], [35.13295334500003, 31.73384580400017], [35.133214082, 31.733969972000125], [35.13345505500013, 31.734071648000054], [35.13367295300009, 31.734162039000125], [35.13368651100012, 31.7341672820001], [35.13371383100008, 31.734177847000183], [35.133768056, 31.734203529000183], [35.133918879000134, 31.734257309000043], [35.133943768000165, 31.73426697800005], [35.133974199000136, 31.734278749], [35.13398645800015, 31.734283490000166], [35.13434300000017, 31.73440207900012], [35.134570821000125, 31.734461472000135], [35.13480195300002, 31.734501069000146], [35.13505618600004, 31.734520952000082], [35.135187781000184, 31.734500246000152], [35.1351881600001, 31.73450018600016], [35.13523708700018, 31.734492455000122], [35.13552130100004, 31.7343460030001], [35.13569969600013, 31.73415439300004], [35.13575933800013, 31.734010625000053], [35.135812248000036, 31.733830143000034], [35.13586165600003, 31.733498174000033], [35.13589811000003, 31.733278226000095], [35.13593124100004, 31.73308934900018], [35.13594132800006, 31.732851136000136], [35.135948098000085, 31.73263680600013], [35.13595486500003, 31.732428185], [35.135941849, 31.732213843000068], [35.13593504800008, 31.732060241000113], [35.13594179300003, 31.731879801000105], [35.13595861200008, 31.73167393300014], [35.13602830700006, 31.731129757000076], [35.13607851800003, 31.730820477000066], [35.136125075999985, 31.730541349000077], [35.13615160900014, 31.73035246800015], [35.13618801500013, 31.730188955000187], [35.13630379700015, 31.72994087100011], [35.13643928000005, 31.729788693000103], [35.13659491700008, 31.729594532000135], [35.136729756000136, 31.7294233290001], [35.136921971000106, 31.72925462500018], [35.13706812300012, 31.729161705000138], [35.13722300400008, 31.729083448000154], [35.137414473000035, 31.729018880000126], [35.137660859000164, 31.72894074500016], [35.137807158999976, 31.728867411000124], [35.13795051900013, 31.728759837000098], [35.13810241300007, 31.72870362900005], [35.13858086200014, 31.72871856100005], [35.138939104000144, 31.728753008000126], [35.13899606000007, 31.728757349000034], [35.13899779600018, 31.72875748100006], [35.13958372000019, 31.728802346000123], [35.13984996200003, 31.72883765500012], [35.14002751100003, 31.72886227500004], [35.1402223660001, 31.728896628000143], [35.140445907000185, 31.72893346300009], [35.140818288, 31.729021744000192], [35.140973074000044, 31.729061004000073], [35.141227896000146, 31.729154150000113], [35.14145714700004, 31.729271732000086], [35.14158882200019, 31.7293500830001], [35.14173202300003, 31.729450494000105], [35.14194573700013, 31.729621332000022], [35.142143287000124, 31.729800122000086], [35.14231516500013, 31.729912739999975], [35.14244402800006, 31.730008280000106], [35.142564301000164, 31.73012086500006], [35.14271029400004, 31.73024086500004], [35.14287934100008, 31.73039512000014], [35.1431088650001, 31.73059703600012], [35.1432820280001, 31.730762073], [35.14344528700019, 31.730939785000146], [35.143603614000085, 31.73110481200007], [35.14374215800018, 31.731265602], [35.14390291400014, 31.731489604000103], [35.14399562800003, 31.73164353200019], [35.14408966800016, 31.731786895000084], [35.14422226400012, 31.73196599900018], [35.144361282000034, 31.732160679000117], [35.14446799500007, 31.73233871200017], [35.144556613000134, 31.7324588190001], [35.144721712000035, 31.73261039099998], [35.14491598000012, 31.732782763000046], [35.14502506300016, 31.732880687000147], [35.14517502300015, 31.732993851000117], [35.14537013100011, 31.73314311300004], [35.14557116300006, 31.7333177430001], [35.145766073, 31.733521750000193], [35.145909243000176, 31.73367563300002], [35.14611287100013, 31.733911985000077], [35.14621782200004, 31.73402279800007], [35.14637056300012, 31.734173164000083], [35.14647222100018, 31.7342778470001], [35.14661821100003, 31.734416584000144], [35.14679552000001, 31.73456238200015], [35.146977793000076, 31.73469035500017], [35.14710040900013, 31.734772996000174], [35.147317944000065, 31.73493480900015], [35.14743542800005, 31.735046402000023], [35.14766513100011, 31.735258456000167], [35.14780355700003, 31.735367807000046], [35.14801764000009, 31.735517357], [35.14824769699999, 31.73569692800004], [35.14838909100018, 31.735808746000032], [35.14852951600017, 31.73589456300016], [35.14872715400014, 31.735981957000092], [35.14897442800003, 31.73606289700001], [35.149264228, 31.736167458000068], [35.14945676700006, 31.73623758700012], [35.149751353000056, 31.736336443000084], [35.15013629900011, 31.736434638000162], [35.150313827000105, 31.736519063000117], [35.15048626200007, 31.73657213100006], [35.15067040700012, 31.736623655000074], [35.15086970700008, 31.736695264000048], [35.151075608000156, 31.736761172000172], [35.151257606000115, 31.736819103000073], [35.151415036000174, 31.73687787100016], [35.15165456300019, 31.73696380300015], [35.15187893399997, 31.737026827000193], [35.15206388100012, 31.737113578], [35.15221799800014, 31.737196579000056], [35.15238876600006, 31.737282476000132], [35.15252277500008, 31.737354055000083], [35.15265661900014, 31.737424223000062], [35.152785514000016, 31.73750009600019], [35.15299730200013, 31.73764850700013], [35.153219961, 31.73781742800014], [35.15333548900014, 31.737910416000034], [35.15353969100016, 31.738062135000064], [35.15370531600013, 31.738203762000126], [35.153869621000126, 31.738349190000122], [35.15404380900014, 31.73850843600013], [35.154199049, 31.73864688500015], [35.15430566600003, 31.738756496000065], [35.15449928600009, 31.738966265999977], [35.154640987000164, 31.739135923000106], [35.15478547500004, 31.739334398000096], [35.154861246, 31.73946351000012], [35.15495706400014, 31.73970346200008], [35.15504629800006, 31.739928051999982], [35.15512993100015, 31.740143761000184], [35.15519876500014, 31.740296050000097], [35.155284110000025, 31.740408893000108], [35.1553906960001, 31.740575081000145], [35.15549067400002, 31.740759159000106], [35.15556358600003, 31.740985222000063], [35.15563375000016, 31.74111905200016], [35.155732410000155, 31.741303201000164], [35.15582678400017, 31.741487843000186], [35.15594310199998, 31.741651430000104], [35.156029604000025, 31.74176222600005], [35.15614295200004, 31.741929471000105], [35.15627689700017, 31.742123150000054], [35.15639154900009, 31.742318085000136], [35.156514440000024, 31.742525780000165], [35.15662663800009, 31.74268914800018], [35.15674823600017, 31.742851819000066], [35.15687906600016, 31.74301336500008], [35.15701864500011, 31.743166672000086], [35.15711321800018, 31.743298188000153], [35.15722115300014, 31.743425128000183], [35.157331741000064, 31.7435276920001], [35.15744430600006, 31.743631524000193], [35.157625267000185, 31.743801194000184], [35.15783044300008, 31.744012303000147], [35.15787578200002, 31.744061326000065], [35.15788911200008, 31.74407573999997], [35.15794843900011, 31.744139953000058], [35.15809017100008, 31.7442819150001], [35.158229114000164, 31.74439611700012], [35.15837037700004, 31.744499537000138], [35.15859323600006, 31.744649565000145], [35.15859982800009, 31.744653021000033], [35.15860170500014, 31.74465400200006], [35.158756604000075, 31.74473495799998], [35.158945543000186, 31.744799648000026], [35.15914241700011, 31.74483157700007], [35.15937656900013, 31.74484766700016], [35.15944393900003, 31.744850612000164], [35.15944978500016, 31.744850868000185], [35.15967651799997, 31.744860825000046], [35.159970380000175, 31.744849250000016], [35.16019845200003, 31.74482270900006], [35.16042768000017, 31.74479518200019], [35.16061304700014, 31.7447682720001], [35.160842281999976, 31.74472799400013], [35.16103788300012, 31.744673819000184], [35.16120729600016, 31.744566438999982], [35.16137955800002, 31.744373382000106], [35.16158331700012, 31.744180197], [35.16173412900014, 31.744007916000044], [35.16190654300004, 31.743829726000058], [35.16201749300018, 31.743698059999986], [35.16204085800007, 31.743670333000125], [35.16211973200018, 31.74357665499997], [35.16221477100015, 31.743468540000038], [35.16230190300007, 31.743348373000117], [35.162376155000175, 31.74325546700004], [35.162392057000034, 31.743235568000102], [35.16239793800008, 31.743228209000108], [35.16251790400008, 31.743070147000026], [35.16268869400017, 31.742842634999988], [35.16280336300014, 31.742717122000045], [35.16297180500004, 31.74256450700011], [35.16311762200013, 31.74247416500009], [35.16329328500018, 31.742387006000058], [35.16343352000018, 31.742346676000125], [35.16344254, 31.742344082000045], [35.16347981299998, 31.742333387000144], [35.16367291299997, 31.742320709000182], [35.16383353800006, 31.74228998000001], [35.16403671900008, 31.742234676000066], [35.16430306600017, 31.742160935000072], [35.164527195000176, 31.742095071000165], [35.16478760900003, 31.74201005600014], [35.16500562700014, 31.74196440900016], [35.165245906, 31.741913063000027], [35.16560723000009, 31.741843018000168], [35.16587009200015, 31.741805843], [35.166063199000064, 31.74177934800008], [35.166358045000095, 31.741759163000097], [35.16656962200011, 31.74172612400008], [35.16657551100019, 31.7417252030001], [35.166643337000096, 31.741714595000133], [35.166821145000085, 31.741706487000158], [35.166834950000066, 31.74170585799999], [35.16685259600007, 31.74170459300018], [35.16685919899999, 31.741703588000178], [35.166859520000116, 31.74170353900007], [35.16707043800017, 31.74167197900016], [35.16725596500015, 31.741634771000065], [35.16741163600017, 31.741615733000117], [35.16750599100004, 31.741607702000067], [35.167513048000046, 31.741607101000113], [35.16759896500014, 31.74159973400009], [35.167820757000186, 31.74158283000014], [35.16798879500004, 31.74156689600005], [35.168212572000186, 31.741538577000142], [35.16834515300002, 31.741526998000154], [35.168349136000074, 31.741526648000104], [35.168532317000086, 31.74151057500012], [35.168728545000135, 31.741506766000043], [35.16893104100018, 31.741500072000065], [35.16899099099999, 31.741500611000163], [35.16899617399997, 31.741500658000064], [35.16914886600017, 31.741502117000095], [35.169338990000085, 31.741506055000116], [35.16960546000013, 31.741510021000067], [35.169875393000154, 31.74151011000015], [35.17014400800008, 31.74150731100019], [35.17025041500011, 31.741505790000133], [35.170254820000025, 31.74150572700006], [35.170344854, 31.741504417000158], [35.170576204000156, 31.74150357700006], [35.170793869000136, 31.74149589600006], [35.17098416300007, 31.741483207000158], [35.171259883000175, 31.74145130800008], [35.17151169400012, 31.741419400000098], [35.171842481000056, 31.74139808400014], [35.17215662199999, 31.741365280000082], [35.17237099700009, 31.74134111], [35.172614223000096, 31.741329559000064], [35.17284788600017, 31.741318006000085], [35.173075922000066, 31.741348090000088], [35.173370423000165, 31.741353112000127], [35.17364381600015, 31.741366724000045], [35.17395429900017, 31.74140282000019], [35.17420047500008, 31.741432910000185], [35.17442044000006, 31.741448476000016], [35.17458483799999, 31.74145430100009], [35.174894347000134, 31.741454745000112], [35.17510407500009, 31.741505183000186], [35.175310485000125, 31.741605012000036], [35.17550551700009, 31.74170476500018], [35.17566377500003, 31.741813034000188], [35.17574784600015, 31.741879921000134], [35.17575294200003, 31.741883983000093], [35.17577818000018, 31.74190409900018], [35.175906264000105, 31.742000943000164], [35.176083824000045, 31.74209251800005], [35.176411595000104, 31.742207879999967], [35.176544296000145, 31.74231156000002], [35.17666353200008, 31.74232882000007], [35.17667060100018, 31.74232984300005], [35.17672880500004, 31.74233824500004], [35.17688971700005, 31.742416708], [35.17713240100005, 31.742529157000035], [35.177332069000045, 31.74259410200017], [35.1774995880001, 31.74264389200016], [35.17780907300005, 31.74272049400014], [35.17797461800018, 31.742750552000132], [35.17819655700015, 31.742786825], [35.178541336000194, 31.74285181000016], [35.17878520400012, 31.742899362000173], [35.178910135000024, 31.742922432000114], [35.17891167300019, 31.74292271600018], [35.178948278000064, 31.742929490000165], [35.17911844400015, 31.742953772000078], [35.17928960299997, 31.74296642900015], [35.17957042200004, 31.742973898000116], [35.17983194700008, 31.742988196000056], [35.180104171000096, 31.743051749000074], [35.180318076000106, 31.74308350600012], [35.180323312000155, 31.743084283000087], [35.18057855700005, 31.74313535800019], [35.18084978600001, 31.743219833000126], [35.181052432000115, 31.743266246000132], [35.181307833000176, 31.743349800000146], [35.18151330400002, 31.743427768], [35.181531901000085, 31.74343482500018], [35.18155003800007, 31.743441663], [35.18155960100006, 31.743445683000175], [35.181588950000105, 31.74346027400003], [35.1816353910001, 31.743483393000076], [35.18169331400003, 31.7435122280001], [35.18187796800004, 31.743611194000096], [35.182068056000105, 31.743744263000167], [35.18226968200008, 31.743885931000193], [35.18240915600012, 31.743980236000084], [35.18252752500001, 31.744077002000097], [35.182701279000185, 31.74423634800013], [35.18289135400005, 31.744411056000047], [35.18305787100002, 31.744520869000155], [35.183150182000134, 31.744632212], [35.18328226400001, 31.744704722000165], [35.18329065100011, 31.74470932600019], [35.183330716000114, 31.744731317000117], [35.18335394400009, 31.744808615000125], [35.1833593070001, 31.74482654400009], [35.18337552500003, 31.744880769000076], [35.183392953000066, 31.744898453000133], [35.183402888000046, 31.744908535000036], [35.183483996, 31.744990566000183], [35.18363977500002, 31.745163788000127], [35.18376703700011, 31.745302266000067], [35.18388837300017, 31.745407415000102], [35.18405125100014, 31.74556365500007], [35.18416894600006, 31.745715166000082], [35.18431978400008, 31.745874153000045], [35.184484466000015, 31.746065904000147], [35.18459854300016, 31.746186483000088], [35.18480150000016, 31.746328146], [35.18486527900018, 31.746455195000124], [35.18502272800015, 31.746578459000034], [35.185084367, 31.74670106900004], [35.185095741000055, 31.74670988000014], [35.18510747600004, 31.74671902300014], [35.185219394000114, 31.74680622000011], [35.185365952000154, 31.746953790000077], [35.1854833320001, 31.747067183000127], [35.185690075000025, 31.747237100000063], [35.185866980000185, 31.74737755700005], [35.185999705000086, 31.747464952000087], [35.18614628300014, 31.74754643099999], [35.18635249000005, 31.74763518400016], [35.18636574699997, 31.74764089000007], [35.18641900800003, 31.747663800000055], [35.186622653000086, 31.747714994000034], [35.18688616800017, 31.747735479000028], [35.18714969600012, 31.747709953000026], [35.187365404, 31.747671666000144], [35.18753015500005, 31.74763590700013], [35.18774274700007, 31.747538786000177], [35.18794955900012, 31.747464633000163], [35.18818606200006, 31.747349620000136], [35.188335331000076, 31.74723585800018], [35.1884552460001, 31.747133575000134], [35.18846844500007, 31.747126108000145], [35.188480643, 31.747119208000072], [35.18863188199998, 31.74703391000014], [35.18887154400011, 31.74682166400015], [35.18907818900004, 31.746742436000034], [35.189254985000105, 31.746670883000036], [35.18950352500008, 31.746558407000123], [35.18968329400013, 31.746458739000047], [35.18984360700017, 31.74635759100005], [35.189903308000055, 31.746326671000134], [35.18991048200007, 31.746322951000025], [35.189996491000045, 31.746278353000093], [35.19016421500004, 31.746211939999966], [35.19042775499997, 31.746109680000075], [35.19057453100004, 31.746058550999976], [35.19074522000005, 31.746004892000087], [35.19094591900006, 31.745956309000064], [35.19124242200019, 31.745930782000187], [35.19153298600003, 31.74590785900017], [35.191862283000034, 31.745976961000167], [35.192078106000054, 31.74614545999998], [35.192218081000135, 31.746280198000136], [35.192323264000095, 31.746398442000157], [35.19232573400012, 31.746401214], [35.19237041500014, 31.74645136400011], [35.192487141000015, 31.746581518000028], [35.192562971000086, 31.74670342000013], [35.192638461000115, 31.746878519000177], [35.19269350200017, 31.747060170000168], [35.192751854000164, 31.74718629700004], [35.19283773600017, 31.74734089600014], [35.19291933500011, 31.74747660999998], [35.193024685000125, 31.747609650000186], [35.193140416000176, 31.747779893000143], [35.19326207700004, 31.7479653580001], [35.19335605300017, 31.748081767000087], [35.19346190200014, 31.748181268000053], [35.19358556700013, 31.748263440000073], [35.193736767000075, 31.74837006500013], [35.19390560900018, 31.7484910660001], [35.19410149800012, 31.74859966700012], [35.19422978100016, 31.748685715000136], [35.19435690900019, 31.748772819000067], [35.19449475000016, 31.748885993000158], [35.19461841300017, 31.748993599000187], [35.19474206799998, 31.749130516000093], [35.19486391100003, 31.749261232000038], [35.194964652000124, 31.749362988000144], [35.195081544, 31.749522377000062], [35.195182613000156, 31.74964047900005], [35.195296039000084, 31.749812622000036], [35.195420861000116, 31.74990458700006], [35.195633237000095, 31.750063847000092], [35.19584222100019, 31.750179597000113], [35.19586112400003, 31.750190067000062], [35.19586541100011, 31.750193380999974], [35.19604646900018, 31.750271682000175], [35.19628806000003, 31.750303982000162], [35.196526357000096, 31.75028442300004], [35.196747511000126, 31.750255140000036], [35.196954485, 31.750184988000115], [35.19712749100012, 31.750101868000172], [35.19733265700006, 31.749982607000163], [35.197490991000166, 31.74985861900018], [35.19761815900006, 31.749720748000072], [35.1977029410001, 31.749605349000035], [35.1978231870001, 31.749432670000033], [35.19787713000005, 31.74930648600008], [35.19789001900017, 31.74928231800004], [35.19790204100008, 31.74925977500004], [35.197989796000115, 31.749095546000035], [35.19812274900005, 31.748863754000183], [35.19826839600012, 31.748641124000073], [35.19832679200016, 31.74851402400003], [35.1984531440001, 31.748291110000082], [35.19852539400006, 31.748163026000157], [35.19871836600004, 31.747951954000087], [35.19887983500013, 31.747770049000053], [35.19901508000004, 31.74761843800019], [35.19913349700016, 31.74751494500009], [35.19927434100009, 31.74740934500005], [35.19938434900013, 31.74731155900014], [35.1995428350001, 31.747211173000153], [35.199567245000026, 31.747196873000064], [35.199630078000155, 31.74716003000009], [35.19968532500019, 31.747137841000153], [35.199714948000064, 31.747123028000033], [35.19975970400003, 31.74710064700008], [35.19996007300017, 31.747014637000063], [35.20012053500011, 31.746959835000155], [35.20028280800017, 31.746900947000086], [35.20043980600019, 31.746841284000027], [35.20066770600005, 31.746831510999982], [35.20069396200006, 31.746824226], [35.20070629400004, 31.746820804000095], [35.20086757800004, 31.74677607900003], [35.20106962400007, 31.746728607000193], [35.20106992100017, 31.746728537000024], [35.20110471700019, 31.746720366000147], [35.20128693800012, 31.74671157400013], [35.201486146000036, 31.7467057450001], [35.20164428800018, 31.74670575800019], [35.201836727, 31.746740931000147], [35.201946871000075, 31.746758657000044], [35.20194886100006, 31.74675897700007], [35.202073858000176, 31.746779138000193], [35.202396906000104, 31.74679677800009], [35.202623646, 31.746831953000026], [35.20288485300006, 31.746873049000044], [35.20311637100019, 31.746945497000183], [35.20330534300001, 31.74707754800005], [35.20344285800013, 31.74723601700009], [35.203594059000125, 31.74742379700018], [35.20377609800016, 31.74762334600007], [35.203920379000124, 31.74777589500019], [35.20409747400009, 31.74792704000015], [35.204234836000126, 31.748012162000066], [35.204430735000074, 31.748126596000134], [35.20460256000018, 31.748235183000133], [35.204750313000034, 31.74831438600006], [35.20495297700012, 31.748405359], [35.20525887100018, 31.74854326200017], [35.20546500000012, 31.748622537000074], [35.20580173600007, 31.748736979000114], [35.206041015000096, 31.748793144000047], [35.20644305900015, 31.748854813000094], [35.20651208400005, 31.748767115000135], [35.20651281900001, 31.748766181], [35.20659082700007, 31.748666978000074], [35.20663553200018, 31.74845574900013], [35.20679021700005, 31.748414679000064], [35.20701020200005, 31.74842645300015], [35.20725756500019, 31.748426463000158], [35.20755654400017, 31.74842351300009], [35.207742063000126, 31.748432328000035], [35.20790631200015, 31.748420005000185], [35.20820875700019, 31.748373088000108], [35.208380593000015, 31.748340825000184], [35.20866242500006, 31.748226407000118], [35.208899562000056, 31.748182378000138], [35.20910223700008, 31.74807380700014], [35.20931233500005, 31.74789012900004], [35.20943255600014, 31.747781555000074], [35.20953232700009, 31.747655367000164], [35.20965947600007, 31.747444138000162], [35.209824385000104, 31.747282722000136], [35.209961757000144, 31.747124265000082], [35.21004767500011, 31.74697172400016], [35.210185872000125, 31.746660726000187], [35.210642706000044, 31.746460071000172], [35.21065041200018, 31.74645668600016], [35.21065717500011, 31.7464449900001], [35.21076057200003, 31.74626771900006], [35.21084005800003, 31.74616266700008], [35.21091245100007, 31.746039014000075], [35.2110209600001, 31.745853569000076], [35.21121637400012, 31.745538272000033], [35.211336261000156, 31.74532739200015], [35.21145532000014, 31.745117921000144], [35.2115204590001, 31.744981868000025], [35.21155657300011, 31.744883016000188], [35.21159878900005, 31.744780923000178], [35.211599943000124, 31.744777892000172], [35.211672334000184, 31.7446171790001], [35.211723124000116, 31.744536785000037], [35.21173813000013, 31.744512901000178], [35.21177375000019, 31.744456394000053], [35.21183311600015, 31.744358175000173], [35.211889511000095, 31.744264817999976], [35.21194739100008, 31.74417822500004], [35.21199801600011, 31.74406077400016], [35.212084917000084, 31.74383826700017], [35.21211641400015, 31.743757310000092], [35.21213554200011, 31.743708413000036], [35.21218253800009, 31.743606391000128], [35.21221518800013, 31.74353529600006], [35.21228032300013, 31.743380783000134], [35.212352712000154, 31.743207669000185], [35.21242510400009, 31.743028423000112], [35.212501616000054, 31.742867497000134], [35.21252107200007, 31.742826351000076], [35.21263683, 31.74259137000007], [35.21278886300007, 31.742313203000094], [35.21280518800012, 31.742280088000086], [35.21288301700008, 31.74212155700002], [35.21298426300007, 31.741899051000075], [35.213056649000066, 31.741707404000124], [35.21314354900011, 31.741509558000132], [35.21324479300017, 31.741249918000108], [35.21333168800015, 31.741015012000048], [35.21338230900017, 31.74088515800014], [35.21340341400003, 31.740816109000036], [35.21342567400012, 31.740742972000078], [35.21342567400012, 31.74072400700004], [35.21342567100004, 31.740544081000053], [35.21342567100004, 31.740520467000067], [35.213459307000164, 31.74043450700009], [35.21349805700015, 31.74033502100019], [35.213506629000165, 31.740305922000175], [35.213541422000105, 31.74018663600009], [35.21360655200016, 31.74000118900011], [35.213621885000066, 31.73995828], [35.21365733700003, 31.739859005000085], [35.21369212700006, 31.739766352000117], [35.21372230000014, 31.739685888000054], [35.213754946000165, 31.739574635000167], [35.21376583000017, 31.739537504], [35.21377456900012, 31.739494101000048], [35.213794684000106, 31.739395320000142], [35.21379913600009, 31.739382776000184], [35.21383145300018, 31.739290407000112], [35.21386343800009, 31.739198529000134], [35.21386739600007, 31.739187255000104], [35.21393219600009, 31.73905979700004], [35.21396154400003, 31.73900180900017], [35.21396204000007, 31.739000117000046], [35.21399633600009, 31.738877871000057], [35.21403953400011, 31.73872357000016], [35.214041182000074, 31.738717440000187], [35.21407729100014, 31.738612316], [35.214134835000095, 31.73850803700003], [35.21426542200015, 31.73819815900015], [35.214297903000045, 31.738137565999978], [35.21434506000014, 31.738049773000114], [35.214426017, 31.737939224000115], [35.21448982800007, 31.73785192600019], [35.21467796000019, 31.73761701400008], [35.214714565000065, 31.73755931100004], [35.21477194200014, 31.73746862700017], [35.21484449100018, 31.73733856200016], [35.214989089000085, 31.737116264000065], [35.21511934400007, 31.736930816000154], [35.21527136800006, 31.73678862700001], [35.21535084000004, 31.736708234000048], [35.215421739000135, 31.736641719000147], [35.21542322200003, 31.736640310000098], [35.21543954700019, 31.736625090000075], [35.215503025000146, 31.736566116000176], [35.21563410700014, 31.736444149000135], [35.215669225, 31.736411525000108], [35.215813990000186, 31.73628786800009], [35.215959580000174, 31.736154346000035], [35.216163701000085, 31.735956776000023], [35.216176728000164, 31.735944162000067], [35.21630697800015, 31.73579584600003], [35.216397336000114, 31.73574800000017], [35.21645883600007, 31.735715446000142], [35.21655974099997, 31.735647027000084], [35.21669642900008, 31.73555430000016], [35.21670500100009, 31.73554852300009], [35.21688587500017, 31.73543106200009], [35.21705339300013, 31.735317761000033], [35.217059493000136, 31.735313602000133], [35.21708010100008, 31.735297115000094], [35.217276634000086, 31.73514047900011], [35.217399633000184, 31.735035421000077], [35.217462451000074, 31.734970174000125], [35.21750086600014, 31.734930294000037], [35.21774686000009, 31.73473243500007], [35.21788437000009, 31.734645908000118], [35.21793811800006, 31.73461722900015], [35.21805815000005, 31.734553178000056], [35.2181811480001, 31.734466649000126], [35.21837652900001, 31.734373846000153], [35.21863703600019, 31.734274979000077], [35.21875690500008, 31.734247003000064], [35.218796146000045, 31.734237840000105], [35.2189247550001, 31.734216061000154], [35.21900406200018, 31.734202601000106], [35.21902335300007, 31.73419689300016], [35.21903243000003, 31.734194212000034], [35.21916561000006, 31.73415487300008], [35.219178669000144, 31.734151016], [35.21919218900018, 31.73414699900013], [35.219431101000055, 31.73410372300009], [35.21962598700003, 31.73406207300002], [35.219720463000044, 31.73404184500015], [35.21996151800016, 31.733988283000144], [35.220082208, 31.733961500000134], [35.22017371700002, 31.733947474000047], [35.22036427300003, 31.733918184000117], [35.220364485, 31.73391815100001], [35.220603235000056, 31.733918136000113], [35.22060366400018, 31.733918167000013], [35.220853483000155, 31.733935986000176], [35.2208637490001, 31.733936718000052], [35.22089978300011, 31.73394132800007], [35.221115923000184, 31.733968980000043], [35.22115328700011, 31.733973760000083], [35.22115675000009, 31.733974674000024], [35.22133416600008, 31.734017007000034], [35.221471683000175, 31.734054128000025], [35.221557424000025, 31.734082799000134], [35.22163805400015, 31.734109707000073], [35.22168257600009, 31.73412872700004], [35.22184070300011, 31.73419628500011], [35.2220794640001, 31.734295189000136], [35.22230388300011, 31.73440642600019], [35.22245591800015, 31.734505335000108], [35.22254462800004, 31.734557045000145], [35.22261503900006, 31.734598045000155], [35.22273393000006, 31.73467821500003], [35.22275256400019, 31.734690756000077], [35.222890087999986, 31.734795797000174], [35.222971715000085, 31.734865615000103], [35.22304196000016, 31.734925639000096], [35.223113365000074, 31.73499059400001], [35.22315063300016, 31.735024553000073], [35.223310763000086, 31.735255500000108], [35.22333335700017, 31.735287135000135], [35.22341201800003, 31.73539767600016], [35.223484422000126, 31.73555218300004], [35.223498441000174, 31.73557599700007], [35.22356408000019, 31.7356881610001], [35.22362378100007, 31.735786445000087], [35.223665338000046, 31.73585506600017], [35.22372240600015, 31.735968569000022], [35.223752256000125, 31.73602817400007], [35.22382466300013, 31.736213612000142], [35.22387530100008, 31.73634959200001], [35.223940451000146, 31.736504170000046], [35.22402737500005, 31.73671433700008], [35.22409632300008, 31.736922958000036], [35.22412139700003, 31.736998697], [35.22416922900004, 31.737113681000096], [35.22420106400011, 31.73719033600014], [35.22427348100018, 31.737443766000126], [35.22430531800006, 31.737543461000143], [35.22436025000013, 31.73771579600009], [35.2244326660001, 31.737950696000155], [35.22450507900015, 31.738160866000158], [35.22455456800003, 31.73831579800003], [35.22459201500004, 31.738432895000187], [35.22460982900009, 31.73847876200017], [35.22467877400004, 31.738655394000034], [35.22474393900018, 31.738884162000147], [35.22477676700004, 31.73900450200017], [35.2247807280001, 31.739019017000032], [35.22483138600006, 31.739278649000028], [35.22483551000005, 31.73928886400006], [35.22488219000019, 31.739402227000085], [35.22492557000004, 31.739507417000084], [35.22499798500007, 31.73971138400003], [35.2250413750001, 31.73985976500012], [35.225113800000145, 31.740137927000035], [35.22517171100003, 31.740379027000074], [35.225218074000054, 31.740576868000062], [35.225229625000054, 31.740626327000143], [35.225280282000085, 31.74086123000012], [35.22529414500008, 31.74094958300003], [35.22530932900008, 31.74104667199998], [35.22532814200014, 31.74115010300011], [35.22534546700001, 31.74124451500012], [35.22539612100013, 31.74146081599997], [35.225454035000155, 31.741689585000188], [35.22548455300017, 31.7417936490001], [35.22551210600005, 31.741887354000085], [35.2255772580001, 31.742017202], [35.22557808300007, 31.742018892000146], [35.22564117100018, 31.742155820000107], [35.22567127900015, 31.742221167000082], [35.22568571300013, 31.74224452400017], [35.225715646000026, 31.742292961000032], [35.225719110000114, 31.742298455000082], [35.22577650800008, 31.742391383000154], [35.22589228500016, 31.742515023000067], [35.225939124000035, 31.7425723020001], [35.22599355099999, 31.74263866600012], [35.22606596000003, 31.742768443000102], [35.22607733900003, 31.742784857], [35.22618174400003, 31.74293534400016], [35.22623452200014, 31.74300812300004], [35.22627592100008, 31.74306518800006], [35.226331998000035, 31.74313697800011], [35.22637718800007, 31.74319495900005], [35.22650022400012, 31.74332480000004], [35.226586645000054, 31.743421952000062], [35.226659545000075, 31.74350402700003], [35.226715453000054, 31.74356926400003], [35.22681869800016, 31.743689525000093], [35.22692705700018, 31.743790548], [35.226978181000106, 31.743838101000108], [35.22707928300014, 31.743942930000173], [35.22714525900011, 31.744042972000102], [35.227296504000094, 31.744245803000126], [35.227426804, 31.744412704000183], [35.227431230000036, 31.744433128000082], [35.22747943000013, 31.74465555600017], [35.227479447, 31.744655635000072], [35.22747665600008, 31.744655550000175], [35.227379846000076, 31.744652617000042], [35.227269528000136, 31.74464932000018], [35.22726850600009, 31.744649361000086], [35.227268276000075, 31.744649371000094], [35.22687211900006, 31.744665501000043], [35.22681357700003, 31.744667904000153], [35.226809865000064, 31.744667738000146], [35.226401156000065, 31.744649421000133], [35.226397675000044, 31.744649421000133], [35.22561952500013, 31.744649505000098], [35.22472213300017, 31.74466812800017], [35.224721708, 31.744667933000073], [35.22469956000015, 31.744657747000076], [35.2245668810001, 31.744596730000126], [35.224562828000046, 31.744594866000114], [35.22453397000015, 31.74458162400009], [35.22446157800016, 31.744574937000152], [35.224451573000124, 31.744574017000105], [35.22441870300008, 31.744570996000107], [35.22441507500014, 31.744570661000182], [35.22426616700011, 31.74455691800017], [35.22426569700002, 31.744557319000137], [35.22422049700003, 31.744595887000116], [35.22414893500013, 31.744656979000013], [35.22412139900018, 31.744680515000027], [35.224041769000166, 31.744816577999984], [35.22392602800011, 31.744958772000018], [35.22381753200017, 31.74503297400014], [35.22372338500014, 31.745119506000037], [35.22359312600008, 31.74524317000015], [35.22354053100008, 31.745310674000052], [35.22350640000019, 31.74535443100018], [35.22346271000015, 31.74541841000007], [35.223405005000075, 31.74550282400014], [35.22328926300008, 31.74568208000005], [35.223202376000074, 31.745830471000147], [35.22319842400009, 31.74585809200005], [35.223180783000146, 31.74589226600017], [35.22318606600015, 31.745942995], [35.22320240900018, 31.746101313000167], [35.22320257300004, 31.74610321500012], [35.22326048600007, 31.746349742], [35.22327218800018, 31.746363589], [35.223354494000034, 31.74646098600016], [35.22348755400003, 31.74653675000002], [35.22348762300015, 31.746536789000118], [35.22350654700011, 31.746547565000128], [35.22364507900005, 31.746638162000067], [35.223768109000105, 31.746730873000047], [35.223898399, 31.74684211400006], [35.2240432050001, 31.746990484000094], [35.22423548800015, 31.747016960000167], [35.224267478000115, 31.747021395000104], [35.224294031000056, 31.747034357000075], [35.22447016200016, 31.747120298000027], [35.22457143300011, 31.747268601000087], [35.22462934100014, 31.747454042000072], [35.22463661500018, 31.747590095000078], [35.22462212200014, 31.747738411000057], [35.22459329800006, 31.747991921000107], [35.22455754900005, 31.748261635], [35.22455722000012, 31.748263891000022], [35.22452821600018, 31.748412279000036], [35.22448486800016, 31.748579197000026], [35.22451209200011, 31.748676990000035], [35.22452099900005, 31.74870904700009], [35.224527106000096, 31.748742443000026], [35.22455730500019, 31.748906819000126], [35.22460795400019, 31.749061398000038], [35.224673116000076, 31.74922830600019], [35.22474553200004, 31.749389014000144], [35.22478167000003, 31.74954352400016], [35.22478364800003, 31.749553106000064], [35.22481780900006, 31.749716636000073], [35.22484685800009, 31.749895948000187], [35.22489025700003, 31.75010612000017], [35.22493579200017, 31.750245763000066], [35.224948, 31.75028352600009], [35.22500592600011, 31.750580148000097], [35.22496259100018, 31.75083971900017], [35.224738165000076, 31.750988126000095], [35.22454274300003, 31.750988145], [35.22448832300017, 31.75100210000005], [35.22432572600013, 31.751043756000115], [35.224341246000165, 31.751185727], [35.224347354000145, 31.75124160100006], [35.2243594040001, 31.751320511000188], [35.22439093000003, 31.7515259650001], [35.224415544000124, 31.75184260000009], [35.22441983900018, 31.75189692300006], [35.22442479800014, 31.751980908000178], [35.22444893, 31.752397593000126], [35.224506868, 31.752793276999967], [35.22455905800007, 31.753369971000097], [35.2245732610001, 31.753526807000128], [35.22457805000005, 31.753569362000178], [35.2245950570001, 31.753718452000044], [35.22460961999997, 31.75408933800003], [35.2246258080001, 31.75426935800016], [35.22463125799999, 31.754330442000082], [35.22464298500017, 31.754481081], [35.224653062000016, 31.754608679000114], [35.224674199000106, 31.754795532000173], [35.2246964900001, 31.754991894000113], [35.22470540500018, 31.755056009000157], [35.22473280600008, 31.75525152900019], [35.22474024300004, 31.75535911600008], [35.22474718300009, 31.75546177300015], [35.22477292500008, 31.755565343], [35.22479800700006, 31.755665742000076], [35.22484141700005, 31.755913045], [35.22486320400003, 31.75605522800015], [35.224928379000175, 31.75627772500019], [35.22497903300007, 31.75644463500015], [35.22504421000008, 31.756673405000072], [35.225092387000075, 31.75682143100005], [35.225111527000024, 31.756880473000137], [35.22516944500006, 31.75709684200018], [35.22529974900016, 31.75719575200003], [35.22548792900011, 31.757214263000037], [35.22581366000014, 31.757257490000143], [35.22581712500016, 31.757257983000102], [35.226030869000056, 31.757288396000035], [35.22611679400018, 31.75729402500008], [35.22621904900018, 31.757300705999967], [35.226399974000174, 31.757325418000107], [35.226484419000144, 31.75733985200003], [35.22657562000012, 31.757355425000185], [35.226580900000044, 31.757356327000082], [35.226650807000055, 31.75722604400005], [35.22666053500012, 31.757207935000054], [35.22667405499999, 31.757186302000093], [35.226776282, 31.757022475000156], [35.226884781000024, 31.75689261100007], [35.22701504400004, 31.756731881000064], [35.227184071000124, 31.75661462000005], [35.22724673400006, 31.756571138000027], [35.22743490000016, 31.756509324000035], [35.22763083100011, 31.75646744600016], [35.22769546900014, 31.75645363300015], [35.227750886000024, 31.75647081700015], [35.227820654000084, 31.756492508000065], [35.22785462700017, 31.75650307400008], [35.227878053000154, 31.75654147000006], [35.227956082000105, 31.756669975000136], [35.22806465200006, 31.756954329], [35.22807092500011, 31.756995475000053], [35.228086445000145, 31.757096509000064], [35.22809372600017, 31.757232492000014], [35.228093892000174, 31.75723608700008], [35.22810103400002, 31.757538208000085], [35.22810103500012, 31.757541590000187], [35.228163436000045, 31.75787611400017], [35.22823128100009, 31.758240162000106], [35.22826446400006, 31.758427152000138], [35.22828939200019, 31.758567784000036], [35.22833280000003, 31.758740892000162], [35.228335603000176, 31.75875561700019], [35.22836168700019, 31.75889540200012], [35.22839008300008, 31.759054774000163], [35.22839800800011, 31.75909937400013], [35.22841468100012, 31.759191600000122], [35.22844142600013, 31.75934047400017], [35.228499363000026, 31.759618705000037], [35.22852132800017, 31.759777654000118], [35.22852842700013, 31.75982887700019], [35.22854296600019, 31.75997105700003], [35.22855026400009, 31.760193563000144], [35.228579658, 31.760406833000047], [35.22858626700014, 31.760470526000063], [35.228601302000015, 31.760617077], [35.22863038000014, 31.7609014410001], [35.22863187200011, 31.760951465000176], [35.22863768100012, 31.761142474000053], [35.228637741000114, 31.761482504000128], [35.22864502800013, 31.76165561900018], [35.228631362000044, 31.761789489000023], [35.22863053900005, 31.761797803000036], [35.228587200000106, 31.762001785000052], [35.22856725200006, 31.762055265000185], [35.228536423000094, 31.762137845000098], [35.22848581300019, 31.762273835000144], [35.22842070100012, 31.762484018000066], [35.22830496000006, 31.762717037000073], [35.228189212000075, 31.76292102600013], [35.22815771900002, 31.76298091900003], [35.228124085000104, 31.76304468700016], [35.22800109400009, 31.763335271000074], [35.22799368200003, 31.76340692700012], [35.227979356000105, 31.76354544900005], [35.22799356900009, 31.76370714799998], [35.22800117200012, 31.76379268100004], [35.228022814000155, 31.764006729000187], [35.22802297900006, 31.764009056000134], [35.22802347700008, 31.76401300200007], [35.228051882000045, 31.764225427000156], [35.2280664110001, 31.764311382000074], [35.22806707100017, 31.764315470000042], [35.228080940000154, 31.764398538000023], [35.228102578000176, 31.76459018100013], [35.22815341400013, 31.764794149000124], [35.22821150800013, 31.764992408000126], [35.228262009000105, 31.76517122399997], [35.228269291000174, 31.765307276000044], [35.22829143700005, 31.765562472000056], [35.22829160200018, 31.765564374000178], [35.22831058800017, 31.765665548000015], [35.228342451, 31.765836403000037], [35.228391789, 31.76596674600006], [35.22842198700005, 31.766046569000025], [35.22850169400016, 31.766287667000086], [35.22861027400006, 31.766553487000067], [35.22869031100004, 31.766780774000097], [35.22869724100008, 31.76680071400017], [35.22872579300014, 31.766900901000042], [35.228762433000156, 31.767029480000076], [35.22882035700013, 31.767202516], [35.228844618000096, 31.767281285000024], [35.228892811000094, 31.767437412999982], [35.22891228200018, 31.7674858850001], [35.22898687000014, 31.767672307000055], [35.229066585000055, 31.76792580199998], [35.229152555999974, 31.76813434600018], [35.229160809000064, 31.76815449600008], [35.22923324200008, 31.768284339000104], [35.22928010300018, 31.768379662000086], [35.229327294000086, 31.768475972000033], [35.22943587500009, 31.768735593000144], [35.22958126300006, 31.769117031000064], [35.22963194100015, 31.76932719900003], [35.22977685200016, 31.769790860000114], [35.22984007800005, 31.770055771000102], [35.229856584000174, 31.770124676000023], [35.22986566300011, 31.770160257000043], [35.229950675000055, 31.770495553000103], [35.230015888000025, 31.770804643000076], [35.23004461300019, 31.770926811000038], [35.23006673500004, 31.77102101000014], [35.23006772600007, 31.77102868900016], [35.23009564600005, 31.771255912000186], [35.23008841900008, 31.771416625000086], [35.23005993700019, 31.771704238000154], [35.23005960900019, 31.77170719800006], [35.229987067000025, 31.771887367000147], [35.22992212900016, 31.772164697000164], [35.22989476600014, 31.772263977000193], [35.229864272999976, 31.77237488000003], [35.22977722000019, 31.77259514200017], [35.22976732800004, 31.772620085000028], [35.229727909000076, 31.772639678000132], [35.22965467700004, 31.772676186000126], [35.229593486000056, 31.772706632000165], [35.22944717500013, 31.772706652000124], [35.22936915300005, 31.772706663000065], [35.22911579200013, 31.7727314980001], [35.22884016000006, 31.772750277000114], [35.22875372900012, 31.772756205000064], [35.22869385200005, 31.772762556000146], [35.228522143000134, 31.772781038000062], [35.22843092400018, 31.772784149000074], [35.228341191000084, 31.772787119000157], [35.22818547600008, 31.772779811000078], [35.22808056500003, 31.77277489300019], [35.22791528700003, 31.772791541000174], [35.22783446300008, 31.77279958400004], [35.22771868300009, 31.772898521000116], [35.22764629500017, 31.773040712000068], [35.227579844000104, 31.773184736000076], [35.227552141, 31.773244768999973], [35.22750515000013, 31.773365257000023], [35.22750152100008, 31.77337456000015], [35.227465420000044, 31.773516747000144], [35.227436899000054, 31.773609894000117], [35.227421897000056, 31.773658937000164], [35.22735675500019, 31.773751666000123], [35.22730612700008, 31.7738319930001], [35.22727347400013, 31.773873848999983], [35.22720487000015, 31.773961929000166], [35.22712653600007, 31.77408721100005], [35.22708893600014, 31.774147386000152], [35.226973169000075, 31.774345246], [35.22697102700005, 31.77434891000013], [35.226879172, 31.77450590000018], [35.22683547200012, 31.774585241000068], [35.22676324400004, 31.774716157000057], [35.22669810700006, 31.774852148000036], [35.22665424000007, 31.77493402600004], [35.2266186220001, 31.775000540000065], [35.226509947000125, 31.77519840000008], [35.22645420900011, 31.77530564100016], [35.226452063000124, 31.77530958700015], [35.2263217740001, 31.775476586000025], [35.226227773, 31.77563724000015], [35.22611909400018, 31.775810436000086], [35.2260323480001, 31.77594022900007], [35.2259454390001, 31.77611328300003], [35.225865783000074, 31.776230814000087], [35.22581333800014, 31.77630931000016], [35.22576369900003, 31.776383716999987], [35.22571471600014, 31.776462213000116], [35.225647759000026, 31.776569175000077], [35.22561609800016, 31.77664217200015], [35.225575532000164, 31.776736167000024], [35.2255427180001, 31.776834248000057], [35.22553200100003, 31.77686623700015], [35.225503152000044, 31.776989538000123], [35.22550317100013, 31.777119463000133], [35.225503194000055, 31.777280106000035], [35.225510472999986, 31.777416089000155], [35.225503243000105, 31.77762013600011], [35.22548280400014, 31.777721314000132], [35.22546697700017, 31.777799382000183], [35.22547426000011, 31.777960166000128], [35.22547428400014, 31.778127009000173], [35.22548883600007, 31.778374314000132], [35.225566598000114, 31.77853722900005], [35.22556853600008, 31.778541290000078], [35.22556826200008, 31.778543941000066], [35.22554399200004, 31.778778594000187], [35.225525048000065, 31.77896164200007], [35.225491249000186, 31.77910608400009], [35.22548894300019, 31.77911609000006], [35.22548896300003, 31.779258413000036], [35.22548896500018, 31.779270675000134], [35.22549440900008, 31.77927715500016], [35.225510750000126, 31.779332534], [35.22557855500014, 31.779376633000027], [35.22558300900016, 31.779381987000136], [35.22560132200016, 31.779391427000178], [35.225662693000174, 31.779431440000053], [35.225785764000136, 31.7794870890001], [35.22596261700011, 31.779562458000044], [35.22604642300013, 31.779598241000087], [35.22640986699997, 31.77979379100009], [35.22653244600008, 31.779873958000053], [35.22662698100004, 31.77993595100014], [35.22675302400006, 31.780004562000045], [35.22704701600003, 31.780164607000188], [35.227322202000096, 31.78031295800014], [35.22743802300016, 31.780418067000028], [35.22754659700007, 31.780584895000175], [35.227423405000025, 31.780801639000174], [35.22724973200013, 31.781017964], [35.227076060000115, 31.781246406000093], [35.226974792000135, 31.78138860300004], [35.2268972760001, 31.781493874000148], [35.22685175400005, 31.781555602000083], [35.22685010499998, 31.781558278000148], [35.22667314, 31.781836325000143], [35.226670832000025, 31.781839989000105], [35.22666539000011, 31.781858871000054], [35.22661295800003, 31.782044039000084], [35.22661296900009, 31.78211759800007], [35.22661298400004, 31.78221088300006], [35.22661199800012, 31.782225258000096], [35.226598992000106, 31.782402530000184], [35.226598498000044, 31.782408729000053], [35.22657691900014, 31.78260136400013], [35.226576590000036, 31.78260403900009], [35.22656209700017, 31.78277708500019], [35.226582909000115, 31.782930963000126], [35.226583899, 31.78293786500018], [35.22659844000003, 31.783092307000175], [35.22660835400018, 31.78318784700008], [35.22662008600008, 31.783302549000155], [35.22667802900014, 31.783556050000072], [35.22687403300006, 31.783673551000106], [35.22696774300016, 31.78371666000004], [35.22710533600008, 31.78376610400005], [35.22724293700003, 31.78385261000011], [35.22741866100017, 31.784044657000095], [35.227423942000144, 31.78405043200013], [35.227425756000116, 31.784059027000183], [35.227452834000076, 31.784192613000073], [35.22743174300018, 31.784337617000176], [35.22742399700007, 31.784390460000168], [35.22741378100011, 31.78446049500019], [35.227402245000064, 31.784538846000032], [35.22739269400006, 31.784647493000023], [35.22737343000006, 31.78486647800014], [35.22734937500013, 31.78505868800005], [35.22733718400008, 31.785157047000098], [35.227327462000176, 31.78523821500005], [35.22730835200019, 31.785398156000042], [35.22728660700005, 31.785583604000124], [35.227245062000065, 31.78576003400019], [35.22721439600002, 31.78588967900015], [35.22720582900013, 31.785943227000132], [35.22719264400018, 31.786026088000142], [35.22717104700007, 31.78611838900008], [35.227156550000075, 31.786248172000057], [35.227143209000076, 31.786391204000154], [35.22714205699998, 31.78640275900017], [35.22706967200014, 31.786631472000124], [35.22700452600009, 31.786761262000027], [35.22694664200009, 31.786909792000074], [35.22694943700003, 31.78710763700019], [35.22694947900004, 31.787110598000027], [35.22709818300012, 31.78747555000018], [35.227178380000055, 31.787589680000053], [35.22717838100016, 31.787592947], [35.22717850900017, 31.788380916000108], [35.22715495699998, 31.788633016], [35.22714968600019, 31.788690088000124], [35.22714243500002, 31.788733630000024], [35.22712067700019, 31.788863134000053], [35.227120700000114, 31.789005317000033], [35.22711346700015, 31.789159902000108], [35.22710607700003, 31.78936873800012], [35.22708433500003, 31.78957898500005], [35.227075940000134, 31.789702428000055], [35.22707001300006, 31.789789092000092], [35.22704843600019, 31.789997226000082], [35.227048270000125, 31.789999338000086], [35.22703377500011, 31.79014152400015], [35.22702355600006, 31.79019619900015], [35.22700492900003, 31.790295969000056], [35.226997718000064, 31.790598937000084], [35.2269862010001, 31.79079283700014], [35.22696151700018, 31.79121093300006], [35.226892870000086, 31.79145422600004], [35.22689193399998, 31.791457543000035], [35.22687615600012, 31.79148291300004], [35.226752365000095, 31.791681961000165], [35.226741012000105, 31.791700217000027], [35.226729961, 31.791717972000185], [35.22661128200008, 31.79185510999997], [35.22660690500015, 31.791860168000028], [35.22651271300015, 31.791946702000132], [35.22642594200016, 31.792033234000144], [35.22633933900005, 31.792113847000167], [35.22626576400006, 31.792182480000065], [35.22619417200019, 31.792249564000144], [35.226114659000075, 31.792323833000125], [35.22609932100005, 31.792343423000148], [35.22599886100011, 31.79247194800007], [35.22593667300009, 31.792549881000184], [35.22589015600005, 31.792608224000105], [35.225824997000075, 31.79268235400002], [35.22576710000004, 31.792762822000157], [35.22571646100016, 31.792849348000175], [35.22565856600011, 31.792948277000107], [35.22557873200009, 31.793090888999984], [35.225433091000184, 31.793385841000088], [35.22536067800013, 31.793509571000186], [35.225343686000144, 31.793532824000067], [35.225252137000155, 31.793657966000126], [35.225143594000144, 31.793793960000187], [35.2250851980001, 31.793881475000035], [35.224962480000045, 31.794109206000144], [35.22486119700011, 31.794245197000123], [35.22477145800008, 31.79435596500008], [35.22473087600008, 31.794405994000044], [35.22456442100008, 31.794554394000045], [35.22447748400009, 31.79464092300003], [35.224462979, 31.79474604700016], [35.22426752600012, 31.795215876000043], [35.22421821300003, 31.795350312000153], [35.22411562400015, 31.795630039000116], [35.22397080800005, 31.795994740000026], [35.22396816700012, 31.796000939000066], [35.22381154200002, 31.796384075000162], [35.22381147400006, 31.79638424100017], [35.224951256, 31.79645120800012], [35.22483125200006, 31.79666431200019], [35.224825396000085, 31.796674711000037], [35.22475561300007, 31.79673418200008], [35.224702161000096, 31.796779846000163], [35.22455021600007, 31.796903444000066], [35.22441263000002, 31.797033238000154], [35.22432568900001, 31.797132169000065], [35.22425327399998, 31.797255900000096], [35.22425195500017, 31.79725843500006], [35.224151992000145, 31.79745981100018], [35.22412313600006, 31.797583537000094], [35.22409411200016, 31.797707263000063], [35.22407300900011, 31.797818588000098], [35.22405074800014, 31.79793583000003], [35.224033769000016, 31.798052228000074], [35.22402849300016, 31.798088302000053], [35.22399964000016, 31.798248384000146], [35.22398513700011, 31.79837210800008], [35.22398464300005, 31.79837971900008], [35.22397739700017, 31.798501891000058], [35.22397064700016, 31.798613215000046], [35.22395763100013, 31.79874934000003], [35.22394922600006, 31.798838397000054], [35.223948896000024, 31.79884192000003], [35.223941656000136, 31.798984104999988], [35.223948933000145, 31.799132487], [35.22395622400012, 31.799361191000116], [35.22396350399998, 31.79953423300003], [35.223970787000155, 31.7996950160001], [35.22396355000018, 31.799880460000168], [35.22396967700007, 31.800045188000126], [35.22396373900011, 31.800077883000085], [35.22394081900018, 31.80020583600009], [35.22389713000018, 31.80047202600008], [35.22387569300008, 31.800582929000143], [35.22385078600007, 31.80064197300004], [35.223846662000085, 31.80065719200013], [35.22383643600017, 31.80067579500019], [35.223810539000056, 31.80073751700013], [35.22374537700017, 31.800842644000056], [35.22367836100011, 31.800924968000118], [35.22362449700012, 31.800991135000174], [35.22356423200017, 31.801065165000068], [35.22350583200017, 31.80113816400018], [35.22347019500012, 31.801182697], [35.22340370900014, 31.80123059000016], [35.223301628000115, 31.801304125000115], [35.223238554000034, 31.801349560000062], [35.223086434000095, 31.801454695000132], [35.22295609600013, 31.801559829000155], [35.222825753999984, 31.80165256099997], [35.22272362400008, 31.801712177000127], [35.22268815100006, 31.801732894000168], [35.22264063200015, 31.80176108100011], [35.222521675000166, 31.80183182999997], [35.22236229300012, 31.80193076600017], [35.22213064500016, 31.802072966000026], [35.22197126200018, 31.80217190100018], [35.221768483000176, 31.802283098000032], [35.221645399000124, 31.802363570000125], [35.22151505300019, 31.802450100000158], [35.221399232000124, 31.80254283200003], [35.2212985860001, 31.802623443000016], [35.22128340800009, 31.802635563000138], [35.22113129000013, 31.8027839560001], [35.22095953100006, 31.80291135300007], [35.22080031000013, 31.803004088000193], [35.220698341000116, 31.80306201000019], [35.2205178370001, 31.803164749000075], [35.22035135700003, 31.803275377000148], [35.22032231600019, 31.803294684000036], [35.22002548600011, 31.803467745999967], [35.21982996300005, 31.803572879000058], [35.219656220000104, 31.803671813000108], [35.21946795600019, 31.80376454500015], [35.21930856400013, 31.80381401700015], [35.21917095200013, 31.803857283000184], [35.219040601000074, 31.803912952000076], [35.21898601400011, 31.803936246000035], [35.21888082600009, 31.803981132], [35.218837814000096, 31.803999486000123], [35.21866373800009, 31.80407995600018], [35.21849032100005, 31.80415408500005], [35.218287535000115, 31.804259078000086], [35.218248844000016, 31.80427974300011], [35.218084084000054, 31.804367745000093], [35.21805587100016, 31.804382814], [35.217900769000096, 31.80446004100014], [35.21788162900009, 31.804469482000115], [35.21765029700015, 31.804592933000094], [35.2174475110001, 31.804728925000177], [35.21731716000005, 31.804827853000177], [35.21723020500002, 31.80488971700015], [35.217178391000175, 31.80490507900015], [35.217150672000116, 31.804920581000033], [35.21710199400019, 31.804927768000027], [35.21706371300013, 31.804939185000137], [35.217013055, 31.804941019000125], [35.216984014, 31.80494538800002], [35.21681752500018, 31.80498865600009], [35.216760595000096, 31.804998380000143], [35.21674798800018, 31.805000529000097], [35.216636344, 31.805019564000133], [35.216599384000176, 31.80502586500006], [35.216440977000104, 31.805056731000093], [35.2162381820001, 31.805081398000084], [35.21612977300009, 31.80510042500015], [35.21599116800013, 31.80512480800013], [35.21588325400006, 31.80514947000006], [35.21574415200007, 31.805173571000182], [35.215742004000106, 31.80517399300004], [35.215531952000106, 31.805211059999976], [35.215444332000175, 31.805223884000156], [35.215322060000176, 31.805241926000065], [35.21529853200019, 31.805245195000055], [35.21501452100006, 31.80528466200002], [35.21501069100009, 31.805285194000078], [35.21489039900007, 31.805296186000135], [35.21480789300017, 31.80530379800001], [35.21474453200017, 31.805307886000037], [35.214518141000156, 31.805322264000154], [35.21448810700019, 31.805323151000096], [35.21432573100009, 31.80532794600009], [35.214308084000095, 31.805328467000038], [35.214235811000094, 31.80532846800014], [35.21414158800019, 31.80532847000012], [35.214047533000155, 31.8053284720001], [35.213909916000034, 31.80532847300003], [35.21377955900016, 31.805328476000113], [35.21377741500015, 31.80532847500001], [35.21362742100018, 31.805328477000046], [35.21356108800012, 31.80532340600007], [35.21355181300015, 31.805322687000057], [35.21339267900015, 31.805310346000056], [35.21338848800008, 31.805310021000082], [35.21338650600006, 31.805309761000103], [35.21311011800009, 31.80527352700011], [35.21310599200012, 31.805272964000153], [35.212968373000024, 31.80524196400006], [35.21265700200013, 31.80520490600003], [35.212656098000025, 31.805204882], [35.21259413400003, 31.80520321300014], [35.21243259, 31.805198705000123], [35.212258671000086, 31.805186305000177], [35.212077657000066, 31.8051801040001], [35.2117271780001, 31.805165731000045], [35.211628667000184, 31.80516164400018], [35.21133544800017, 31.805155723000098], [35.21132455600019, 31.80515544200017], [35.21102044400004, 31.805161641000097], [35.21091418100008, 31.80516910900019], [35.210672771000134, 31.80518629800008], [35.2104554550001, 31.805199540000103], [35.21027114000003, 31.80521081100005], [35.21026718000007, 31.805211093000082], [35.21019325500009, 31.80522504400011], [35.21007164200006, 31.805248150000068], [35.209905149000065, 31.805291408000073], [35.20985630400003, 31.805306627000164], [35.20966621300016, 31.805365667000103], [35.209518198000126, 31.80543400700003], [35.20949229200011, 31.805445984000073], [35.209291473000064, 31.8055237640001], [35.20918322600011, 31.805562514000144], [35.209067056000094, 31.805604221000124], [35.2089731640001, 31.80567974900015], [35.208936698000116, 31.80570919900009], [35.20889428800018, 31.805737381000085], [35.20880633600018, 31.805795858000067], [35.20873125600019, 31.80584531700015], [35.20864693300007, 31.80590083500016], [35.20844660500018, 31.80604075800005], [35.20840799100017, 31.806067813000084], [35.20811113000019, 31.806265647000146], [35.20790832400013, 31.80640162300017], [35.20773242000013, 31.806492367000033], [35.20759694200012, 31.80656225500013], [35.20716228700013, 31.806828146000043], [35.20698126500008, 31.806920860000048], [35.20677120200003, 31.80697651400004], [35.20665849400012, 31.807051333000118], [35.206445455000164, 31.807192803000078], [35.20635007300007, 31.807253110000033], [35.20608323900018, 31.80742149000008], [35.20587316900003, 31.807539001000123], [35.20582201400015, 31.807569294000075], [35.20561260200009, 31.80769357100013], [35.205415074000086, 31.807797839000045], [35.2053083080001, 31.807854199000133], [35.20512200000013, 31.80794028700012], [35.205040315000076, 31.807977906000133], [35.204970183000114, 31.807980580000162], [35.204881075, 31.807983957000033], [35.204759790000026, 31.808011006000186], [35.20471441000018, 31.808021148000137], [35.20462678600006, 31.808034673000122], [35.20455516900006, 31.80804579800008], [35.20449659100018, 31.808053404000134], [35.204316227, 31.80807678600013], [35.20413536900014, 31.808114401000125], [35.204026786000156, 31.808136939000065], [35.20401919700015, 31.808138488999987], [35.203859954000166, 31.808187939], [35.20358470200017, 31.808268242000167], [35.20333123300003, 31.80833628700003], [35.20309393700012, 31.80841757700017], [35.20281868600017, 31.808473219000177], [35.20267363500017, 31.80849942000009], [35.2024421160001, 31.8085412530001], [35.20226108800006, 31.80859690000017], [35.202139138000064, 31.808630287000028], [35.202058279000084, 31.80865240500009], [35.20181553600014, 31.808701283], [35.201743094000165, 31.8087157920001], [35.20168896600012, 31.808726636000074], [35.20132757400006, 31.808801010000025], [35.20126883, 31.80881312300005], [35.20122642000007, 31.808819884000172], [35.20092130100011, 31.80886875500005], [35.200651821000065, 31.808933692000153], [35.20058812500008, 31.808949047000112], [35.20051304100008, 31.80896637100011], [35.20005214000008, 31.80907272000013], [35.19987342200005, 31.809117091000132], [35.19965377800014, 31.80917146200011], [35.19938132900006, 31.809228507000114], [35.19929898200013, 31.809245689000136], [35.19903098800012, 31.809307523000086], [35.198730978000185, 31.809383021000144], [35.19858922400016, 31.80941865800014], [35.19819085900019, 31.809523737000063], [35.19783803900009, 31.809620083000027], [35.19746657100012, 31.80972150100007], [35.19740947499997, 31.809726989000183], [35.1972131010001, 31.809746131000168], [35.19708257000002, 31.80976133500019], [35.19705385600014, 31.809764712000174], [35.196997255000156, 31.809770766000156], [35.19676408200013, 31.809795539000163], [35.19642563200006, 31.809794652000164], [35.19616490300007, 31.809813222000116], [35.19604476900008, 31.809816023000053], [35.19590417400008, 31.809819246000075], [35.195558960000085, 31.809804546000123], [35.19546968599997, 31.80980073000012], [35.195374638000146, 31.80979522300015], [35.19515104499999, 31.809782089000123], [35.194740156000194, 31.809757374000128], [35.19463685599999, 31.809751158000097], [35.194480424, 31.80974169600006], [35.19339842000005, 31.809676721000073], [35.19305502300011, 31.80966187500013], [35.1929711950001, 31.809658197000147], [35.19259446000012, 31.80966434200002], [35.19222928100004, 31.809651460000055], [35.19206591500017, 31.80964565800008], [35.19181377700011, 31.8096222260001], [35.191667573000075, 31.80960853500011], [35.191666932000146, 31.809608362], [35.19152995800016, 31.809571451000068], [35.191526434000025, 31.809571296000172], [35.19124745300013, 31.80955900400005], [35.191170722000095, 31.8095553280001], [35.19086362899998, 31.809540341000172], [35.19073508300005, 31.809534823000092], [35.19057402600009, 31.809528034000152], [35.19028426200009, 31.809515582000188], [35.19001990600009, 31.809508070000106], [35.189842517000045, 31.80950310500009], [35.18979664200009, 31.809498870000027], [35.18957453600018, 31.809478398000124], [35.18916331800011, 31.809465502000137], [35.1889605130001, 31.80946546600012], [35.1886332900001, 31.809443], [35.18859847400006, 31.809440599000084], [35.18817124900016, 31.80942811900013], [35.18805178000014, 31.809418232000098], [35.18794666700006, 31.809409616000096], [35.18794576300019, 31.80940933500017], [35.18778743900003, 31.809360125000183], [35.18751947900006, 31.809261151000157], [35.187347872000146, 31.809218845000032], [35.18709228200015, 31.80915594600009], [35.18693338000014, 31.80912012300007], [35.18670831200018, 31.809069349000083], [35.18634447400012, 31.80899036500017], [35.18625223700019, 31.808970337000062], [35.18621197400017, 31.80896285900019], [35.18585391, 31.80889613300019], [35.185455580999985, 31.808834190000084], [35.18514421100019, 31.808790863000183], [35.18513999900017, 31.808790396], [35.18507802400012, 31.808783521000066], [35.185024577000036, 31.808777593000116], [35.184919632000174, 31.80876601500006], [35.18491922200013, 31.80876599100003], [35.18484834700001, 31.80876177200014], [35.184709736, 31.80875371000019], [35.18449967300012, 31.80874746400019], [35.184238954000136, 31.808735007000166], [35.184237545000144, 31.808734586000014], [35.18409408300016, 31.80869171400002], [35.184089494000034, 31.80869129900009], [35.18395646500011, 31.808679283000174], [35.18371752900009, 31.808660631000066], [35.18332645100003, 31.80862968200006], [35.18309708400017, 31.808617794000156], [35.18308839300005, 31.808617201000175], [35.18273801200013, 31.808593304000055], [35.18273637100009, 31.808593192000046], [35.18270606600015, 31.80858959800014], [35.18255898600006, 31.808572156000082], [35.182524995000165, 31.808568202000117], [35.18242764100012, 31.808554368000046], [35.182264282000176, 31.808531078000044], [35.18191662300012, 31.808450676000177], [35.18169683900004, 31.808403699999985], [35.18151121200003, 31.80836391800011], [35.181348189000175, 31.808328228000164], [35.18122872600014, 31.80830212800015], [35.18087380100013, 31.808246380000128], [35.18017862800008, 31.808153486000094], [35.17993970400005, 31.80810396600009], [35.179935374000024, 31.808103562000042], [35.17954137300006, 31.808066805000124], [35.17933131700005, 31.808048150000104], [35.17901994500005, 31.8080234090001], [35.17856995900013, 31.808003282000072], [35.17836534999998, 31.80797913100014], [35.177927748, 31.80794294000009], [35.1775536670001, 31.80792465999997], [35.17699610200003, 31.807888434000176], [35.17654429400011, 31.807888309000077], [35.17607845600014, 31.807900156000073], [35.175945618000185, 31.80790829100016], [35.17592343900003, 31.807909647000088], [35.175489179000124, 31.807936202000064], [35.17531679799998, 31.807950689999984], [35.17530369700006, 31.807951791], [35.17484676000004, 31.807990128000085], [35.17422563600013, 31.80801404200008], [35.17382382200009, 31.808032239000113], [35.173811465000085, 31.808032795000145], [35.17356227000016, 31.808043997000027], [35.17319857100017, 31.808068971000125], [35.172775124, 31.808110973000055], [35.172281051000084, 31.80816507200018], [35.171744575000105, 31.808200977000183], [35.17122228400012, 31.808249004000174], [35.17089768300019, 31.808285115000047], [35.170565820000036, 31.808333058000187], [35.17002947800006, 31.808429268000168], [35.16964118200008, 31.808471270000098], [35.16931658200019, 31.808507377000126], [35.16890005800019, 31.808561490000102], [35.168563813, 31.80860987900013], [35.168561096000076, 31.80861027000003], [35.168441286000075, 31.808627562000083], [35.16800859200015, 31.80867898700012], [35.16790513000012, 31.808676839000157], [35.16789637300019, 31.808676658000024], [35.16754523500009, 31.808669386000133], [35.16686041700012, 31.808679430000097], [35.16621139000017, 31.80873049100012], [35.16583989900005, 31.808762106000188], [35.16583546900006, 31.808762483000123], [35.16573068100007, 31.80877132200004], [35.16505787699998, 31.80884280200013], [35.164312799000186, 31.808914249000054], [35.16356771500017, 31.808985833000122], [35.162894732000154, 31.809077875000128], [35.16241398700009, 31.809180134000144], [35.16199332700012, 31.809241548000045], [35.1615366800001, 31.809333666000043], [35.16098381800015, 31.809435891000078], [35.16052716200005, 31.809538291000024], [35.15983021300019, 31.80969174600017], [35.159385439000175, 31.809783861000085], [35.15901295100008, 31.809865717000093], [35.158496196000044, 31.810009093000076], [35.15801543700013, 31.81012176200005], [35.15757198700004, 31.81020682500008], [35.15720973200018, 31.810271067000087], [35.1568323030001, 31.81032882100004], [35.156266060000064, 31.810438064000095], [35.155518792000066, 31.810547226000097], [35.15507336000013, 31.810624389000168], [35.15464312000006, 31.810688592000076], [35.154182677999984, 31.810752781000133], [35.153563660000145, 31.8108040730001], [35.1531106540001, 31.81084895600003], [35.152567189000024, 31.810938889000056], [35.15215377900006, 31.81099745500012], [35.151803409000024, 31.811053234000042], [35.151801426000134, 31.811053514000037], [35.15173998600005, 31.811063343000058], [35.151670552000155, 31.811074450000035], [35.151467826999976, 31.81110360800011], [35.15143620300006, 31.81110815600016], [35.15117990600004, 31.811145095000086], [35.150689254000156, 31.81121573900009], [35.15026660300009, 31.811273449000055], [35.14986639099999, 31.81133117200011], [35.149488954000105, 31.811389042000087], [35.14911911000007, 31.81144029400008], [35.148908023000104, 31.811477672000137], [35.148900345000186, 31.811479034000115], [35.14875668200011, 31.811504512000056], [35.14840183100017, 31.81158817800008], [35.14799416500017, 31.811684500000013], [35.14772992800005, 31.811742425000148], [35.14751106900019, 31.81180022800004], [35.147246827000174, 31.811864491000108], [35.14688883000014, 31.811960976000194], [35.14668282800011, 31.812039923000043], [35.14631194599997, 31.81215401500009], [35.14583808200001, 31.81227678600004], [35.14523034900009, 31.812452189000055], [35.144635484, 31.812624353000103], [35.14428522400016, 31.812738451000087], [35.143976066000164, 31.812834953000106], [35.143677471000046, 31.812931459000083], [35.143213806000176, 31.813089313000035], [35.14286353400013, 31.813212143000044], [35.142513265, 31.81333496999997], [35.142260132000104, 31.813432499000157], [35.1422503070001, 31.813436284000034], [35.142235946000085, 31.813441771000043], [35.142194017000065, 31.813457812000024], [35.14194673900005, 31.813554343000135], [35.14162733100005, 31.813668448000044], [35.1410504050001, 31.813887815000157], [35.14063841100011, 31.81401060000013], [35.14028814700009, 31.81411580800011], [35.139814239000145, 31.814273786000058], [35.139350725000156, 31.81443162900007], [35.13902108700006, 31.814536984000142], [35.13879443300016, 31.814633379000043], [35.13855753600018, 31.814738787000067], [35.13818661100015, 31.814879206000057], [35.13791868300018, 31.814993189000177], [35.137630306, 31.815089688000057], [35.1372696090001, 31.81523011000013], [35.136909084000024, 31.81536165199998], [35.13661029500008, 31.815475757000115], [35.13635277300011, 31.81557227100012], [35.135983971000144, 31.815731283000105], [35.13565991200005, 31.815865099000177], [35.13538488100011, 31.81598217400017], [35.135080444000096, 31.81613276900009], [35.134726801000056, 31.81631687000015], [35.13439296700011, 31.81649252800014], [35.134167085000115, 31.816634853000096], [35.133982514000024, 31.816717035000124], [35.13396705300005, 31.816723921000175], [35.133799263000014, 31.816798652000045], [35.13361263800016, 31.816965379000067], [35.13316023900012, 31.81722311300007], [35.132810365000125, 31.817429195000102], [35.13231616100006, 31.81773833300008], [35.13183213600007, 31.818107787000088], [35.13130619600008, 31.81846847600019], [35.13087270099999, 31.81879484000018], [35.13026992000016, 31.81926355700017], [35.129955786000096, 31.819510198000046], [35.129918978000035, 31.81953909800012], [35.12990873900003, 31.81954599700009], [35.1299046100001, 31.81954923500018], [35.12941113800014, 31.819942066000067], [35.129120949000026, 31.820191153000167], [35.12885121600016, 31.82044885099998], [35.12863313500014, 31.820706581000024], [35.12841489900006, 31.820955855000193], [35.12818626100011, 31.82120498100005], [35.12782242000014, 31.821496856000124], [35.127354742000136, 31.821814446000133], [35.126969614000075, 31.822097709], [35.126397083000086, 31.82246666000009], [35.126043048000156, 31.822672439000144], [35.12574197300006, 31.82289727500006], [35.12553850900008, 31.823041714000055], [35.12521286900011, 31.823232431000122], [35.12481259800012, 31.823457760000167], [35.12447523200012, 31.82365551100014], [35.12411576900013, 31.823834647000183], [35.12381722900011, 31.82398479699998], [35.1234983920001, 31.82413211000005], [35.12316947800008, 31.82428801400016], [35.12275356300006, 31.824468656000136], [35.12233978400019, 31.82465352800017], [35.12196003300011, 31.82481234900007], [35.121580125000094, 31.824956657000143], [35.12119709400014, 31.8250894090001], [35.12075363100013, 31.825246069000116], [35.120390748000034, 31.825361499000053], [35.11999735800015, 31.825453795000044], [35.11961766500008, 31.825543140000093], [35.119200700000135, 31.825603570000112], [35.11872598900004, 31.825646625], [35.118282011000076, 31.825652075000107], [35.11782139400009, 31.825628485000095], [35.11754002100014, 31.82559938700018], [35.117167234000135, 31.825552891000086], [35.1169096320001, 31.82552085200018], [35.11654692000013, 31.82546562400006], [35.11619098199998, 31.82540462200018], [35.11591987300005, 31.82534664400015], [35.11558096000016, 31.825262402000135], [35.115187743000035, 31.82518136000016], [35.11475130600007, 31.825081119000117], [35.11425645500009, 31.82497181300016], [35.11376145200006, 31.82484883600017], [35.11325054000008, 31.82478939600003], [35.11283006000008, 31.824743695999985], [35.112346648000084, 31.824743318000174], [35.111899542000174, 31.82474747600014], [35.11145771900016, 31.824747127000023], [35.111090348, 31.824733168000193], [35.11062739800008, 31.824737309000113], [35.11015882900011, 31.8247460930001], [35.109695877000036, 31.824750230000177], [35.109200724000175, 31.82477251900019], [35.10868972800017, 31.82479028200015], [35.108189285000094, 31.824817071000098], [35.10774377600006, 31.824867437000023], [35.1073976350001, 31.824908016999984], [35.10711025700016, 31.824939486000062], [35.10675355800004, 31.824975547000065], [35.10647673900013, 31.825011673000063], [35.106199924000066, 31.82504314900018], [35.10592838600013, 31.825079278000032], [35.105692328000146, 31.825116705000028], [35.10568826400015, 31.825117347000116], [35.105614249000155, 31.82512903900016], [35.10532139200018, 31.825187837000044], [35.104943347000074, 31.825269250000133], [35.10469654500008, 31.827033988000153], [35.104692077000095, 31.82703462900008], [35.10469186200015, 31.827034660000038], [35.10400834600006, 31.827132750000146], [35.10380677400008, 31.827173726000183], [35.10360915100017, 31.827226540000083], [35.103416133, 31.82729105499999], [35.10333780100012, 31.827322346000187], [35.103326663000075, 31.827326795000147], [35.10325844000005, 31.827354049000064], [35.10320510200006, 31.827379028999985], [35.10317254200004, 31.8273942780001], [35.10308785000012, 31.82743394300013], [35.10292434700017, 31.82752384800017], [35.102861912000094, 31.827563671000178], [35.10284638600007, 31.827573523000126], [35.10283003300003, 31.827583937999975], [35.1027684230001, 31.82762319700015], [35.10262107400007, 31.827731715000027], [35.102504269000065, 31.82782955100015], [35.102392415000054, 31.82792710700005], [35.10227858200011, 31.828022971000166], [35.10216277100005, 31.828117144000032], [35.10204498100006, 31.828209622000088], [35.10192554300016, 31.82830040700003], [35.10180412500006, 31.82838922000019], [35.10168089500013, 31.82847633700004], [35.10155601400004, 31.828561484000033], [35.10142932200006, 31.828644936000046], [35.101299991000076, 31.828726834000065], [35.10117099100006, 31.82880577500009], [35.1010393520001, 31.82888344300011], [35.100841818000106, 31.828994594000164], [35.10053016700016, 31.829161726000166], [35.1002150540001, 31.829324204000102], [35.09958897399997, 31.82962858900015], [35.09939360100009, 31.829723674000093], [35.09919839300011, 31.829818619000037], [35.099006153000175, 31.829918074000034], [35.09881588700006, 31.83002020800012], [35.09862776300014, 31.830125302000113], [35.09844178000009, 31.830233076000184], [35.09833986800004, 31.830294424999977], [35.09825810500013, 31.83034367100015], [35.09805245800004, 31.830472423000174], [35.09623674400012, 31.831363472000078], [35.09544043300019, 31.831825504000108], [35.09475296300019, 31.832224363000137], [35.094620488000146, 31.83230413900003], [35.09448801100007, 31.832383915000037], [35.094358994000174, 31.832467499000188], [35.09422981500006, 31.8325512240001], [35.09410425900012, 31.832638615000178], [35.09402645000017, 31.832692934000136], [35.09397919999998, 31.832726710000088], [35.09390072499997, 31.83278300300003], [35.09242980600004, 31.833620768000173], [35.09152008000012, 31.834066324000048], [35.090683679999984, 31.83447601200004], [35.09015167000001, 31.834741969000106], [35.09014671500006, 31.834744642000032], [35.08962492900008, 31.83501582300005], [35.08938343600005, 31.835145089000036], [35.089381124000056, 31.835146355000177], [35.08930514300005, 31.835186582], [35.08919876700014, 31.835242987000186], [35.08907075900004, 31.835308108000163], [35.0890146000001, 31.835336799000117], [35.08882828700007, 31.835427931000027], [35.08863950600016, 31.835514831000125], [35.08846558800013, 31.835594983000135], [35.08845931400015, 31.835597795000012], [35.08827664400013, 31.83568019400019], [35.088215202000015, 31.835709021000184], [35.088095620000104, 31.835765270000138], [35.08791640800018, 31.835853166000106], [35.087725962000036, 31.835950633000095], [35.08771902300009, 31.83595414900003], [35.08722316, 31.83620956300001], [35.08672712800018, 31.836464974000137], [35.08658209700019, 31.836541488000023], [35.08644019700017, 31.83662237400017], [35.08643524200005, 31.836625469000182], [35.08630241900016, 31.836708336000186], [35.08624575300007, 31.836743650000074], [35.08611920300007, 31.836825254000075], [35.08599083700011, 31.836905025000192], [35.08586099200011, 31.836982820000173], [35.085729496000056, 31.837058642000045], [35.08559651700017, 31.83713249200008], [35.085462057000086, 31.837204364000172], [35.085326112000075, 31.837274262000108], [35.08518884900019, 31.837342186000058], [35.085050104000175, 31.83740799700007], [35.08491202400012, 31.83747056400017], [35.08491003900002, 31.83747140700018], [35.08489088000016, 31.83748040800009], [35.08474487200016, 31.83754620800005], [35.08470754200005, 31.83756392700019], [35.08460050800011, 31.837614407000103], [35.08446985600011, 31.837678533000087], [35.08445746500007, 31.837684580000143], [35.08443533100018, 31.83769597300011], [35.084315905000096, 31.837757008999972], [35.08424206500018, 31.837796249000064], [35.084175825000045, 31.837831410000035], [35.08403739500011, 31.837907930000142], [35.08390044400011, 31.83798656100015], [35.08376514499997, 31.838067167000077], [35.08361943000011, 31.83815748799998], [35.083402013000125, 31.83829226400013], [35.08318212700004, 31.83842379600003], [35.082959270000174, 31.838552224000125], [35.08273394300011, 31.838677126000164], [35.08245989200009, 31.838822832000176], [35.081958537000105, 31.839088226000115], [35.08146294700009, 31.839360949000024], [35.0809731170001, 31.839641567000115], [35.08085995300013, 31.83970641100018], [35.080648324000094, 31.83982907000012], [35.08064105700015, 31.839833290000115], [35.080419359000075, 31.839956360000144], [35.08019502100018, 31.840076187000193], [35.07996837900009, 31.84019262800018], [35.079738441000075, 31.840304556000035], [35.079576228000064, 31.840383438000117], [35.07957375100011, 31.840384564000033], [35.07893349200015, 31.840691649000178], [35.078302794000024, 31.841006634], [35.07829850000019, 31.84100874400019], [35.077493493000134, 31.841429226000173], [35.07508216700012, 31.842616385000042], [35.074502666, 31.842896037000116], [35.07430625300003, 31.842990798000073], [35.0742999740001, 31.84299375100005], [35.0734063000001, 31.843404812000188], [35.07328719800017, 31.843459639], [35.072580197000036, 31.84377310100001], [35.071884930000124, 31.84407544300018], [35.07187022800019, 31.8440817660001], [35.0712749060001, 31.84433264000006], [35.070674314000144, 31.844574625000064], [35.07006874700005, 31.844805863000033], [35.06986297200018, 31.84488443600003], [35.06970126500005, 31.844945692000124], [35.06954071000018, 31.845009346999973], [35.06938163700005, 31.84507539900011], [35.069223882000074, 31.84514384600004], [35.06906760800007, 31.845214551000083], [35.06891265000007, 31.845287651000092], [35.06875933900005, 31.84536300800005], [35.06867888000011, 31.84540420400009], [35.06860767500012, 31.845440621000137], [35.068445927000084, 31.845526818999986], [35.067373823000025, 31.845996112000194], [35.06655336600005, 31.846314909], [35.066530571000044, 31.846323901000062], [35.06565971700013, 31.846666590000098], [35.06512467199997, 31.846882697000126], [35.06498905400014, 31.846937498000102], [35.06477034300008, 31.847025879000057], [35.06401228500005, 31.847335007000027], [35.06325421800011, 31.847644130000106], [35.06324513300018, 31.84764778400006], [35.0626932240001, 31.847873586000105], [35.062132392000024, 31.848103037000158], [35.06194670800011, 31.84818116600013], [35.061870716000044, 31.848214613000152], [35.06176267300009, 31.848262255], [35.06159531500009, 31.848338996000052], [35.06158011700006, 31.848345883000036], [35.06156442300005, 31.84835333300009], [35.06139954000014, 31.84843233200013], [35.06122143100009, 31.848522586000172], [35.06105273800006, 31.848608201000047], [35.06049725000008, 31.848895286000072], [35.060479571000144, 31.84890442600016], [35.06046057100019, 31.848913984000035], [35.05993665200009, 31.849175174000152], [35.05956574200013, 31.84935298700003], [35.05919120400006, 31.84952529700007], [35.05906366400012, 31.84958165000006], [35.05881320700013, 31.84969210700001], [35.05843175299998, 31.84985313300001], [35.05842167600014, 31.849857207000184], [35.058046676, 31.850007531000188], [35.05792938600007, 31.85005459299998], [35.05754728800008, 31.850204062000046], [35.05718154100009, 31.850347066000154], [35.05716518899999, 31.850353388000144], [35.05666910600007, 31.850543720000076], [35.056663986, 31.850545545000102], [35.05573380700008, 31.850878653000166], [35.055588945000125, 31.85092455200015], [35.05553955800008, 31.85094013300011], [35.055516268000076, 31.850946869000097], [35.055492815000036, 31.85095374300016], [35.05544276900014, 31.85096707000008], [35.055295278000074, 31.851006344000155], [35.05521963800004, 31.8510233020001], [35.055123188000096, 31.85104488200011], [35.05480317200005, 31.850406854000084], [35.05452709400015, 31.849856561000138], [35.05451540500013, 31.849833263000164], [35.05446950800018, 31.849737103], [35.05442344900018, 31.849640944000157], [35.05438135300005, 31.849543521000157], [35.05434303700008, 31.849454557000115], [35.054339422000055, 31.849446097999987], [35.05433596900002, 31.84943735600018], [35.05430145200012, 31.849347412000043], [35.054266116, 31.84925563200005], [35.05426348599997, 31.849248724], [35.05426200800002, 31.84924407300008], [35.054230143000154, 31.849148775000174], [35.05419663500004, 31.849048968000034], [35.054180212, 31.848999768000056], [35.05417709100004, 31.848990323000066], [35.05414999200019, 31.848908137000024], [35.05411993900009, 31.84881650800014], [35.05408608200008, 31.84872585800008], [35.05405206500018, 31.848635066000043], [35.054014414000164, 31.84854540000009], [35.05397692700018, 31.848455733000037], [35.053935806000084, 31.848367330000087], [35.05389534500017, 31.84828061600001], [35.05389452000003, 31.84827878200008], [35.05389337000008, 31.848276527000166], [35.053849767000145, 31.84819164400011], [35.05360675200018, 31.847715336000135], [35.053381343000126, 31.84727343300011], [35.05337114300016, 31.847253270000124], [35.0530871630001, 31.846696448000046], [35.05279773600006, 31.846141734000184], [35.052575585000056, 31.845730270000047], [35.052521116000094, 31.845629590000044], [35.05223409300004, 31.845121518000155], [35.05193600300004, 31.844618224000044], [35.05188695200019, 31.844535446000123], [35.051884154000106, 31.844530792000114], [35.051827371000115, 31.8444332090001], [35.051770917000056, 31.84433633100008], [35.051769931000024, 31.844334496000045], [35.0517176030001, 31.844236215000137], [35.05166742100005, 31.84414173900018], [35.05166478600012, 31.844136945000116], [35.05166232000005, 31.844131870000126], [35.051616098000125, 31.84403613100011], [35.051570206000065, 31.84394109600015], [35.05156740800004, 31.843935457000157], [35.05156609400012, 31.84393235500005], [35.05152185800017, 31.843833519000043], [35.05147994400005, 31.843730458000152], [35.05144657100004, 31.843650094000054], [35.05139166700013, 31.84351742600012], [35.05137161100009, 31.84346808200013], [35.051293846000135, 31.843286910000018], [35.051288584000076, 31.843275348000134], [35.051212443000054, 31.843107002000067], [35.051206687000104, 31.84309515700005], [35.05112641900007, 31.84292863900015], [35.051093688000094, 31.842860536000103], [35.05109171500004, 31.84285644700003], [35.05107477000013, 31.842822323000064], [35.05075383500014, 31.842174137000086], [35.05043373000018, 31.841527362000136], [35.050416128000165, 31.841491687000087], [35.05027139000009, 31.84119023100004], [35.05021285000004, 31.841062066000177], [35.05013276600016, 31.840886668000053], [35.05013062800015, 31.840881452000133], [35.05000058100018, 31.840581140000154], [35.04989028799997, 31.84031298200017], [35.04964865800008, 31.83972774300014], [35.04959112900019, 31.839588446999983], [35.04955512600014, 31.839503995000143], [35.04940158200009, 31.839143905000185], [35.049186729000155, 31.838636059000066], [35.049180649000164, 31.838620691000017], [35.04898360600009, 31.838124565000044], [35.04893184000008, 31.83799429400017], [35.048929866000094, 31.83798921900018], [35.04889437200018, 31.83789898800012], [35.04883291300018, 31.837742777000074], [35.04875056100013, 31.837545393000084], [35.04873067300008, 31.83749787900007], [35.04869992700003, 31.837427807000097], [35.0486236430001, 31.837254526000095], [35.04856000400008, 31.837117194000086], [35.04851149500007, 31.83701285500007], [35.04839455800004, 31.836772871000107], [35.04827233600008, 31.836534710000024], [35.04825588500006, 31.83650256100009], [35.04817083900008, 31.836337442000058], [35.048167548000094, 31.836331096000038], [35.04813448900012, 31.836263698000153], [35.048082846, 31.836158508000153], [35.04800161300011, 31.835984658000143], [35.047924011000134, 31.835809543000153], [35.04785316800019, 31.83564091900007], [35.04785004500019, 31.835633306000034], [35.04778136500005, 31.835455666000087], [35.04771547900009, 31.835284936000164], [35.04771449100019, 31.835282257000017], [35.04720895300011, 31.834142036000117], [35.046771132, 31.83289226800008], [35.04675552700007, 31.832848987000148], [35.04662380200011, 31.83248455300003], [35.04646805200019, 31.832079084000156], [35.04643452800008, 31.831996888000106], [35.046303882000075, 31.831676000000186], [35.04629960900019, 31.831665424], [35.04624044800016, 31.831520207000153], [35.046223192000184, 31.831477768000127], [35.04615057800004, 31.831288990000132], [35.04613464400012, 31.83124514600007], [35.046081758000184, 31.831099232000042], [35.04605220500014, 31.83101196700005], [35.04601706700009, 31.83090834899997], [35.045956342000125, 31.83071648600003], [35.04594616700007, 31.830684063000092], [35.04589477000019, 31.830536037000115], [35.04583131800007, 31.830391377000183], [35.0458008870001, 31.830334408], [35.04579381200017, 31.83032115400016], [35.04577193500006, 31.830280120000168], [35.045755315000065, 31.830251350000083], [35.045730964000086, 31.830209327000034], [35.045725203000075, 31.830200020000063], [35.045619385, 31.83002585100013], [35.04554961800005, 31.829906406000134], [35.04551687400016, 31.829850138000097], [35.045492854000145, 31.82980698900019], [35.04541783000013, 31.82967302200018], [35.045343642000034, 31.829533985000126], [35.04532258700016, 31.82949436100006], [35.04523097800012, 31.829314293000095], [35.04514300000011, 31.82913296400011], [35.04505965100009, 31.828950088000056], [35.0450203580001, 31.82886394000019], [35.04501739700015, 31.828857453000126], [35.044996358000105, 31.82880951400017], [35.04473877800007, 31.828225229000054], [35.04447528500003, 31.827627549000113], [35.04445999700005, 31.827593007000132], [35.04437911400015, 31.8274154880001], [35.044362840000076, 31.827379674000156], [35.04434639700003, 31.82734527100007], [35.04426122300009, 31.827167890000055], [35.044200376000106, 31.827046904000156], [35.044155478000164, 31.826957647000143], [35.044045274999974, 31.82674894900009], [35.0439309410001, 31.826542078000102], [35.043812316000185, 31.826336750000166], [35.043809517, 31.82633209700009], [35.04368807300011, 31.82613409400011], [35.04360020200005, 31.825990668000145], [35.043595757000105, 31.825983756000085], [35.04345438100012, 31.82576402700016], [35.04331662900012, 31.825549794999972], [35.04330856400003, 31.825537384000143], [35.043221979000066, 31.825412279000147], [35.04312796000005, 31.825291392], [35.04302650300008, 31.825174722000156], [35.04299685300009, 31.82514410200008], [35.04299026199999, 31.825137329000142], [35.04296736300017, 31.825113487000124], [35.04291810899997, 31.82506269200013], [35.04290690000005, 31.825054503000047], [35.042840342000034, 31.82498931400005], [35.04187297500005, 31.824294868000152], [35.04186819500018, 31.824291480000056], [35.04150986300016, 31.824034819000076], [35.041162084000064, 31.823785640000153], [35.041146592000075, 31.823774627000034], [35.04106500300014, 31.823717307000095], [35.04074325900018, 31.823491413000056], [35.040456776000156, 31.823297409000133], [35.04033414000014, 31.82321438800011], [35.04006116200014, 31.823036889000093], [35.03979494400011, 31.822863909000148], [35.039669663000154, 31.822782856000117], [35.039545873, 31.822699973000113], [35.03942390200018, 31.8226152580001], [35.03930374800018, 31.82252871600008], [35.039221013000144, 31.822467025000037], [35.039185250000116, 31.822440484000026], [35.03906857000004, 31.822350421000124], [35.0389164660001, 31.822228042000063], [35.03875612300004, 31.82210043800012], [35.03859048900006, 31.82197775900005], [35.03841989300014, 31.82186000300004], [35.038244669, 31.821747456000082], [35.03806498000017, 31.821640117000186], [35.038020795000136, 31.821615535999968], [35.03791478900007, 31.82155649000009], [35.037853129000155, 31.821522445000028], [35.03775898700013, 31.82147059900018], [35.037605174000134, 31.821382602000085], [35.03745301300006, 31.821292208000045], [35.03730267600014, 31.821199561000128], [35.03723228900009, 31.821154655000157], [35.037154322000106, 31.821104803000082], [35.03713553199998, 31.82109223700013], [35.03700811700003, 31.82100751300004], [35.036985537000135, 31.820992545000024], [35.03684295700003, 31.820897515000183], [35.03669839600008, 31.820804594000037], [35.03667218800001, 31.820788354000115], [35.03655201600003, 31.820713925000064], [35.03640381500014, 31.82062536800015], [35.03625296900009, 31.82054004800017], [35.036109050000164, 31.820458684000187], [35.036106905000054, 31.820457552000107], [35.03603041100013, 31.820414325000172], [35.036023606000185, 31.82041048100001], [35.03599315300005, 31.820393278000097], [35.03595408400014, 31.820370398000193], [35.035915671000055, 31.820347798000057], [35.03588630900009, 31.820329859000083], [35.035878914000136, 31.820325341000114], [35.035838526000134, 31.820300766000116], [35.035804569000106, 31.820279301000028], [35.035770446000186, 31.82025769500018], [35.03573105300006, 31.820231993000164], [35.035707180000145, 31.82021632200002], [35.03570566999997, 31.82021533000011], [35.035703094000155, 31.820213553000087], [35.03565919000005, 31.820183278000172], [35.03552601600006, 31.820091358000184], [35.03537026300006, 31.819984188000035], [35.035208058000194, 31.819884054000056], [35.03504006700007, 31.81979124000003], [35.03499225000013, 31.819767784000078], [35.034982193000076, 31.8197628370001], [35.034960595000086, 31.819752380000182], [35.034866449000106, 31.81970616900003], [35.034688030000154, 31.819628982000097], [35.03461629100019, 31.819600840000078], [35.03461349000003, 31.8195997090001], [35.034426975000144, 31.819526597000106], [35.034241786, 31.819450668000115], [35.03417319100009, 31.81942126100006], [35.03405842000012, 31.819372062000184], [35.033700776000046, 31.819208807000052], [35.03309233300001, 31.81893387400015], [35.03291242400019, 31.818860769000082], [35.03222131799998, 31.818579797999973], [35.03207982700013, 31.818523515000038], [35.03193734500002, 31.818469484000104], [35.03179370200013, 31.81841756600005], [35.03164906899997, 31.818367758000193], [35.031503439, 31.81832006500008], [35.03135681200007, 31.818274621000057], [35.03120919500003, 31.8182312940001], [35.031060910000065, 31.818190216000062], [35.030911631000095, 31.818151395000143], [35.030761029000075, 31.818114826000055], [35.03061091800015, 31.81808036800004], [35.03045964800009, 31.818048306000094], [35.03030754900004, 31.81801835699997], [35.030154948000074, 31.817990801000178], [35.03000185000002, 31.817965500000128], [35.029848252000136, 31.8179424490001], [35.0298311200001, 31.817940139000086], [35.02969415200016, 31.81792165700017], [35.029555814000105, 31.817905192000126], [35.029539554000166, 31.81790325700007], [35.029504717, 31.81789962300013], [35.02938478600015, 31.81788711100012], [35.029264487000034, 31.817876338000076], [35.02922968500019, 31.81787322100007], [35.02917665400014, 31.817869298000176], [35.02907424900013, 31.817861724000068], [35.02897173300016, 31.817855635], [35.028918643000054, 31.817852482000035], [35.0288476340001, 31.81784936000014], [35.028762868, 31.81784563399998], [35.028678074000084, 31.817843137000068], [35.028606921000176, 31.81784104200017], [35.028399977000106, 31.817838630000153], [35.02832835500004, 31.81783852700005], [35.02799400400016, 31.817838043000165], [35.02765965200007, 31.817837560000044], [35.02758802700009, 31.817837456], [35.02738932900013, 31.81783871700003], [35.027190623000024, 31.817842937000023], [35.02699224100013, 31.817850259000124], [35.026793854000175, 31.81786039900004], [35.026595791000034, 31.817873496000175], [35.026398052000104, 31.817889553000157], [35.026200637000045, 31.817908712000076], [35.02600354600014, 31.817930687], [35.025806943000134, 31.817955484000038], [35.02562651200003, 31.81798227300004], [35.02561115700013, 31.81798450600013], [35.025462257000015, 31.818006554000192], [35.02545631200019, 31.818007390000048], [35.02537509200005, 31.818019953000146], [35.025251446000084, 31.818039077000094], [35.02506589800004, 31.818064731000106], [35.02504575900002, 31.81806752100016], [35.024952493000114, 31.818079080000132], [35.02483974900002, 31.818093004000048], [35.024633085000175, 31.818115388000138], [35.02454923200008, 31.81812315600007], [35.024426096000184, 31.818134671], [35.024218784000084, 31.818150851000098], [35.024148142000115, 31.818155396000066], [35.02401098200011, 31.81816407000008], [35.023994808000054, 31.818164754000122], [35.02380302400013, 31.81817320700003], [35.023701522000124, 31.81817770500004], [35.02369690000006, 31.818177980000144], [35.02336269200015, 31.81818650300005], [35.023325393000164, 31.818187434000038], [35.023297006, 31.81818781600009], [35.023068103000185, 31.81819128100011], [35.02302849300008, 31.818191785000124], [35.02279711300014, 31.818195388000163], [35.022685379000166, 31.81819874500019], [35.02256555900016, 31.81820236900012], [35.02233449200014, 31.81821287600019], [35.0221772000001, 31.818222365000167], [35.022103420000064, 31.818226905000188], [35.02187283600017, 31.81824431400014], [35.02166122600005, 31.818263445000184], [35.02164257400011, 31.818265107000173], [35.0214045460001, 31.818290258], [35.02005196500005, 31.818441114000052], [35.018315754000184, 31.81863463600007], [35.017529197000044, 31.81871995500012], [35.017298431000086, 31.818744968000146], [35.01674214500008, 31.818804568000132], [35.016637491000154, 31.818815821000044], [35.016632043000016, 31.81881637600003], [35.016626927000175, 31.81881679100013], [35.01652145300011, 31.818824943000095], [35.01641614500011, 31.818833094000183], [35.01641102900004, 31.818833509000115], [35.01640591300014, 31.818833783000116], [35.01630044600006, 31.81883869500018], [35.01619134800006, 31.81884388200018], [35.016150748000086, 31.81884480500014], [35.01603175400004, 31.818847440000127], [35.01599924300007, 31.818847672000118], [35.015591937000124, 31.818849156000056], [35.015551506000065, 31.818849378000095], [35.01552625400012, 31.818849198000066], [35.015152135000164, 31.818846083000096], [35.01494583300013, 31.81885083500015], [35.01490383100003, 31.81885462600019], [35.01478159400017, 31.818865659000096], [35.014761364000094, 31.818868674999976], [35.01475072200009, 31.818870261000143], [35.014740817000074, 31.818871795000064], [35.01463466600006, 31.81888755400007], [35.01462773500009, 31.818888531000027], [35.01385427300005, 31.819020632000047], [35.01274951300013, 31.819188566000093], [35.01236306000004, 31.819240099000183], [35.01166476700007, 31.81933341399997], [35.01160434800016, 31.81934050600006], [35.01057724800006, 31.819461055000147], [35.01046186100007, 31.8194745400001], [35.010456415000135, 31.81947523700012], [35.01026971900012, 31.819494105000047], [35.01006965300007, 31.819514362000064], [35.00968208300003, 31.81954784700008], [35.009614737000106, 31.81955267100011], [35.009293862000106, 31.819575552000117], [35.00927818300016, 31.81957637200003], [35.00890516100003, 31.819596634000106], [35.00879886800004, 31.819602382000028], [35.00847702400006, 31.819614408000177], [35.00820536500004, 31.81962045600011], [35.00815552000006, 31.81962150300012], [35.008096109000064, 31.81962197200005], [35.00783370100004, 31.81962394700014], [35.00759919100017, 31.819622159000176], [35.00751205400013, 31.81962145600005], [35.00742492100011, 31.819619486000022], [35.00719041999997, 31.819614318000163], [35.007159394999974, 31.819613139000126], [35.00686912500015, 31.81960168100005], [35.006833647000065, 31.819600354000045], [35.00680245900014, 31.819598755000186], [35.00664189900016, 31.819590323], [35.00656863500012, 31.819585132000043], [35.00648134700003, 31.819578930000034], [35.006321130000174, 31.81956528600017], [35.00616141400013, 31.81954868100013], [35.00608221600015, 31.819540240000038], [35.00588207600009, 31.819518777000155], [35.005681601000106, 31.819500134000123], [35.0054806280001, 31.819484448000082], [35.00527947900008, 31.81947186300016], [35.005077993999976, 31.81946223500006], [35.004876503000105, 31.81945556600016], [35.00486231100018, 31.819455401000027], [35.00467483900013, 31.819452418000083], [35.00461080700018, 31.81945160900011], [35.00427018900007, 31.81944696700009], [35.004137179000054, 31.819443227000136], [35.00392974500011, 31.819437393000157], [35.00358947900003, 31.81942260200009], [35.00324971800006, 31.819402883000123], [35.002910301000156, 31.819378086000143], [35.00257155800011, 31.819347093000147], [35.00241480699998, 31.81933274300019], [35.002412004000064, 31.819332456000097], [35.00233313299998, 31.819325564000053], [35.00220954800017, 31.819314650000024], [35.00214486300007, 31.8193110200001], [35.00200641700013, 31.81930304100007], [35.001803109000036, 31.819297352000035], [35.001677353000105, 31.819297566000046], [35.001599624000164, 31.819297719000133], [35.00159203000004, 31.819297989000177], [35.00144794600004, 31.819302260000086], [35.00129296799997, 31.81930693400011], [35.00098286400009, 31.819309803000067], [35.00067294700011, 31.819303512000033], [35.00036337900008, 31.819287919000033], [35.000054660000046, 31.819263027000147], [34.999918047, 31.81924786100012], [34.999900887000024, 31.81924600300016], [34.99973589700005, 31.819227690000105], [34.99972995500008, 31.81922697400006], [34.99961842700009, 31.819212839000045], [34.99874928400004, 31.819102739000186], [34.99776845000008, 31.818978357], [34.996937272000025, 31.818867324000166], [34.996108603000096, 31.81874388900013], [34.996104431000106, 31.81874320300011], [34.99528260300019, 31.818608194000035], [34.99507544900007, 31.818572020000033], [34.995065012, 31.81857019800009], [34.995062868, 31.818569912000044], [34.99419082700007, 31.81841544000008], [34.99387084400013, 31.81835875900009], [34.99363137100016, 31.818316309000124], [34.99270769300011, 31.818152575000056], [34.99267882500004, 31.818147453], [34.99257556300017, 31.81812740600003], [34.99247477400013, 31.818107927000142], [34.99247246500016, 31.818107500000167], [34.99247015500015, 31.818106933000024], [34.992370201000085, 31.818084354], [34.99226793500014, 31.818061349000175], [34.992166836000024, 31.818034684000168], [34.992065734, 31.81800787600008], [34.991990691000126, 31.81798801800005], [34.99197535500008, 31.817983623000146], [34.991850345000046, 31.81794817800011], [34.99080130200019, 31.817647622000152], [34.989625594000074, 31.817316117000132], [34.98914222500014, 31.81717703400011], [34.98913727900009, 31.81717547600016], [34.98866184900004, 31.817030769000155], [34.98865030400003, 31.817026944000133], [34.98849135400019, 31.81697587400015], [34.98818462200006, 31.816877321000106], [34.98801066000004, 31.816819141000053], [34.98793513600003, 31.816793883000116], [34.98783076100017, 31.816756640000108], [34.98772638800017, 31.816719396000053], [34.98762350700008, 31.816679054000133], [34.987521451000134, 31.816639137000095], [34.98751930900016, 31.81663828500018], [34.98741940600013, 31.816595413000186], [34.98731818300001, 31.81655197400005], [34.98721878300017, 31.816505578000147], [34.98711938400004, 31.816459184000053], [34.98702164000008, 31.816410537000024], [34.986972355000034, 31.816385931000127], [34.986799755000106, 31.816309814000135], [34.98667427800012, 31.816265908000048], [34.98665849000008, 31.81626028800008], [34.98665597500013, 31.81625939300011], [34.98664687799999, 31.816256233000047], [34.98664130000009, 31.81625429500002], [34.986620029000164, 31.816246787000125], [34.98642674000007, 31.816195859000175], [34.986424662000104, 31.816195666000056], [34.986391101000095, 31.816192554000168], [34.98552917100017, 31.816121692000024], [34.98545376800007, 31.81611606200005], [34.98524224100004, 31.816100326000026], [34.98509984100019, 31.816091758000027], [34.98495496800018, 31.816083045000084], [34.9848008510001, 31.816076146000114], [34.98466735700009, 31.816070272], [34.984510924, 31.81606548400015], [34.98437957100009, 31.816061585000114], [34.98409160600016, 31.816057265000097], [34.98408236500018, 31.816057389000093], [34.98380363400014, 31.816057311000066], [34.98356714300019, 31.81606055100019], [34.9826538530001, 31.816071590000092], [34.98260219700012, 31.816072201000054], [34.98256143500009, 31.816072128000144], [34.981740427000034, 31.816071633000035], [34.98165042000011, 31.81607162400013], [34.98157572700006, 31.8160716160001], [34.98150151500016, 31.816072752000025], [34.98141118800004, 31.816074135000065], [34.98129895599999, 31.816077491000158], [34.98124680900003, 31.816079051000088], [34.981194284000026, 31.81608138700011], [34.981082423000146, 31.81608636300018], [34.98095499600015, 31.816094003000103], [34.980918195000015, 31.816096210000183], [34.980881268000076, 31.81609896500015], [34.98075412800006, 31.81610845200015], [34.98061857700009, 31.81612058400009], [34.98059055100009, 31.81612309200011], [34.980562723000105, 31.8161260170001], [34.980427131000056, 31.81614026800014], [34.9802686270001, 31.816159308000067], [34.98026419900009, 31.816159840000125], [34.980259585000056, 31.816160462000028], [34.98010225300004, 31.81618166900006], [34.97993947400016, 31.816206173000126], [34.97977784500017, 31.816232935000073], [34.97961686800011, 31.8162622320001], [34.979456548000144, 31.81629378500014], [34.979299737000076, 31.81632726700002], [34.979296880000106, 31.816327877000106], [34.97929323800014, 31.81632872100016], [34.979086841000026, 31.816376530000127], [34.978811732999986, 31.81644521400011], [34.97853975000015, 31.816517709000152], [34.97846147000007, 31.816539830000124], [34.97826907400014, 31.816594152], [34.978094177000116, 31.81664667299998], [34.97800020500017, 31.816674823000028], [34.97778070600003, 31.816744171000096], [34.97773297600003, 31.81675930199998], [34.97758762700016, 31.816807790000098], [34.97746738700016, 31.81684787000006], [34.977203767, 31.816940386000056], [34.976942444000144, 31.817037558000095], [34.9768279700001, 31.81708018500018], [34.97675545300007, 31.817107387000135], [34.97656928900011, 31.81717736000013], [34.976308798000105, 31.817270724000025], [34.97615056300009, 31.817324684000084], [34.97604633900016, 31.817360283000085], [34.97578207400005, 31.817445890000158], [34.975519966000036, 31.817526287000135], [34.97551616600009, 31.817527409000036], [34.97550097200008, 31.817531889000065], [34.975248454000166, 31.817605117000085], [34.975238051000076, 31.817607917000146], [34.97497910500016, 31.817677748000165], [34.974864166000145, 31.81770881800003], [34.97483030900008, 31.817717915000173], [34.974825851000105, 31.817719034000163], [34.97471289100014, 31.817749544000037], [34.97463139000007, 31.817775178000034], [34.974539638000124, 31.817804035], [34.97444978100003, 31.8178369310001], [34.97436999000013, 31.817866143000174], [34.97427218700011, 31.81790738800015], [34.97425963100011, 31.817912719000105], [34.97424922400006, 31.81791707000002], [34.97422217500002, 31.817928426000094], [34.97420445100016, 31.817935867000074], [34.97413195900003, 31.81797047900011], [34.97404334900017, 31.818012786000168], [34.973948135000114, 31.818063985000038], [34.97388718000013, 31.818096762000152], [34.97382828900015, 31.818132231000163], [34.973736273000156, 31.81818764900015], [34.97372552600007, 31.81819495700006], [34.973584179, 31.818290232000038], [34.97346910400017, 31.81837371900008], [34.97329483500005, 31.81850007200012], [34.973009932000025, 31.818714290000116], [34.9727294760001, 31.81893274400005], [34.97272682900012, 31.818934851000165], [34.9724534610001, 31.819155289000093], [34.97225499299998, 31.819321617000185], [34.972138888000075, 31.819418769000038], [34.969866931000126, 31.82116644400014], [34.96977417900007, 31.82122939700008], [34.96925702600004, 31.821580554000093], [34.96893761800004, 31.821541052000043], [34.96805309200005, 31.822266190000164], [34.96733904900003, 31.822924154000077], [34.96728710000008, 31.822972106000122], [34.96714051300012, 31.823109496000143], [34.96699689100012, 31.823249146000137], [34.96685623200017, 31.823390777000043], [34.966718374000095, 31.823534524000138], [34.96658347800013, 31.82368039100004], [34.96645154900017, 31.82382809500018], [34.966322588000025, 31.823977777000152], [34.96619691800015, 31.824129439000046], [34.966074215, 31.824282940000046], [34.96589849200012, 31.82451341500007], [34.96567655500013, 31.82480707400009], [34.96564194500013, 31.82485125400018], [34.96544885100013, 31.825097054000082], [34.96521389400016, 31.825382793000017], [34.9651008030001, 31.825520388000143], [34.96500410100009, 31.825639130000184], [34.964912506000076, 31.82576070200014], [34.96482569400018, 31.82588481900018], [34.96474415199998, 31.82601148200007], [34.96466772200006, 31.82614041100004], [34.96459673300018, 31.826271746000145], [34.96453101900005, 31.826404922000165], [34.96447091300007, 31.826540082000122], [34.964416247000145, 31.8266769440001], [34.96436868200004, 31.826812691000043], [34.96436718600006, 31.826816916000098], [34.964350885000044, 31.826863525000135], [34.96429720500004, 31.827002361000098], [34.96423494900006, 31.82713850400006], [34.964164613000094, 31.827271670000073], [34.964086198000075, 31.827401582000164], [34.96399987100017, 31.82752767100004], [34.963905962000126, 31.82764994300004], [34.96381274900011, 31.827758545000165], [34.96363792800014, 31.827956187000154], [34.963575020000064, 31.828027367000175], [34.96334322100017, 31.828299158], [34.96323260999998, 31.828433091000193], [34.96314485500011, 31.82853705400015], [34.96314237200016, 31.82854000800006], [34.963049331000036, 31.82864522900013], [34.96295894000008, 31.82874735600018], [34.96295629000002, 31.828750311000135], [34.96295364399998, 31.82875312200008], [34.96285880000016, 31.828852704000155], [34.96276445600017, 31.8289518630001], [34.96276164200009, 31.82895495800011], [34.962679226000034, 31.829036385000165], [34.962621637000154, 31.82909348200019], [34.96250032100005, 31.829217107000034], [34.96238675000018, 31.829345963000037], [34.96228125300007, 31.82947962200018], [34.96225457700018, 31.82951747499999], [34.96224877900005, 31.829525636000085], [34.96224181800011, 31.82953576900013], [34.96218399500003, 31.829617950000056], [34.96209547300015, 31.82976023800012], [34.96201585600005, 31.829906492000134], [34.96197402400014, 31.829994903000056], [34.96196871300015, 31.830006164000054], [34.961964230000035, 31.830015739000032], [34.96194514000007, 31.83005600200005], [34.96188382500003, 31.830208490000075], [34.961831745000154, 31.830363534000128], [34.96179623800015, 31.830492822000167], [34.961768552000024, 31.830599159000144], [34.96174670400018, 31.83068352200013], [34.96172720400011, 31.830753235000145], [34.96169370400003, 31.83087266400014], [34.96167139100004, 31.83094575400014], [34.96162509800001, 31.83109700400007], [34.96159112700013, 31.831208259000107], [34.96152978100008, 31.831432472000074], [34.96147750800009, 31.831658253000057], [34.96143447600008, 31.831885461000184], [34.96140084800015, 31.83211381500007], [34.96138984100003, 31.83221694100007], [34.96138865100011, 31.83222849400005], [34.961384416000044, 31.832268927000143], [34.961376460000054, 31.83234303300003], [34.96136304100014, 31.832544089000123], [34.961362695000105, 31.83255000600019], [34.96132971100019, 31.833150091], [34.96131790800018, 31.833364821000032], [34.96129135600012, 31.83378299800006], [34.9612858430001, 31.833868520000067], [34.96126, 31.834025590000067], [34.961234638000064, 31.834126997], [34.96123096500003, 31.83414192700019], [34.961228462000065, 31.83415192500013], [34.96122128800005, 31.834180657000047], [34.96117020000008, 31.834333165000032], [34.96110657800011, 31.834482128], [34.96109247600003, 31.834509436000133], [34.961087831999976, 31.834518306000177], [34.96103556200012, 31.834619096000154], [34.96098067700012, 31.834711849000087], [34.96095414400014, 31.834756888000186], [34.96090541300009, 31.83483246300011], [34.96086712300013, 31.834892135000075], [34.960864635000064, 31.834895794000147], [34.960791559000086, 31.835001756], [34.960789568000166, 31.835004571000184], [34.96071317499997, 31.835115319000067], [34.96060458600016, 31.83528997600007], [34.96050704300018, 31.835469308000143], [34.960455745, 31.835578131000034], [34.96044943600009, 31.835591508000164], [34.96044395700011, 31.835603192000065], [34.960420549000105, 31.83565274800003], [34.960345432000054, 31.835839732000068], [34.96028202900004, 31.836029838000172], [34.96024035100015, 31.836181096000075], [34.960203322000154, 31.83632278100015], [34.960185656000135, 31.836384890000033], [34.96016349100017, 31.83646347399997], [34.96014533600015, 31.836523186000136], [34.96012101800011, 31.836603458000184], [34.9600997120001, 31.83666880100003], [34.960075412000094, 31.836742872000173], [34.960027166000145, 31.836881577000042], [34.960000730000104, 31.836951839000164], [34.959946030000026, 31.837096873000064], [34.95990779400006, 31.837196420000055], [34.959837639, 31.83737946900004], [34.95973502000015, 31.837663770000177], [34.95963833900004, 31.837949490000028], [34.959547430999976, 31.838236491000032], [34.959462461000044, 31.838525053000126], [34.95946162500019, 31.838527871000167], [34.95933269700015, 31.839016442000172], [34.959300173000145, 31.839139534000083], [34.9592986720001, 31.83914516900012], [34.959261513000115, 31.839273185000025], [34.959225022000055, 31.839398807000123], [34.95922435300008, 31.839401202000033], [34.959223523, 31.83940345300016], [34.959181914000055, 31.839528078000058], [34.959139478000054, 31.839654817000167], [34.959085762000086, 31.839800272000048], [34.9590333810001, 31.839941506000173], [34.958983804000184, 31.840083587000095], [34.95893719300011, 31.840226381000036], [34.95889338900008, 31.840369884999973], [34.958852551000064, 31.840513958000088], [34.95881485000007, 31.840658600000154], [34.95877995400019, 31.840803811], [34.95874802700013, 31.84094945099997], [34.958719070000086, 31.8410956620001], [34.95869341300005, 31.84124173700019], [34.958692744000075, 31.841245259000118], [34.95867023300008, 31.84138922700015], [34.95863936700016, 31.84162928100011], [34.95856169600006, 31.842264645000114], [34.9584064930001, 31.8433030060001], [34.95832092400019, 31.84380673800007], [34.95823519100014, 31.84431061300012], [34.95819724699999, 31.844542622000176], [34.95819556600014, 31.84455290600016], [34.95819321200014, 31.84456910600005], [34.958161061000055, 31.84479577000019], [34.95814603300005, 31.8449184750001], [34.95813134100007, 31.845039068000062], [34.95810673600005, 31.84528293900007], [34.958087084000056, 31.84552696100019], [34.95808690500013, 31.845532174000027], [34.958072548000075, 31.84577127600005], [34.95806315100009, 31.84600742700013], [34.95806297799999, 31.846010384000124], [34.958056069000065, 31.84618270599998], [34.95804560300007, 31.846447742000066], [34.95802502200007, 31.846788429000128], [34.95801914500004, 31.846884802000034], [34.957983777000095, 31.847321280000074], [34.957951346000186, 31.847649260000026], [34.95795083500008, 31.84765503800014], [34.95783083600014, 31.848732357000188], [34.957702272000176, 31.849800784000024], [34.95770126000008, 31.849808954000025], [34.95764223000003, 31.850324860000057], [34.95763850700013, 31.850357262000102], [34.95763511100006, 31.85039149800008], [34.95759144700014, 31.85084162700008], [34.9575736650001, 31.85100533300016], [34.957549115, 31.85116831800002], [34.95751796100012, 31.851330588000167], [34.957480208000106, 31.851491717000044], [34.957435857000064, 31.851651282000034], [34.957435521000036, 31.85165311300011], [34.95738506600003, 31.851810272000023], [34.95732784400013, 31.85196713300013], [34.95725385600019, 31.85215665400011], [34.95719984700008, 31.852285620000146], [34.95713630800009, 31.85239737800015], [34.95712984000005, 31.85240878000019], [34.95712818100003, 31.85241187700018], [34.957046146000096, 31.852525287000162], [34.95694827800014, 31.85263359400011], [34.956837560000054, 31.85273257500006], [34.95671531300013, 31.852821104000043], [34.95656946900016, 31.852905218000046], [34.95654013000012, 31.85299894200017], [34.956525165000016, 31.85304674700012], [34.95650878300012, 31.85311651800015], [34.9564767170001, 31.853253086000052], [34.95642850200011, 31.853435331000128], [34.956391913, 31.85359322100004], [34.956347430000164, 31.85379829900012], [34.95630685000003, 31.853965905000166], [34.9562662890001, 31.854126323000116], [34.956251059000124, 31.854200977000062], [34.95623147800018, 31.854297180000117], [34.9561909630001, 31.854440406000037], [34.9561445220001, 31.854637309999987], [34.95611352200018, 31.85480338300016], [34.95605758500005, 31.855031126000085], [34.95600555500005, 31.85521942200006], [34.955968781000024, 31.855382385000098], [34.95593773600018, 31.855564662000177], [34.95590092300006, 31.855742138000096], [34.95585639600006, 31.85596342300005], [34.95584614800009, 31.85602703900014], [34.955833046000066, 31.856108375000133], [34.95583069000003, 31.856189515000096], [34.95582884900017, 31.856252943000186], [34.955841768000084, 31.856417413000145], [34.9558509200001, 31.856570463000025], [34.95587530500012, 31.856707198000038], [34.95590364500015, 31.85684732200008], [34.95596220700003, 31.857044435000148], [34.95602098600017, 31.85722309099998], [34.95602211900018, 31.85723098400001], [34.95608960700008, 31.857423747999974], [34.95616743300013, 31.85758017600017], [34.95621857500009, 31.857713723000074], [34.95628683100006, 31.85786858300014], [34.95638381600014, 31.85802180899998], [34.95651226400014, 31.85826232300019], [34.956609717000106, 31.85842682400005], [34.95663879600011, 31.858478738000088], [34.95664155600019, 31.858483681000052], [34.956690384000126, 31.858571139000162], [34.95677355600009, 31.858668500000135], [34.95679143200016, 31.85868942600007], [34.95680563100018, 31.85871081900018], [34.95692938000019, 31.858897267000145], [34.957033066000065, 31.85898934500011], [34.95704500100004, 31.858999944], [34.95725729500003, 31.859190600000147], [34.95748996200018, 31.85935818900009], [34.95761139900003, 31.85944777100002], [34.95789445200012, 31.859664496000107], [34.95809347200003, 31.859820603000173], [34.95827884300019, 31.859956391000026], [34.958447430000035, 31.860071991000154], [34.95863957800009, 31.86026556500019], [34.95876737500009, 31.860444498000163], [34.958942285000035, 31.860724418000075], [34.95902295800005, 31.860868590999985], [34.95906335000018, 31.860956618000102], [34.95912521200012, 31.86109143400006], [34.95917278700006, 31.86117568600008], [34.95920391699997, 31.861230814000066], [34.95930143700008, 31.861374035000097], [34.95932752599998, 31.86140901900012], [34.95942382900006, 31.861538160000066], [34.95950612100012, 31.861621949000153], [34.95952838200009, 31.86164461400017], [34.95975735100012, 31.861779219000027], [34.95993401600009, 31.861841006000077], [34.96010422400013, 31.861908419000088], [34.960287491000145, 31.8619703600001], [34.960506141999986, 31.86202557000007], [34.96051023399997, 31.862026602000185], [34.96073938700005, 31.862094136000053], [34.96106923500014, 31.862177737000138], [34.96107334000004, 31.862178774000142], [34.961368059000165, 31.862240792000136], [34.96199041300014, 31.862342628000192], [34.96240957700019, 31.862421660000166], [34.962645263000184, 31.862455659000034], [34.96292038000007, 31.86250100800015], [34.962991517000034, 31.862510165000117], [34.96299470500014, 31.862510595000174], [34.96299484000002, 31.862510618000044], [34.96299894600003, 31.862511167000036], [34.96322836800016, 31.862540645000138], [34.963595077000036, 31.86260293900017], [34.96384397300005, 31.862636964000046], [34.96416491400004, 31.86271030000006], [34.96441384100012, 31.862733048000166], [34.96462830900009, 31.86277915000005], [34.96463347700018, 31.86278026100007], [34.96463450600015, 31.862780396000176], [34.96464981600019, 31.862782403999972], [34.96468228600003, 31.86278844600014], [34.96483960000006, 31.862817720000066], [34.96501653600018, 31.86284046999998], [34.96538979300004, 31.86292503800007], [34.96570417800001, 31.862981590000118], [34.96605784600018, 31.863043712000092], [34.966209687, 31.863067115000035], [34.966213234000065, 31.863067663000038], [34.96642473800017, 31.863100363000115], [34.966804643000046, 31.86316817100004], [34.966864366000095, 31.863186605000124], [34.966870304000054, 31.86318844900012], [34.96722084700019, 31.863297097000043], [34.9672230220001, 31.863297771000077], [34.968060050000076, 31.86345762400009], [34.96834982700017, 31.863522079000177], [34.96835080700009, 31.86352229700003], [34.96867651000014, 31.863608456000122], [34.96889810100009, 31.86366935000018], [34.96889958200012, 31.86366975700014], [34.9694257860001, 31.863798992000056], [34.96997215600004, 31.863919950000138], [34.97068369700003, 31.86407950800003], [34.970683871, 31.864079550000042], [34.9708650610001, 31.864125915000045], [34.97086916900008, 31.864126964000036], [34.971104347000164, 31.864195770000038], [34.971104770000125, 31.864195894000034], [34.97138032999999, 31.86426475900015], [34.97170624100005, 31.864338084999986], [34.971886620000134, 31.864372669000034], [34.972187486000166, 31.86442467100005], [34.97269658000005, 31.864534133000063], [34.973669007000126, 31.864762686000063], [34.97404887, 31.864844491000156], [34.97404987900018, 31.864844708000078], [34.97433282500015, 31.864921456000047], [34.97433549300018, 31.86492218000012], [34.97458022300003, 31.864978076000114], [34.974581205000106, 31.864978300000132], [34.97518263900014, 31.865137665000077], [34.97545319700009, 31.865228073000083], [34.97593430900014, 31.865370161000158], [34.976244959999974, 31.865473321000138], [34.976490455000146, 31.865550856000084], [34.97677600800006, 31.86565396800006], [34.97680909700006, 31.86566575600017], [34.977041601999986, 31.865748590000123], [34.977190642000096, 31.865797542000053], [34.977212026000075, 31.865804566000122], [34.97743757600006, 31.86586909700003], [34.97773368400004, 31.865978145000156], [34.97817867000009, 31.86609663300004], [34.97818183800018, 31.866097477000096], [34.97886815900006, 31.866256843000144], [34.979415207000045, 31.866381142000193], [34.97968651399998, 31.866439553000134], [34.979823480000164, 31.866471651000154], [34.97982708800009, 31.866472483000052], [34.97983024700005, 31.866473212000187], [34.980821031000175, 31.866705551000166], [34.98106129500013, 31.86676446600012], [34.98131442800002, 31.866828055000155], [34.98155634799997, 31.866884295000034], [34.9818296250001, 31.866948060000027], [34.98211709900011, 31.86701410400019], [34.98238741500012, 31.867072931000166], [34.982694880000054, 31.86713421999997], [34.982987874000116, 31.86721070200008], [34.98299058100008, 31.86721140900005], [34.98306930400014, 31.86722747400006], [34.983298195000145, 31.867278614000043], [34.98348270200006, 31.867318260000104], [34.98376999200019, 31.867391629000053], [34.98409458700013, 31.86746999400009], [34.984504349000076, 31.86756302600014], [34.98473984800012, 31.867614036000077], [34.98474147600007, 31.86761438900004], [34.98489993100014, 31.867648703000043], [34.985278492000134, 31.86773928300005], [34.98534236800009, 31.86775447900004], [34.98535308300018, 31.867757028000028], [34.98560870600011, 31.867817654000078], [34.985906974000045, 31.867883576000168], [34.985907575000056, 31.867883709000125], [34.98618888500005, 31.867958619000092], [34.98619205800003, 31.86795946400008], [34.98620463500009, 31.867962395000063], [34.986433985000076, 31.868015836000097], [34.98658201500007, 31.868052860000148], [34.98659059000016, 31.868055005000087], [34.986851669000146, 31.868111974000044], [34.987167552000074, 31.868178197000134], [34.98755470200018, 31.86826878500017], [34.98788515100006, 31.868351306000136], [34.98788771300008, 31.86835194600019], [34.988204598000095, 31.868441084000096], [34.98820832500013, 31.86844213200004], [34.98850317700004, 31.86846435100017], [34.98873592700011, 31.86849421000005], [34.98916475100003, 31.868560348000017], [34.98937933700006, 31.868590314000016], [34.98969772000004, 31.86864667300017], [34.98995405900018, 31.86868587300006], [34.99015793100017, 31.868708069000093], [34.99036343500012, 31.868737877000058], [34.99056711300011, 31.86877233399997], [34.990845439000054, 31.868800861000125], [34.991060023000045, 31.86883223500007], [34.9912544550001, 31.868865546000052], [34.991481894, 31.868907791000083], [34.991723713000056, 31.868942312], [34.99195662600005, 31.868973858000174], [34.99219497800004, 31.869008369000085], [34.99240229600014, 31.869041279000157], [34.99259509500018, 31.86906796300019], [34.992748114000165, 31.86908795500011], [34.99275076400005, 31.869088297000133], [34.99281331700013, 31.869096381000077], [34.99308947200018, 31.869136313000183], [34.99330405000018, 31.869170782000083], [34.993600659000094, 31.86921948300011], [34.99380435300009, 31.869247735000158], [34.99397354700005, 31.869271276000063], [34.99421537200004, 31.86930593300019], [34.99449498000013, 31.86935150300002], [34.99476239, 31.86938916100013], [34.995049761000075, 31.86943474300017], [34.99534985600013, 31.869477107000137], [34.995611807000046, 31.869519403000083], [34.99591189400007, 31.869565006000016], [34.99641305000017, 31.869632650000142], [34.996677305000105, 31.8696784710001], [34.996865630000116, 31.869712751000066], [34.99707196300005, 31.86974297200004], [34.99723736300007, 31.86976594000015], [34.99746153500013, 31.869794360000185], [34.99775241700007, 31.86982261000003], [34.99798892500007, 31.869871341000078], [34.99826772000017, 31.869915072000026], [34.99849334700008, 31.8699567380001], [34.99869621100015, 31.86998793900011], [34.99888274900013, 31.870010655000044], [34.99991982300014, 31.87023449000003], [34.999924990000125, 31.870235605000175], [34.99996361000012, 31.87024398200009], [35.00012871900003, 31.870250318000046], [35.000151508000044, 31.87024950800003], [35.00016191200001, 31.87024910300005], [35.00018090100008, 31.870248431000164], [35.0002938560001, 31.87024439200013], [35.00045786599998, 31.870226205000108], [35.00048446200009, 31.870221740000034], [35.00049024200018, 31.870220764000123], [35.00050824200008, 31.870217680000053], [35.0006328020001, 31.87019634100011], [35.00084555400008, 31.870164286000033], [35.00105961200006, 31.870138571000155], [35.001274648000106, 31.870119200000033], [35.00149016600017, 31.870106171000145], [35.00156331600016, 31.8701058690001], [35.00167295799997, 31.87010534700005], [35.001795813000115, 31.870104846000118], [35.00190509800018, 31.870115593000037], [35.0019234240001, 31.870117317000165], [35.001931844000126, 31.870118175000073], [35.00195528600011, 31.87012046700005], [35.002112589000035, 31.87014778300005], [35.00226639400006, 31.870186647000025], [35.00231424900005, 31.870201240000085], [35.00231639300006, 31.87020194900009], [35.002454340000156, 31.87024402800006], [35.00266352900013, 31.87029894000017], [35.00266772100014, 31.870300038000096], [35.00288409300009, 31.87034633100012], [35.003101808999986, 31.870382904000053], [35.003138290000095, 31.87038846100006], [35.00333703000018, 31.870418660000155], [35.00347683800004, 31.87044214100007], [35.003571418000035, 31.870458078000013], [35.003804974, 31.870500876], [35.00382065300016, 31.870504], [35.003944577000084, 31.870528359000048], [35.004042485000014, 31.870547604000137], [35.004043309999986, 31.870547766000186], [35.00405156200014, 31.87054933000013], [35.004154222000125, 31.87056950900012], [35.004322428000194, 31.870595147000074], [35.00449196900007, 31.870613318999972], [35.00459317800005, 31.87061954400008], [35.00460034500003, 31.870619963000024], [35.00460228700018, 31.870620077000183], [35.004605562000165, 31.870620269000028], [35.00461579700004, 31.87062099000019], [35.00466252100017, 31.870623885000157], [35.00483325300007, 31.870626700000116], [35.00500400100003, 31.870622045000175], [35.00517427500006, 31.870609641000044], [35.005323092000026, 31.870591283000124], [35.00538833400009, 31.87058321700016], [35.00605203500004, 31.87047973400007], [35.00671492000009, 31.870372445000157], [35.00673672300019, 31.87036895900019], [35.0073860010001, 31.870263567], [35.00874733300009, 31.870042594000097], [35.01014425900007, 31.86982358100005], [35.010782185000096, 31.869723566000175], [35.010802805000026, 31.869720550000125], [35.010965200000044, 31.869696799], [35.01114870500004, 31.869672712000067], [35.01133269800005, 31.86965144300018], [35.01151718300014, 31.869632851000063], [35.011701823000124, 31.869616938000092], [35.01188695299999, 31.869603984000037], [35.01207224500007, 31.869593566000106], [35.01225769200005, 31.86958610700009], [35.012443303000055, 31.869581185000015], [35.012601756000095, 31.86957992600003], [35.01262114300016, 31.86957977200018], [35.01262890300012, 31.869579784], [35.01268389000012, 31.869579307000038], [35.01270436500016, 31.869579340000143], [35.013498272, 31.86958128600014], [35.01411186600018, 31.869582806000096], [35.01429217900005, 31.869583229000057], [35.01608921500008, 31.86958263000008], [35.017863483000156, 31.869572387], [35.01788610500006, 31.869572280000114], [35.01816434700015, 31.869567914000072], [35.018318742000076, 31.86956547400007], [35.01849824200019, 31.86955982800015], [35.01875122700005, 31.869552039000098], [35.01918323100011, 31.869531419000168], [35.019302626000126, 31.86952568000015], [35.01930840400007, 31.869525407000026], [35.019788304000144, 31.869501333000187], [35.01987764500018, 31.869496819000176], [35.019965824999986, 31.869493711000075], [35.02044736000016, 31.869476824], [35.02069621000015, 31.869471702000112], [35.02101738600004, 31.869465139000056], [35.021034726000096, 31.869465165], [35.02186447100007, 31.86946373300009], [35.02253255, 31.86946726600013], [35.023027591000016, 31.869465749000085], [35.02310140200018, 31.869465577000085], [35.02320064000003, 31.86946544300008], [35.023464703000116, 31.869464108000045], [35.02496879400013, 31.869456502000105], [35.02673676900014, 31.86945416000009], [35.026757068000165, 31.86945855700003], [35.0268742560001, 31.86948352900015], [35.026889604000075, 31.869488341000192], [35.02689372800006, 31.869489615000077], [35.02699776200018, 31.869569523000166], [35.02700782000011, 31.869577289000063], [35.027016034999974, 31.869596605000083], [35.02705087900006, 31.8696783850001], [35.02706172500007, 31.869704048000187], [35.02706018100008, 31.869733496000094], [35.02705794200017, 31.86977886800014], [35.02705468100015, 31.869841709000127], [35.027035252000076, 31.869979494000063], [35.02700740299997, 31.87011628000016], [35.02698594000009, 31.870196147000115], [35.02698327900015, 31.870206428000188], [35.02698094900012, 31.87021487900006], [35.02697113400012, 31.870251501999974], [35.026926779000064, 31.87038502400003], [35.02687417300018, 31.870516278000025], [35.02681364500012, 31.870645125000124], [35.02674519500016, 31.87077100000016], [35.02665706800002, 31.87091192500003], [35.026586143000145, 31.871036953000043], [35.026579004000155, 31.871055964000107], [35.02657171300018, 31.871069482000166], [35.026561074000085, 31.871103567000034], [35.026536339000074, 31.871169339000176], [35.02652800100009, 31.87121005000006], [35.02651682900006, 31.87126527100014], [35.02650848900009, 31.871306264000054], [35.026505873000076, 31.871376434000183], [35.02650395800015, 31.871424764000096], [35.026503256000126, 31.871445195999968], [35.026520815000026, 31.87158331700016], [35.02655657000008, 31.87170469400013], [35.02655935500002, 31.871714423000128], [35.027096843000095, 31.874360417000048], [35.02713851800007, 31.87457720100008], [35.027162053000154, 31.87469954600016], [35.02718784100017, 31.874849939000057], [35.02722048900006, 31.875039513000104], [35.02726074600008, 31.87530617700014], [35.02727182600012, 31.875380315000086], [35.02731622600004, 31.875721810000186], [35.027353690000155, 31.876064001000145], [35.02738405300005, 31.876406603000078], [35.02740747800016, 31.876749619], [35.02742144500013, 31.877032449000183], [35.0274219260001, 31.877039919000083], [35.02746313600011, 31.878318901], [35.0274651580001, 31.878464887], [35.027481558000034, 31.87959841200012], [35.02748169300014, 31.879613491000043], [35.02748284400013, 31.879697899000064], [35.027476009000054, 31.87989657600008], [35.02746124600014, 31.880094958000143], [35.027438226000186, 31.880292908], [35.027407281000194, 31.88049000000018], [35.02738976699999, 31.880578185000104], [35.02738776400008, 31.880587904000095], [35.02738342700019, 31.880609459000027], [35.02736824700003, 31.880685952000192], [35.027321123000036, 31.880880764000153], [35.02728536800015, 31.881006267000146], [35.027278881000086, 31.881028802000174], [35.02727688600015, 31.8810358450001], [35.027267904000155, 31.881067537999968], [35.0272126050001, 31.881220206000023], [35.02714493100018, 31.88136919200008], [35.02713001400008, 31.881396227000096], [35.02712487600019, 31.881405378000068], [35.02711244500017, 31.881427907000045], [35.02706520600009, 31.881513793000067], [35.02697890400003, 31.881645984000045], [35.02697724600006, 31.88164837800008], [35.02689030700009, 31.881767323000076], [35.026797757000054, 31.88188414500013], [35.026700755000036, 31.881998142000043], [35.02659896800003, 31.88210903300012], [35.026474197000084, 31.882235108000145], [35.025992832000156, 31.88270970200017], [35.02552152500016, 31.88319121300009], [35.02551573300019, 31.883197406000193], [35.02506010700017, 31.883679642000118], [35.02491809600002, 31.88383542400004], [35.02491064700007, 31.88384330300005], [35.02488151900013, 31.883874262000063], [35.024784796, 31.883989701000075], [35.02477987300006, 31.883995577000064], [35.02477531000011, 31.88400167000009], [35.024685649000105, 31.884121416000085], [35.02459934200016, 31.88425120900007], [35.02452112300017, 31.884384678000174], [35.02445169600003, 31.884520800000075], [35.02445131700006, 31.884521543000062], [35.024450983, 31.884522303000097], [35.02438992800006, 31.88466123800015], [35.024375482000096, 31.884699967000074], [35.024372325000115, 31.884708698000168], [35.02436833900015, 31.884719402000144], [35.02433824500014, 31.884800592000147], [35.024337122000134, 31.88480362200005], [35.02433619000004, 31.884806687000037], [35.02429322800003, 31.884947992000093], [35.024259876000144, 31.885086757000067], [35.02425808500004, 31.885094208000112], [35.024256727000136, 31.885101914000188], [35.02424271400014, 31.885181408], [35.02424070800015, 31.88519267900017], [35.02423686599997, 31.885215502000165], [35.024233508000066, 31.885241987000143], [35.024223778000135, 31.88531665700009], [35.02421806100011, 31.885367096000095], [35.024217386000146, 31.88537287100013], [35.024215033000075, 31.885393723000107], [35.024214516000086, 31.88541876900001], [35.02421411500018, 31.885438180000108], [35.024212284999976, 31.885526882000192], [35.02422666500013, 31.8856847240001], [35.02422943099998, 31.88570487900006], [35.02424766700011, 31.885832854000114], [35.02426569800008, 31.885981121000043], [35.02428075500018, 31.886129665000055], [35.02429267600019, 31.886278345000107], [35.02430063300005, 31.886427159000164], [35.02430556800016, 31.88651805500001], [35.02432026100007, 31.886683226000116], [35.024351475000174, 31.88684602700016], [35.024375221000184, 31.886925497000163], [35.02439953900006, 31.88700687800008], [35.024427918000185, 31.887077044000193], [35.02445508300019, 31.887144209000155], [35.02448238000005, 31.887202729000023], [35.02452348800006, 31.88729100000012], [35.02459454400008, 31.887435541000116], [35.024638303000074, 31.88752043300019], [35.02466857100012, 31.887579095999968], [35.024687660000154, 31.887614494000047], [35.02474541200013, 31.887721532000057], [35.02482045400012, 31.887854382], [35.02482522600019, 31.887862702000177], [35.024830822000126, 31.88787215100018], [35.02490785200007, 31.888002750000055], [35.024973534000026, 31.88810923600016], [35.02499345100017, 31.888141535000045], [35.025081863000025, 31.88827905400018], [35.02517390900016, 31.888414747000127], [35.02523566200006, 31.888505725000186], [35.025237965000144, 31.88850911000003], [35.0256969670001, 31.889149668000073], [35.02570075600016, 31.889154886000142], [35.026534244000175, 31.890257899], [35.026537537000024, 31.89026213000011], [35.02663472800015, 31.890388813000186], [35.02671346000011, 31.890495597000154], [35.02672927300006, 31.890516899000147], [35.02682117400013, 31.890646390000086], [35.02693776500007, 31.890817769000193], [35.02694056200005, 31.890821719000144], [35.026989968000066, 31.890894219000074], [35.02710396300017, 31.891041918000155], [35.02722970000019, 31.89118245000003], [35.02737174900011, 31.891343015000132], [35.02737834200002, 31.891350493000175], [35.02738689300014, 31.891369387000168], [35.027411746000155, 31.891412121000144], [35.02742734500009, 31.891457517000163], [35.027436225000145, 31.891476976000092], [35.02743802100008, 31.891488534000132], [35.02744600500006, 31.89154166900005], [35.027456439, 31.891611575000127], [35.02745240300004, 31.89164750300006], [35.02744668700012, 31.89169808200006], [35.02744079800004, 31.891751056000032], [35.02741384200016, 31.891852334000077], [35.027407350000146, 31.891876137000168], [35.02740485600009, 31.89188557500006], [35.027400375000184, 31.89189656200017], [35.027345933000106, 31.89203048900015], [35.026848810000104, 31.892929629000093], [35.026734598000075, 31.893136323000135], [35.02673028800007, 31.893144067000094], [35.02659950800006, 31.89337539500002], [35.02659586100003, 31.893381447000024], [35.02645946700011, 31.893612346], [35.02633170900003, 31.893819018000045], [35.02629773800015, 31.893875334000086], [35.026201265000054, 31.894046963], [35.02611535600016, 31.894222836999973], [35.026040339000076, 31.89440210900011], [35.025976384000046, 31.894584638000026], [35.02592381900001, 31.894769578000023], [35.02588264400009, 31.89495679100014], [35.0258744460001, 31.89500877500018], [35.02587277400016, 31.89501962200012], [35.0258540370001, 31.89513782100005], [35.02585336700008, 31.895142470000167], [35.025821852000036, 31.895371969000053], [35.02579274300001, 31.895556097000167], [35.02578571600009, 31.895601038000052], [35.02577001100008, 31.89568908600006], [35.025744788000054, 31.895829537000054], [35.02569923700008, 31.896057326000175], [35.025600596, 31.89648541400004], [35.025600096000176, 31.89648752800008], [35.02553963000014, 31.896739247000028], [35.02553913100019, 31.89674122000008], [35.02548428300008, 31.896991821000142], [35.02543422300005, 31.89724511000003], [35.02538927600011, 31.897499248000088], [35.02535731400013, 31.89770408700008], [35.02534961700013, 31.897753959000113], [35.0252923860001, 31.898203666000143], [35.02529188100016, 31.898207752000133], [35.02518972100006, 31.89914720200005], [35.025087561000134, 31.90008665400012], [35.02505529700011, 31.900358286000028], [35.02501741800012, 31.900629343], [35.02501507700015, 31.900644136999972], [35.02497409100016, 31.900899691000177], [35.02492514800008, 31.90116946400019], [35.024923145, 31.90117918300001], [35.024868938000054, 31.90143810100011], [35.02483308000012, 31.901609116000145], [35.024831910000046, 31.90161475000008], [35.024808900000096, 31.901720965000095], [35.024800232000075, 31.901760830000114], [35.024793221000095, 31.901796609000144], [35.02477168900009, 31.901907476000133], [35.02475597900002, 31.90199721500005], [35.02474595300009, 31.902054551000163], [35.024723353000184, 31.90220191200018], [35.02470389299998, 31.902349557000036], [35.02468724300002, 31.902497490000144], [35.024679807000155, 31.902578788000085], [35.02467372700016, 31.90264556800014], [35.024672029000044, 31.90266867700018], [35.02466318600011, 31.902793934000158], [35.02465351300009, 31.903002610000158], [35.02463857800018, 31.903361914000072], [35.02462816500014, 31.903609763000077], [35.02462765700011, 31.90361624500008], [35.02454943499998, 31.904718765000155], [35.024549096000044, 31.904722429000117], [35.02454774100005, 31.904739617000075], [35.02440596500003, 31.906472623000127], [35.024388577000025, 31.90673765300005], [35.0242931090001, 31.908195386000102], [35.02429123400003, 31.908224411000106], [35.024289351000164, 31.908257383000034], [35.024215625000124, 31.90950082100005], [35.02413642300013, 31.91075678900006], [35.02413522600011, 31.910776938000026], [35.02410194600003, 31.911219777000156], [35.02409057000017, 31.911371521000092], [35.02405512700017, 31.911740799000086], [35.024033692000046, 31.91196523900004], [35.02402242400018, 31.912062029000026], [35.02396475100011, 31.912557953000032], [35.023883591000185, 31.913149661000148], [35.02375275600008, 31.91395886400005], [35.02372453100014, 31.914109598000096], [35.023693329000025, 31.914260326000147], [35.02365882700002, 31.91441062900003], [35.02362151500017, 31.914560361000156], [35.02358090300015, 31.91470952900005], [35.02353731500011, 31.914858126000183], [35.023490758000094, 31.915006014000028], [35.02344122500017, 31.915153191000172], [35.02338855700003, 31.91529952200011], [35.02333308100009, 31.91544514100019], [35.02327446900006, 31.915589911000097], [35.023212883999975, 31.91573369100007], [35.02314849200019, 31.915876621000166], [35.02308112900005, 31.916018558000133], [35.02301079300008, 31.916159508000078], [35.02288741600006, 31.916386332000172], [35.022856405000084, 31.916443214000083], [35.02281130000017, 31.91652614500009], [35.02268913100011, 31.916726761000177], [35.02255887400008, 31.916923561000146], [35.022420697000086, 31.91711640300008], [35.02227459600016, 31.917305150000175], [35.022205367000026, 31.91738804099998], [35.02219775000003, 31.917397191000077], [35.022188973000084, 31.917407745000048], [35.02212090300014, 31.917489232000094], [35.02195978600008, 31.91766865200003], [35.02179140900006, 31.917843272000084], [35.02161610400003, 31.918012666000095], [35.021466144000044, 31.91814799800011], [35.02146167600006, 31.918151937000175], [35.02145886400018, 31.918154470000104], [35.02144728000013, 31.91816304800011], [35.021315407000145, 31.91826036100008], [35.02116556800007, 31.918336791000172], [35.02115696800007, 31.91834114800008], [35.02114853700016, 31.918344093000087], [35.021100591000106, 31.91836093000012], [35.021005031000186, 31.91839446500012], [35.020984703000124, 31.918398521000142], [35.02096783800005, 31.918403991000048], [35.020834628000046, 31.918428874000085], [35.020642098999986, 31.91845733000008], [35.02045071400005, 31.918491563000032], [35.020260971000084, 31.918531437000127], [35.02007286600008, 31.918576950000045], [35.01988706400016, 31.918627821000086], [35.019706042999985, 31.91868348600019], [35.01932911500006, 31.918802409000136], [35.0191297450001, 31.918861853000067], [35.01894988400005, 31.91891555000018], [35.018602405000024, 31.91901351600012], [35.0185683520001, 31.919023189000143], [35.01851429699997, 31.919037620000154], [35.01818468199997, 31.91912504600009], [35.01803707200003, 31.919161879000058], [35.01779904100016, 31.919221262000065], [35.017787473000055, 31.919223923], [35.017410773000165, 31.919310430000166], [35.01724052000003, 31.919349484], [35.01723390900008, 31.919351023000047], [35.01624383700005, 31.91956481400007], [35.01525261400002, 31.919775073000153], [35.01509327500008, 31.91980977100019], [35.014498561000096, 31.919939332000183], [35.014486331000114, 31.919941988], [35.01447872700004, 31.919943810000177], [35.013799694000056, 31.92010226400015], [35.01374762500012, 31.920114442000056], [35.013656215000026, 31.920135717000164], [35.01347175500001, 31.920174322000037], [35.01328581800004, 31.92020742600016], [35.0130987390001, 31.920234892999986], [35.01291067900013, 31.920256863000077], [35.012825080000084, 31.920264197000108], [35.012816157000145, 31.920265029000177], [35.012785259000054, 31.920267656000135], [35.01272147500015, 31.920271783000032], [35.01254401400013, 31.92028334100013], [35.012459735000164, 31.920288905000064], [35.01236472800019, 31.920295178000117], [35.01227036, 31.920305618999976], [35.01218641999998, 31.920314907000034], [35.01208717500003, 31.920330488], [35.01200958400011, 31.920342669000036], [35.01198592200012, 31.920347446000164], [35.011962477000054, 31.920352179000133], [35.01195123600007, 31.92035455500013], [35.01193801500017, 31.920357212000113], [35.011834546000046, 31.92037818600005], [35.01172639300006, 31.92040532900006], [35.01166213300007, 31.9204214560001], [35.01159879000005, 31.92044051000005], [35.011492513000064, 31.920472480000058], [35.01136536900003, 31.92051638500004], [35.01131460900007, 31.92053405900009], [35.01115855300014, 31.920577776000073], [35.01112285100004, 31.920584343000144], [35.01107756700003, 31.920592726000052], [35.01099790000006, 31.920607397000083], [35.010838602000035, 31.920622364000167], [35.01080471400007, 31.92063104600004], [35.00943365800015, 31.920982413000047], [35.00933199100018, 31.921008461000042], [35.00922918000009, 31.92103154600011], [35.00913248000012, 31.921053375000042], [35.00912636500004, 31.92105477300015], [35.009119918000124, 31.921056032000024], [35.00902289600009, 31.921074758000145], [35.008919098000035, 31.921094742000037], [35.008814808000125, 31.921111768000173], [35.008718289, 31.921127394000052], [35.008710356000165, 31.92112865100006], [35.00867647700011, 31.921133106000184], [35.00853121000006, 31.921152319000043], [35.008499326000106, 31.921156490000158], [35.0084705590001, 31.921160254000085], [35.00842694500005, 31.921167180000168], [35.00828958600016, 31.921188991000065], [35.0081866270001, 31.921210160000157], [35.0081107420001, 31.92122576300011], [35.008035637000035, 31.92124483599997], [35.00793485300005, 31.921270431000096], [35.00782074200009, 31.92130495100008], [35.00776109600014, 31.92132299500014], [35.00770250500017, 31.921343739000122], [35.00759112200012, 31.92138317300015], [35.00746947600015, 31.921432844000094], [35.00742509600002, 31.921450965000076], [35.00741136900007, 31.921457342000167], [35.00738126600015, 31.921471327000177], [35.007371344000035, 31.921475960000123], [35.007355138000094, 31.92148340300008], [35.00726351300011, 31.921525951999968], [35.00713272799999, 31.921594376000144], [35.007106707000105, 31.92160799000004], [35.007083428000044, 31.921621615000163], [35.00696625600011, 31.92169019800008], [35.00683141500002, 31.921776358000102], [35.00670003400012, 31.921866470999987], [35.006572608000056, 31.921960392000074], [35.0064489720001, 31.92205812700007], [35.006330618000106, 31.922158687000035], [35.00621291200014, 31.92226558699997], [35.004584506000185, 31.92360188100008], [35.004059461, 31.924032773000192], [35.00405068900017, 31.924039805000064], [35.00387424400003, 31.92418226], [35.00371667600018, 31.924304875000132], [35.00368589300018, 31.924328779000177], [35.00365312300016, 31.924353525000072], [35.00349473699998, 31.924472618000095], [35.003330403000064, 31.924591700000178], [35.00330044999998, 31.924613491000116], [35.00310352500014, 31.92475140300013], [35.00290363100015, 31.92488649100011], [35.00270110000014, 31.925018472000147], [35.00249494600013, 31.925146361000145], [35.00237813400008, 31.925218879000113], [35.00229392600005, 31.92526693100018], [35.00220790000003, 31.92531596700013], [35.0020391700001, 31.925404885000034], [35.00203354399997, 31.9254078350001], [35.001855735000106, 31.92549448400007], [35.00171333000014, 31.925558503000104], [35.00168504800013, 31.92557113800018], [35.001443245000075, 31.925680084000135], [35.001206217000174, 31.925796084000183], [35.000974126000074, 31.925918996], [35.00074697800011, 31.926048821], [35.00052543099997, 31.92618541900015], [35.00030965000019, 31.92632836600012], [35.000087887, 31.926486521000186], [34.99996757000014, 31.92657255800009], [34.99984906800006, 31.926660430000084], [34.99973237800003, 31.926749995000137], [34.99962495300008, 31.926835348000168], [34.99961733900017, 31.926841114000126], [34.999504441000056, 31.92693434800003], [34.99939335600004, 31.927028996000047], [34.99928425000007, 31.927125338000167], [34.99917712500019, 31.92722323200013], [34.99907197699997, 31.927322679999975], [34.99896897300016, 31.927423821000104], [34.99886794900016, 31.92752637700005], [34.998716718000026, 31.927690426000026], [34.99859383000012, 31.92781633400017], [34.998431807000145, 31.927930483000125], [34.99829422100015, 31.92805256300005], [34.99818708400005, 31.928153838000185], [34.99801888999997, 31.928294043000164], [34.99791488699998, 31.928397861000064], [34.997749570999986, 31.928577104000055], [34.99759963200012, 31.92875369400008], [34.99746808400005, 31.928906923000056], [34.997319725000125, 31.929041525000173], [34.997178905000055, 31.929202489000033], [34.997077876000105, 31.92930631100006], [34.99696773200009, 31.929420684000036], [34.99685757399999, 31.92954013200017], [34.99675087300017, 31.929666631000032], [34.9967107760001, 31.929714050000143], [34.99657291100016, 31.92988291000006], [34.996459671000025, 31.930049273000066], [34.99637523000007, 31.930193988000042], [34.99636129500004, 31.930217778999975], [34.99625393900004, 31.93041008199998], [34.99619565300003, 31.930534829000123], [34.99613735200012, 31.930664790000094], [34.996066838000104, 31.93078951700005], [34.99598716700018, 31.930942836000042], [34.99591972900015, 31.931093634999968], [34.9958582700001, 31.931231343000036], [34.9958120710001, 31.931415999000023], [34.99571926800013, 31.93160282900004], [34.99561803100005, 31.931862638000098], [34.99550133000008, 31.932164273000126], [34.995446001000175, 31.93229423800011], [34.995369358000175, 31.93249434100005], [34.995295482000074, 31.932712205000144], [34.99524939100007, 31.93284993800006], [34.995184829000095, 31.933041184000103], [34.99516952100004, 31.93308653300005], [34.995086597000125, 31.933286626000154], [34.995025098999974, 31.933439973000134], [34.994969814000115, 31.93362207500013], [34.99491142900018, 31.933785714000066], [34.994851323000034, 31.933980070000132], [34.99479391000017, 31.934221915000023], [34.99475080900004, 31.93442151300019], [34.99472536300004, 31.934632274000137], [34.99468953000002, 31.934762272000057], [34.9946322400001, 31.934952687000077], [34.994557163000025, 31.935188441000037], [34.99452141600017, 31.935351838000145], [34.994488952000154, 31.935524117000114], [34.99446380500012, 31.935678372000154], [34.994431384000166, 31.93583247200013], [34.99440039100017, 31.935929045000194], [34.994370458000105, 31.936022318000028], [34.99435458600004, 31.936096772000155], [34.994338209000034, 31.93617359900003], [34.99431281000011, 31.936364068000046], [34.99428034700003, 31.936605957000097], [34.99426573600016, 31.93677530600013], [34.99422641899997, 31.936911359000135], [34.99421313100015, 31.936973982000097], [34.99419049100004, 31.937080674000185], [34.99418581500004, 31.937166397000112], [34.99418306600006, 31.93721678100019], [34.994171714000174, 31.937255512000092], [34.99413625500017, 31.93737649500008], [34.99413061000013, 31.937486612000043], [34.99412880800003, 31.937521760000095], [34.99408230500018, 31.937691055000187], [34.99403915200003, 31.937911647000135], [34.99400327300003, 31.93805982400005], [34.99398669700008, 31.938221702000078], [34.99397790100005, 31.938307785], [34.993931282000176, 31.938525552000044], [34.99387394100012, 31.938735695000105], [34.993855606000125, 31.938803019000147], [34.993819887000086, 31.938954153000054], [34.99377682200003, 31.939135574000034], [34.99371951900014, 31.939329086000043], [34.99364808600018, 31.93955878900016], [34.993601479000176, 31.939700890000097], [34.993544148000126, 31.93997598800013], [34.993523259000085, 31.940051769000092], [34.99350831300006, 31.94010598900013], [34.99349929200014, 31.940162718000124], [34.99348667400017, 31.940242072000103], [34.99345047600019, 31.9404554890001], [34.99342517000002, 31.940673292999975], [34.99339271400004, 31.940842614000076], [34.99333896400003, 31.94106938599998], [34.99332040000007, 31.941146028000105], [34.993306757000084, 31.941202351000072], [34.993298988000106, 31.941262420000157], [34.99328840900017, 31.941344217999983], [34.99326676700019, 31.941480301000183], [34.99324165800016, 31.94161637700006], [34.99320213000004, 31.94184007700011], [34.993151835000106, 31.942072915000153], [34.993115724, 31.94231789700018], [34.99308679100005, 31.942532594000113], [34.99304012199997, 31.94277135800013], [34.99300736400011, 31.94292630500007], [34.992983078000066, 31.94306308700004], [34.99294516600014, 31.943230988000153], [34.99288671900018, 31.94341717000009], [34.99285542400014, 31.943582969000033], [34.99282427800006, 31.943754685000044], [34.99276583200003, 31.943940868000084], [34.9927347200001, 31.94409793000011], [34.99268300700004, 31.944301457000165], [34.992624271000125, 31.944539494000082], [34.99255528700013, 31.944777939000176], [34.99251387000015, 31.94496119300004], [34.99245875300011, 31.945205578000127], [34.992417387000046, 31.94536557900011], [34.99238616000008, 31.945502351000073], [34.992320914000175, 31.945697116000076], [34.99225118600009, 31.94590019000003], [34.99219629900006, 31.946048474], [34.99213083900014, 31.946263673000146], [34.99207924800004, 31.946414920000166], [34.99198990700006, 31.946665024000083], [34.991914193000184, 31.94688316300011], [34.991835144000106, 31.94711299400018], [34.99175197500006, 31.947339433000025], [34.99167971800006, 31.94756349700009], [34.99160423000018, 31.947755427000118], [34.99154566700008, 31.94791822000019], [34.99146326100015, 31.9481014000001], [34.99140842300005, 31.948226435000038], [34.991349883, 31.948380630000088], [34.991260538000176, 31.948630733000073], [34.99118427899998, 31.948799130000054], [34.99111543400005, 31.948976557000094], [34.99105357400009, 31.9491363840001], [34.99095743200013, 31.949325459000192], [34.99086138000018, 31.949546380000072], [34.99076176500006, 31.949735449000173], [34.990696634000074, 31.94988075700013], [34.990624565000076, 31.950023232000092], [34.99056607099999, 31.950156996000146], [34.99050408000011, 31.950302166000085], [34.99041476700012, 31.950467862000096], [34.99031187400004, 31.950645232000056], [34.990212474000145, 31.950813869000058], [34.99010607800005, 31.951005744000042], [34.990006628000174, 31.951194672000042], [34.98991051500013, 31.951369232000104], [34.98980676300005, 31.95156012600006], [34.98973465100016, 31.951720075000082], [34.98963866200012, 31.951912250000078], [34.989583770000024, 31.9520587020001], [34.98947507000008, 31.95224451200005], [34.989383917000055, 31.952418801000135], [34.98928701300002, 31.952578140000128], [34.98920175000018, 31.95270763000019], [34.989060801000164, 31.952901698000062], [34.98891409000004, 31.953085892000047], [34.98879569600018, 31.95324730700014], [34.988693066, 31.953381697000054], [34.98857265200019, 31.953558469000143], [34.98848448100006, 31.953727831000094], [34.98838766100005, 31.953852225000105], [34.98827904500013, 31.954001539000046], [34.98820850800007, 31.954123583000182], [34.98812043800007, 31.95425053000008], [34.98800995199997, 31.95442041600012], [34.9878752730001, 31.954616889000135], [34.98770977300012, 31.95484543500004], [34.98762222300013, 31.95496167300007], [34.98747791900013, 31.955174334000162], [34.9873210450001, 31.9553883800001], [34.98724808500009, 31.955487030000086], [34.98722636000019, 31.955516581000154], [34.987140834, 31.955616618000136], [34.987090278000096, 31.955677544000025], [34.98694525000019, 31.955845394000107], [34.98691456500006, 31.95588972600018], [34.98680559200017, 31.956047915000056], [34.98671589800006, 31.95616217600019], [34.986599350000176, 31.956308374], [34.9864953980001, 31.956440646000146], [34.98637948700019, 31.956597132000127], [34.98626843100004, 31.95672741800007], [34.98614081800008, 31.956869651000034], [34.986034606000146, 31.956979937000085], [34.98593758800013, 31.9571141940001], [34.985893504000046, 31.957162870000047], [34.985823401000175, 31.957240245000094], [34.98571944700012, 31.95737251500003], [34.98561779900001, 31.957506905000173], [34.98549728800009, 31.957651123000176], [34.98539316800003, 31.957783534000043], [34.98525852500018, 31.95795985400008], [34.985127558000045, 31.95811983600015], [34.98501417600011, 31.95825406100016], [34.98489829200008, 31.958398428000123], [34.98473996700005, 31.958592883000108], [34.984614669000166, 31.9587331460001], [34.98448239200013, 31.958887490000052], [34.98438076400009, 31.95901384300015], [34.98423145700008, 31.959169845000076], [34.98414159700013, 31.959282131000123], [34.98404940400019, 31.959402444000034], [34.98390284700008, 31.959582828000066], [34.983858237000106, 31.95963636600004], [34.9837775200001, 31.95973323600009], [34.98372418900004, 31.959819714000105], [34.98369471000018, 31.9598675150001], [34.9835610560001, 31.960043553000048], [34.98347136399997, 31.960153727000147], [34.983369712000126, 31.960288113000047], [34.98325152400008, 31.960424443000136], [34.98310496500011, 31.960604826000065], [34.98300567500007, 31.960719065000035], [34.98288747000015, 31.960862439000152], [34.98274060099999, 31.961100313000088], [34.98264566500012, 31.96125824300003], [34.982526207000035, 31.961439942000084], [34.98235674600011, 31.961722303000045], [34.98226532300009, 31.961862344], [34.98217740300015, 31.961990413000024], [34.98210000500012, 31.96213935500009], [34.98206673300001, 31.96219572500013], [34.982022655000094, 31.962270403000105], [34.98198853700012, 31.962351937000108], [34.981962794000026, 31.96241345800013], [34.98185012000016, 31.962657875000048], [34.98178682400004, 31.962785989000167], [34.981670296000175, 31.963050691000035], [34.98165060300005, 31.963085103000026], [34.98156122300014, 31.96324128400005], [34.98153222200011, 31.96336092500013], [34.98152581800014, 31.96338734500017], [34.981451838000055, 31.963557289], [34.98139195500016, 31.963709222000034], [34.98133197200008, 31.963900047000152], [34.98126856500005, 31.964072830000134], [34.98121196300019, 31.964299450000055], [34.9811585540001, 31.964504661000035], [34.98113146800017, 31.964567698000053], [34.98107409600004, 31.964701218000073], [34.98104768900009, 31.964804488000084], [34.9810352, 31.964853331000143], [34.980996269000116, 31.96502023700009], [34.98093613700007, 31.965205002000175], [34.980914717000076, 31.96537504300011], [34.98084777600013, 31.96557177300008], [34.98082979100019, 31.965756614000156], [34.98079069400006, 31.96598918600006], [34.98075851700014, 31.966164984000045], [34.980740630000184, 31.966311074000032], [34.98070521300019, 31.966460235000056], [34.98066949800017, 31.966728605000014], [34.98064800200012, 31.966928374000133], [34.98063380700012, 31.9671178750001], [34.980577300000164, 31.96730560499998], [34.98055947500018, 31.967493547000117], [34.980527565000045, 31.967627635000156], [34.98050949600008, 31.96784530700006], [34.98048806200006, 31.96802126500006], [34.98057358900013, 31.968162029000155], [34.980575145000046, 31.96816459000013], [34.98074336500014, 31.96812022900008], [34.98089404899997, 31.96808161100006], [34.98113374000019, 31.968012860000158], [34.981354457000066, 31.96792984300015], [34.98152622000015, 31.967855471000178], [34.9816874170001, 31.967778264000117], [34.98184876700009, 31.967704014], [34.98201575100006, 31.967633221000085], [34.98204501800012, 31.967620813000167], [34.98206850499997, 31.967611977000104], [34.98220269400019, 31.967561493], [34.982377219000114, 31.967506853000145], [34.982389704000184, 31.967502934000095], [34.982486566000034, 31.967472527000155], [34.98269678600019, 31.967422181000074], [34.982871916000136, 31.96738966500004], [34.98297182400006, 31.96737730500007], [34.98298418800016, 31.96737577600004], [34.983231385000124, 31.967345221000073], [34.983269526000186, 31.96733881000017], [34.98338897800011, 31.967318733000184], [34.98351900500012, 31.967312133000178], [34.98356058000007, 31.967310022999982], [34.98375316600004, 31.967304451000075], [34.984015852000084, 31.967292947000033], [34.98439037600019, 31.967308556000148], [34.984625046000076, 31.96732983100003], [34.98484202800006, 31.967351074000135], [34.98506955600004, 31.96738727200011], [34.98518052500009, 31.96740416300014], [34.98530749400004, 31.96742348900017], [34.98539275900009, 31.967438787000162], [34.98546693600008, 31.967452096000102], [34.98566634800005, 31.96749416100016], [34.9859044370001, 31.967536296000162], [34.98606023100007, 31.96757067300007], [34.9860630390001, 31.967571296000017], [34.98614928000006, 31.967590418000043], [34.98638733200005, 31.967647487000022], [34.98646829100005, 31.967667237000057], [34.986478689000194, 31.967669773000125], [34.98674416400007, 31.967734641000163], [34.986759518999975, 31.96773606199997], [34.98690876300009, 31.96774987000009], [34.98705408700005, 31.96778603500013], [34.98706900500002, 31.967789747000097], [34.98706836400004, 31.96805226400005], [34.987072954999974, 31.968270966000034], [34.9870519480001, 31.968480744000146], [34.98700013300004, 31.968646925000144], [34.98696867399997, 31.96880356100013], [34.98693214500008, 31.969074608000085], [34.9868904380001, 31.969297596000047], [34.98684879199999, 31.96956426500003], [34.98682250500008, 31.969769808000024], [34.986809834000155, 31.969948880000118], [34.98677883099998, 31.970122710000112], [34.98676145700017, 31.970264575000044], [34.98674069300006, 31.97044123900008], [34.98684224100009, 31.97062390000019], [34.98710724400007, 31.970682283000144], [34.98732152700012, 31.970729023000104], [34.98751517200009, 31.97076712900008], [34.98771228000004, 31.970807918000162], [34.987885756000026, 31.9708459900001], [34.98814758000003, 31.97092099200006], [34.98831679000017, 31.97094637400005], [34.98860740600003, 31.971009590000108], [34.98891259300018, 31.971063390000154], [34.989309765000144, 31.971154976000093], [34.98947514200006, 31.97119288800019], [34.98967371600014, 31.97124326100004], [34.98997884400018, 31.971322142000076], [34.99023260800004, 31.971382189000167], [34.990484514000116, 31.97145872100009], [34.990756543000145, 31.971553183000083], [34.991028633999974, 31.97162256200005], [34.99123083200004, 31.971679419000054], [34.99141471300004, 31.97172356200008], [34.9916353640001, 31.971805391000146], [34.99187801700003, 31.971881059000054], [34.992120657000044, 31.97196292500007], [34.992308145000095, 31.97201961600001], [34.99246984300015, 31.972076400000105], [34.99272155699998, 31.972166454000103], [34.992905333000124, 31.97225455800009], [34.99314065500005, 31.97235515200009], [34.99334640500018, 31.9724496340001], [34.99354127100014, 31.972531417000027], [34.993761755000094, 31.97261634300014], [34.99393451000009, 31.972682444000156], [34.994014145, 31.97272285000014], [34.99401838600011, 31.972725002000118], [34.99413297000018, 31.972783112000172], [34.99422451200013, 31.972939961000066], [34.99427207300005, 31.97309983500014], [34.99433491800016, 31.97336767400003], [34.99439326900011, 31.973649734000105], [34.994444362000024, 31.973784533000128], [34.99448814300018, 31.973935098000084], [34.99453929800006, 31.974113861000035], [34.99459771500017, 31.974298413000042], [34.994641386000126, 31.974495903000047], [34.994688716000155, 31.974684099000115], [34.99472876800007, 31.974875243000156], [34.99477631600013, 31.97504145700003], [34.99482709200004, 31.975311107000152], [34.99488923600006, 31.975527369000076], [34.99494760900018, 31.975731223000082], [34.99498032600013, 31.975877545000117], [34.99499327500001, 31.975935511000102], [34.99500633800011, 31.97599398200009], [34.995057493, 31.97617274400011], [34.995101294000165, 31.976316968000162], [34.99511839000019, 31.976373239999987], [34.995178392000184, 31.976570739000124], [34.995183642000086, 31.97658906500004], [34.99525469700018, 31.97681238900003], [34.995323669000186, 31.977078826000138], [34.995324981000124, 31.97708334000015], [34.995335632000035, 31.977133286000026], [34.995357355000124, 31.97723515299998], [34.99539754000017, 31.977369933000148], [34.995459493000055, 31.977598877000105], [34.99549593200015, 31.97778071500005], [34.99553608000008, 31.977931133000027], [34.99559046100006, 31.97821642800011], [34.99565249000011, 31.97848299600014], [34.99571434699999, 31.978752520000057], [34.99575505500019, 31.978947326000025], [34.995777643999986, 31.979113781000024], [34.99580592, 31.97925163900004], [34.99585776100014, 31.979421807000108], [34.99591909700007, 31.97963257100014], [34.99598528600012, 31.97981910900012], [34.9960418550001, 31.9800177460001], [34.99608462600003, 31.98017859900017], [34.996127055000045, 31.980344662000164], [34.99618848600005, 31.98051498600006], [34.996245132000126, 31.980681216000107], [34.99630655400006, 31.98085548400013], [34.996339630000136, 31.980993212000158], [34.996415193000075, 31.981200054000055], [34.99645285800011, 31.981353993000084], [34.99650467700019, 31.981605322000178], [34.996551740000086, 31.9818403000001], [34.99660385400017, 31.98203653600018], [34.996646350000105, 31.982174276000023], [34.996717021, 31.9824256390001], [34.996764312000096, 31.982563388000074], [34.99681614700006, 31.982737783000175], [34.996901719, 31.983049197000184], [34.99694872700019, 31.983308552000096], [34.997024087, 31.983604449000154], [34.997071288000086, 31.98378278000007], [34.9971088690001, 31.983973214000173], [34.99712749400015, 31.984139378000066], [34.99716505600003, 31.98433798500008], [34.99719811200009, 31.984483882000177], [34.997235797000144, 31.984629789000053], [34.997273473000064, 31.98477963900001], [34.99731147100016, 31.984933295000133], [34.997353923000105, 31.985091469000054], [34.997403981, 31.985233602], [34.99741157400018, 31.98525516300009], [34.99741535000015, 31.985265737000077], [34.99742168900008, 31.98531281200019], [34.99743425500003, 31.98540644400009], [34.99743875100006, 31.98543994300013], [34.997466813000074, 31.985602035000056], [34.99747681100018, 31.985649406000164], [34.997490525000046, 31.985714381000093], [34.99749608400009, 31.985740882000073], [34.997504424000056, 31.985780351000074], [34.99754668800017, 31.986019404000047], [34.99757951000004, 31.986266617000126], [34.99762660100015, 31.986420710000175], [34.997678483000186, 31.986647664000145], [34.99771601900005, 31.986858387000098], [34.99773989900007, 31.987040202000117], [34.99776335900009, 31.987190168999973], [34.99778681800018, 31.98733999800004], [34.99781950500011, 31.987575089000018], [34.99786652000017, 31.9878344440001], [34.99791798100006, 31.988100709000037], [34.99798932100015, 31.988350804], [34.99801111300013, 31.98850654400013], [34.998032840000064, 31.988690468000073], [34.9980875710001, 31.988973650000048], [34.998114932000135, 31.98915293500005], [34.998153258000116, 31.989308705000155], [34.99819229400015, 31.98944489000013], [34.998230819000014, 31.98958656900004], [34.998258213000156, 31.989751619000174], [34.99829101900002, 31.98993570300013], [34.99832356200017, 31.99023293700003], [34.99837299100005, 31.990379286000177], [34.99842767800004, 31.99068120600009], [34.998436592000076, 31.99075843900016], [34.998437250000165, 31.99076412000005], [34.99844405000016, 31.990822848000107], [34.99846579000018, 31.991002122000168], [34.99853180900004, 31.991195561000097], [34.998622334000174, 31.99135695600006], [34.998628956, 31.991368761000047], [34.99866073600015, 31.991425460000016], [34.99873690900017, 31.991590314000177], [34.99877295700014, 31.991731143000038], [34.998788678000096, 31.9918685560001], [34.99880443500007, 31.992060784000046], [34.99883235900006, 31.99228332600012], [34.99887626000003, 31.992461934000175], [34.99894039800006, 31.992681861000165], [34.99898425800012, 31.99287766000009], [34.999024077000115, 31.993104308000056], [34.999043886000095, 31.99326230300005], [34.99905150300009, 31.993328119000182], [34.99905442000005, 31.99335383900018], [34.99905960600012, 31.993399575000012], [34.999099348000016, 31.99366060600005], [34.99912747900015, 31.993793812000035], [34.99915543500015, 31.993931246000045], [34.99917916300018, 31.99410982000012], [34.99921097700013, 31.994295310000155], [34.99923875100012, 31.994511653000018], [34.99926638400018, 31.99471771100019], [34.9992983410001, 31.994913487000076], [34.999330218000125, 31.995071360000054], [34.99934194000002, 31.99522243600012], [34.99938357100018, 31.995508582000184], [34.999385884000105, 31.995524479000153], [34.999388797999984, 31.995552525000164], [34.99940562300009, 31.995713330000058], [34.999396208000064, 31.99585239300012], [34.999393127000076, 31.995897268000192], [34.99938902100013, 31.99595707700007], [34.99938438800018, 31.99617336500006], [34.99937602500012, 31.99635864700008], [34.999379542000156, 31.99655437700011], [34.99937095500002, 31.996763755000018], [34.99934299900002, 31.99712669200011], [34.99932215500007, 31.997346616000016], [34.99931979100006, 31.99746253900014], [34.99931954300007, 31.997474698000133], [34.99931842400002, 31.99752993300018], [34.99931452800007, 31.997713110000177], [34.99931749700005, 31.99793082000008], [34.99930701400018, 31.99810257200005], [34.99929636000019, 31.998348725000085], [34.999285403000044, 31.998654621000185], [34.99928319300005, 31.998679979000144], [34.99927893600017, 31.998730061000174], [34.99926806600013, 31.998857925000095], [34.999260792000086, 31.999072658000046], [34.99925025900018, 31.999264558999982], [34.99922607100012, 31.999570856000048], [34.99921556800007, 31.999751202000027], [34.99919811600006, 32.000005517000034], [34.99918751400003, 32.00022884100002], [34.99918030800018, 32.00048373200008], [34.999162941000066, 32.00070127000015], [34.99916584300013, 32.00087600200004], [34.999158667000074, 32.00111934100016], [34.99915461900008, 32.001368040000045], [34.999150887000155, 32.00155135800014], [34.99914358600017, 32.00177750400019], [34.999143096000125, 32.00198943200013], [34.999149491000026, 32.00215543400003], [34.999149167000155, 32.00229577900018], [34.99914885600003, 32.00243034800019], [34.99914174600019, 32.00257350100003], [34.999127684000086, 32.00286234200007], [34.99912048100009, 32.003117233000125], [34.9991164650001, 32.00335198400006], [34.99911590199997, 32.003595475000054], [34.999105438000186, 32.00375862900006], [34.999105101000055, 32.003904612000156], [34.99908790800015, 32.00404493000019], [34.99906728500014, 32.00431078999998], [34.999046735000036, 32.00447393000019], [34.99902609500009, 32.004674410000064], [34.99902904500016, 32.00482899100018], [34.9990185800001, 32.004992288000096], [34.999008057000026, 32.00518123000006], [34.99900437100007, 32.00534439700016], [34.9990004870001, 32.005593097000144], [34.99899356200018, 32.00572765400017], [34.99899656000008, 32.00586222700019], [34.99898476100009, 32.00610104900005], [34.99897072300013, 32.006307175000074], [34.99896118700008, 32.006570380000085], [34.998956315000044, 32.00674594500015], [34.99896929400012, 32.00692534400014], [34.99896858200003, 32.00716136600016], [34.9989726230001, 32.00734455600019], [34.99897211100006, 32.00756592300013], [34.99895835600012, 32.00772245000019], [34.998917582000104, 32.00790556500016], [34.99891720900018, 32.00806577800017], [34.998916768000015, 32.008256570000185], [34.99891169300008, 32.00851992000008], [34.99890211900015, 32.008798483000135], [34.99888378300005, 32.00900375700007], [34.99887425400004, 32.00919072800019], [34.998878393000155, 32.00933192600013], [34.998855628000115, 32.00952282100002], [34.998850808999975, 32.00967541700004], [34.99885489400009, 32.00983958400002], [34.998850102, 32.009980767000116], [34.99884965100006, 32.01017536100005], [34.99884028000008, 32.01036613800011], [34.99882177500007, 32.0105722560001], [34.998808051000026, 32.010785431000045], [34.99880322400003, 32.01094197300006], [34.99879815200018, 32.01113275400013], [34.998806858000194, 32.01130059200011], [34.99881089000013, 32.01148772700009], [34.998810537000054, 32.011640332000184], [34.998801209000135, 32.01181208500009], [34.998791785000094, 32.01195325900005], [34.9987823240001, 32.01218222100016], [34.99877740900013, 32.012376810000035], [34.99877240500007, 32.01260916200005], [34.99877209600015, 32.01274274300016], [34.998780584000144, 32.01293369000007], [34.99877577400008, 32.01308248200013], [34.998784578000084, 32.013178897000046], [34.9987875490001, 32.01321143300004], [34.9987890000001, 32.01322749900015], [34.998784054000055, 32.01329216800008], [34.99878286000012, 32.01330837100011], [34.998780336000095, 32.01334071700012], [34.998770416000184, 32.013467859000116], [34.99877877200015, 32.01371601500006], [34.99880089300012, 32.01387626700017], [34.99881838300013, 32.01403665100014], [34.998849559000064, 32.01421509300013], [34.99888497700016, 32.01441735900016], [34.99893804700008, 32.01471138500017], [34.99896449900018, 32.01492899300007], [34.99897190000013, 32.015161646000024], [34.99899286700003, 32.01532062700011], [34.999013812000044, 32.015488768000125], [34.999061204999975, 32.01573402900004], [34.99909285900014, 32.01592022500017], [34.99913500300005, 32.016147440000054], [34.99917180500006, 32.016324484000165], [34.99918746100013, 32.01649261500012], [34.999226134000025, 32.01671827700011], [34.99924177700018, 32.01689077600008], [34.999289080000096, 32.01717704100008], [34.999331361000145, 32.01734507700013], [34.99941081000003, 32.01760406100004], [34.999517158000174, 32.01774500800008], [34.9997087750001, 32.01791794200017], [34.999857716000065, 32.01802232400013], [34.99991649700007, 32.01806356700007], [35.00004430100017, 32.01815466800008], [35.000300070000094, 32.018264018000025], [35.000310421000165, 32.018266656000094], [35.000310648000095, 32.018266714000106], [35.000609335000036, 32.01834175200008], [35.00091850600012, 32.01838763800015], [35.001238386000125, 32.01845172200012], [35.00143027800016, 32.01850657300014], [35.001536509000175, 32.018540097000084], [35.00154877900013, 32.018543969], [35.00163289900013, 32.01857045999998], [35.00186958800009, 32.018636797000056], [35.00209338900004, 32.018696208999984], [35.002317326000025, 32.01876928900003], [35.00258374900011, 32.01885145500006], [35.00277032700012, 32.01891531400008], [35.002930279, 32.01897912800007], [35.00313813499997, 32.01907035700003], [35.00328731600018, 32.01914317100005], [35.00342577099997, 32.01920694900019], [35.00358566300008, 32.01929809800015], [35.003740107000056, 32.01938458900014], [35.00391054300013, 32.019493932000046], [35.00406484500013, 32.019643973000086], [35.00422461500017, 32.019789511000056], [35.00438077000007, 32.01992490000015], [35.00451396600005, 32.020047708], [35.004673541000045, 32.02020691600006], [35.004762293000056, 32.02028550400013], [35.004771587000164, 32.02029373400012], [35.00481731000008, 32.02033425200011], [35.00493972400011, 32.02047071100009], [35.005157792000034, 32.02072991500006], [35.00513500200009, 32.020787935000044], [35.005132095000135, 32.020795296000074], [35.005098739, 32.020879746000105], [35.00507170500009, 32.02106133600006], [35.00506052500009, 32.02132467700005], [35.00504935700019, 32.02151079900017], [35.00503282400018, 32.021728758], [35.005005677000156, 32.022032092000074], [35.00498295400013, 32.022230173000025], [35.00498104700006, 32.02224679900013], [35.00497851700004, 32.022268212000085], [35.00494597200009, 32.02247247700018], [35.00493499800007, 32.02264493100006], [35.00491854600011, 32.02282653600008], [35.00490358200011, 32.022935012000175], [35.004895576000024, 32.0229923980001], [35.00489147600018, 32.023021792000065], [35.00486982500007, 32.02316252500009], [35.004864042000065, 32.0233805040001], [35.004863773000125, 32.02349988300011], [35.00486373500013, 32.02351676300009], [35.00485812300019, 32.02365752100019], [35.004857264, 32.023672173000136], [35.004846801000156, 32.023911843000064], [35.00482874200014, 32.02414487699997], [35.00482805600012, 32.02415600800009], [35.00481592799997, 32.02432789800014], [35.00479637600017, 32.02456318500015], [35.004770742000176, 32.02470841999997], [35.004745133000085, 32.02484294400011], [35.00473198400016, 32.025026106000155], [35.004725348000136, 32.025182222000126], [35.00468705900005, 32.02536520200016], [35.00466115600017, 32.02562894200014], [35.00464805800016, 32.02579040100005], [35.00462874100003, 32.02599496900012], [35.00459038400015, 32.026134830000046], [35.00459000700005, 32.02630180500012], [35.00455169300005, 32.02649549400007], [35.00455121500005, 32.026634147000095], [35.00453181800009, 32.02680109300002], [35.00452521500017, 32.02694100500008], [35.004512165000165, 32.02708090599998], [35.00450555000009, 32.02722631300003], [35.004492581000136, 32.02740398000009], [35.00447315500014, 32.02758163400006], [35.004441006000036, 32.02782915900019], [35.0044278690001, 32.02800682300017], [35.00441483500009, 32.02821140100019], [35.00438904300012, 32.028426669000055], [35.004369693000115, 32.02857205500004], [35.004363105000095, 32.02870661400004], [35.00435657300011, 32.02888851500006], [35.004343461000076, 32.0290553320001], [35.004336773000034, 32.029233006000084], [35.00431734500006, 32.029486046000045], [35.00429797500004, 32.029567177000104], [35.004292804000045, 32.029588930000045], [35.00428528400016, 32.02962056200016], [35.004266798, 32.02977490100005], [35.004264546, 32.029793706000135], [35.00425948900005, 32.029835828000046], [35.004246309, 32.030105085], [35.00420758500019, 32.030406426000184], [35.004188266000085, 32.03061099400003], [35.00416246100019, 32.030831756], [35.00413028200012, 32.03109012900018], [35.004110836999985, 32.031277225], [35.00410400900017, 32.03144405200004], [35.004084800000044, 32.03160014700012], [35.00407801800003, 32.031745553000064], [35.004007975000036, 32.03199851100004], [35.003988612000114, 32.03214925300006], [35.003983173999984, 32.032213216000116], [35.00397828100006, 32.03226992900011], [35.00397569900019, 32.03229986200017], [35.00394992800011, 32.032504419000134], [35.00392402100016, 32.03276829900011], [35.00392984600006, 32.03297276800009], [35.003954813000064, 32.03312358300019], [35.00396694100016, 32.03322620800009], [35.003970069000104, 32.033252680000146], [35.00397185500003, 32.033267901000045], [35.00396799100008, 32.03329424400005], [35.003961646000164, 32.03333779900015], [35.003936737000174, 32.033508798000184], [35.00393018900013, 32.033583636000174], [35.00392400400011, 32.03365433500005], [35.00391296700013, 32.0337790210001], [35.003871576, 32.034161381000104], [35.00385951699997, 32.03437272300016], [35.00383043600016, 32.03450541400002], [35.00378955300005, 32.034662741000034], [35.00374863400015, 32.03490841900009], [35.00373661000003, 32.035105107], [35.00370725900018, 32.03528204000003], [35.003654772000175, 32.03552276700009], [35.003604492000136, 32.03573883900003], [35.00359647199997, 32.03577334900007], [35.00359106400009, 32.03579673500002], [35.0035498630001, 32.03597491300002], [35.00353708100016, 32.03611704999997], [35.00353255600004, 32.03616736700013], [35.00352016800008, 32.036304168000186], [35.003501639000035, 32.03652451900007], [35.00345505100012, 32.03671607900009], [35.00342009800016, 32.03688328100009], [35.003384904000086, 32.037084722000145], [35.00336718800003, 32.03723701500019], [35.003332666000176, 32.03743394900016], [35.00332641, 32.03746953800015], [35.00331456500004, 32.03753692400005], [35.00330555100015, 32.03758993800017], [35.00329679200007, 32.03764144800016], [35.00329126000014, 32.03767441200006], [35.00324434800018, 32.03793501600012], [35.00322090700007, 32.03813154700015], [35.00317999000015, 32.038303528000085], [35.00315789900003, 32.03841495100016], [35.00314501300005, 32.03848045400014], [35.003137431000084, 32.03854159500014], [35.00311435000009, 32.038725444000136], [35.003114500000095, 32.03873192400016], [35.00311114000016, 32.03875516800014], [35.00309197900009, 32.03888773200009], [35.003045358000065, 32.039094087000024], [35.003015859000186, 32.03933485200014], [35.00299251000013, 32.03949220800018], [35.00296311000017, 32.039688727], [35.002939515000094, 32.03988046600017], [35.002916142000174, 32.04004754600015], [35.00288686700014, 32.040190096], [35.00285193500014, 32.040347292000035], [35.002834239000094, 32.04048986300006], [35.00277610300003, 32.04066674900014], [35.00274678500011, 32.040828888000135], [35.00271148000013, 32.041004966000116], [35.002676555000164, 32.041157371000054], [35.002641481000126, 32.04130470200005], [35.00255999300009, 32.041565107], [35.00252510200016, 32.04170271900006], [35.002484259000084, 32.04184031900007], [35.00239605100006, 32.04207253100009], [35.00235386300011, 32.04221900800019], [35.00231143600007, 32.04239760900015], [35.00229476400011, 32.04245843900003], [35.002278238000144, 32.04251873600015], [35.002252048000116, 32.04261451000008], [35.00218847000019, 32.042853950000165], [35.00216181400015, 32.042936339000164], [35.00214278400017, 32.04299529400015], [35.00212499200012, 32.04305041200007], [35.00208695600014, 32.04318984900016], [35.002031962000046, 32.04336490800017], [35.00196851600009, 32.043547139000054], [35.00191768200017, 32.04371149500014], [35.00178953400007, 32.044118087000015], [35.00174717800007, 32.04426456000016], [35.00170897500004, 32.044403856000145], [35.001678146000074, 32.04455715400002], [35.001667305000126, 32.04461106400004], [35.00166228600017, 32.04463613700011], [35.001646964000145, 32.044681062000166], [35.00161582000004, 32.04477189600004], [35.001612359000035, 32.044780666000065], [35.00155658000011, 32.0449220050001], [35.001484778000076, 32.045140015000015], [35.00142541500003, 32.04534367000008], [35.00137480400019, 32.04548294200009], [35.00127726900001, 32.045739659000105], [35.001226415000076, 32.04591120000015], [35.00117984300016, 32.04609331900002], [35.00114164299998, 32.0462290910001], [35.00111203400013, 32.046372063000035], [35.00106122300008, 32.04652571100013], [35.00101027900013, 32.046736565000174], [35.00100756300009, 32.04674497600007], [35.00100660200013, 32.04674795100004], [35.00092146800017, 32.047011613000166], [35.00085397200007, 32.047154523000074], [35.00080749300008, 32.04729394300011], [35.000735302000066, 32.04753548300016], [35.00068855800009, 32.04771773900018], [35.00061246700011, 32.04792855400012], [35.00055735300015, 32.04815363299997], [35.00048126100006, 32.048364448000086], [35.000400282000044, 32.048685443000124], [35.000349542000095, 32.04887826200019], [35.00031135100005, 32.049010511000176], [35.000264857000104, 32.04915697900003], [35.00022246300017, 32.049317826000106], [35.0001842640001, 32.049453598000184], [35.00013362200019, 32.049603580000166], [35.000078570000085, 32.04980019600009], [35.00004029700017, 32.0499680960001], [34.99995157200004, 32.050203828000065], [34.999879140000075, 32.050475098000106], [34.99981551200017, 32.0507322900001], [34.9997689970001, 32.050885942000036], [34.99966970300005, 32.05118337400012], [34.99963379800005, 32.051328593000164], [34.999547713000084, 32.05156475200005], [34.999490281000135, 32.05178869800011], [34.999418577000085, 32.05203080200005], [34.999368246000074, 32.05226096100017], [34.99926795700003, 32.05255754500001], [34.99920334000012, 32.0528117770001], [34.999088371000084, 32.05316131900008], [34.99903106000005, 32.05333087600019], [34.99898084000017, 32.053512424000075], [34.99889476400017, 32.05381509000006], [34.998816027000146, 32.05402096800009], [34.998779248, 32.054154072000074], [34.99875913000011, 32.05422687900011], [34.9987546320001, 32.05424011700018], [34.99871060000004, 32.05439208200005], [34.99870130400012, 32.05442436000004], [34.99868674800018, 32.05447489800014], [34.99867376200018, 32.054541998], [34.99866682000015, 32.05457786800014], [34.99863634100018, 32.05473535200019], [34.99860022100006, 32.054971454], [34.99859273900012, 32.05512883600005], [34.998563803000025, 32.05533479600007], [34.99854208000011, 32.05549821200009], [34.99850172800018, 32.05584562500013], [34.99845375700016, 32.05598349200011], [34.99845292400005, 32.05598588700019], [34.99844612700008, 32.05600300100019], [34.99839101200007, 32.056141769000135], [34.99829231900014, 32.056390446000194], [34.99823386300011, 32.05655408400003], [34.998157203000176, 32.056717831000185], [34.99808643800009, 32.056910052000035], [34.998034095000094, 32.05707623400008], [34.99793873200014, 32.057385508000095], [34.99791115700003, 32.057481454000026], [34.997908374000076, 32.057491139000035], [34.99789919900013, 32.05752311000009], [34.99788409800004, 32.05757572100009], [34.99787017400013, 32.05762423300001], [34.99785129000014, 32.05771549900015], [34.99784875200015, 32.05772776400016], [34.99782080600011, 32.05786327200019], [34.99774099900003, 32.058029549000025], [34.997691497000176, 32.05811189700006], [34.99768149700003, 32.05812859900004], [34.99764598500013, 32.05818791100012], [34.997560100000044, 32.05833332300011], [34.997489403000145, 32.05849440200018], [34.997397175000174, 32.05873604600009], [34.997310810000045, 32.05894613400005], [34.99722164900004, 32.059148751000066], [34.99715410600004, 32.05930462300017], [34.99709571700009, 32.05943711700013], [34.99703437000005, 32.059561859000155], [34.996960671000124, 32.05973321900012], [34.99687159300004, 32.05996965300011], [34.99682527000016, 32.06010766300017], [34.996756871000116, 32.06027593200014], [34.996676063000166, 32.06044418100015], [34.99658292100008, 32.060649185000045], [34.996508219000134, 32.06082265800006], [34.99644608100016, 32.061001364000106], [34.996371354000075, 32.06118540400007], [34.99629684200016, 32.06134845000008], [34.9962091270001, 32.061568117000036], [34.996146798000154, 32.061757392000175], [34.996072211000126, 32.06195200100018], [34.995985191000045, 32.06215701399998], [34.99596874399998, 32.062192406000065], [34.99595143000016, 32.062229665000075], [34.99594444300004, 32.06224487200018], [34.99586078700003, 32.06242509200018], [34.99579874600016, 32.06256180800011], [34.995783264000124, 32.062602221000134], [34.99578259800006, 32.06260377000018], [34.99573032000018, 32.06274050200017], [34.99568054600013, 32.0628666720001], [34.995618314000126, 32.06301395600019], [34.995549923000056, 32.063176869000074], [34.99545049000011, 32.06338186300019], [34.99537591300009, 32.063571116000105], [34.99531663900012, 32.063725590000104], [34.99529965800008, 32.06376980600004], [34.99524373700012, 32.06390653400018], [34.99516292100003, 32.06407478100016], [34.99515044600014, 32.06410195300009], [34.995127221000075, 32.06415260600011], [34.99504482800012, 32.064332300000046], [34.994957815000134, 32.06453209900013], [34.99487077500004, 32.064742326000044], [34.99479607900008, 32.064910582000095], [34.994727685999976, 32.065073497000185], [34.99467170100007, 32.06523657300016], [34.994572113000174, 32.06550469200005], [34.99451618899997, 32.06564141700011], [34.99444168600013, 32.06579910500017], [34.994366951000075, 32.06598314400003], [34.99427990800007, 32.06619337200004], [34.994205403000024, 32.0663510600001], [34.99408002600006, 32.066676906000055], [34.99399913100018, 32.06687671500015], [34.993918426000164, 32.06706595700018], [34.99386229800018, 32.067218465], [34.99381250800013, 32.067349845000024], [34.993762718000085, 32.06748122700009], [34.99367572500006, 32.06767045800018], [34.99359496800008, 32.06788083600003], [34.99352660400007, 32.068027967000035], [34.993445731000065, 32.068217208000135], [34.99344367600014, 32.068221983000115], [34.99340779300013, 32.06830535100005], [34.99338766100004, 32.06835217600013], [34.99334622499998, 32.06844854899998], [34.993290210000055, 32.06862205100015], [34.99322183600009, 32.06877453600009], [34.993128613000124, 32.06893740600003], [34.99307910300013, 32.069090065000125], [34.993023968000045, 32.06931034999997], [34.992953537000176, 32.069491999000036], [34.992887005, 32.069703528], [34.99286824100005, 32.069821593000086], [34.99286600500005, 32.069835664000095], [34.992865502000086, 32.06983904500015], [34.992862645000116, 32.06985651200006], [34.99285726300002, 32.0698643290001], [34.99278144400006, 32.06997445300016], [34.99273454900003, 32.07013965700014], [34.99268275300017, 32.070347549000076], [34.99262795600015, 32.070496252000055], [34.992565297000056, 32.07067791400016], [34.99248722200008, 32.07087293700005], [34.99241290900005, 32.07108431200004], [34.99235026100018, 32.07126273300014], [34.99229938400015, 32.07143131100008], [34.99223673600011, 32.07160973400016], [34.992231520000075, 32.07162610500018], [34.99221732400014, 32.07167066500017], [34.992166205000046, 32.07183111900008], [34.99209199400008, 32.07207039400009], [34.99204894800005, 32.07221573500016], [34.99197459700002, 32.072443737000185], [34.991908140000135, 32.07262215200012], [34.99184451200017, 32.072793244000025], [34.99179365300017, 32.07295506000008], [34.99174658100014, 32.07312364500012], [34.991745460000175, 32.07312674000008], [34.991739749000146, 32.07314251300005], [34.99173160600009, 32.07316499900014], [34.99168793900009, 32.07328558699999], [34.99163313800011, 32.07343428900003], [34.99154701800006, 32.073668753000106], [34.99144537100011, 32.073959549000165], [34.991339422000124, 32.074249777000034], [34.99128077100016, 32.074415100000124], [34.991229901000054, 32.074580296000136], [34.991124192000086, 32.074907443000086], [34.99105774800012, 32.07507923500009], [34.99098723600014, 32.075290614000096], [34.99092860300016, 32.07544931400008], [34.990857454000036, 32.075650127000074], [34.99077937700008, 32.07584176400002], [34.990701093000155, 32.0760498890001], [34.99064239500012, 32.07623494200004], [34.99057582900008, 32.07645633200008], [34.99047409800011, 32.07671063300006], [34.99043103300005, 32.07686273800016], [34.99033701000013, 32.07714608100002], [34.99029780800009, 32.07727494300002], [34.990254790999984, 32.077407181000126], [34.99019219000007, 32.077562352000086], [34.99014909400006, 32.07772756100019], [34.99010587100014, 32.077876284000126], [34.990065848000086, 32.078070104], [34.99002289900017, 32.07824221800007], [34.99000511600002, 32.078308277000076], [34.989970463000134, 32.07843700100011], [34.989945974000136, 32.078500738000116], [34.98991084000005, 32.07859217700013], [34.98981426600005, 32.07883338300019], [34.989751151000064, 32.07906408000002], [34.98967971400015, 32.07924502100013], [34.98960410500018, 32.079440047000105], [34.98953687700009, 32.079660027000045], [34.98945705199998, 32.07988716900019], [34.98938141600013, 32.08009290400008], [34.98933069200018, 32.08026260900016], [34.98925508100007, 32.08045763400003], [34.98919509200016, 32.080612517000134], [34.98918996100019, 32.08062576300017], [34.98918363300004, 32.08064209700012], [34.98912893600004, 32.080812498000114], [34.9890836030001, 32.080942618], [34.98907110100015, 32.08097859200018], [34.989065936000145, 32.080993453000076], [34.989011306000066, 32.08118109500015], [34.98901119700014, 32.08118146900017], [34.988986031000024, 32.081252162000055], [34.98894820400017, 32.08135876200015], [34.988907188000155, 32.08148395700016], [34.98890022900002, 32.08150517400003], [34.98889351499997, 32.08152564100004], [34.988813115000085, 32.081783785000084], [34.988805108000065, 32.08180840900013], [34.98879310500001, 32.08184532500019], [34.988720569000066, 32.08206755200018], [34.98867377700009, 32.082185971000115], [34.9886682880001, 32.08219999000016], [34.988665949000165, 32.08220596600012], [34.988623921000055, 32.082337218000134], [34.988548230000106, 32.082564229000184], [34.98847691100019, 32.082762923000075], [34.988437219000105, 32.08289895700017], [34.98843084599997, 32.08292080000007], [34.988413658000184, 32.08297938600015], [34.98833815600017, 32.08319582900003], [34.98828762800002, 32.08335186500017], [34.98822865100004, 32.083511268999985], [34.98817404400006, 32.083709994], [34.988094281000144, 32.08390867200012], [34.98802700200014, 32.084078912000166], [34.98796814600007, 32.08425635100019], [34.987934359000064, 32.08440184900013], [34.98787915800017, 32.08457196800009], [34.98783029800006, 32.08479028800008], [34.98781674700007, 32.084849587000065], [34.98780908800006, 32.084876628000075], [34.987751969000044, 32.08507830600007], [34.98774213200005, 32.08511004600007], [34.98772761400005, 32.08515689000018], [34.987677566, 32.08531898600012], [34.98765488200007, 32.08539038600014], [34.9876482840001, 32.08541112000006], [34.98760934700016, 32.085533469000154], [34.98754399000018, 32.085703330000115], [34.98753322500005, 32.085731308000106], [34.98752889300005, 32.08574271300006], [34.98748602100005, 32.08588058600003], [34.987478328000066, 32.08590541000012], [34.98746066300009, 32.085962410000036], [34.9873862820001, 32.086192520000054], [34.98733016900013, 32.08646465400005], [34.987249702000156, 32.086679115000095], [34.98719401300008, 32.08684641500008], [34.987123779000115, 32.087139096000044], [34.98707427300013, 32.08728132400012], [34.98694529700009, 32.08763590200016], [34.98688095800003, 32.08781995400011], [34.98683617800003, 32.087991498000065], [34.98675191800015, 32.088267668000185], [34.986687473000075, 32.08842663900009], [34.98664774100018, 32.08856479900015], [34.986563693000164, 32.08875304400004], [34.98652394900006, 32.08889528900016], [34.98646940600008, 32.08906681800005], [34.98641478700006, 32.08926765400014], [34.986345326000105, 32.089447611000026], [34.98621232100004, 32.08969374500015], [34.986211975000174, 32.08969438500003], [34.98601513300002, 32.0896437290001], [34.985867665000114, 32.08957230600015], [34.98567112699999, 32.08946726100004], [34.98546964000013, 32.089353893000066], [34.98530250000016, 32.08927412200012], [34.98504669500005, 32.08917319700004], [34.98479710600009, 32.089102439000044], [34.98459549699999, 32.08903937100018], [34.984393880000084, 32.088980391000064], [34.98415780300019, 32.08893389000008], [34.98377883400019, 32.088908124000056], [34.98357225000018, 32.088916068000174], [34.983340703000124, 32.088978494], [34.98317817800006, 32.089041046000034], [34.98304500800003, 32.08914535900004], [34.98282115300009, 32.08930840700003], [34.982814356000176, 32.08931332500009], [34.98280207300013, 32.08932612500007], [34.9827912830001, 32.08933949400006], [34.98278397600012, 32.089348498000106], [34.98275940300016, 32.089378640000064], [34.98271458000005, 32.089433621000126], [34.98268020700016, 32.089507092000076], [34.98266116100018, 32.08954780100015], [34.982635736000134, 32.08958875900015], [34.98261290400018, 32.08965113800008], [34.98261090800003, 32.08965550300019], [34.982603907000055, 32.08967465400008], [34.982532586000104, 32.0898663000001], [34.98253238900003, 32.08987912200013], [34.98252798200008, 32.089891756999975], [34.98252138700019, 32.08991066500016], [34.982501146000175, 32.09012833100002], [34.982501245000094, 32.09028699300018], [34.98253038000013, 32.090483894000045], [34.9825937170001, 32.090705940000134], [34.98260142200013, 32.090724705000184], [34.98261131900017, 32.090748806000136], [34.9826866680001, 32.09093212200003], [34.98277493600011, 32.09111236300009], [34.98284336500018, 32.091284113000086], [34.98291672800008, 32.091468412000154], [34.982995096000025, 32.09163609000018], [34.98306359800017, 32.091778532000035], [34.98313200700005, 32.09195859500011], [34.983215913000095, 32.092163062000054], [34.98327464800008, 32.092305485000054], [34.98336263900012, 32.09253180100012], [34.98343603500018, 32.09270356000002], [34.98350940800009, 32.092883773000096], [34.983617149000054, 32.0931560570001], [34.983670942000174, 32.09329015900016], [34.98372407700003, 32.09342200300006], [34.983725228000026, 32.09342482200003], [34.98379328000016, 32.093549931000155], [34.98385702400009, 32.09367559400016], [34.983930484000155, 32.09382226900016], [34.9840578510001, 32.09405697000011], [34.984164983000085, 32.094242032000125], [34.98416893500007, 32.09424889900009], [34.98418113700018, 32.094270102000166], [34.98424809200014, 32.09434358200019], [34.98426846100011, 32.09436593600009], [34.98431864500003, 32.0944209810001], [34.984510115000035, 32.094572094000114], [34.98472144900012, 32.09472324500007], [34.984805817000165, 32.09478454900017], [34.98480951400006, 32.09478723500007], [34.984854128000165, 32.09481972400016], [34.98502120300003, 32.09492894500005], [34.98513419500017, 32.0950211600001], [34.98534528300007, 32.095205844000134], [34.98545307300009, 32.09539443099999], [34.985458993000066, 32.09543091699999], [34.985478183000055, 32.095549194000114], [34.9854791570001, 32.09555708600004], [34.98553584900003, 32.095792220000135], [34.98557484300005, 32.095955602000174], [34.9856227250001, 32.09613872700015], [34.98566638500017, 32.096355380000034], [34.98571568800003, 32.0965673930001], [34.985770537000064, 32.09681238799999], [34.985819780000156, 32.09704793100002], [34.985846061000075, 32.097264977000066], [34.98585108800006, 32.09730711600008], [34.98585449400019, 32.097336149000114], [34.9858620600001, 32.0974319660001], [34.98587375700009, 32.09758009500018], [34.985911874000124, 32.098031209000055], [34.98593360400014, 32.09821485000003], [34.98594413700005, 32.09844088300002], [34.98595316200016, 32.098508554000034], [34.985976805000064, 32.09868583900004], [34.98597771400006, 32.09870068000009], [34.985987469000065, 32.09886001800015], [34.985998046000134, 32.099001369], [34.98600879900005, 32.09913792700013], [34.986036075000186, 32.099354691000144], [34.98605214300011, 32.09955241300014], [34.98606818500019, 32.09975971700004], [34.98606872400012, 32.100078874000076], [34.98607144000016, 32.100172689000146], [34.98607177500014, 32.10018427700004], [34.98607390100011, 32.10026248300011], [34.985935093000194, 32.10043174900005], [34.9858622700001, 32.10056125400001], [34.98585475100009, 32.10057466100017], [34.98582934900014, 32.100619953000034], [34.985914901000115, 32.10066059400009], [34.98591747800003, 32.100661818], [34.985928166000065, 32.100666865000164], [34.98593814400016, 32.100671577000185], [34.986028422000174, 32.10071443400011], [34.98618884100006, 32.10077601400002], [34.98634379900005, 32.10083744600013], [34.98649314000005, 32.10089421500015], [34.986642460000155, 32.100960425000096], [34.98688021100003, 32.101078648000055], [34.98713453300013, 32.10119210700009], [34.987350257, 32.10131493800003], [34.98753267300003, 32.101385856000036], [34.98778725400001, 32.10146042399998], [34.987919328000146, 32.10153872100017], [34.9879955130001, 32.10166003600017], [34.98814805000006, 32.10176429500018], [34.98826320500007, 32.10178958000006], [34.98826911500004, 32.10179087400019], [34.98838712700018, 32.10181671300006], [34.988565359, 32.10183872900012], [34.98860083700009, 32.10184379100019], [34.98865935300017, 32.10185213900019], [34.988840224000114, 32.101878102000114], [34.989013325000144, 32.101900108000166], [34.989191537000124, 32.101930715000094], [34.98952742300003, 32.10199626400009], [34.98969023000012, 32.102031214000135], [34.98996499000009, 32.1021139880001], [34.99019408400005, 32.10218808200017], [34.99042807100011, 32.10229234200011], [34.990590699999984, 32.10240098300011], [34.990738099000055, 32.1025094580001], [34.990824566000185, 32.10260898400003], [34.99083005200009, 32.10261529800016], [34.990854978000186, 32.102643945000125], [34.99088008700005, 32.10280420100008], [34.99080314800017, 32.102994716000126], [34.99067969099997, 32.103184441999986], [34.99055196100011, 32.10336190400011], [34.9903936070001, 32.10353917000003], [34.99029152500003, 32.10365157600012], [34.990194568000106, 32.10376835900007], [34.99007706000015, 32.10389370300015], [34.98994410200015, 32.10411004400004], [34.98985213500009, 32.10428319800013], [34.98982116500002, 32.104426023000144], [34.98982969400009, 32.10459555100016], [34.98983004400014, 32.104602594000085], [34.98983095600005, 32.10462091500011], [34.98989166400008, 32.10477700700005], [34.98996762300004, 32.104924388000086], [34.99003866800018, 32.1050500610001], [34.99013713800014, 32.105199454000115], [34.9902504960001, 32.10535282100011], [34.99036412099997, 32.105465886000104], [34.99040119900002, 32.10549074000005], [34.990403951000076, 32.10549258500009], [34.99049520500017, 32.10556568700014], [34.99049879100011, 32.10556856000011], [34.99052361400015, 32.105572971000186], [34.99056278400019, 32.10559924900008], [34.990775861000145, 32.1056600710001], [34.990977636000025, 32.10567056700012], [34.99115297700007, 32.10565875600008], [34.991307612000185, 32.10565296700008], [34.991345943000056, 32.10565149500013], [34.99135678300007, 32.1056510790001], [34.991570183000135, 32.10564750600008], [34.99182118800019, 32.105700363000096], [34.99204381900006, 32.105781347], [34.99222362500018, 32.10584210900009], [34.99240357400009, 32.105910902000176], [34.992564449000156, 32.106064346000096], [34.992692010000155, 32.106233937000184], [34.99282900200012, 32.10640749300012], [34.99295173600012, 32.106589052000174], [34.99296326500013, 32.106613450000054], [34.99296587700013, 32.10661897500006], [34.99304134099998, 32.10677858600019], [34.99312613600017, 32.10697233900015], [34.993230597000036, 32.10724954300002], [34.993273841000075, 32.107375137000076], [34.993277783, 32.107386588000054], [34.99330275600005, 32.10749676000012], [34.99331251500007, 32.10753981300002], [34.99331988600005, 32.10757209400015], [34.99335744100006, 32.10772137900017], [34.99339040000018, 32.107854452000026], [34.99340431100018, 32.107991438], [34.99341818500011, 32.10814463000008], [34.99342250400019, 32.10827765200008], [34.993426968, 32.10841870900009], [34.993417177000026, 32.108567912000126], [34.99340259100006, 32.10871302300012], [34.99340672500006, 32.10885351500019], [34.99339696200019, 32.108990600000084], [34.993387171, 32.10913966200019], [34.99337255800015, 32.10929688900012], [34.993362804000014, 32.109429889000126], [34.99334306500009, 32.109724069000094], [34.99334272900006, 32.10986511700008], [34.99332791400019, 32.11010702800007], [34.9932989780001, 32.11030044600011], [34.99323692000013, 32.11049789000009], [34.99309773800013, 32.1106860430001], [34.992926676000025, 32.11084285600003], [34.99280322100003, 32.1109595960001], [34.99276239300019, 32.11100278400011], [34.99268919600007, 32.11108029700006], [34.99258461600016, 32.11119707000006], [34.99247059100003, 32.111317770000085], [34.99245098800009, 32.111346481000055], [34.992346984, 32.11149890300004], [34.99223275300005, 32.11170428800011], [34.992118377, 32.11197012300016], [34.99208472300006, 32.11212731600011], [34.99199899600018, 32.112320633000024], [34.99187509600006, 32.11255418400009], [34.991797979000125, 32.112747233000164], [34.99170249100007, 32.112800329000095], [34.99169545500018, 32.11280424700004], [34.99163186700008, 32.11283966000008], [34.99147521900011, 32.11298846700004], [34.99140267100012, 32.113050029000135], [34.99132806800009, 32.11311333600014], [34.991324253000016, 32.11311628900012], [34.991199664000135, 32.11322175100014], [34.99098595900011, 32.11341484600007], [34.99085288900011, 32.11353565200011], [34.990724724000074, 32.11361194000017], [34.99060127600018, 32.11372459000012], [34.990477247000115, 32.11380300100012], [34.99047359800011, 32.113805389000106], [34.99037107300006, 32.11389144500015], [34.990349673000026, 32.113909583], [34.99034320200013, 32.11391492800004], [34.99022608700011, 32.11401011800007], [34.99021579200007, 32.11402179300006], [34.99000196200012, 32.11426490500014], [34.98980956700012, 32.11447409700003], [34.98966989600018, 32.11458587300001], [34.989468007000085, 32.114750097000126], [34.98928171300014, 32.1149013860001], [34.98912644300009, 32.115026240000134], [34.98898679700005, 32.11512490900003], [34.98894770400011, 32.11526969300013], [34.98893948800014, 32.11544764500013], [34.98895433200016, 32.11574414000006], [34.98897694700014, 32.11597470300018], [34.98896878300019, 32.11613278700014], [34.988968367000155, 32.116304128000024], [34.988960221000184, 32.11652153500012], [34.98896735700009, 32.11671923900013], [34.988959259000126, 32.11691677500016], [34.98894318400011, 32.11712768600012], [34.98895050200019, 32.11731862900018], [34.98893442400009, 32.11752953700005], [34.98891867400005, 32.11767436200006], [34.98890975500012, 32.11793713900005], [34.98893234200011, 32.11818094800003], [34.98895500900011, 32.11839192400009], [34.988954639999974, 32.11854339900009], [34.98896203800007, 32.11870151100004], [34.98895390300004, 32.11884649000007], [34.98893016200009, 32.119076970000094], [34.98893744700007, 32.119281298000146], [34.98895246000018, 32.11943942400006], [34.98885925400009, 32.11957100800015], [34.988758202999975, 32.11972892600005], [34.98866479800017, 32.11987375400014], [34.98857157499998, 32.120011962000035], [34.98840058700006, 32.12019610700008], [34.988237515000094, 32.12039337000016], [34.988151875000085, 32.120544835000146], [34.98803367400018, 32.120740909], [34.987940399000024, 32.12089884000005], [34.98783167500005, 32.12101066900016], [34.98772296700014, 32.12111587600003], [34.98762957500003, 32.12125408000014], [34.98755178200008, 32.12137906700008], [34.9874585230001, 32.121530519000146], [34.98731097300015, 32.12167510800015], [34.98717102, 32.121826476000024], [34.98703131500008, 32.12194473200009], [34.98685281900009, 32.1220827840001], [34.986759457000176, 32.12220774300005], [34.986706663000064, 32.12226528100001], [34.98666428800004, 32.12231141400002], [34.986650713000074, 32.122326193000106], [34.986634790000096, 32.12234946400014], [34.98658590500003, 32.12242090900014], [34.986565300000166, 32.12245116600002], [34.98647956000019, 32.122642084], [34.986339785999974, 32.12278682800013], [34.98629896199998, 32.12282381300008], [34.98628658800004, 32.12283501600018], [34.98623092400004, 32.122885410000094], [34.986090988, 32.1230960960001], [34.98606350000006, 32.12322373400019], [34.986059835, 32.123240752000186], [34.98604442800007, 32.123311742], [34.986024827000165, 32.123470510000175], [34.98593417300009, 32.12363859200008], [34.9858685480001, 32.123794881000094], [34.98586621300018, 32.123802626000156], [34.9858420810001, 32.12386725200014], [34.985817209000174, 32.12393386200017], [34.98570890700012, 32.12420801500019], [34.98566526900004, 32.12444564700013], [34.985609034000106, 32.12462111700006], [34.98553955600005, 32.12486236600006], [34.985526161999985, 32.1250560900001], [34.985495638000145, 32.12521328600013], [34.985452319000046, 32.125388780000094], [34.98539062700007, 32.12569514000006], [34.98532562800011, 32.12593273300007], [34.985286484000085, 32.12609358100008], [34.98525163700009, 32.126258097000175], [34.98525965800013, 32.126495821000105], [34.98527220200015, 32.126645768000174], [34.98527614500017, 32.12679203700014], [34.98529704700013, 32.12704443900003], [34.9852750230001, 32.127245613000184], [34.985262089000116, 32.127387623000175], [34.98525725800016, 32.12759982000006], [34.98523942100019, 32.127848489000144], [34.985243112000035, 32.12809705500007], [34.98525134300007, 32.1282508000001], [34.98527253300006, 32.12838610900019], [34.985323541000184, 32.12858361100001], [34.985348759000146, 32.12883235600009], [34.98537414700013, 32.12901163600003], [34.98540004300014, 32.12918696800011], [34.98542121500009, 32.12932974600005], [34.98544222700008, 32.129538185000115], [34.9854717660001, 32.129779609000025], [34.985492851000174, 32.12995888200004], [34.98551832000004, 32.13010518700014], [34.98556489900011, 32.13035397200002], [34.985693489000084, 32.13051877999999], [34.98584799400015, 32.130716469000106], [34.98599374200012, 32.130906952000146], [34.986114743000144, 32.13106047400004], [34.986281963000124, 32.131272837000154], [34.986449240000184, 32.13146336000017], [34.98656076400016, 32.13156585600012], [34.986693852000144, 32.13171968300014], [34.986822444000154, 32.13188449100011], [34.986976842000104, 32.132060333000084], [34.98707122500019, 32.132264815000156], [34.98716551400008, 32.13244055400003], [34.98736136500008, 32.13266283100006], [34.987472045000175, 32.13277321600003], [34.98760729300017, 32.132925353000076], [34.987736429000165, 32.13307240700016], [34.98786555100003, 32.13322467500018], [34.98798228200019, 32.13336635100018], [34.98819746400005, 32.13360782300009], [34.98833271700016, 32.13376010000013], [34.98846185300016, 32.13390715400004], [34.98860938800004, 32.13404888400004], [34.98870177700013, 32.13425787000011], [34.98865839000018, 32.13439405100013], [34.98863660900008, 32.134465013000124], [34.98862584000017, 32.13450009500019], [34.988608647000035, 32.134556430000146], [34.988540366000166, 32.13471356000014], [34.98849810500013, 32.134795633000124], [34.98847631800004, 32.13483783700008], [34.98839178500003, 32.135001593000084], [34.988267596000185, 32.13533687000006], [34.98817453700019, 32.13560400600011], [34.988068957000166, 32.135913109], [34.98795720900017, 32.136237842000185], [34.98793201000012, 32.136452681000094], [34.98786993500005, 32.13664561300004], [34.987826416000075, 32.13683421000013], [34.987770249000164, 32.137048993000064], [34.98770811800006, 32.137263764000124], [34.98768285400013, 32.13750481300008], [34.98765751200011, 32.13777742200017], [34.987620017000154, 32.13800801800005], [34.98760087800008, 32.138249076000136], [34.98757581900003, 32.138406284000155], [34.987668018000136, 32.13855834400016], [34.987945304000164, 32.13860082600007], [34.98813029700011, 32.13859594100012], [34.98830283300015, 32.13860667100016], [34.988623405000055, 32.13862301900008], [34.988863800000104, 32.13864965300013], [34.988999252000156, 32.13872330400011], [34.989153050000084, 32.13888082500006], [34.989282923000076, 32.139068883], [34.9893380960001, 32.13919480900012], [34.98938710300018, 32.139336366], [34.98944224900009, 32.139472721], [34.98948495000019, 32.13961961900009], [34.98954616300017, 32.13978219300003], [34.9895890680001, 32.13991331100004], [34.989650342000175, 32.14004967600005], [34.989687108, 32.14018599700006], [34.98973614000016, 32.140317126000184], [34.98977885400018, 32.14045881200019], [34.989858463000076, 32.14068426199998], [34.98991968700017, 32.14084162100016], [34.989981158000035, 32.1409675590001], [34.990023898000175, 32.14109867600018], [34.990102230000105, 32.141234928000074], [34.990198176000035, 32.14141729000005], [34.9902246420001, 32.14156768200007], [34.99028863100017, 32.14174547700014], [34.9903469840001, 32.141927773000134], [34.990448004000086, 32.142199009000024], [34.99045064600011, 32.14220610200016], [34.990464138, 32.14224233900006], [34.990388753000104, 32.14239255600012], [34.990311235000036, 32.14246470500012], [34.990296632000025, 32.14247831600011], [34.990281358000175, 32.14249255200002], [34.99025673400007, 32.142541970000025], [34.99023309700016, 32.142589410000085], [34.99019515300006, 32.14266557500008], [34.99004916200016, 32.1429055640001], [34.989909130000115, 32.143146832000184], [34.98984848700013, 32.14322746400012], [34.9898203570001, 32.14326485300006], [34.989758601000176, 32.14334693600006], [34.989613499000086, 32.14356086000015], [34.98949509500005, 32.1437610210001], [34.98936593400009, 32.14395679500012], [34.989247728000066, 32.144143287000134], [34.989150733000145, 32.14432530900007], [34.989037825000025, 32.144511951000084], [34.988924750000024, 32.14469859500008], [34.98878871100004, 32.14492986400012], [34.988697290000175, 32.14506638200004], [34.98857351600009, 32.14529386900011], [34.98849819100013, 32.14541674600008], [34.98839593500003, 32.145580580000114], [34.988288359000194, 32.14575356300014], [34.988191612000094, 32.14589909000017], [34.98807324700016, 32.14608121400016], [34.98797634600004, 32.14622222900016], [34.98790102100014, 32.146345108000105], [34.98783113500019, 32.146477154000024], [34.987696770000184, 32.14670039400005], [34.9875841060001, 32.14691972700018], [34.98748752600011, 32.147063562000085], [34.98738185000008, 32.14720357700003], [34.98730361500009, 32.14736308200014], [34.98717721200018, 32.14758013800002], [34.987094366000065, 32.14772808300006], [34.98696572600011, 32.14791089], [34.98686455800009, 32.14803527100008], [34.986781731000065, 32.14817532600006], [34.986703564000095, 32.14830763900005], [34.98657603200019, 32.148512366000034], [34.98657187100008, 32.14851904600005], [34.98656554900009, 32.148529322], [34.98643248100012, 32.14862645000005], [34.98614387700002, 32.14859479400013], [34.985850687000095, 32.14860977000012], [34.98563069000011, 32.14862896300019], [34.98541998700017, 32.14864028100004], [34.98517253900013, 32.14864364300013], [34.984911291, 32.148666564000166], [34.98463182800009, 32.1486894520001], [34.984402731000046, 32.14870453900005], [34.984182746000045, 32.14871978400015], [34.983993542, 32.14874438300012], [34.9839676950001, 32.148747719000085], [34.98364658500003, 32.14880054499997], [34.983635314000026, 32.14880447000007], [34.983362628000066, 32.14889810100004], [34.98307846500006, 32.14894422800006], [34.982890582000095, 32.14897122500008], [34.98259734700008, 32.14900183200001], [34.982404882000026, 32.14900542800018], [34.98220327200005, 32.14902450800014], [34.98191456800015, 32.14903173300013], [34.981474877000096, 32.14901529200006], [34.98119533400012, 32.14900322700004], [34.98093880100015, 32.14899486800016], [34.98069600700012, 32.14899062000018], [34.980489845000136, 32.1489746040001], [34.980161293000094, 32.148956106000185], [34.9799688760001, 32.14894025299998], [34.97959340200009, 32.14887714400004], [34.97932766400015, 32.148841711000046], [34.97919569500016, 32.148893744000134], [34.97917269400011, 32.14890280000003], [34.97912125400012, 32.14892305500018], [34.978937760000065, 32.1490474200001], [34.97889302200008, 32.149086712000155], [34.97886571600014, 32.14911069500005], [34.978822889000014, 32.1491483800001], [34.978662276000136, 32.149261091000085], [34.97852919800016, 32.149358211000106], [34.97837322400005, 32.14947078800009], [34.97824926400011, 32.14956398200019], [34.97811617400009, 32.149665046], [34.97797380800006, 32.14976609400003], [34.977849866999975, 32.149851537000075], [34.977601986000025, 32.15002241900004], [34.9774644310001, 32.15011953200013], [34.97733118400015, 32.15021665100011], [34.97718322600019, 32.15036742800004], [34.97694390600009, 32.150556079000125], [34.976719716, 32.15072305700005], [34.976553922000164, 32.15085210300009], [34.97632977700016, 32.15100006000017], [34.97614146700005, 32.151125114000024], [34.975899346000176, 32.151307278], [34.97570222600001, 32.151443871000026], [34.975406400000054, 32.15164100900017], [34.97523149200015, 32.151770033], [34.97500281400005, 32.15194080600003], [34.97473781400015, 32.152129968000054], [34.974594287000116, 32.15222847500013], [34.974419417000036, 32.152342282], [34.97439266400005, 32.152376331000085], [34.97438920900004, 32.15238071599998], [34.974302762000036, 32.1524904370001], [34.97435160800018, 32.15262368500015], [34.97440491500009, 32.15276060500008], [34.97449395900014, 32.152977626], [34.97455167300012, 32.15314132700013], [34.97461823000003, 32.15334294700011], [34.97468484700016, 32.153521883], [34.97475167200008, 32.15368560100006], [34.97480499000005, 32.15381871600016], [34.974903525000116, 32.154081126], [34.975001477000035, 32.15431324200006], [34.97507267500009, 32.15445033500009], [34.97521066200005, 32.15470168900009], [34.97529100200012, 32.154827245000035], [34.975442493000116, 32.15504438300002], [34.97552716900003, 32.155158676000156], [34.97562537900018, 32.1552918750001], [34.97571900800017, 32.155402378000076], [34.975866069000176, 32.15560429100003], [34.97595120400018, 32.155733097000166], [34.97608957700004, 32.15590075100005], [34.97620991300005, 32.15606076200004], [34.976321492000125, 32.15621314900011], [34.976415076000194, 32.15634253600007], [34.976504187000046, 32.15647205200014], [34.976593435000154, 32.15661298300017], [34.97667807400012, 32.15674249200015], [34.976807301000065, 32.15692520700003], [34.97688319100013, 32.157043286000146], [34.97696779000012, 32.1571887180001], [34.977070222000066, 32.15742083900005], [34.977143382000065, 32.15757005500012], [34.977205331000164, 32.15770008400011], [34.977238929000066, 32.15783978500008], [34.97728357200015, 32.158128585000156], [34.977294418000156, 32.15829219699998], [34.97728247400005, 32.15855693700007], [34.97724211700017, 32.158792739000035], [34.977207815000156, 32.15892738000008], [34.97715682100005, 32.15899915300008], [34.97712302999997, 32.15904671200019], [34.97708845000017, 32.1590955420001], [34.97695219400009, 32.15926381200018], [34.97680004900019, 32.159488840000165], [34.976692992000096, 32.159638423], [34.97651634400006, 32.15985875300015], [34.97642786, 32.16000033800003], [34.97625138300009, 32.160153600000115], [34.976147582000124, 32.16025964800019], [34.97598489600017, 32.16039715199997], [34.975854667000135, 32.16060178600003], [34.97573844200019, 32.16070795100006], [34.97552461700019, 32.1609558290001], [34.975403679000124, 32.161089464999975], [34.97520850800004, 32.161297922000074], [34.975096980000046, 32.16144340900013], [34.97498985400006, 32.161616663000075], [34.974885399000016, 32.16171834300013], [34.974860423999985, 32.16174264400013], [34.97480402700006, 32.16179751900012], [34.97472022300002, 32.161919528], [34.974597415000176, 32.162071617000095], [34.974544791000085, 32.162122023000165], [34.97447702300019, 32.162186936000126], [34.97442089400005, 32.162240655], [34.97426759200016, 32.16239804200018], [34.974132839000106, 32.16249233500008], [34.973984340000186, 32.16258660500006], [34.97383104300019, 32.16267691800016], [34.973654724000085, 32.16276718900008], [34.97342723100019, 32.16291640100019], [34.97322763400007, 32.163038192000045], [34.973088255, 32.16312852900012], [34.97287008300009, 32.163258174000134], [34.972693803000084, 32.16333266000004], [34.97252191300004, 32.1634387200001], [34.97220848500007, 32.16363440800018], [34.97201351700011, 32.16376014800005], [34.97184164599997, 32.16385831700012], [34.971600218000106, 32.164011444000096], [34.97143780800013, 32.16410174000009], [34.971261298000115, 32.16419989700012], [34.97105704800009, 32.164325618000134], [34.97090391400019, 32.16441593000013], [34.970630008000114, 32.16457294000003], [34.970582321000165, 32.16462780300003], [34.97057824700016, 32.164632503000064], [34.97047647599999, 32.164749906000054], [34.970471474000135, 32.16488784500001], [34.9704754980001, 32.165120347000084], [34.97048442200014, 32.16525422300015], [34.97053434600019, 32.16548258600011], [34.970631013000116, 32.16569948400013], [34.97068631700006, 32.165833590000034], [34.97073228600004, 32.16599121200011], [34.970810411, 32.16620412900005], [34.970870232000095, 32.16638544700015], [34.97072162700016, 32.16651521900002], [34.97055900600009, 32.16662129400004], [34.97039650400012, 32.166743007000036], [34.97017825100011, 32.16690026600003], [34.97000178600018, 32.167041678000146], [34.96979082000013, 32.16719824300009], [34.96968246600005, 32.16728343300019], [34.96966084100012, 32.16730043400008], [34.96962683800007, 32.167324279000184], [34.969470477000186, 32.167433928000094], [34.969233480000184, 32.16759889800011], [34.9690989020001, 32.167685437000046], [34.96891784500008, 32.167807114000084], [34.968773752000175, 32.16792111100017], [34.968653066000115, 32.1680154280001], [34.96849040600017, 32.168133333000185], [34.968279295, 32.16828073700009], [34.96815364600019, 32.16837236600014], [34.96802801900003, 32.1684566670001], [34.9678676690001, 32.16857753600004], [34.967676981000125, 32.16870581500012], [34.967508078000094, 32.168804686000044], [34.96738673500005, 32.16889632200014], [34.96724815400006, 32.16899172900014], [34.96706280900008, 32.16907960200001], [34.967057234000094, 32.16908224500014], [34.967001335000134, 32.169108766000136], [34.96667269700015, 32.169097140000076], [34.96643833100012, 32.16908076300001], [34.966027400000144, 32.16905361400018], [34.96559592400013, 32.169026990000134], [34.96541041700016, 32.16901535500011], [34.965158663000125, 32.16899598200001], [34.96491568199997, 32.16898057100008], [34.96462848900012, 32.16895746600005], [34.96440702200016, 32.168949705000045], [34.964387322000164, 32.16894901200004], [34.964288253, 32.16894552800011], [34.96424484900018, 32.16897490300016], [34.964240913000026, 32.168977567000184], [34.964111170000024, 32.169065373000024], [34.96412848900013, 32.16921561100003], [34.96415880200004, 32.16939969500015], [34.96417611099997, 32.169553599000096], [34.96420197700019, 32.16979023000005], [34.96421941200009, 32.169958365000184], [34.964227755000024, 32.170119858000135], [34.96424958700004, 32.17025503100001], [34.964266528999985, 32.17048417700016], [34.96428794200011, 32.17077335600004], [34.96432245800008, 32.17105889800018], [34.964330761000156, 32.171235329000126], [34.96435665000007, 32.171523814000125], [34.96436937600009, 32.171719134000114], [34.964386594000075, 32.17190699600019], [34.96439938000009, 32.17207977100003], [34.96441664900016, 32.17224875000005], [34.96443816300018, 32.17244028400012], [34.96445965100003, 32.1727032550001], [34.96447513400011, 32.17285898600011], [34.96448800100006, 32.173001750000026], [34.96449627300018, 32.17318959400012], [34.96434148300017, 32.17327186000017], [34.96417787900015, 32.17330535800011], [34.963992032000135, 32.173353745999975], [34.963775402000124, 32.17339094300013], [34.96341739600018, 32.1734502650001], [34.96323607400012, 32.173480063000056], [34.96304594999998, 32.173517170000025], [34.96290964899998, 32.173544731000106], [34.9628603000001, 32.17355470900003], [34.962696694000044, 32.17358778000016], [34.962427029000025, 32.17363233800012], [34.96209537500016, 32.17368804400013], [34.961841616000186, 32.173731365000094], [34.96183224300006, 32.17373297600011], [34.96181244500019, 32.17373638000004], [34.96168845500006, 32.173822510000036], [34.96156887400019, 32.17393105200017], [34.96143399400006, 32.17406168800011], [34.96123018300011, 32.17425657900003], [34.96119932900007, 32.1742877210001], [34.96116024200012, 32.1743271740001], [34.961092792000045, 32.174395238000045], [34.96095543200005, 32.174522766999985], [34.960813776000066, 32.17464634300012], [34.960667429000125, 32.17478879000009], [34.96054782699997, 32.17490494000009], [34.960428236000155, 32.17501742600018], [34.96031313500009, 32.175122312000155], [34.96012692300013, 32.175302160000115], [34.959998455000175, 32.175448447], [34.95985210700013, 32.17559074999997], [34.95963385700003, 32.17579251600017], [34.959576379000055, 32.175848481000116], [34.95957009500012, 32.175854620000166], [34.95946109000005, 32.17596111600011], [34.95944742100005, 32.176111294000066], [34.95941594400006, 32.17629159000006], [34.95939791500007, 32.176460499000086], [34.9593619310001, 32.17665191800006], [34.959334979000175, 32.17681334200006], [34.959323872000084, 32.1769034940001], [34.95931836900007, 32.17694815600004], [34.95930345700003, 32.17706874100014], [34.95924941400011, 32.17738088000016], [34.959222194000176, 32.17751834900008], [34.95918787400018, 32.17770723700005], [34.959153359000084, 32.17790682800012], [34.959139925000045, 32.17797176200003], [34.95912615500015, 32.17803852200018], [34.95910901500014, 32.17815429300009], [34.959105390000104, 32.17817882200006], [34.95910311200009, 32.17820432800005], [34.9590893190001, 32.178358726000056], [34.9590891470001, 32.17836098200007], [34.959077686000114, 32.17849087200017], [34.95906742900007, 32.17854524300009], [34.95905539000006, 32.178609143000074], [34.959046916000034, 32.17865412100008], [34.95903295100004, 32.17879161600018], [34.959005627000124, 32.178966285000115], [34.95897802100012, 32.17912319800007], [34.95894710800013, 32.179337876000034], [34.958899296000084, 32.17955266200005], [34.95887538000005, 32.179692955000064], [34.958831057000054, 32.179844622000076], [34.95879694900009, 32.18001631800007], [34.958766160000096, 32.18018534300012], [34.95871771400016, 32.180508342999985], [34.95869334000014, 32.180814763000114], [34.95866258500013, 32.180972233000034], [34.95862829900017, 32.18114688800017], [34.95858397300003, 32.18135872100004], [34.958535875000166, 32.18161577700016], [34.95849490400002, 32.181813243000136], [34.95845721000012, 32.18202227100005], [34.95842264600009, 32.18229710900005], [34.95838853500004, 32.18246894500004], [34.95836107900004, 32.18263220100005], [34.95831680400005, 32.182824025000116], [34.958285655000054, 32.18300389700005], [34.95825132300007, 32.183195601000136], [34.958230662, 32.18335605100009], [34.95819658400006, 32.183516333], [34.958175933, 32.183673825000085], [34.95814153700019, 32.18388863600018], [34.95811411800014, 32.18403709500012], [34.958083321000174, 32.18420879700011], [34.958045705000075, 32.18438922100012], [34.95800807400008, 32.18457528300007], [34.95797033000014, 32.18480150000005], [34.95794305100014, 32.184958976000075], [34.95791208700007, 32.18519084500019], [34.95786748100011, 32.1854422720001], [34.95785020400018, 32.18557694400005], [34.957833071000096, 32.18572006800002], [34.957808947000046, 32.185874735000084], [34.95776790000008, 32.186097986], [34.95772055700019, 32.18626035500006], [34.95769499300019, 32.186396981000144], [34.957654170000126, 32.18659768900005], [34.957618296000135, 32.186866747000124], [34.95756703400019, 32.18718706300018], [34.95752618500006, 32.18745611000014], [34.95747512700012, 32.18770372000017], [34.957434315000114, 32.18795994200008], [34.95737772700005, 32.18822853700016], [34.95732666800018, 32.18847614400016], [34.957265426000106, 32.188809261000074], [34.95721439800013, 32.18910379300013], [34.95715824500019, 32.18939422500017], [34.95710740900006, 32.18962055800017], [34.95707143700014, 32.189863971000136], [34.957050875, 32.190047529000026], [34.9570519990001, 32.19008043600019], [34.95705271300017, 32.19010135800016], [34.95705622300011, 32.190209298000184], [34.957058988000085, 32.19022818600018], [34.957059332000085, 32.19023049300006], [34.957075903000145, 32.19034164800013], [34.95714593100007, 32.19048283500018], [34.95728619300013, 32.19063261800005], [34.95743152000017, 32.19080805599998], [34.95752679500015, 32.190927877000036], [34.95768197400008, 32.191137433000165], [34.95784232200003, 32.19133431800003], [34.957932461000155, 32.19145398800015], [34.958027726000125, 32.19157803500019], [34.95819796900008, 32.191791988000034], [34.95835517400019, 32.19198788099999], [34.95855565000011, 32.19223599500009], [34.95866581700005, 32.19236443900007], [34.95876110800003, 32.19247989100006], [34.958856233000176, 32.19259548100018], [34.95894635300016, 32.19272374500014], [34.95905171499999, 32.19285217900011], [34.95923386700014, 32.193043458000034], [34.959238584000104, 32.19304841200011], [34.95924310400011, 32.1930623770001], [34.959296909000045, 32.19322860500017], [34.959331710000185, 32.193408047000105], [34.959376485000064, 32.19357468600009], [34.95960271800004, 32.193558088000145], [34.95975870800015, 32.193536983000115], [34.96009244600003, 32.19358357300007], [34.960096614000065, 32.19358415500011], [34.960100423000085, 32.193584728000076], [34.96009983800013, 32.19373732700018], [34.96008399400006, 32.19401501800013], [34.96008100000017, 32.19407870099997], [34.960077338000076, 32.19415377300015], [34.960073275000184, 32.19423706300012], [34.96007883300007, 32.19438861500004], [34.96007994700017, 32.194419006000146], [34.960082675000024, 32.194493388000126], [34.96007649100005, 32.194873539000184], [34.96007597400012, 32.195061505000126], [34.96008790600001, 32.19530050499998], [34.96013804500018, 32.1955667740001], [34.960205368000175, 32.19573162500012], [34.96028550600005, 32.19587565000006], [34.9604075630001, 32.19614220300019], [34.96052543000019, 32.196365491], [34.960643346000154, 32.19663189700003], [34.960723554000026, 32.196750838000185], [34.96080354700018, 32.19688767400015], [34.960887771000046, 32.19705340700011], [34.96104052700008, 32.19736609700004], [34.9612222180001, 32.19752116900008], [34.961378874000104, 32.19756107500018], [34.961581819000116, 32.19764066700003], [34.96173830599997, 32.197741723000036], [34.96184375100012, 32.19790383100013], [34.96189808000008, 32.1981557360001], [34.96198216900018, 32.19837177], [34.962091621000184, 32.19858433000019], [34.96221418900018, 32.19872843600001], [34.96237705400006, 32.198861209000086], [34.96257990300006, 32.19897673000014], [34.96279979500014, 32.19910299100019], [34.96301536900006, 32.19923304800005], [34.96326921200017, 32.19936656400006], [34.963497545000166, 32.19949650300009], [34.96370039900006, 32.19961216300004], [34.96391615900018, 32.199734891000105], [34.96412744700007, 32.19985761300012], [34.96430509400011, 32.199980265000136], [34.96452069200018, 32.200102994000076], [34.96466451200018, 32.200171614000055], [34.96491706000012, 32.200296668000135], [34.9650439400001, 32.20037976700013], [34.96528922100009, 32.20049536600004], [34.96548840500003, 32.20055944400019], [34.96555167300011, 32.20057972400008], [34.96556802200013, 32.20058496399997], [34.965585268000154, 32.20059049200012], [34.965780155000175, 32.20061406200011], [34.96581888700018, 32.200618746000146], [34.96586590100003, 32.20062443200004], [34.96587335700008, 32.20062543200015], [34.96604268900006, 32.20063703500011], [34.966059096000095, 32.20063636300006], [34.966066887000125, 32.20063609600015], [34.96609915800019, 32.200634773000104], [34.96624406000012, 32.20062883100013], [34.96649529400014, 32.20062650100016], [34.96676192300009, 32.200629978000165], [34.96720148100019, 32.20060279000006], [34.96745594700013, 32.20056946700004], [34.967510371000174, 32.20057084000007], [34.967546589000165, 32.20057175400012], [34.967693901000075, 32.2005755620001], [34.967938289000074, 32.20059294200013], [34.96813625200019, 32.200618829000064], [34.96815823300011, 32.200621718000036], [34.96819936900016, 32.20062712400011], [34.96845698300018, 32.200655660000166], [34.968531905000134, 32.20066539900017], [34.96857029600005, 32.20067039000014], [34.96867499300009, 32.20068412], [34.96886917500018, 32.200698583000076], [34.96887315200007, 32.200698871999975], [34.96894220900015, 32.20070543800017], [34.96914088500006, 32.200724327000046], [34.96942072200005, 32.20074783200016], [34.96954739800003, 32.200775589000045], [34.96957706900014, 32.200782091000065], [34.969731096000146, 32.200815780000084], [34.96990942500008, 32.20087234300007], [34.97010079500012, 32.20094851600004], [34.97027916100012, 32.200990987000125], [34.970474188000026, 32.20099967600004], [34.97074516700013, 32.20098906200019], [34.97095678300008, 32.20092760600011], [34.970998254, 32.2009126100001], [34.97102096900005, 32.20090842400009], [34.97104735500011, 32.20089480700011], [34.97111884700013, 32.20086901800005], [34.97140997000014, 32.200760088000095], [34.97162084400003, 32.20066594300005], [34.971868895, 32.200551294000036], [34.97210939900003, 32.200470027000165], [34.97217462100008, 32.200448032000054], [34.972232802, 32.200428411000075], [34.972385942000074, 32.200392316000034], [34.9724807020001, 32.200369982000154], [34.97250491000017, 32.20036566000016], [34.972844455000086, 32.200306136], [34.97312540900009, 32.200281304999976], [34.97338645800011, 32.20026503100007], [34.97361448200013, 32.20026546100013], [34.973834744000044, 32.200320546000114], [34.974112034000086, 32.2004305530001], [34.9743100340001, 32.20050673300017], [34.97445870800016, 32.200560414999984], [34.974663427000166, 32.20060279000006], [34.974987221000106, 32.20060903300009], [34.97525805400005, 32.20065448900016], [34.975436270000046, 32.20075585100017], [34.97564404100012, 32.20089940000008], [34.97576278500014, 32.20099233700006], [34.97587486000009, 32.20110203100006], [34.976000048000174, 32.201203293000106], [34.97614527100018, 32.20131022900006], [34.9763082880001, 32.201458905000095], [34.97647640400015, 32.20162210500007], [34.97664239, 32.20177323500019], [34.97664636600018, 32.201776855000105], [34.97667414200015, 32.20180212800017], [34.97680584400001, 32.20194835000018], [34.976882924, 32.20206896800005], [34.976887699000144, 32.202081094000164], [34.976889340000184, 32.202085287000045], [34.97697150000005, 32.2022951460001], [34.97712689600013, 32.20250806000013], [34.97731064200008, 32.202717082], [34.97753226600008, 32.20289010100004], [34.97768933900005, 32.20296704499998], [34.977692995000154, 32.202967939000075], [34.977919218000125, 32.20302326900003], [34.9781883710001, 32.203079989000116], [34.97835827800003, 32.20312835100003], [34.97851877, 32.203164861], [34.97881160300017, 32.20322951300005], [34.97897211500015, 32.20325799000017], [34.979156306000164, 32.20329440100011], [34.97945241999997, 32.20337244300015], [34.979660184000124, 32.203392833000066], [34.979972021000094, 32.2034135560001], [34.980241175000174, 32.20340601800018], [34.98042085000003, 32.20339423000007], [34.98058146600016, 32.2033825470001], [34.980945317000135, 32.20334714000012], [34.98110565800016, 32.20344367100017], [34.981379304000086, 32.20356055999997], [34.98160592400018, 32.20366129600018], [34.98178982000013, 32.20374997900012], [34.98194095200017, 32.20381845200018], [34.98218629000007, 32.203923311000096], [34.98241748300012, 32.20405209600017], [34.98260614800017, 32.204156849000015], [34.98276644300017, 32.20427352799999], [34.98287265300007, 32.204387764000046], [34.98287536100014, 32.204390676000116], [34.98294213200006, 32.20446251700008], [34.98310017800003, 32.20461793900017], [34.98329804000019, 32.20482176400009], [34.98342114700017, 32.20496514700011], [34.983510652000064, 32.20509240600006], [34.983611433000135, 32.20521658500013], [34.9837456840001, 32.205410853000046], [34.98386511400008, 32.20556676900014], [34.98395203500007, 32.20565745500005], [34.98395751600009, 32.20566317300012], [34.98399950200019, 32.20570693000013], [34.98414124200019, 32.20588839000004], [34.984284077000154, 32.20609803100007], [34.98443327399997, 32.206279502000086], [34.9845824520001, 32.20647055800009], [34.98468308500014, 32.20665518300018], [34.98481733000017, 32.20678971199999], [34.984821128000135, 32.206793518000154], [34.98483236800013, 32.2068048110001], [34.98490580800018, 32.206796488], [34.984930858000155, 32.20679362800013], [34.98507954100006, 32.2067766510001], [34.98510110500007, 32.206774623000115], [34.98515745200007, 32.206769323000174], [34.98528094800014, 32.20675756800017], [34.985602881000034, 32.206723202000035], [34.98576384200015, 32.20670756800013], [34.986048270000026, 32.20669215400011], [34.986359058000176, 32.20667368600016], [34.98664217400017, 32.20665319800008], [34.98665841700017, 32.206651956000144], [34.986660890999985, 32.206651831000045], [34.98684190200015, 32.20664270300017], [34.98714102800005, 32.20671636400016], [34.98732336200004, 32.20679575500009], [34.98732429500018, 32.20679616100011], [34.98736022600008, 32.206808484000135], [34.98751819900008, 32.206862732], [34.98768011500016, 32.206930793000026], [34.98771770800016, 32.20694185100007], [34.98772985000011, 32.20694540500017], [34.98784655500003, 32.20697956200007], [34.98798474300014, 32.20705885300015], [34.988146698000094, 32.20711155599997], [34.98834722100008, 32.20718363200007], [34.98843123300014, 32.20722418000008], [34.988445383000055, 32.207231009], [34.98852037000012, 32.20726721400007], [34.98868904600005, 32.207350928000096], [34.98882941900018, 32.20741796300001], [34.98883873400018, 32.20742240800013], [34.98888040400004, 32.20744229100006], [34.988931251999986, 32.20747942000003], [34.988942111000085, 32.207487349000075], [34.989007955000034, 32.207535514000085], [34.98915596800015, 32.20766568800019], [34.989191324000046, 32.20770208300007], [34.989196967000055, 32.207707892000144], [34.989276647000054, 32.207789897000055], [34.989370517000054, 32.20789813700014], [34.98946837100016, 32.20800483500011], [34.98964590500009, 32.2081950860001], [34.98974808200012, 32.20836392900014], [34.98982766800009, 32.20848609300015], [34.989957318000165, 32.20867048200017], [34.9900371330001, 32.208835201000056], [34.99012811900019, 32.20897302500009], [34.990246275000175, 32.209182475000034], [34.990344112, 32.209297063000065], [34.99043715300019, 32.209475471000076], [34.99054922400012, 32.20966532400007], [34.99062639800013, 32.20982637499998], [34.99072625800005, 32.209995212000024], [34.990794281000035, 32.21017160400004], [34.99085551200005, 32.21034615000008], [34.99091894700007, 32.21049942500008], [34.990982880000104, 32.21065439200004], [34.991048699000146, 32.21078230800015], [34.99115085400018, 32.210962844000164], [34.9911733940001, 32.21110040700006], [34.991218528000104, 32.21128267700004], [34.99124329199998, 32.21146096400014], [34.99124733300005, 32.21170896300015], [34.99126250300009, 32.21201517500009], [34.991273615000125, 32.212148915000114], [34.99129814600008, 32.21235439700007], [34.99135088500009, 32.21254626100017], [34.991443945000185, 32.212719032000166], [34.9915782110001, 32.21284903800006], [34.99171036100017, 32.212963685000034], [34.99184692500012, 32.21310341900005], [34.99196289700012, 32.213260588000026], [34.99198940500003, 32.21330532900009], [34.991989639, 32.21330572400018], [34.99204939500015, 32.213406716], [34.992149708000056, 32.21352736400007], [34.99226533300009, 32.21362197300016], [34.99239289400009, 32.21371674000011], [34.992447812000194, 32.21375327100003], [34.99244832800002, 32.213753614000154], [34.99254165700006, 32.213815491], [34.99269997400006, 32.21394032600011], [34.992817891000186, 32.214047056000084], [34.99293135300013, 32.214145744000064], [34.993049277000125, 32.21425035900012], [34.99314362700011, 32.21437113700017], [34.993255454000064, 32.214530131000174], [34.993363874000124, 32.21465882400008], [34.99345592000009, 32.214773540000124], [34.99355736700005, 32.21490644700003], [34.99361062700001, 32.21498718100014], [34.99361087600016, 32.21498755900018], [34.99365166500007, 32.21504920500013], [34.993793172000096, 32.215204164000056], [34.99391355500006, 32.21532104100004], [34.99408495900019, 32.215449559000035], [34.99416259100002, 32.21549295200015], [34.99416277000017, 32.21549305200017], [34.99422201400006, 32.215526166000075], [34.994375590000175, 32.21562492400005], [34.994580984000095, 32.21574983700003], [34.99476056300011, 32.21585666900012], [34.994902410000066, 32.21593934300006], [34.99502751900019, 32.21602198800008], [34.995192793, 32.21615077600006], [34.99535345400005, 32.21626772200011], [34.99554622200003, 32.21640641900018], [34.995714025000154, 32.21651717700007], [34.995898226, 32.21663402000007], [34.99603754900011, 32.21673275000006], [34.99615568400003, 32.216821441000036], [34.99633291400011, 32.216942359000086], [34.996493410000085, 32.21706113200008], [34.99668006100018, 32.21719404200002], [34.996782594000024, 32.21726980300019], [34.996799522000174, 32.21728231100013], [34.99683244800008, 32.217306603000054], [34.99696003500003, 32.21739333599999], [34.997097020000126, 32.21750206600012], [34.99725293600005, 32.21759476500006], [34.99743004200013, 32.21769947500019], [34.997600177000095, 32.21780840200006], [34.99777032000003, 32.217913101000136], [34.99781898000015, 32.21794404100018], [34.997822184000086, 32.217946080000104], [34.997900241000025, 32.217995751000046], [34.998044774000164, 32.218137745000035], [34.99810027600017, 32.21821773200003], [34.998101542000086, 32.218219555000076], [34.99816883300008, 32.218316482000034], [34.998266184000045, 32.21843486500012], [34.99835761300005, 32.21860340100005], [34.99847254200006, 32.21878973200006], [34.99866461200014, 32.21894589600004], [34.99877753300012, 32.219068392000054], [34.998901643000124, 32.21915666700016], [34.99904937600019, 32.219277531000046], [34.99926809100003, 32.21945388900008], [34.99943055900019, 32.21958238600013], [34.999601958000085, 32.21972104400004], [34.999821992000136, 32.21989923500013], [35.00000513700013, 32.22004791500018], [35.00019425000005, 32.220196463000036], [35.00035076, 32.22032255300019], [35.00054878800006, 32.2204861940001], [35.00076454100008, 32.220655077000174], [35.000882639000054, 32.22076334800016], [35.00109540900007, 32.22093222500018], [35.00126497200017, 32.22107778000003], [35.001404959000126, 32.221182706000036], [35.00144400100015, 32.221215885], [35.00154259800007, 32.221299465000186], [35.001643867000155, 32.22137529800017], [35.00165207400005, 32.221381460000146], [35.00171402300009, 32.22142797400005], [35.001926811000146, 32.22159177600014], [35.002104003000056, 32.22173537100019], [35.0022550650001, 32.221866345000024], [35.0022595050001, 32.221870194000076], [35.00226661900018, 32.22187640400006], [35.002327504000164, 32.22192624700017], [35.00243868300004, 32.22201689100001], [35.00262499700017, 32.222160500000086], [35.00277855999997, 32.222273901000165], [35.00298189200009, 32.222441491000154], [35.0031320060001, 32.22254121900005], [35.003306274000124, 32.22266169900007], [35.00338375500007, 32.22270226600017], [35.003385598000136, 32.22270323200007], [35.00346090700003, 32.22274269200011], [35.00361861600004, 32.22285525300009], [35.00377528400003, 32.22298880700015], [35.00397384900003, 32.22314131100018], [35.00408682200003, 32.223229064000066], [35.00409546500015, 32.22323577800006], [35.004145933000075, 32.22327488900004], [35.00432691500009, 32.223432861000106], [35.0046037350001, 32.22365059100002], [35.00478690200009, 32.22379545900009], [35.00491034000015, 32.223893307000026], [35.005062731000066, 32.22401360800012], [35.005239238, 32.22417171200004], [35.00540242400018, 32.224328235000144], [35.00540728800007, 32.22433290000009], [35.00541935200016, 32.22434912300008], [35.00542430900015, 32.22435575200018], [35.005435066000075, 32.224370227000065], [35.00557915700017, 32.22456412300011], [35.00568277900004, 32.22470139300009], [35.005788602000166, 32.22481795300013], [35.00592376800017, 32.225007409], [35.00602954000004, 32.22514848500015], [35.00612653600007, 32.225283771000136], [35.00627205100011, 32.22544168000013], [35.00639338700006, 32.22559025000004], [35.00652777600004, 32.22575758200003], [35.0066431410001, 32.22590769200019], [35.006741398000145, 32.22601247100005], [35.00674715700018, 32.22601861300018], [35.00676666900017, 32.22603935700016], [35.006879098000184, 32.22616917100004], [35.00701352800007, 32.226319595000064], [35.007145951000155, 32.226477482000064], [35.007278234000125, 32.22662423700001], [35.00728815200006, 32.22663623100016], [35.00742470200004, 32.22680257700006], [35.00756360500003, 32.2269548380001], [35.00768480000005, 32.22709396699997], [35.00780167900001, 32.227235060000055], [35.0079119450001, 32.227370367000105], [35.00803310300017, 32.22752640300007], [35.00814192200005, 32.2276408510001], [35.00827200100002, 32.22781000600003], [35.00836241800016, 32.22792653900012], [35.00844836500005, 32.22803940000017], [35.00856081500012, 32.22816160700006], [35.00868170600012, 32.22828988300017], [35.00883020000015, 32.22845385400018], [35.00896507200008, 32.22863217300011], [35.00910344800019, 32.22879894500005], [35.00927621300019, 32.22900804300008], [35.00936725100007, 32.229143316000034], [35.00951573100008, 32.22931588000006], [35.00968768500013, 32.22951722800002], [35.0097855460001, 32.22964081500004], [35.009957670000176, 32.22984216300017], [35.010068955000065, 32.22996873200009], [35.010160045000134, 32.23008103700005], [35.01030167900012, 32.230276558000185], [35.010453777000066, 32.23046293500005], [35.01055846500003, 32.230575122000175], [35.01073384200009, 32.23080521500009], [35.01091595900016, 32.230986428999984], [35.010898268000176, 32.2311154680001], [35.01089820900006, 32.23111588900008], [35.010895403, 32.23113575500008], [35.010723129000155, 32.231303297000125], [35.01050240800009, 32.23156263300007], [35.01039631200001, 32.231713089000095], [35.010458920000076, 32.231887912000104], [35.01053290900006, 32.23201427900017], [35.010664491000114, 32.232259381000176], [35.010766950000175, 32.232480482000085], [35.01082948400017, 32.232614161000015], [35.01094073600012, 32.23275763900017], [35.011106148000124, 32.23292290000012], [35.01125160400011, 32.23304205400018], [35.01145720800008, 32.23317356300015], [35.01158731400017, 32.23326296199997], [35.01179298100004, 32.233367557], [35.01201861900006, 32.23343597200011], [35.012170060000074, 32.233472564000124], [35.012435614000026, 32.23355795200007], [35.01258980100005, 32.23370388900014], [35.012746607000054, 32.233864345000086], [35.01291778700005, 32.234049200000186], [35.01294187500008, 32.23407625000016], [35.01295284399998, 32.23408856800006], [35.01303470300013, 32.23418042600002], [35.013132085000166, 32.23430147500005], [35.013308870000174, 32.23450071100018], [35.013361609000185, 32.234567300000094], [35.01336353800008, 32.234569737000186], [35.01346857400006, 32.23470245500016], [35.01356262799999, 32.23482885200008], [35.01365670400014, 32.23494552800014], [35.013776608000114, 32.23507690000014], [35.01388686600018, 32.23522361300013], [35.01403796800008, 32.23541801600015], [35.01419470100018, 32.23561496400009], [35.01424148800004, 32.23559784800011], [35.014243407000095, 32.2355971450001], [35.01438633200013, 32.23554481300005], [35.01464966600008, 32.23543348700008], [35.01484993200012, 32.23535616000015], [35.01517038900005, 32.23520124300006], [35.01535927300006, 32.23509712800006], [35.01549671100008, 32.23501730800018], [35.01578322000006, 32.23476764600014], [35.01590461600017, 32.23466891900006], [35.016070801000126, 32.23455744200015], [35.01629977500011, 32.23438786500009], [35.01654317400005, 32.23421591500005], [35.01668530300003, 32.23412455500011], [35.016756165000174, 32.23407900400019], [35.01676861200008, 32.234071555000185], [35.016981081000154, 32.23394464500018], [35.017183601, 32.23381772200008], [35.01746988999997, 32.23366767699997], [35.017512381000074, 32.233643225000094], [35.01753237700012, 32.23363172400013], [35.01762159600014, 32.23358040800014], [35.01777324600005, 32.23352005200013], [35.01798480400015, 32.23350826], [35.018233378000104, 32.233552323000026], [35.018288434000056, 32.23356692200008], [35.01829826900007, 32.233569530000125], [35.01848190300018, 32.23361822300018], [35.01876470500008, 32.23370362400004], [35.018938969000146, 32.23376701300003], [35.01912833400007, 32.23382465200012], [35.01933586500013, 32.23391430200007], [35.0194996620001, 32.233988525000086], [35.019653344000176, 32.234064988000114], [35.01982508999998, 32.234143594000045], [35.019986409000126, 32.23421570100004], [35.020134978000044, 32.23427905200003], [35.02028076000005, 32.23440777800005], [35.02022925800003, 32.23453831799998], [35.02021878100015, 32.234554787000036], [35.02021618900011, 32.23455886099998], [35.02011050000016, 32.2347249770001], [35.020035753000116, 32.23487295500007], [35.01998177600018, 32.23499912200009], [35.0198994000001, 32.235149202000116], [35.01983248100015, 32.23527971800007], [35.01978848400017, 32.235466914000085], [35.01979085500011, 32.23560148200005], [35.01981582400015, 32.23586712400015], [35.019817449000186, 32.23587401700013], [35.01982207000009, 32.23589362500013], [35.01985394600007, 32.23602837700008], [35.019892107000146, 32.23617215700011], [35.019912260000126, 32.2363636770001], [35.01992549700003, 32.2364545800001], [35.01992827600003, 32.2364737580001], [35.01994036700006, 32.23655718200007], [35.019965580000076, 32.236707426000066], [35.01998829900009, 32.23686203100016], [35.02001369900006, 32.237003678000065], [35.020033976000036, 32.23713644300011], [35.02005459400016, 32.23727119100005], [35.020060307, 32.23730852500012], [35.02006125800017, 32.23732881900003], [35.020076867000114, 32.23747397400007], [35.02011466000016, 32.23779191100016], [35.02014996700012, 32.238031503000116], [35.020157349000044, 32.23822751200004], [35.02013622600015, 32.23849519900011], [35.02013354000013, 32.23859100800013], [35.02013240700012, 32.238632996000035], [35.02012796600019, 32.23879756700006], [35.02013266100016, 32.23900879000007], [35.020134720000044, 32.23921127200009], [35.020095969000124, 32.23934845300016], [35.02006738300008, 32.239539900000125], [35.02005942900013, 32.23969643200007], [35.02005891100009, 32.23994245200004], [35.0200379850001, 32.24011657700015], [35.01996831500003, 32.240292742000065], [35.019867995000084, 32.24045815200009], [35.019772248000095, 32.24057749400015], [35.019681504, 32.24076194000014], [35.01964987100018, 32.24090293699999], [35.01963548000015, 32.24104438400008], [35.01951068800008, 32.241257524000105], [35.0194343070001, 32.24139168800019], [35.01934070200008, 32.2415952930001], [35.019235863000176, 32.241779718000146], [35.01916757000015, 32.24200942900006], [35.01914179100004, 32.24220369700015], [35.019152634000136, 32.24240746100014], [35.01928211100011, 32.24256828900013], [35.01929542200003, 32.242582687000095], [35.019300637000015, 32.24258832700019], [35.019453982000186, 32.242753137000136], [35.019572221000146, 32.24289718000006], [35.019764305000024, 32.24316815100019], [35.01986562700006, 32.24331456300007], [35.019952921000026, 32.24343220900005], [35.02004581300008, 32.243566492000014], [35.02015561000019, 32.24370573300007], [35.02018056600008, 32.24374310900015], [35.020182350000084, 32.24374578400011], [35.020248495000146, 32.24384494500009], [35.02034422500003, 32.24397218700011], [35.020451223, 32.2441018400001], [35.02057870599998, 32.24426703100016], [35.020660341999985, 32.244394110000144], [35.02077290300019, 32.24455970200012], [35.02085171800002, 32.244689313000094], [35.02102345800006, 32.24493897400009], [35.02111075500005, 32.24505661900014], [35.021291963000124, 32.24529868600018], [35.021390524000026, 32.24542099700011], [35.02149188500016, 32.24555303699998], [35.02166087200004, 32.24577394800008], [35.02181285400013, 32.2459587620001], [35.021905741000126, 32.246100369000146], [35.0220239730001, 32.24625159600015], [35.022128791000114, 32.24639477300019], [35.0222273550001, 32.246517225], [35.02231748100007, 32.24663008300013], [35.022427261000075, 32.24678129800009], [35.022520178000036, 32.24690853400017], [35.022621529, 32.24704536300004], [35.022796812000024, 32.247270508999975], [35.02293206200005, 32.247452899000166], [35.02307279300004, 32.24763051000019], [35.02316292100005, 32.247743369000034], [35.02334038700013, 32.247956962000046], [35.023455827000134, 32.24809860200003], [35.023577966000175, 32.248242804000085], [35.02358715400004, 32.24825365200007], [35.02359664000011, 32.24826844700016], [35.02367061600006, 32.24838383000019], [35.02381301800011, 32.24855761599997], [35.023826907000114, 32.24857456700005], [35.023843118000116, 32.24859431800019], [35.023859324, 32.24861420900015], [35.0239943470001, 32.248827880000135], [35.02402792600009, 32.249026887000184], [35.02403324300013, 32.24918245400016], [35.02403653500005, 32.2494356630001], [35.0240222110001, 32.24962839900002], [35.024011809000115, 32.249767879000046], [35.02399356000012, 32.24993327300007], [35.02398984700005, 32.249966098000186], [35.02398793200018, 32.2500896680001], [35.02398754500007, 32.25011644000017], [35.0239905250001, 32.25027961000018], [35.02398471200007, 32.25060678100016], [35.02397553000003, 32.250797835000185], [35.02396592600013, 32.25111316300013], [35.02396691300015, 32.251277317000074], [35.02395011800007, 32.251461877000054], [35.023944968000194, 32.251546977000146], [35.02394101600004, 32.251614181000036], [35.02393763500004, 32.25164987300013], [35.02392677800009, 32.25176450600014], [35.023912278000125, 32.25196160899998], [35.02389525800015, 32.25225353700017], [35.023879540999985, 32.252477692000184], [35.02387158000016, 32.25272130400009], [35.02384940700017, 32.253019423000126], [35.02385043900006, 32.253162161000034], [35.02383971799998, 32.25345593100019], [35.02382407700003, 32.25364373200017], [35.023814762000086, 32.253898894000145], [35.02380563600019, 32.25406204800015], [35.023793909, 32.25420124500005], [35.02378846400018, 32.25434932700006], [35.02378311600012, 32.25452967700005], [35.02378277200006, 32.25469678899998], [35.023786267000105, 32.25485136499998], [35.02382120800007, 32.25503388800007], [35.02390324300018, 32.2552152130001], [35.023980085000176, 32.25534411300009], [35.02404183900012, 32.25547298999999], [35.02405191100007, 32.25549118400011], [35.02415285000012, 32.25567464900007], [35.024205334000044, 32.255793369000116], [35.024213843000155, 32.255812661000164], [35.02423966400005, 32.25587119800008], [35.024325352, 32.25605140099998], [35.02440208800016, 32.256231731000184], [35.02451956700003, 32.256435654000086], [35.02461274199999, 32.256604314000185], [35.02468443000009, 32.25673954700011], [35.02475393700007, 32.256887599000095], [35.02482693200017, 32.25703143100009], [35.02489860300011, 32.257175400000165], [35.02498071200006, 32.25732431600005], [35.02504496300014, 32.2574478410001], [35.02512810600018, 32.25757675300008], [35.02522794500004, 32.25773118900008], [35.02534626200014, 32.25793313800017], [35.02545002800019, 32.25811435400004], [35.02551918200004, 32.258272268000155], [35.02563145900018, 32.25850887100012], [35.025728557000036, 32.25870783200014], [35.0258034040001, 32.258840391000035], [35.02591006900013, 32.259064868], [35.02599607700017, 32.25925422800003], [35.02609328800014, 32.25939865700019], [35.02624621400014, 32.259543168000164], [35.02637984100011, 32.259638050000035], [35.02657756900015, 32.25968808200008], [35.02680599000013, 32.25973096800004], [35.026967550000165, 32.25979038500009], [35.027137376000155, 32.25986150900013], [35.02737571199998, 32.26000346600006], [35.02754545500011, 32.260117284000046], [35.027759764000166, 32.26025004700011], [35.027844579000146, 32.26029342600009], [35.027850379000085, 32.260296394000136], [35.027856838, 32.260299786000076], [35.02789891600014, 32.26032126400008], [35.02808827200016, 32.26041143700013], [35.02823857600015, 32.260461395], [35.02849493800005, 32.260464023000054], [35.02862576600006, 32.26055185500002], [35.02869242600008, 32.260717514000135], [35.02877837300014, 32.26094238000013], [35.02884828200018, 32.2611408730001], [35.02892321600012, 32.26131612600011], [35.028986867000185, 32.26149601300017], [35.029053324000074, 32.26168069300019], [35.02912543700006, 32.261858195000116], [35.02922463700014, 32.26207405700006], [35.029228463000095, 32.26208238200013], [35.02923226100006, 32.262090560000104], [35.02928367800013, 32.26225098200001], [35.02935860500003, 32.26243088500007], [35.02933871000005, 32.26259416400018], [35.0292910550001, 32.26279037500018], [35.02927663100019, 32.263036511999985], [35.02928464900009, 32.26317362500009], [35.029287664000094, 32.26332481800006], [35.02930091700006, 32.26341304200008], [35.02930309800013, 32.263427444], [35.02931515600005, 32.26350704700013], [35.02938754900009, 32.26362146800011], [35.029393679000066, 32.26363115700008], [35.02939764600012, 32.263637502000165], [35.02940029000018, 32.263642577000155], [35.029404653000086, 32.26365550600008], [35.029445624, 32.26377692600016], [35.02953742100004, 32.26389767100011], [35.02963185500005, 32.26402560800011], [35.02975963600005, 32.26422911800012], [35.02990593100003, 32.26438051700012], [35.030065875000105, 32.264589004000015], [35.03015981300007, 32.264718068000036], [35.030311176000055, 32.26498952500003], [35.030381547000104, 32.26512743100011], [35.03045201300006, 32.265300984000135], [35.03050695100018, 32.26552749400008], [35.03053022600005, 32.265665333000186], [35.03054805300019, 32.26587432000014], [35.03045625600015, 32.266001002000166], [35.03028548500015, 32.26622972500019], [35.03021460000008, 32.26634967300015], [35.030135062000056, 32.266484684000034], [35.03001425100007, 32.26669121700013], [35.02997983400019, 32.266835883000056], [35.02997762399997, 32.266845171000114], [35.02997462200011, 32.266854468000076], [35.029932729999985, 32.26698713800005], [35.029872097000066, 32.26712105000013], [35.02976793800002, 32.26729336600016], [35.029616855000086, 32.26754353400008], [35.029524795999976, 32.2677189690001], [35.02943753000005, 32.26790046600013], [35.02931459900009, 32.268087551000065], [35.02923902800018, 32.26822707500003], [35.02907392800017, 32.26851808500015], [35.02899854500009, 32.26864577500004], [35.02891601400006, 32.268783318000146], [35.02883579700011, 32.26892283800015], [35.02869135400016, 32.26916765900006], [35.02853813000007, 32.26940683300012], [35.02846275900015, 32.269528463000086], [35.028375383000025, 32.269681924000054], [35.02829529400003, 32.269839478000165], [35.02813415100013, 32.27014035400015], [35.02804446200008, 32.270287891], [35.02794545500018, 32.27045133600012], [35.02783699000014, 32.27061673900005], [35.02774029100004, 32.270786246000114], [35.027609978000044, 32.27101122100004], [35.02752742900003, 32.271154820000106], [35.02744736600005, 32.271298285000114], [35.02733172500018, 32.2714836880001], [35.02721157600007, 32.27168500300019], [35.02704816300019, 32.27195572200009], [35.02697262100014, 32.272079324000174], [35.02685002200019, 32.272260771], [35.02673924900017, 32.27241616400016], [35.02662607400015, 32.27261157300006], [35.02651958000001, 32.272784589000025], [35.02638759100006, 32.27301575700011], [35.026248523000106, 32.273221132000174], [35.02617762799997, 32.273340653], [35.02603716500016, 32.27357730600016], [35.025923963000025, 32.27378469100017], [35.02585553300008, 32.27391422300002], [35.02570256500019, 32.27402178700004], [35.02547689300019, 32.27407725100005], [35.02531463800017, 32.274102939000045], [35.02506071500005, 32.27410453500016], [35.02476694500007, 32.27412805300014], [35.02460465000007, 32.27417177400014], [35.024327779000146, 32.27428451000003], [35.024165385, 32.27437599500007], [35.02395605300012, 32.274469526000075], [35.02377254400011, 32.274586906000025], [35.02357955600013, 32.27471639200007], [35.023438155000065, 32.27484186700008], [35.02326861200015, 32.275023097000144], [35.02315989700014, 32.275142280000125], [35.02303244800015, 32.27533766400012], [35.02295206100018, 32.27555213900001], [35.02294272500012, 32.275576927000145], [35.02289529100011, 32.27581427700005], [35.02284987600018, 32.27603937200013], [35.02282366100002, 32.2762048940001], [35.022791396000116, 32.276395294000054], [35.022789071000034, 32.27640901200016], [35.02278773900008, 32.27641084200013], [35.022772362000126, 32.27654820000009], [35.02272726100006, 32.27670228000005], [35.02264201500009, 32.276860106000186], [35.02254985600001, 32.276991995000174], [35.022412877000136, 32.277141851000124], [35.02230668300007, 32.27724384700019], [35.022146841000165, 32.277381128000115], [35.02201233800014, 32.27745687300006], [35.021783414000026, 32.27755657000006], [35.021512196000174, 32.27765422900006], [35.02135180800019, 32.27773599400018], [35.021153527000024, 32.27785377000015], [35.02100247600009, 32.27798965500011], [35.02095592600011, 32.278042282000115], [35.02093891700008, 32.27806154100017], [35.020856007000134, 32.27815541900014], [35.02073934500004, 32.27834306700004], [35.020621101000074, 32.27857298300006], [35.02055481700006, 32.27870293400002], [35.02049085900012, 32.278830919000086], [35.02037255300007, 32.27901081400012], [35.02027941100005, 32.27913438700011], [35.020173130000046, 32.27927428400005], [35.02016974200012, 32.279279657000075], [35.02015715400012, 32.27929962100012], [35.020071448000124, 32.279436169000064], [35.01989921800009, 32.27954595200015], [35.019705668000086, 32.279619631000116], [35.01945568200017, 32.27971337400015], [35.019303471000114, 32.27976823600011], [35.01906214000013, 32.27984776000011], [35.018866124000056, 32.27991143100013], [35.01846458800003, 32.28005946900009], [35.01817252200004, 32.280129330000136], [35.01797652500011, 32.280181867000124], [35.01766769400018, 32.28025719900012], [35.01747737699998, 32.28029058300007], [35.01718529400006, 32.280368473000124], [35.017004431000146, 32.28040173000011], [35.01683846600014, 32.28044938100004], [35.016682119999984, 32.28049718800003], [35.01649789200002, 32.28055298200019], [35.01623225700018, 32.28059413600005], [35.016064552000046, 32.28060190700006], [35.01586484800009, 32.280604698], [35.01569533600008, 32.28060443400017], [35.01542991400015, 32.280546531000084], [35.01520972600002, 32.2804326210001], [35.01501495800011, 32.28030028900014], [35.01485900100005, 32.28016731500014], [35.01469911800007, 32.28001038200006], [35.014607152999986, 32.279893429000026], [35.01447677800013, 32.27966693300016], [35.01444143200007, 32.27959924400011], [35.014440056000126, 32.279596600000104], [35.01440922300014, 32.27953733700008], [35.01428665200007, 32.27953470900002], [35.01424618800007, 32.27953384100016], [35.014172050000184, 32.27953217600009], [35.0140081400001, 32.27955108200007], [35.013763119000146, 32.27957155000013], [35.01359921900013, 32.279583974000104], [35.01325500800016, 32.27960611900011], [35.01300635100006, 32.279620098000066], [35.01284627500013, 32.279629428000135], [35.01268055400004, 32.27964043800017], [35.01228872200011, 32.279670958000054], [35.01226356800015, 32.279672915000106], [35.01225853100004, 32.27967330700011], [35.01224434600016, 32.27967874900003], [35.01217221100018, 32.27970642300005], [35.0120963490001, 32.279735469000116], [35.011847756000066, 32.279870202000154], [35.01157450500011, 32.279980097000134], [35.01138587500009, 32.28007575100003], [35.011159584000154, 32.280175997000185], [35.01092026700013, 32.28024127700007], [35.01075314600007, 32.280284549999976], [35.01049873799997, 32.28034811500004], [35.0103366300001, 32.280375051000135], [35.01016329400011, 32.28037956400004], [35.00985623300005, 32.28040147500019], [35.00964419600018, 32.28050470000011], [35.00953096900014, 32.28062752800014], [35.00932519600008, 32.28082389800005], [35.00921963600018, 32.28092856100005], [35.009214983000106, 32.28093306200003], [35.009173025000166, 32.28098105700013], [35.00903822000009, 32.28113525700013], [35.008962629000166, 32.28126462600011], [35.0088457010001, 32.28140984900011], [35.008915027000114, 32.28156185400019], [35.00905436700009, 32.28163069900006], [35.00916521400012, 32.28175726800015], [35.00925891700018, 32.281910862000075], [35.00931529500019, 32.28206735500015], [35.00939584700012, 32.282243473000165], [35.00945022100018, 32.28240658600009], [35.00949501000008, 32.282553760000155], [35.00952868500008, 32.28270091700017], [35.009590477000074, 32.28288475500011], [35.00963723400014, 32.28304151500009], [35.009642561000135, 32.28318214500018], [35.00967616500003, 32.283361287000105], [35.009728722000034, 32.28352256500011], [35.009739670000044, 32.283671235000156], [35.009769363000146, 32.28381838700011], [35.00979542200008, 32.283960740000055], [35.00982704100011, 32.28413833000019], [35.00988911000019, 32.284347530000105], [35.00996223599998, 32.284507572000166], [35.01004098900006, 32.28467241400011], [35.01011801600009, 32.284793996000076], [35.01021222800006, 32.284945759000095], [35.01029869300004, 32.28507383700003], [35.01039626300013, 32.28520672400009], [35.01049194900003, 32.285366661000126], [35.01055021400015, 32.285572191000085], [35.0105977610001, 32.285748395999974], [35.010661679000066, 32.28594717200008], [35.01071860700017, 32.28608323599997], [35.01080660400004, 32.286269367000045], [35.01088008099998, 32.286422505000075], [35.010966210000106, 32.28662906700009], [35.01103209500013, 32.28682379000014], [35.01103394500012, 32.28682925800007], [35.01106621500014, 32.287013752000064], [35.01106694200013, 32.28703992100003], [35.01107190000016, 32.28721835200014], [35.01108815099997, 32.28736999000006], [35.01111368800008, 32.28752488200007], [35.01114081400016, 32.28771091900012], [35.01116464500012, 32.28788595800012], [35.01122120200006, 32.288114312000175], [35.011277895000035, 32.28828165400017], [35.01133660800019, 32.288436460000185], [35.011414025000136, 32.28860848300013], [35.011505743999976, 32.288764891000085], [35.01163982900016, 32.28896518600004], [35.01177756100003, 32.28916718000005], [35.01188442900013, 32.289299799000105], [35.011979844000166, 32.28943451100008], [35.01212840700009, 32.28969104900017], [35.01219078700012, 32.289838112000155], [35.012337891000186, 32.29015551700002], [35.01239467700009, 32.290282280000156], [35.01249731000013, 32.290530996000086], [35.01260579800004, 32.290757597000095], [35.012677278000126, 32.290915664000124], [35.0127523700001, 32.29109092400006], [35.01282762000011, 32.29127083500015], [35.012884681000116, 32.29142380600007], [35.01292301000018, 32.29157082900008], [35.01299614000004, 32.29181019900017], [35.0130548680001, 32.29195880300006], [35.01312286500013, 32.29211812900007], [35.01317976100006, 32.29227138300013], [35.013241967000056, 32.2924232310001], [35.01329320899998, 32.29258267300014], [35.01339421900019, 32.29289380800003], [35.01347663600018, 32.29313460000009], [35.01353702, 32.293286448000174], [35.013612334000015, 32.29351426700015], [35.01364492900018, 32.29358466200017], [35.013649483000165, 32.29359449800012], [35.01368201000014, 32.29366457700013], [35.01365690500006, 32.29369074700014], [35.01365331200003, 32.293694500000186], [35.01364184300007, 32.293706479000036], [35.01361151400016, 32.29373815800011], [35.01355648200001, 32.29379570200007], [35.0133704320001, 32.293835989000115], [35.013142292000055, 32.293932712000185], [35.01290267500019, 32.29396671600017], [35.01272965800018, 32.29396489100009], [35.01257309900012, 32.29394745399998], [35.01249849600009, 32.294001445000106], [35.012495423000075, 32.29400367000005], [35.01245130900014, 32.29403560800017], [35.01239455000018, 32.29421640100014], [35.01238063500017, 32.29437023100007], [35.012366028000145, 32.29465041300017], [35.01234091599997, 32.29548784300016], [35.01238424600001, 32.29670159600016], [35.01238090200013, 32.29867702600018], [35.012525621000066, 32.300896821000094], [35.01265383000015, 32.30286323100006], [35.012614640000095, 32.30579958900017], [35.012750334000145, 32.30770451600017], [35.01400297300012, 32.309722623000084], [35.0151560110001, 32.31158016900008], [35.015364462000036, 32.31363018200017], [35.01536671400004, 32.31365232900015], [35.01538192099997, 32.31406570800016], [35.01561660500005, 32.320445313000164], [35.015620142000046, 32.32054145800004], [35.01595794100007, 32.32972417700012], [35.01596151200005, 32.329821219000166], [35.01608884500001, 32.33328188400009], [35.01616884800018, 32.33536071600014], [35.01617355600001, 32.33548305000011], [35.016173716000026, 32.33548530600012], [35.016236119000155, 32.337103382000066], [35.016352967000046, 32.33863914600016], [35.016353136000134, 32.33864137100005], [35.01635684700017, 32.338690692000114], [35.01869360600017, 32.34021449099998], [35.01903287599998, 32.34043819800013], [35.01930650100019, 32.34062460900003], [35.01960182700009, 32.34091024500003], [35.01987173700002, 32.34112764600013], [35.02006524200016, 32.34113724000008], [35.02037579100016, 32.3411315140001], [35.02070096600016, 32.34111650800014], [35.02093118500011, 32.34111065600018], [35.02121607800018, 32.34107079000006], [35.02149749900008, 32.341024719000075], [35.02171315800007, 32.34099714500013], [35.02192139699997, 32.34094476300004], [35.02195925800004, 32.34093580000007], [35.022144409000134, 32.340892399000154], [35.02220302800009, 32.34087839800014], [35.02259359300018, 32.340784861000145], [35.02301289300004, 32.34067882900007], [35.02320151300006, 32.34064346300016], [35.02341124800006, 32.34059051700001], [35.02358412500007, 32.34054187999999], [35.02398750300006, 32.34051134400016], [35.02417093900016, 32.34049386200013], [35.02424500500007, 32.34047227600013], [35.02426194000009, 32.34047018600012], [35.02427406800007, 32.34046372400013], [35.02432289500007, 32.34044956399998], [35.02437891400018, 32.340408364000155], [35.02438073999997, 32.34040695800002], [35.02438223500019, 32.34040597300003], [35.02452236400018, 32.34030318300006], [35.02467974800004, 32.34012122900009], [35.02488736300006, 32.34012858300002], [35.02522739500017, 32.34015022200009], [35.02559478800009, 32.34018444300017], [35.02594857700012, 32.34021525800017], [35.026194346000125, 32.34023252800017], [35.026393001000145, 32.34023916199999], [35.02664861900013, 32.34022896900012], [35.02694895900015, 32.340263087000096], [35.02705017800008, 32.34060027400005], [35.02720796200015, 32.341118742000106], [35.027282280000065, 32.341382057000146], [35.027341407999984, 32.34160758700017], [35.02736085300012, 32.34183940000008], [35.027375414000176, 32.34202470800011], [35.027399814000034, 32.342187064000086], [35.02741191300004, 32.34235982700005], [35.027411281000184, 32.34267079600011], [35.02744555900017, 32.34287304200018], [35.0274726450001, 32.34302060400012], [35.02756650200013, 32.343227164000155], [35.02769785700008, 32.34335797400013], [35.02782964300019, 32.343521752000186], [35.02793345000015, 32.34373255300011], [35.02799756400009, 32.34395597700012], [35.028036844000155, 32.344147803], [35.02810835900016, 32.34440491200007], [35.028179695000176, 32.34474980400017], [35.028206749000105, 32.34491413500018], [35.02824092999998, 32.34516696300017], [35.02825044499997, 32.34538607800005], [35.028255101000184, 32.345546290000186], [35.028267203000155, 32.34571694200008], [35.02828470400004, 32.34600905800011], [35.02829681399999, 32.34617773400004], [35.028298577000044, 32.34653576799997], [35.02830569500014, 32.34671063900015], [35.02833503400012, 32.34689399700005], [35.02839434300017, 32.34703315200011], [35.028543284000136, 32.347088180000014], [35.02873935500014, 32.347067331000176], [35.02886740100007, 32.34703172700006], [35.02895060700018, 32.347008598], [35.02897224900005, 32.347000177000155], [35.029124861000014, 32.346940796000126], [35.02921000300017, 32.346911437000074], [35.02925873700008, 32.34689463199999], [35.02929943300012, 32.34688060200011], [35.02951375300006, 32.34677988600009], [35.029751802000135, 32.34668272400006], [35.029946191000136, 32.34658888400014], [35.03001098500016, 32.34655952999998], [35.03012310500003, 32.34650879600008], [35.03022795600009, 32.34646135100013], [35.03027610000015, 32.346451349000176], [35.03035930500005, 32.34643406400011], [35.03050476600009, 32.34640398099998], [35.03051754800009, 32.34640258900009], [35.03054477300009, 32.346401079000145], [35.03060304700011, 32.34639383600012], [35.03065300700018, 32.34639475200004], [35.030751046000034, 32.346389037], [35.03093371600005, 32.34637838800012], [35.031191509000166, 32.346368615000074], [35.03142056700011, 32.34636837800019], [35.031706083000074, 32.346355260000166], [35.031991443000095, 32.34633890100014], [35.03217790700006, 32.346305490000134], [35.032380121000074, 32.34628225000017], [35.032633996000015, 32.34623893200012], [35.03281633500012, 32.34619198800016], [35.033070263000184, 32.34612175600017], [35.03321709100004, 32.3460715220001], [35.033558222000124, 32.34596773800007], [35.033970529000044, 32.34588082000016], [35.03439084900003, 32.34585450000009], [35.034431497000185, 32.34585796900012], [35.03447814000003, 32.34586195000003], [35.034553318000064, 32.34586825399998], [35.03459630200007, 32.34587056999999], [35.03469449400018, 32.34587589400007], [35.034807078000085, 32.34588199900014], [35.03508055900005, 32.345912676000125], [35.0353143800001, 32.345936534000145], [35.03554821100005, 32.345957011000166], [35.035940137000125, 32.34602124600002], [35.03609059900015, 32.34606527700004], [35.03625927100006, 32.34609236200009], [35.03628092100007, 32.34609583800017], [35.03629776400015, 32.34609404600019], [35.03653061000006, 32.346069272000136], [35.03719678900018, 32.34602299500011], [35.037391013000104, 32.346009879000064], [35.03761726200008, 32.345916068000065], [35.03782349000005, 32.34587591400009], [35.03799804700003, 32.345818950000194], [35.038184445000184, 32.34573170700014], [35.038370803000134, 32.34575225300006], [35.038393018000136, 32.34576215300018], [35.03840347300019, 32.345766812000136], [35.038406459999976, 32.34576808400004], [35.03852918200005, 32.34582306300007], [35.03864800300016, 32.3459207300001], [35.03886173900008, 32.34603543800017], [35.03903609700012, 32.346082737000074], [35.03925011000018, 32.346136856000044], [35.039420537000126, 32.34615737900003], [35.03965034000004, 32.34620137400003], [35.039934241000026, 32.346251640000105], [35.040207655000074, 32.34631922400018], [35.040480958000046, 32.34644415300011], [35.04069087700009, 32.346558711], [35.040853345000016, 32.34666319900015], [35.040956043000165, 32.34677436800018], [35.04112636100007, 32.346942836000096], [35.04124097500011, 32.34707417100003], [35.04135171300004, 32.347235795000074], [35.04147016900009, 32.34744449000004], [35.04150560900018, 32.34757571800003], [35.041536971000085, 32.3477573830001], [35.04154120600003, 32.34779652500009], [35.041546271000186, 32.347843347000094], [35.041552634000084, 32.34790211200004], [35.04156431500007, 32.348046693000015], [35.04159170000008, 32.34822511100003], [35.04162309800006, 32.34838662700008], [35.04165830800014, 32.34846257800007], [35.041659635000144, 32.34846544100003], [35.04169815500012, 32.34854820400005], [35.04193862900013, 32.348658994000175], [35.04204989599998, 32.34880723300006], [35.04207064200011, 32.34898564399998], [35.042089298000064, 32.34912840100003], [35.04210350900007, 32.3493390700001], [35.04210538500007, 32.349490684000045], [35.04210295300004, 32.34963693600008], [35.042096239000045, 32.349854338000114], [35.04209173900017, 32.35004173100009], [35.042082888000095, 32.350246873000174], [35.042082405000144, 32.350505570000166], [35.04204405400003, 32.35077576700007], [35.04203118000004, 32.35091496100006], [35.042034923000074, 32.35113266000019], [35.042023788000165, 32.35149307200015], [35.04200829600012, 32.35178894600011], [35.0419912480001, 32.35194067500015], [35.04192163100015, 32.35206358900001], [35.041826675000095, 32.352245505000155], [35.04166207300017, 32.352564708000045], [35.04158174999998, 32.35273227300013], [35.04149246500015, 32.352897712000015], [35.04139948300008, 32.35308850900009], [35.04133414800009, 32.35322946300005], [35.04126859600018, 32.35339704800015], [35.04120304700018, 32.35356294100012], [35.04111228100015, 32.3537216150001], [35.04096043600009, 32.35396347800014], [35.040882262000025, 32.354134709000164], [35.040865230000065, 32.354275587000075], [35.04087338700009, 32.354439749000164], [35.040900170999976, 32.35467354200006], [35.04092502200018, 32.354875207000134], [35.04094800000013, 32.35501444800019], [35.040991937000115, 32.355217689000085], [35.04105692400009, 32.35535163300011], [35.041168049000134, 32.355490855000085], [35.04132122100003, 32.35569100200007], [35.04153734000005, 32.35596422100019], [35.041703124000094, 32.35616790900019], [35.041901370000176, 32.35641235900016], [35.04215529000004, 32.3567124], [35.042437948000156, 32.357002757000146], [35.042450537000036, 32.35701714400017], [35.04245152100009, 32.35701809200009], [35.04253090300011, 32.357094626], [35.04254200500014, 32.357105330000024], [35.04262552200004, 32.357185900000104], [35.042826099000024, 32.357340033000185], [35.04285897600016, 32.357365299000094], [35.04291575800005, 32.35740893700017], [35.04292307200012, 32.35741455800019], [35.04299070600007, 32.35746650100015], [35.04319127900004, 32.357444085000054], [35.04339629900011, 32.35744055600003], [35.04349851300003, 32.357554118], [35.04359626400003, 32.35774700200017], [35.04365396100013, 32.35787572200019], [35.04374710299999, 32.358136796999986], [35.043822319000185, 32.358397706000176], [35.04385776600003, 32.358530063000046], [35.04393307900011, 32.3587381320001], [35.044070997000176, 32.35893501500016], [35.044177718000185, 32.35903717100007], [35.044333609000034, 32.359120652000115], [35.04451194100005, 32.359098203000144], [35.044694610000136, 32.359064349], [35.04495600500019, 32.35900988300011], [35.04512992400009, 32.358949667000104], [35.04527350000012, 32.35887109200007], [35.045318427000154, 32.358846484000026], [35.045357416000115, 32.35882512900014], [35.04536936000005, 32.35882497000017], [35.04538630100012, 32.358824745000106], [35.04557588800009, 32.358821754000076], [35.04583872900008, 32.35888254800017], [35.04602106000016, 32.35903397600009], [35.046216977000086, 32.35920063900011], [35.046430639000164, 32.35928419200019], [35.04665334500015, 32.359416792000104], [35.046764511000106, 32.359541635000085], [35.046920433000025, 32.359609895], [35.047112051000056, 32.359583796000095], [35.04716256500018, 32.359558500000105], [35.04727849400007, 32.35952695000003], [35.047399174000134, 32.35944031000014], [35.04740549000013, 32.359435670000096], [35.04760242800006, 32.35949736200007], [35.04774059500005, 32.35956193300012], [35.04800330600017, 32.35969838600016], [35.04821685600007, 32.35984604600014], [35.04836363800018, 32.36001264200007], [35.04843477999998, 32.36014884600013], [35.04856354500009, 32.3603645930001], [35.048652462000064, 32.36049321100012], [35.04874139700007, 32.360610556000154], [35.04883479600005, 32.360739179], [35.04893713000018, 32.36088303200012], [35.04902586600008, 32.361019258], [35.04911037300002, 32.361200848000124], [35.04917732900009, 32.36135564600016], [35.04926611000002, 32.36155992700009], [35.04943465100007, 32.36200243400003], [35.04976763400015, 32.36276669300008], [35.049922997000124, 32.363152541000034], [35.05006074900018, 32.36336068900005], [35.050131906000104, 32.36348942300003], [35.050202883, 32.363625626000044], [35.05027833600013, 32.363765638000075], [35.05041180900008, 32.36395489900019], [35.050562316000025, 32.36408683500008], [35.05069403400006, 32.36423635900019], [35.05064978100006, 32.36438100800018], [35.050593757, 32.36453277500004], [35.05058625000004, 32.36455311000003], [35.05051715800016, 32.364740280000035], [35.050434110000026, 32.36504367600014], [35.05063153800006, 32.3653987190001], [35.05075754600017, 32.36567899300019], [35.05091105499997, 32.36599185000006], [35.05110297600015, 32.366365625000185], [35.05127848500018, 32.36672529000015], [35.051453982000055, 32.36709425300006], [35.051481754000065, 32.367254917000025], [35.05125759300006, 32.368112675000134], [35.051251249000074, 32.36813694900019], [35.05108292400007, 32.36878093700017], [35.05094324300018, 32.369184584000095], [35.05093907200006, 32.36919641400016], [35.05086917799997, 32.36945416999998], [35.050727159000076, 32.36997791000016], [35.05071479700007, 32.37002350000006], [35.050700089000145, 32.37007801100003], [35.05058421700011, 32.37044462900013], [35.05048222500005, 32.37084550399999], [35.05047837800015, 32.370860858000015], [35.05046232899997, 32.37092354000009], [35.05045973000006, 32.37093315900006], [35.050427955000146, 32.37105075400012], [35.05040851400008, 32.37112270300014], [35.05031725800018, 32.37146103400016], [35.0501607490001, 32.371988932000136], [35.05008407900016, 32.372247528], [35.050076391, 32.37227348900012], [35.050050671, 32.37236034700004], [35.04999953500004, 32.372546977000184], [35.0499497400001, 32.37272388399998], [35.049903444, 32.372894739000174], [35.049853602000155, 32.373098701000174], [35.04978243300002, 32.37334448100012], [35.04971822000016, 32.37359928800015], [35.049650295000106, 32.3738877670001], [35.04959911000009, 32.374099618000116], [35.04952459000009, 32.37436174100009], [35.04947338800014, 32.37458246700004], [35.04941567400016, 32.37482432000007], [35.04934969700014, 32.37504333800007], [35.04930706100015, 32.37520855900016], [35.04926004400005, 32.375409564000165], [35.04920886100018, 32.375618880000104], [35.04917258400013, 32.37575719700004], [35.049108767000064, 32.37597438400019], [35.049055418000194, 32.376188064000075], [35.04901903200005, 32.376385560000074], [35.048951389000024, 32.37660696900019], [35.04894740700007, 32.376608997], [35.04887494200017, 32.376645901000074], [35.04878619500005, 32.37669115500006], [35.04872439700006, 32.37670883000004], [35.04867905400016, 32.376721759000134], [35.048623062000104, 32.37673772400012], [35.048415417000115, 32.376791277000166], [35.04820773000006, 32.37686822400008], [35.04799592600011, 32.37692543600019], [35.04783081400012, 32.37696298100019], [35.047586270000124, 32.37703677800016], [35.04737009900009, 32.37712272600015], [35.047118075000014, 32.37719961200014], [35.0468172460001, 32.37727290800018], [35.04665195400008, 32.377317640000115], [35.04647407300007, 32.37734600800019], [35.046268635000104, 32.37737096100017], [35.04615096700013, 32.37738959200004], [35.04608859600006, 32.37739946700003], [35.04602945900001, 32.37740267800007], [35.045830213000045, 32.37741349800007], [35.04565918000003, 32.37741905100006], [35.04542421900004, 32.37742775700008], [35.045302995000156, 32.37744429100002], [35.04525232300006, 32.377451202000145], [35.045246344000134, 32.37745203800006], [35.0450811070001, 32.37746675600005], [35.04491687500018, 32.377476260000094], [35.04479109800013, 32.37748363399999], [35.04477821800015, 32.37748438900013], [35.044602505000114, 32.37750740500013], [35.04434411000011, 32.377526928], [35.04409431600004, 32.37756421800009], [35.043890856000075, 32.37759635300017], [35.04369233800003, 32.377650194000125], [35.043469874000095, 32.37772358900003], [35.04341652700003, 32.377737639000145], [35.043344786000034, 32.37775653300014], [35.04323265199997, 32.37778611300007], [35.04296573300019, 32.37783422400008], [35.042864597000175, 32.37784423500011], [35.04279408800011, 32.37785127700016], [35.04277189500016, 32.377853493000146], [35.04275183400017, 32.377855497000155], [35.04255423900008, 32.37785833200007], [35.04252518600009, 32.37785660000014], [35.042341232000126, 32.37784592500003], [35.042171752000115, 32.37782061700011], [35.0418020780001, 32.37776798500016], [35.04152008600005, 32.37823892000017], [35.04128277800015, 32.37869821900006], [35.040753420000044, 32.37967479200012], [35.04034058200017, 32.38040466400008], [35.040249164000045, 32.38054036600016], [35.040209659000084, 32.38062119299997], [35.040208435000125, 32.380623689], [35.040142818000106, 32.38075749400019], [35.04033710700014, 32.38092486600016], [35.040553607000106, 32.381113264000135], [35.040747735000025, 32.38127852300005], [35.04087588600004, 32.3813864870001], [35.04107269700006, 32.381539209000096], [35.04104996500013, 32.38166967900008], [35.041046680000136, 32.38168853100018], [35.04095620400011, 32.382205938000084], [35.040955874000076, 32.38220782400009], [35.04093068900005, 32.38235187600009], [35.041041402000076, 32.38246277600007], [35.0411405860001, 32.38261071700009], [35.04127098600003, 32.382759262000036], [35.04144796300005, 32.38295380300008], [35.04165445700005, 32.38316924000003], [35.04176751200009, 32.3832718270001], [35.04195051200014, 32.3834425660001], [35.04208592700007, 32.383574350000174], [35.04225066200007, 32.38374604900008], [35.042432659000156, 32.38392185600014], [35.04259983600019, 32.384118496999974], [35.04272506900003, 32.38428168899998], [35.0428701730001, 32.38447407300009], [35.043010093000134, 32.38468533200006], [35.043189887000096, 32.38497639200017], [35.04331598400012, 32.38521003500006], [35.04346029100009, 32.38547596800015], [35.04353905900001, 32.385623597000176], [35.04365465700016, 32.38578902800009], [35.04375980100019, 32.385952192000104], [35.04387535800004, 32.38614002500009], [35.044001330000185, 32.38635464600003], [35.04413026700007, 32.38658209300007], [35.044201069999986, 32.38672745500003], [35.04426913600014, 32.38691733900009], [35.04445000100009, 32.38744032500006], [35.04465309099999, 32.38798137300006], [35.044709597000065, 32.38813700100013], [35.04480082700013, 32.38837228700004], [35.044863695, 32.38858893600013], [35.04487645000012, 32.388787062000176], [35.044878359000165, 32.3889234560001], [35.04488024900013, 32.38915862100009], [35.04489020000017, 32.389615858000184], [35.04511865500018, 32.389642229000174], [35.04562287100015, 32.389705879000076], [35.046137864, 32.38977869900009], [35.0466463250001, 32.38988123900003], [35.04686442000008, 32.3899425350001], [35.04710440300016, 32.39029566500005], [35.04719786700008, 32.390495727000086], [35.047287004000054, 32.39069958600015], [35.047382771000116, 32.39091261200019], [35.04746964800006, 32.39108110300003], [35.047618123, 32.391349714000114], [35.04773124300016, 32.39160897900018], [35.047939999, 32.392060979000064], [35.048059926000064, 32.392321380000055], [35.04825779600009, 32.39273645100019], [35.04837337200007, 32.393015302000094], [35.0484711790001, 32.39320423900017], [35.04858440400011, 32.39340798600006], [35.04869312000005, 32.39362483200006], [35.04891285100001, 32.393822268000065], [35.048915958, 32.3938250600001], [35.04898509800006, 32.39388714699999], [35.04899084800019, 32.39410597200009], [35.04896170600006, 32.394242749000114], [35.04896002100003, 32.39425740100012], [35.048949099000026, 32.39431567100013], [35.04893755100011, 32.39437728000013], [35.04891552800018, 32.394524775000036], [35.0488966370001, 32.39468819600012], [35.04889004100011, 32.394846278000045], [35.04887732700013, 32.39499124800017], [35.048849095000094, 32.39526695600006], [35.04886097899998, 32.39544559100017], [35.04886785300005, 32.3955489220001], [35.04886801100008, 32.39555357400013], [35.048937856000066, 32.39596284100014], [35.0489844490001, 32.396096334000106], [35.04898758700017, 32.3961052140001], [35.04900730300005, 32.39616316400014], [35.04907415400015, 32.396359653000104], [35.04915775800015, 32.39659957300006], [35.04924136300002, 32.39674467000009], [35.04934052500005, 32.396921347000045], [35.04942728600008, 32.39706912300005], [35.0495605700001, 32.39720371400006], [35.04969709600016, 32.39738297600013], [35.04985632500012, 32.39759044500016], [35.05013850400013, 32.397954473000084], [35.050207490000105, 32.398042748000194], [35.05021389800015, 32.398050947000115], [35.050470234000045, 32.398379153000064], [35.05060981100013, 32.3985268560001], [35.050777765000134, 32.398779002000026], [35.05099182999999, 32.39906657000017], [35.0515467080001, 32.39981306800013], [35.05197201300018, 32.400395109000044], [35.0522788400001, 32.40082510500014], [35.05276269200016, 32.40145554400016], [35.05313664600004, 32.40196974100013], [35.05317856400012, 32.40202742100013], [35.05317933900011, 32.40202848500002], [35.0538860530001, 32.40299912100005], [35.053987506000055, 32.40377645700005], [35.05401111400005, 32.403953458000046], [35.05405181300017, 32.40423502800007], [35.054066010000156, 32.404319343000054], [35.054081404000044, 32.40441076900015], [35.05409241800004, 32.40447587800014], [35.054129605000185, 32.404676146000156], [35.05414866700016, 32.404793680000125], [35.054150403000165, 32.404804419000016], [35.054160171000035, 32.40486485000014], [35.054197331000125, 32.40507949000016], [35.054214066000156, 32.40529424200014], [35.05423426600004, 32.40552069600005], [35.05427110000011, 32.406115062000026], [35.054315029000065, 32.40645172799998], [35.054358905000186, 32.40672160800011], [35.054419901000074, 32.40708154500015], [35.05445723100013, 32.407296325000175], [35.05450481400004, 32.407441372000164], [35.05456617300007, 32.40759235400003], [35.05458512300004, 32.40766823300004], [35.05459141100005, 32.40769341100014], [35.05464815500011, 32.40792018999997], [35.05468205799997, 32.40810016300003], [35.05472265600014, 32.40834679100004], [35.05475303500009, 32.408547049000106], [35.05478684000013, 32.40878507200017], [35.05483371500003, 32.409435105], [35.0548565630001, 32.40966917100019], [35.05486254800019, 32.40973023900011], [35.054877127000054, 32.40987899800007], [35.05490283400013, 32.410093763000134], [35.05492433000012, 32.41024398900015], [35.05495426500005, 32.41041522100011], [35.05497411100009, 32.41056079599997], [35.05500900700014, 32.41083897600009], [35.05501882300007, 32.41102300500012], [35.05503364100019, 32.41119421800016], [35.05507372000005, 32.411356868000155], [35.05512875500011, 32.41161379900018], [35.055163825000136, 32.411793492000186], [35.055166661000044, 32.411848313], [35.055167360000155, 32.4118618330001], [35.05517185500008, 32.41195116900019], [35.05513619500016, 32.41211372400005], [35.05495956700014, 32.412147742], [35.05478778700012, 32.41216471700011], [35.054474826000046, 32.41217715000016], [35.05426058800009, 32.41225268400018], [35.05424816100003, 32.41225706900008], [35.05413642900004, 32.412296490000074], [35.05411604100016, 32.41246343300014], [35.054069976000164, 32.41278011900005], [35.05404447500007, 32.41292549600007], [35.05404056200018, 32.41295347000005], [35.05402530100008, 32.413062571000125], [35.05399846800009, 32.41320794500007], [35.0539795200001, 32.41331049600012], [35.05397700600008, 32.41332416200004], [35.053962920000174, 32.41340051100019], [35.05393535400003, 32.41349079300005], [35.05392232300011, 32.41353318900019], [35.05390341000003, 32.41361587500006], [35.053891025000155, 32.41366996500011], [35.05387027300003, 32.41375771999998], [35.053864083000065, 32.41378279200012], [35.05385287600012, 32.41382857200017], [35.05382057800011, 32.413965204000135], [35.05381285200019, 32.41401310100008], [35.05379505400015, 32.41412354300019], [35.05376457400013, 32.414264830000036], [35.05373906500006, 32.41441457500008], [35.05371355700004, 32.41456431900002], [35.05369815400013, 32.41472690000006], [35.05368275500018, 32.4148894810001], [35.053652649000185, 32.415103048000105], [35.05364088199997, 32.415182078999976], [35.05363274000001, 32.41523625400015], [35.05362189100009, 32.41530844200008], [35.05359619400019, 32.41556527000017], [35.05357571300004, 32.415783502000124], [35.05356517700005, 32.41601456400002], [35.05358508300009, 32.416220024000154], [35.05359993600018, 32.41636981900001], [35.05363501300013, 32.41654542499998], [35.053690239000105, 32.41669090400006], [35.05375042700007, 32.416849351999986], [35.053820944000165, 32.41699076400016], [35.05392662600019, 32.417162092000126], [35.05402220400009, 32.417316214000095], [35.054138017000184, 32.41748755500015], [35.05425899700009, 32.417650304], [35.05434717200018, 32.41776454600006], [35.054463098000156, 32.41787177400005], [35.05457389200012, 32.41797026100011], [35.05474026600018, 32.41810742400003], [35.05490667800012, 32.41822317100008], [35.055057852000175, 32.418313253000065], [35.055214186000114, 32.41839911600016], [35.055405936, 32.41846346500006], [35.055567485000154, 32.41851072500009], [35.05580955700009, 32.4185838730001], [35.05599631700011, 32.41865258200016], [35.0561829290001, 32.41871269600017], [35.05636948000017, 32.41880704700009], [35.05654608900011, 32.418888564000156], [35.056687277000094, 32.41899145500008], [35.056818280000186, 32.41912434500006], [35.05694426500003, 32.41927864600012], [35.05701460100016, 32.419432737000136], [35.0570697550001, 32.4196254150001], [35.05712503200016, 32.419843739000044], [35.05717494700008, 32.42008769800009], [35.05718985700008, 32.420305972], [35.05718662900017, 32.42044546], [35.057182111000145, 32.42065905900017], [35.057148037, 32.42086543700003], [35.05710150800013, 32.42106827600003], [35.05705091200008, 32.421221372000105], [35.05697476100005, 32.42145461200005], [35.05687348700019, 32.42171078500019], [35.05678503300015, 32.42185312400011], [35.05667547000007, 32.42209857900008], [35.056612225000094, 32.422265890000176], [35.056557190000035, 32.42248647200012], [35.056515040000136, 32.4226536700001], [35.05648484300019, 32.42292275199998], [35.056472, 32.42314705000007], [35.056492570000046, 32.42335701600007], [35.05653423900003, 32.4235671510001], [35.05659271700006, 32.42375941300003], [35.056630194000036, 32.423894723000046], [35.056667821000076, 32.424040741000056], [35.056759816000124, 32.42425798200014], [35.05686013900015, 32.424461002999976], [35.056935440000075, 32.42462848700018], [35.056998170000156, 32.42476382600012], [35.05705258200004, 32.42490620400014], [35.057094382000116, 32.42504152000015], [35.057158206000054, 32.42531522700017], [35.057195859000046, 32.4254468740001], [35.05725008000019, 32.4256036220001], [35.05733797200003, 32.42579239500003], [35.057505647000085, 32.425956328000154], [35.057639852000136, 32.42607047900009], [35.05777398300012, 32.42622718500013], [35.05798365700002, 32.42641258300017], [35.05817229300004, 32.42656231100011], [35.0584783110001, 32.426850967], [35.05871785400012, 32.42735230000005], [35.05880993000011, 32.427526847000024], [35.05888526700005, 32.427676432000055], [35.05909042900015, 32.42807529000015], [35.059232712000096, 32.42832823800012], [35.059391737, 32.428602480999984], [35.059471318000135, 32.42879843000014], [35.05958419500013, 32.429051341], [35.05970808400019, 32.429377394000085], [35.05984345000019, 32.42969303299998], [35.05987279800013, 32.42982833300016], [35.059866911000086, 32.429968803000065], [35.05980736400005, 32.430209249000086], [35.059777571000154, 32.430439586000034], [35.05974758300016, 32.430684997000185], [35.05975892600014, 32.43095553800009], [35.059805731000154, 32.43118103699999], [35.059870470000135, 32.43141148600017], [35.05995280200017, 32.43165196200016], [35.06000561200011, 32.43186253100009], [35.06000549200007, 32.432132072000115], [35.06003463000019, 32.43239263200019], [35.06008131000016, 32.43269322900005], [35.06011052000008, 32.432908701000144], [35.06010444600008, 32.43306396500003], [35.06012767600009, 32.433279429000095], [35.06014508499999, 32.43349981800009], [35.060168431000136, 32.43364511500016], [35.06020345200011, 32.43386552400017], [35.06022695000013, 32.43402082600005], [35.06026809300005, 32.434156140000084], [35.06036801600004, 32.43441171000006], [35.060468188000186, 32.43461726600003], [35.060550712000065, 32.43474755600016], [35.06064503900018, 32.43487292900011], [35.06077474600016, 32.43500327700008], [35.060910411000066, 32.4351487080001], [35.06108722200008, 32.435429453000154], [35.06111233400003, 32.43561420200007], [35.061112074000164, 32.43576947400015], [35.06109402800007, 32.43602997700009], [35.06102284200006, 32.43617515900007], [35.06094075200019, 32.43627362900003], [35.06089481700002, 32.43632872900014], [35.060893154000155, 32.43633069900011], [35.06079601800013, 32.436422733000086], [35.06075636300011, 32.436460305000026], [35.06070586900006, 32.43654833700003], [35.06069146400017, 32.43657345100013], [35.06066154800004, 32.4366256080001], [35.06061994200013, 32.436765752000156], [35.06068462200017, 32.43693617700012], [35.06082626300008, 32.437086548000025], [35.06097986600008, 32.437136892000126], [35.061186706000115, 32.437147146000086], [35.06141097400001, 32.437267602000134], [35.06149348200012, 32.43740803600019], [35.061575693000066, 32.43772868300016], [35.061673843, 32.437931574000174], [35.061679017000074, 32.437942269000075], [35.061699384000065, 32.43798428100018], [35.06171107200015, 32.438149714000076], [35.061711598000045, 32.43815713599997], [35.061722436000025, 32.43830993], [35.061816718000046, 32.438465313000165], [35.06232488600017, 32.43852101200008], [35.06230104400015, 32.4386713240001], [35.06224542400014, 32.43894742200018], [35.06218112900007, 32.43934426100009], [35.062457711000036, 32.439584825000054], [35.06269314100018, 32.43979293000018], [35.06301106500018, 32.440052564000155], [35.063189223000165, 32.44023087400018], [35.06342617300004, 32.44042503100013], [35.06360103900016, 32.44058459600012], [35.06376017200006, 32.44071427000017], [35.063893749000044, 32.4408224980001], [35.06412270200002, 32.44103327300019], [35.06431355100011, 32.44117383300011], [35.064507489000164, 32.44135765100003], [35.06462507500015, 32.44149277200012], [35.06476190400019, 32.441646794000064], [35.06489853300019, 32.44182251600006], [35.065079579999974, 32.442068317000064], [35.0651621720001, 32.44226553300018], [35.065248342000075, 32.442408363000084], [35.0653276700001, 32.44257049200013], [35.065461055000185, 32.44280285100007], [35.065550052, 32.44294329100012], [35.06565487200015, 32.443167444000096], [35.06570218800016, 32.443397025000024], [35.065705109000135, 32.44354271900016], [35.06570799600013, 32.44381268800004], [35.0657077780001, 32.44394766800019], [35.06567864400017, 32.444187869000075], [35.06565612900016, 32.4443417060001], [35.065620641000066, 32.44450341800018], [35.065578973000186, 32.44468428500011], [35.065537162, 32.444954200000154], [35.06552084000009, 32.44518356800012], [35.0654983550001, 32.44531852100005], [35.06549148200014, 32.445561567000084], [35.06550084000003, 32.445734321000145], [35.06546551300005, 32.445898992000025], [35.06546517700019, 32.44610681900008], [35.065477686000065, 32.44628225500003], [35.06546167000016, 32.44662997700016], [35.06545825900014, 32.44678651400005], [35.0654546400001, 32.44697010000016], [35.06546081700003, 32.4471563780001], [35.0654509310001, 32.44731022900015], [35.065434565000146, 32.44756664700003], [35.06540591000015, 32.44781727700018], [35.065419126, 32.448068233000186], [35.065425540000035, 32.44841823700017], [35.06543544600015, 32.44866341400012], [35.06543507700019, 32.448890827000184], [35.06545888800014, 32.44906599100011], [35.06554800100014, 32.44934606300018], [35.06560628700015, 32.44947449200009], [35.06567138800011, 32.449600110000176], [35.06583807800007, 32.44989760200008], [35.06591013700006, 32.45003774000014], [35.06599944500016, 32.45019832899999], [35.06609903300006, 32.450373441000124], [35.066236281000045, 32.45058650200008], [35.06632913700008, 32.45071215100006], [35.06642183800005, 32.450831741], [35.06655235300008, 32.45099533300004], [35.06667609800013, 32.451132574000155], [35.06678939900013, 32.451255287000095], [35.06698182600019, 32.451465450000114], [35.06709532600013, 32.45156773200006], [35.06727740800011, 32.451702079000086], [35.06748025600001, 32.45183940800018], [35.06763743000005, 32.45196118400014], [35.06785060100003, 32.45208682900011], [35.06810861300005, 32.452230138000175], [35.06833563800012, 32.45231789700006], [35.06859355000012, 32.452420342000096], [35.06883105300017, 32.45250219500019], [35.06900643900008, 32.45256368500014], [35.06924726400001, 32.45264863800014], [35.069588011000064, 32.45270144000011], [35.06979778800013, 32.45276874500007], [35.06997667500008, 32.45282446300007], [35.070176206000156, 32.452856812000164], [35.07037936000012, 32.45290945600004], [35.070678680000185, 32.4529944730001], [35.070850583000095, 32.453052999000136], [35.07109490000016, 32.45313781300007], [35.071363246000146, 32.45326647300004], [35.07155087600006, 32.45336545200013], [35.07179510100008, 32.453508738000096], [35.07197723000013, 32.45361968800006], [35.07215599000017, 32.45375994200009], [35.07231412300001, 32.45391186700016], [35.072458477000055, 32.45405785700012], [35.07257522600008, 32.45421255500014], [35.07266456000019, 32.45436736100015], [35.07274343400013, 32.45451609700007], [35.07284304000018, 32.454691347000164], [35.07292886800019, 32.45485770200014], [35.07300443100013, 32.45499784000003], [35.07308673600011, 32.455184624000026], [35.07318545400011, 32.45539805499999], [35.07331548800005, 32.455672249000145], [35.07337776300011, 32.45580927200018], [35.07344172800015, 32.455915977000075], [35.07344605400016, 32.4559231930001], [35.07349860100015, 32.456010892000165], [35.07351832800009, 32.45604374200008], [35.07324719600007, 32.45599046600006], [35.07322174700016, 32.456005233000155], [35.073198527000045, 32.45601872800012], [35.07308019800007, 32.456087502000116], [35.07298612000011, 32.45620674000003], [35.07288663600008, 32.456383459000165], [35.07280301300017, 32.4565114450001], [35.07273500700006, 32.456643956000164], [35.07267227699998, 32.45680310400019], [35.07256465300014, 32.45708464200004], [35.07244679000007, 32.45732362000007], [35.07237612900019, 32.457451478000166], [35.07225497900009, 32.457667625000056], [35.07219756899997, 32.45782410100003], [35.07219066000005, 32.45799190500003], [35.072210476000066, 32.45818256299998], [35.07225721400005, 32.45837325400004], [35.0723341690001, 32.458581166000045], [35.0724211320001, 32.458766123000146], [35.072486234000166, 32.458902445000035], [35.07262028400004, 32.459053355000094], [35.07277444900012, 32.459198653000044], [35.07287500500007, 32.459301198000105], [35.072985686000095, 32.459409391000065], [35.073089564000156, 32.45951193900004], [35.07320024500018, 32.4596202730001], [35.073341153000115, 32.45974272800004], [35.07339177600011, 32.45978702600013], [35.07339212900007, 32.45978733400017], [35.073458494000135, 32.45984529200018], [35.0735892620001, 32.459970555000154], [35.073696461, 32.46007606500018], [35.07380382100018, 32.46018425300008], [35.07391102500003, 32.46028680500001], [35.07400183500005, 32.460386920000076], [35.07400659000018, 32.46039216200012], [35.07400874700011, 32.460394561000044], [35.07411211600004, 32.46050612400012], [35.074231173000044, 32.46068209800012], [35.074375307000025, 32.46087007500017], [35.07452270500016, 32.461100749000025], [35.07462652200013, 32.46124598800009], [35.07471356900015, 32.46137979600013], [35.07477718500007, 32.46151358100008], [35.074934736000046, 32.46173285000003], [35.075028469000074, 32.461843841000075], [35.07518615000009, 32.46197786600004], [35.075298899000074, 32.46204223900014], [35.075322645000085, 32.46205579300005], [35.07534319500019, 32.4620655330001], [35.07549486800002, 32.46213741800011], [35.075620077, 32.46220782100016], [35.075641495000184, 32.46221986400019], [35.07569280600006, 32.46224866200009], [35.07584031800019, 32.462294333000045], [35.07601159400019, 32.46234284600007], [35.07620958700011, 32.462417174000166], [35.07636721200009, 32.46247990200004], [35.07652498100009, 32.46255968100013], [35.07670944500006, 32.46267936200019], [35.07684873400018, 32.46277884700015], [35.07699628500018, 32.46291271700005], [35.07714709600015, 32.46308646700004], [35.077301215000034, 32.463274452000064], [35.077425314000095, 32.46341971000015], [35.07760303700013, 32.46360476300009], [35.07785112400012, 32.463861183000176], [35.078119299000036, 32.46413171300003], [35.07832724600007, 32.464336802], [35.07850830700005, 32.46451340100015], [35.078706149000084, 32.464695795000125], [35.07885019600019, 32.46484107400016], [35.07897929600006, 32.46498042000013], [35.079183779000175, 32.46516845300016], [35.07933816300016, 32.46529373700008], [35.07950229200014, 32.46545904300007], [35.07996168300008, 32.46590899500018], [35.0800858020001, 32.46604579800004], [35.08029034200018, 32.466196775000185], [35.08048490700003, 32.466353378000065], [35.08058214300007, 32.46646169000013], [35.080759920000105, 32.466618415000084], [35.080941537000115, 32.46676316600002], [35.08102336900015, 32.46683750500006], [35.081068185000106, 32.466877708000084], [35.08108396700004, 32.466890394000075], [35.0812244010001, 32.467003272], [35.081424448, 32.467163261], [35.081583303000116, 32.46730319600016], [35.08174213900014, 32.46745806900009], [35.08191875000006, 32.46761803099997], [35.082077623000146, 32.46774796400018], [35.08224813000015, 32.46787790899998], [35.08237183100016, 32.46796285800019], [35.082582581, 32.46807945800009], [35.08288212000019, 32.46816965900018], [35.08310791100013, 32.46822850500007], [35.08317385900011, 32.46823921000015], [35.08323719000009, 32.46824949000012], [35.083240846000024, 32.468250057000034], [35.08337527900005, 32.46827175400017], [35.08366577300012, 32.468295438000155], [35.08396524200009, 32.46831927400018], [35.08422814400018, 32.46834687600017], [35.084384833000115, 32.468378315], [35.08473045500011, 32.46844108200014], [35.08479425600012, 32.46845763400012], [35.08481074100018, 32.4684618980001], [35.08494245800017, 32.46849596600009], [35.08509908100007, 32.468574324000144], [35.0852649630001, 32.4686877740001], [35.08531314700019, 32.46871879300011], [35.08535330600006, 32.46874464500013], [35.08541690900006, 32.46878557000002], [35.08560570800012, 32.46891073699999], [35.08584528000006, 32.46910246000016], [35.086029344, 32.46929018300017], [35.08619508600003, 32.46950522100019], [35.08629855099997, 32.469641279000086], [35.08630392100008, 32.469648341000095], [35.086388367000154, 32.46975931500003], [35.08640522600001, 32.46978811500014], [35.086406276000105, 32.469789908], [35.086461992000125, 32.4698843650001], [35.08660800900003, 32.47006260900008], [35.086697475000165, 32.470150901000125], [35.08669766700018, 32.470151099000134], [35.08669979600006, 32.47015329700014], [35.08676818300012, 32.47022085700007], [35.0868893440001, 32.47034398400001], [35.087015007000105, 32.47045992700009], [35.087181635000036, 32.47063818900011], [35.08730291000006, 32.47080189500019], [35.08743273500005, 32.4709140380001], [35.08760824500018, 32.47104101900004], [35.087757690000046, 32.47114585800011], [35.08791793900002, 32.47125253500013], [35.08797703300013, 32.47129261900011], [35.08799615300012, 32.47130558900011], [35.08807503200018, 32.47135906900007], [35.08828956200017, 32.471515397000076], [35.088345242000116, 32.47156892700002], [35.0883501510001, 32.47157364700007], [35.08840642400003, 32.471627668], [35.08841702100011, 32.47177829900011], [35.08844288200004, 32.47194909400014], [35.08854240000011, 32.472105451], [35.08867239300014, 32.47221575999998], [35.088804420000145, 32.47229859800012], [35.08894738200007, 32.47240709000005], [35.089077412000165, 32.47249358900018], [35.08924316600019, 32.47258716599998], [35.089451226000165, 32.472739822], [35.08956379300014, 32.472833629000036], [35.08971750000018, 32.472986233000086], [35.08986684000007, 32.47317560700009], [35.08995770900009, 32.47333561400012], [35.090024654, 32.473488132000114], [35.09008531900014, 32.47361486000011], [35.0902106260001, 32.47387776000005], [35.09027425300013, 32.474024637000184], [35.090334688999974, 32.47419913000016], [35.09041683500004, 32.474421548000066], [35.09047299000014, 32.47456489800004], [35.09055309400003, 32.47469911300004], [35.090691698000114, 32.47483887600015], [35.090802096, 32.47494000800015], [35.09099485100006, 32.47510927200011], [35.091158724000024, 32.47524807400009], [35.09134024100007, 32.47536801300015], [35.091504983, 32.475479341000096], [35.0916898000001, 32.475619149000124], [35.091834245000086, 32.47574482800013], [35.09204264800019, 32.47589889000011], [35.092177171, 32.475984544000084], [35.09231154100013, 32.476064421000046], [35.092486423000025, 32.476175754999986], [35.09266798900012, 32.476261455000156], [35.09284276000011, 32.4763329160001], [35.093010935999985, 32.47636449400005], [35.09321371600009, 32.47637257600002], [35.093475147000106, 32.4763994540001], [35.093676555000116, 32.47644036300005], [35.09385884900007, 32.476478437000026], [35.09407950700006, 32.47654373900008], [35.09430661900018, 32.47663074700017], [35.09440745800009, 32.47667679800014], [35.09443121100003, 32.47668764600019], [35.09447290800017, 32.47670670700006], [35.09463923300018, 32.47675575300019], [35.09481185100009, 32.47682354600005], [35.095013241, 32.47688065600016], [35.09517159700016, 32.47692110000014], [35.095200544000136, 32.47692848600019], [35.09526913800016, 32.476945989000114], [35.095434292000164, 32.47700207900016], [35.09567734799998, 32.47709994600018], [35.09587241000014, 32.47716522400009], [35.0961249340001, 32.477271131000066], [35.096275287000026, 32.477333546000125], [35.096489434000034, 32.47742321499999], [35.09667167900011, 32.477502003000154], [35.09682520600012, 32.47755357200003], [35.09700115300018, 32.4776188300001], [35.09716729700011, 32.47768139900006], [35.09734325799997, 32.47773848200006], [35.097707799000034, 32.47786069300014], [35.09800208900003, 32.477934228000095], [35.098228422000034, 32.477986283000064], [35.09849399800015, 32.47802710200017], [35.09874976500009, 32.47806805199997], [35.09901849000005, 32.47811704500003], [35.09927444200008, 32.47814446900003], [35.09947589100017, 32.47815817700007], [35.099530254000115, 32.478158226000176], [35.09968649600006, 32.47815836500007], [35.099690320000036, 32.47815822500007], [35.09972506000008, 32.47815825599997], [35.09985986900011, 32.47815852000019], [35.100141294000025, 32.47815327300003], [35.10046975400002, 32.47815356500007], [35.10048986600009, 32.478155134000076], [35.10053634000002, 32.4781528960001], [35.10074271000008, 32.47814295600017], [35.100950660000024, 32.47814046400009], [35.10124819300006, 32.47814889900019], [35.101452926000036, 32.478195153000115], [35.101651202000085, 32.4782197020001], [35.1018519970001, 32.47822269700009], [35.10217497300016, 32.47822297900012], [35.102386657000125, 32.47821423900007], [35.10242565400006, 32.478212629000154], [35.102430642000115, 32.478211366000096], [35.10245558300011, 32.478204343000186], [35.102610226000024, 32.47816094100011], [35.10277336400003, 32.478100919000155], [35.10280795500017, 32.4780868580001], [35.10282807900006, 32.47807954800004], [35.102929852000045, 32.478042440000024], [35.10306472100007, 32.477993384], [35.10307340200018, 32.47799053300008], [35.10312239200016, 32.47797444100013], [35.10327906900005, 32.47792297800004], [35.10338831200011, 32.477893766000136], [35.1034731150001, 32.47787101200004], [35.103502973000104, 32.477863035000155], [35.10354145700006, 32.477852753000036], [35.10375595900007, 32.47779066200013], [35.10382207000015, 32.47783762400013], [35.10383003300018, 32.47784328000006], [35.10389513600012, 32.47788941200014], [35.10409533600017, 32.477836323000076], [35.10427399600002, 32.47772065600003], [35.104543734000174, 32.47761789000003], [35.104718512000034, 32.47755364900013], [35.10498078899997, 32.47743481200018], [35.10518219500011, 32.47734170900003], [35.10536852200016, 32.47720984300014], [35.10554340200008, 32.47705880700005], [35.10569164000009, 32.476943112000185], [35.105870308000135, 32.47682096200003], [35.106070280000154, 32.47667417300005], [35.10617297800013, 32.47655519900013], [35.10627565600009, 32.47645228700014], [35.106367068, 32.476320484000155], [35.10648108300012, 32.47618855700017], [35.10664087000009, 32.47600524000018], [35.1067741060001, 32.47578329300006], [35.106876881000176, 32.47559358800004], [35.10706676000018, 32.47554865899997], [35.107309845000145, 32.475629315000106], [35.10749211300009, 32.47569695800007], [35.10766673000006, 32.475764734], [35.10785647000017, 32.475838863000035], [35.10809189500003, 32.47593247400005], [35.108281818000194, 32.47599378200016], [35.10849819400016, 32.47602932500013], [35.108756429000096, 32.476093927000136], [35.10896145300018, 32.4761745510001], [35.109098169000106, 32.47624863500016], [35.10923720300008, 32.47633145700007], [35.10946113000006, 32.47645393900012], [35.10963188900007, 32.476557076], [35.10977241900014, 32.476640884], [35.10990529800006, 32.47672778600014], [35.11007986400011, 32.4768469870001], [35.110212761000184, 32.476917968000066], [35.11026543100007, 32.476937737000185], [35.110321586, 32.476964692000024], [35.11035831200002, 32.476972472000114], [35.11047079800011, 32.477014693000115], [35.11072516700011, 32.47712113400013], [35.11086561700017, 32.477275675000044], [35.11095276000003, 32.47738846400006], [35.111085576000164, 32.477533274000166], [35.11122220200008, 32.477691192000066], [35.11147645900007, 32.47790049000014], [35.1116396650001, 32.477923163000185], [35.11185628100009, 32.47790079300012], [35.11210692900005, 32.4779170540001], [35.11227026600011, 32.47797523300005], [35.112461307000046, 32.47808049600013], [35.11262070300006, 32.47824476900013], [35.11269647300014, 32.478421801000025], [35.112703699, 32.47844140200016], [35.11271221600009, 32.4784645040001], [35.112713211000084, 32.47846718300008], [35.112760779000155, 32.478595579], [35.11283650700017, 32.47881135600005], [35.112931312000114, 32.47906237199999], [35.11301108200013, 32.47923193800017], [35.11301181600004, 32.47923350200011], [35.11302219200019, 32.47925561900013], [35.113094201000024, 32.47937797399999], [35.113234664000174, 32.479529270000114], [35.113352629000076, 32.47958149500005], [35.11336817300014, 32.479588353999986], [35.11341692900004, 32.47960986600003], [35.11360285600006, 32.47968412300003], [35.11389914000006, 32.47977763300014], [35.114059328, 32.47982580300004], [35.11425533100015, 32.479883678000135], [35.11427702100019, 32.47989008200011], [35.11478485100008, 32.480039829000134], [35.11494804800003, 32.48007532100007], [35.115217101000155, 32.48014189000014], [35.11545574899998, 32.48019561700005], [35.11574875200017, 32.48025121300003], [35.11593788700009, 32.480281934], [35.11620594900006, 32.48034512100003], [35.116390761000105, 32.48037766800013], [35.116652012000145, 32.48043507100016], [35.11683681800014, 32.480473396000036], [35.117030591000116, 32.48052130800011], [35.11721521800018, 32.480573013000026], [35.11739102700005, 32.48063049400008], [35.11758198300009, 32.48067149700017], [35.11776214500003, 32.48070220800014], [35.11778192200018, 32.48070574400009], [35.11781303700019, 32.48071121000004], [35.118023575, 32.480748196000036], [35.118096338999976, 32.48077573400019], [35.11811646200016, 32.48078335000014], [35.118190237000135, 32.48081130300005], [35.11835457800015, 32.48087060100016], [35.11870156300017, 32.48097202700018], [35.11903045800011, 32.48104300000011], [35.11926243700003, 32.48111953900013], [35.11952996400004, 32.481221889000096], [35.119791181000096, 32.48131747000008], [35.120052551000185, 32.48142460200006], [35.12025975300014, 32.481512534000046], [35.12070791300005, 32.48167700800019], [35.12093323000016, 32.48177073000011], [35.121111179000025, 32.48185300200015], [35.12126656000004, 32.48189890500015], [35.121426408000104, 32.4819658080001], [35.121602183000164, 32.482065268000156], [35.121741243000145, 32.482141455000146], [35.12190124400013, 32.482223572000066], [35.12204763500006, 32.48228102400003], [35.12223454500008, 32.48238429400004], [35.12237411500007, 32.48245118099999], [35.12253177300016, 32.482548653000094], [35.12276835600011, 32.482684367000104], [35.12293947500012, 32.48278565300012], [35.123218774000065, 32.48292717500016], [35.12353859600006, 32.48311056700004], [35.12386740300019, 32.48328650000013], [35.12412141900006, 32.483444346], [35.12429719200014, 32.483551409000086], [35.124589926, 32.48372914800012], [35.12475584700013, 32.48371277500013], [35.12476349200017, 32.48371207800017], [35.124793553000075, 32.48371510700014], [35.12495556900018, 32.483731429000045], [35.12501132700015, 32.4837370460001], [35.12501797300018, 32.48373902500015], [35.12527041200019, 32.48381359500013], [35.125486614000124, 32.48388813800017], [35.125718591000066, 32.48398002200014], [35.125853196000094, 32.48411739800014], [35.12585909000006, 32.48412341400007], [35.12587470000011, 32.48413934700005], [35.12574520300012, 32.48413996200003], [35.125725197000065, 32.48414007700012], [35.12561354300004, 32.48414071700017], [35.12562828700004, 32.48417914400005], [35.12563095500008, 32.48418609700019], [35.12567738600012, 32.484307022000166], [35.125762558000076, 32.48441923700011], [35.125860515000056, 32.48454568900013], [35.125954298000124, 32.48469398000003], [35.12612897600019, 32.48490742000013], [35.126273992999984, 32.48502319700003], [35.12644874800014, 32.485157031000085], [35.126610717000176, 32.485276339000166], [35.12690923800005, 32.48549705000005], [35.12704131900006, 32.48558027100012], [35.12727158400003, 32.485732174000134], [35.12750882300003, 32.48589380400017], [35.127679272000194, 32.48601312000011], [35.12790954300016, 32.48616149900005], [35.1282718810001, 32.48641113200017], [35.12852775300013, 32.48655952900009], [35.12878362400011, 32.48671144700006], [35.12899264000015, 32.48683459100016], [35.12913337800006, 32.486910487000046], [35.12943179100017, 32.487080608000156], [35.129610878000165, 32.487214438000024], [35.129781495000145, 32.48733741400008], [35.12999465200011, 32.48748211600014], [35.130207816000166, 32.487619631000086], [35.13036133400004, 32.48772089800019], [35.13049341800013, 32.487807776000125], [35.13065125700018, 32.48790904500004], [35.13077919199998, 32.487988735000044], [35.13094117800006, 32.48810085400004], [35.13109468300007, 32.488216631000114], [35.131340906000105, 32.48838615000017], [35.13149014200019, 32.488444015000084], [35.131788734000054, 32.48861046600007], [35.132065903000125, 32.48875154100011], [35.13239856700011, 32.48893252800008], [35.13256490100002, 32.48901942599997], [35.132718447000116, 32.48909180400011], [35.13285919600014, 32.48916051000009], [35.133080854000184, 32.48929084100013], [35.13328123800005, 32.48941749300013], [35.13347313300005, 32.489551327000015], [35.13367781300013, 32.48970686700011], [35.133818521000194, 32.48982615400013], [35.1339720470001, 32.48992755800015], [35.13412555300005, 32.49004685200009], [35.13437278800012, 32.490213267000115], [35.13450072400008, 32.49030014099998], [35.134632979000116, 32.490390537], [35.13486742300012, 32.49054257100016], [35.13502528700002, 32.49062932100003], [35.135161706000076, 32.49070901000016], [35.135302466000155, 32.49077053000008], [35.13550902200018, 32.490878303000045], [35.135716247000175, 32.49098198799999], [35.1360695030001, 32.49120778300011], [35.13622670600006, 32.49128734500016], [35.136475304000044, 32.49141881100019], [35.13664762700017, 32.49151317700017], [35.13679816900003, 32.491609361000144], [35.136961675, 32.49170935600017], [35.13726393600007, 32.49188833500011], [35.13742080300017, 32.49197592799999], [35.13762718900006, 32.492094970000096], [35.13780882500015, 32.49218609800016], [35.13794508200016, 32.492270155000085], [35.13810195600013, 32.49235422100014], [35.13827960600008, 32.49244182300009], [35.13851490400003, 32.49258201500015], [35.138746035000054, 32.492736013000126], [35.138907056000164, 32.49283064800005], [35.139146531000165, 32.49294970700004], [35.13939013700008, 32.493096807000086], [35.139691563000156, 32.49329296899998], [35.140001294000115, 32.49349604300011], [35.13994109099997, 32.49352249800006], [35.139940175000106, 32.49352290200011], [35.13963973300008, 32.49365533300016], [35.139391761000184, 32.49376368100002], [35.13908608300011, 32.49389299100011], [35.13874296400007, 32.49406074300009], [35.13839183600015, 32.494263433000185], [35.13803640200007, 32.49444526500014], [35.137837981000075, 32.49453955200005], [35.13787542000006, 32.49461984300018], [35.1378803020001, 32.49463031300019], [35.137908185000185, 32.494690072000026], [35.13799070000016, 32.49482665200014], [35.13808135700015, 32.49497366300017], [35.13827113900004, 32.49527825800004], [35.13836594900005, 32.49542865400002], [35.138379065000095, 32.495451485000046], [35.13838306600013, 32.495458475000135], [35.13843617499998, 32.49555127500014], [35.138600075000056, 32.4957907590001], [35.138736225000116, 32.49601472700016], [35.13886823600012, 32.49621783900005], [35.13897966500019, 32.49637881200016], [35.13907809699998, 32.496372105000034], [35.13909574600012, 32.496370913000135], [35.13949176900013, 32.49634416500004], [35.14002063200007, 32.496351373000095], [35.14034284300004, 32.49634817500004], [35.14064844100005, 32.49633073600006], [35.141189617000066, 32.49632413900014], [35.14224718200012, 32.49633163300007], [35.142601469, 32.496343947000184], [35.1429030490001, 32.49635806200001], [35.14321295900015, 32.496354709], [35.14359701900014, 32.496351397000126], [35.14384492500005, 32.496334061000084], [35.144183597, 32.49632733900006], [35.14443564200019, 32.496330856999975], [35.144774305000055, 32.49633808400017], [35.14492303500009, 32.49643608800011], [35.14510052100019, 32.49654129100003], [35.14531108900002, 32.49665327800011], [35.14546399000017, 32.496730431], [35.14564978600009, 32.49683887900011], [35.14586449500018, 32.49697552400016], [35.14595440000005, 32.49703305500003], [35.14598613800001, 32.49705336500011], [35.146116260000156, 32.49713656500006], [35.14625253000003, 32.4972241320001], [35.146389476000024, 32.49729620300013], [35.14654370600016, 32.49737575100011], [35.14662381700015, 32.49741313300018], [35.14665079000014, 32.49742569299997], [35.14675861100011, 32.49747590200013], [35.146997756000076, 32.49761706500004], [35.14720964200018, 32.49775314200019], [35.147216882000066, 32.4977578810001], [35.14726564600005, 32.497789804000035], [35.14740623700004, 32.49788146100002], [35.14751892300012, 32.49793816000005], [35.14755729300009, 32.497957444], [35.14765138600012, 32.49800473300013], [35.14786329200007, 32.49811248800006], [35.148008527000115, 32.49822035000011], [35.14804662900008, 32.49824422800015], [35.14805938100005, 32.498252219000165], [35.14817205800006, 32.49832300700018], [35.148368011, 32.498419765000165], [35.14849514100007, 32.49850704300013], [35.14868277200003, 32.49861999800015], [35.14889466799997, 32.4987483220001], [35.149039916000106, 32.498840685000175], [35.14920628800019, 32.49892545000017], [35.14934256499998, 32.49900752000002], [35.1495423340001, 32.49912569400004], [35.14976937000006, 32.49924120100013], [35.14990848800005, 32.49930537900008], [35.149998410000194, 32.49934360800012], [35.150013457000114, 32.499349974000154], [35.15005376100004, 32.499367025000026], [35.15025054100016, 32.49947998200008], [35.15037676300011, 32.49954673400009], [35.1504406790001, 32.49958053500012], [35.15044599600009, 32.499583075000146], [35.15058343600009, 32.49967247200016], [35.150704583000106, 32.49976228300005], [35.150852810000174, 32.499882823000064], [35.15087740600006, 32.499897912000165], [35.15088820800008, 32.49990453999999], [35.150940157000036, 32.49993629600016], [35.15103745300007, 32.49999577200009], [35.15118345800016, 32.50009736400017], [35.1511944990001, 32.50010504699998], [35.15122125700003, 32.50012351600003], [35.15137863500007, 32.50023391700017], [35.151526235, 32.500298238000084], [35.151532340000074, 32.5003009080001], [35.15159654500019, 32.500328987000046], [35.15180546500005, 32.500444483000024], [35.15188121300008, 32.500502198000106], [35.151900021000074, 32.50051652800005], [35.1519234540001, 32.50053429300016], [35.152080837000085, 32.50064469100005], [35.15229873300018, 32.50076272900003], [35.152540915000145, 32.500865417], [35.15273157400003, 32.50093990300013], [35.15293434600011, 32.50105285800015], [35.15316437700005, 32.50118118400013], [35.15331579400004, 32.501260722000154], [35.15355796199998, 32.501389053000025], [35.15368510600007, 32.50147125500007], [35.15384848800005, 32.50156361900008], [35.15400289100012, 32.50165598000018], [35.15416926600011, 32.5017458100001], [35.15436358000005, 32.501834947000134], [35.15437072600008, 32.50183833200015], [35.15438651600016, 32.50184552600001], [35.154389336000065, 32.50184683300006], [35.15458032900011, 32.50193536600017], [35.15474072000018, 32.50202533200019], [35.1547990790001, 32.50206655200003], [35.154815177000046, 32.50207792300017], [35.154885975000184, 32.50212797300003], [35.15501608900013, 32.502248501000054], [35.15511293800006, 32.502381975000105], [35.15520961200008, 32.50253588200013], [35.1553337150001, 32.50269487000014], [35.155457841999976, 32.50281553500008], [35.155581784000105, 32.502969454000095], [35.155649270000026, 32.50300400300006], [35.155686791, 32.50302325100006], [35.155742184000076, 32.50305166900006], [35.155899674000125, 32.50299777600014], [35.15613435500012, 32.503026349000095], [35.15615405100016, 32.503028747000144], [35.15616302700016, 32.50303142700017], [35.15642652100013, 32.50310833300017], [35.15668086800014, 32.50318537800007], [35.15686556700001, 32.50323167300007], [35.1570713860001, 32.50327065100009], [35.15728601100017, 32.503325837000034], [35.15745191900004, 32.503375505000065], [35.15766022400015, 32.50343082800009], [35.15782613100009, 32.50348317300006], [35.15801149099997, 32.503538344000106], [35.15822014200012, 32.50357140400018], [35.15822596000004, 32.503572393000184], [35.15837524600016, 32.50361740300019], [35.158405132000155, 32.50362395100018], [35.15857690900003, 32.5036615890001], [35.15884707400011, 32.50370862400018], [35.15908780200016, 32.503763818000095], [35.15925038700016, 32.50381348200017], [35.159400848000075, 32.50385152500019], [35.1594033340001, 32.50385215300008], [35.15950873800017, 32.503876854000055], [35.159592028000134, 32.50389633300017], [35.15984255700016, 32.50397083100012], [35.16009308800017, 32.50404265300017], [35.16025900200003, 32.50408950000008], [35.1604119480001, 32.50413648300014], [35.160599123000054, 32.50421813900016], [35.16061149500018, 32.50422354200015], [35.160633034000114, 32.50423294800004], [35.160665667000046, 32.50426123500017], [35.160701008000046, 32.50429187000009], [35.1607826070001, 32.50436263500018], [35.16081667300011, 32.504395197000065], [35.16082125600019, 32.50439957100008], [35.16090957100016, 32.50448385900012], [35.16102986000004, 32.504646507000075], [35.16112404300014, 32.504814778000025], [35.161215045000176, 32.50502419000014], [35.16124393900009, 32.50509042300018], [35.16125128200008, 32.50510730900015], [35.16129309100006, 32.50520344500012], [35.16136866500011, 32.50534930600003], [35.16140610600013, 32.50539298900003], [35.16141070500004, 32.50539835400019], [35.16148232300009, 32.50548165500004], [35.16158650400013, 32.50561400099997], [35.161674230000074, 32.50573520800015], [35.161784727000054, 32.505870375000086], [35.16188242099997, 32.50601089100013], [35.161935369000105, 32.506091212000115], [35.161938907000035, 32.50609657900014], [35.16197329700003, 32.50614872400007], [35.16205786800003, 32.506264577000024], [35.16223682100019, 32.5064933270001], [35.162370094000096, 32.506642312000054], [35.162478678000014, 32.506772663000106], [35.16248292200004, 32.50677775800011], [35.16250336000013, 32.50680214200014], [35.162627309000186, 32.50697465100012], [35.16264392500011, 32.50699762400018], [35.16264544600017, 32.50700028900013], [35.16277133900019, 32.50722085800015], [35.16284293800015, 32.507342059000166], [35.162979516000064, 32.50753232700009], [35.16309982299998, 32.507675666000125], [35.163213638000116, 32.50784112700006], [35.16334040300018, 32.50803406700004], [35.16349327100005, 32.50824082300011], [35.16366558400017, 32.50846139500004], [35.1638021820001, 32.508621227000106], [35.16395173900014, 32.50880318600019], [35.16405261300014, 32.50891072900009], [35.16420221400017, 32.50901279800013], [35.16438756200006, 32.50912037400013], [35.16459851400009, 32.50923021400013], [35.16475143800017, 32.509337777999974], [35.164962898000056, 32.509439867000026], [35.165132135000135, 32.509508831], [35.16531101900017, 32.50958047199998], [35.16543784700019, 32.509668722000185], [35.16568518800011, 32.50983972400013], [35.16589980300006, 32.50995280300015], [35.16616978900015, 32.510068581000155], [35.166394388000185, 32.51016517800008], [35.16658621900018, 32.51028656000017], [35.16673915900003, 32.51036932300019], [35.16690504900009, 32.510493375000124], [35.167070944000045, 32.51060643400018], [35.167259621000085, 32.510719502000086], [35.16746792800018, 32.51081595000011], [35.16771730200003, 32.51092946400007], [35.16804111, 32.51116755400005], [35.168222958000115, 32.51130879800019], [35.16834629800002, 32.51139690200017], [35.16855424800019, 32.51155295000012], [35.168686227000194, 32.51166120500011], [35.16888753000006, 32.51181175600004], [35.16911059800003, 32.511997113], [35.169307589000084, 32.512120045000074], [35.16943541800009, 32.512215477000154], [35.16963356600013, 32.51236024600013], [35.16981974600009, 32.512499657000035], [35.16993011400018, 32.51259691600018], [35.17012277800012, 32.51273830100007], [35.17025059600002, 32.51286303799998], [35.17040651600013, 32.512991449000026], [35.170532008000066, 32.51311069100012], [35.17065533700003, 32.51323373500003], [35.17076370900014, 32.51334198000018], [35.17088488500019, 32.513453894], [35.171001742000044, 32.51355481700011], [35.17114802000003, 32.51368125], [35.17127135600015, 32.513793163000116], [35.17142727300012, 32.5139363670001], [35.17154629100003, 32.51403912000012], [35.171665474000065, 32.51414187400013], [35.17177966900016, 32.514246316000026], [35.17178415400008, 32.51425040600003], [35.17180393800015, 32.51426844600013], [35.17192960700015, 32.5143766970001], [35.172044303000064, 32.51447944700004], [35.17218616800017, 32.514601097000025], [35.17219174700017, 32.51460588100002], [35.17220571100006, 32.51461786200008], [35.172327893000045, 32.514716246000035], [35.172451402000036, 32.51481900100009], [35.17268895000018, 32.515015066000046], [35.17285353000011, 32.5151251580001], [35.17311120800014, 32.51530685800003], [35.17329524000007, 32.51543344100014], [35.173479277000126, 32.51555086600018], [35.17369356200015, 32.515710569000134], [35.173905855000044, 32.51586294600003], [35.17407259700019, 32.51598402700006], [35.17424582700011, 32.51610144900013], [35.17445147000018, 32.516255653000144], [35.17468254700003, 32.516431705000116], [35.174833995000085, 32.516547287000094], [35.17495750900002, 32.516651870000146], [35.175152345000186, 32.51680240800016], [35.175383919000126, 32.51699142000018], [35.175596217000134, 32.51714731600009], [35.17571741300003, 32.51723541300004], [35.17589064400005, 32.517365793000124], [35.176100781000116, 32.517519856000035], [35.176340848000166, 32.517688440000086], [35.17652272500004, 32.51781868000006], [35.176684984000076, 32.51794891700007], [35.17685605100007, 32.51808295900014], [35.177011998000125, 32.51819121300002], [35.177159294000035, 32.51830495800016], [35.17735845200019, 32.51847930600019], [35.177442913000164, 32.51858592600013], [35.177448544000185, 32.518593035000094], [35.17745585800009, 32.51860219400004], [35.17754028500019, 32.51873621300018], [35.177547556000036, 32.51885893900004], [35.177547725000125, 32.51886180100013], [35.17755102700005, 32.518917693000105], [35.17753151800008, 32.519053374000066], [35.17752712700019, 32.51922949500016], [35.177518411000165, 32.51940744800004], [35.177511849000155, 32.51960738000008], [35.17749232300014, 32.519779694000135], [35.17747494700012, 32.51999258700005], [35.17749001800007, 32.520155752000164], [35.177519711000116, 32.520350483000186], [35.17754092100006, 32.52055295800017], [35.177564643000096, 32.52070823500014], [35.177604487, 32.52088606000018], [35.177635536000025, 32.52102104900007], [35.17768487300009, 32.52116238400015], [35.177761145000034, 32.52132655100013], [35.17783310900012, 32.52145211400011], [35.17796293200007, 32.521609250000154], [35.178067996000095, 32.521717488000036], [35.178193678000184, 32.52183784900012], [35.17835643600017, 32.521982736000155], [35.17848412600006, 32.52207012800011], [35.17865040500004, 32.52214343900005], [35.178742321000186, 32.52228436100012], [35.17879481300008, 32.52244767600007], [35.17887357300003, 32.522636783000166], [35.17899623500006, 32.52283717300003], [35.17915814200006, 32.523045041000046], [35.179320233000055, 32.52320457999997], [35.17947783000005, 32.523378912], [35.17956975400017, 32.52350504100008], [35.17961745400004, 32.52355526000002], [35.1796212910001, 32.52355929900011], [35.179750629000125, 32.523695721000024], [35.17983386999998, 32.52378109900019], [35.17983458500015, 32.523781833000044], [35.17984323100018, 32.523790712000164], [35.179917043000046, 32.523866393000105], [35.18003525100005, 32.52397393000007], [35.18018421500011, 32.52411867000012], [35.18032868900019, 32.524252278000176], [35.18048631000016, 32.52437475900007], [35.18070528700008, 32.52452318000019], [35.18087623800011, 32.52457141000008], [35.18120469400009, 32.52459741500002], [35.181537646000095, 32.524597496000126], [35.18170844800005, 32.52459387300007], [35.18187492400011, 32.524593914000036], [35.18206335600007, 32.524590295000166], [35.18229570800014, 32.52453948900006], [35.182329213000116, 32.524532155000145], [35.18243974500007, 32.5245079610001], [35.18261937800008, 32.52445601100004], [35.18280332900014, 32.52440786700015], [35.183105548000185, 32.524307758000134], [35.183416743000066, 32.52421878300015], [35.18371896400009, 32.52410387600014], [35.183946829000035, 32.52403347799998], [35.184218433000126, 32.52397422000007], [35.184381533000135, 32.52394511800014], [35.18445976100003, 32.52393115900014], [35.18448470900012, 32.52392566800012], [35.18468712200013, 32.52388147100015], [35.184928117000084, 32.52383714100017], [35.185125201, 32.52380379100009], [35.18541875900013, 32.52372593500007], [35.18567722700004, 32.52365173700014], [35.18584803700014, 32.52361091200004], [35.18599473400013, 32.52356825100014], [35.18604784500013, 32.523552816], [35.18612845700005, 32.52352939000002], [35.186216355000056, 32.523549398000114], [35.18623688300016, 32.523554071000035], [35.186286909000046, 32.52356546900012], [35.186308059, 32.52357028800003], [35.18632082400012, 32.52357541000009], [35.186351626000146, 32.523587768000084], [35.18645774600003, 32.523630125000125], [35.18646101800016, 32.52363143100007], [35.18646570300007, 32.52363330100019], [35.186469750000185, 32.52363414200016], [35.186691702000076, 32.523680266999975], [35.18693251300016, 32.52369511000006], [35.187029111000186, 32.52372450800004], [35.187037079000106, 32.52372693300015], [35.187103463000085, 32.52374713600011], [35.18711173800017, 32.52377608100011], [35.18711276800008, 32.52377968500008], [35.187142843000174, 32.52388437700017], [35.187234773000114, 32.52402163099998], [35.18734416900014, 32.52414775700015], [35.187497478000125, 32.524259095000104], [35.187672736000025, 32.524381571000106], [35.18791799899998, 32.52454858400017], [35.18812817600008, 32.524693186000036], [35.188233251000156, 32.52481564500016], [35.188307727999984, 32.524934438000116], [35.18840846100005, 32.52512734600009], [35.188526646000184, 32.52536844500008], [35.188701860000094, 32.52566901400013], [35.18881125200011, 32.52583966300017], [35.1889594000001, 32.525980307000054], [35.18918384800003, 32.52627369800007], [35.18929923800016, 32.52640517800012], [35.18941147200019, 32.52650580000011], [35.189616152999974, 32.52672380400003], [35.189725062000036, 32.5268328790001], [35.189840456000184, 32.52694181500004], [35.189972481000154, 32.527064842000186], [35.19008804100014, 32.52718504799998], [35.190183647000026, 32.52729130400007], [35.19030186300006, 32.52742954400014], [35.190517192000186, 32.527635435000036], [35.19061396400002, 32.52774098400016], [35.19074448900011, 32.52787485900012], [35.19088665600003, 32.52801549900005], [35.19105377, 32.52817107900012], [35.19116633800007, 32.52828818600017], [35.191279071999986, 32.52841712700007], [35.191419413000176, 32.52855931500011], [35.19153397900004, 32.5286731810001], [35.19170973300004, 32.528865677000056], [35.19182447200018, 32.528966155000035], [35.191990418000046, 32.52914357300011], [35.19211396400016, 32.52927364100003], [35.19222088200013, 32.52937989600008], [35.192328135000025, 32.52949305400017], [35.1924350540001, 32.52960466200017], [35.19256875100007, 32.52971894900014], [35.19268498300005, 32.529841128000044], [35.19279090100014, 32.52996682500003], [35.19289715100001, 32.530096751000144], [35.19301022400009, 32.530217095000125], [35.193114985000136, 32.530318275000184], [35.19323321400003, 32.53043678900019], [35.19334113600007, 32.530537970000125], [35.193449555000086, 32.53064591400016], [35.193591566, 32.53078471800012], [35.193727590000094, 32.53091915700014], [35.193862452000076, 32.53105711400008], [35.19400246400011, 32.53120395200017], [35.19411703700007, 32.531316264000054], [35.1941754070001, 32.531374461000155], [35.1941763800001, 32.53137543100007], [35.194227124, 32.531426039000166], [35.19434219600015, 32.531539479000116], [35.19448636600015, 32.531694063000145], [35.1945969300001, 32.53181361500009], [35.19460144100003, 32.53181849300012], [35.194603268000094, 32.5318204670001], [35.19472665300009, 32.531963775000065], [35.19484272500006, 32.53208764100003], [35.194951645, 32.532202770000026], [35.19508135199999, 32.53233635900017], [35.19528938500008, 32.53254984900008], [35.19554564200007, 32.53281871600018], [35.195637929000156, 32.53295582200019], [35.19571474200018, 32.533119275000104], [35.195774094000114, 32.53327384700009], [35.19586121400005, 32.53345829300008], [35.195925558000056, 32.53360413400014], [35.196081185000025, 32.53391779100008], [35.19614652700011, 32.53404531300015], [35.19622135100008, 32.534188476], [35.19633457800012, 32.53442646700006], [35.19640823700013, 32.53457850500007], [35.19647889900011, 32.53473660000009], [35.19657433300017, 32.53496162600004], [35.19663169200004, 32.535102109000036], [35.1966970360001, 32.53524259400018], [35.19679348200009, 32.53538857600017], [35.19691487300008, 32.535570348000135], [35.19706471900008, 32.53568519800007], [35.197206751000124, 32.535770459000105], [35.19733647400011, 32.53586008600013], [35.19749430500008, 32.53596648200005], [35.197614218000126, 32.536057657000015], [35.19773878400014, 32.53614643700013], [35.197879819000036, 32.53624494200017], [35.198060434000126, 32.53637839200019], [35.19820462900009, 32.53648830800006], [35.19836761200014, 32.53662443300004], [35.19848752200011, 32.53672279400007], [35.198622404000105, 32.536836090000065], [35.198788382000146, 32.536978557000054], [35.198979308000105, 32.53714455400018], [35.19911951500006, 32.53724249200013], [35.19929880500018, 32.537363403000086], [35.19944150400016, 32.537474443], [35.19959002200005, 32.5376033820001], [35.199771308000095, 32.5377438750001], [35.199917833000086, 32.53786646900011], [35.200025937000134, 32.53797581600003], [35.20017046600009, 32.53808530900011], [35.20038269200006, 32.53823848400009], [35.200558327000124, 32.538351078000176], [35.200665602000186, 32.53845450800003], [35.2008992750001, 32.53867235600012], [35.20101071000016, 32.53876676800013], [35.201247717000115, 32.53895517100017], [35.20138709100013, 32.53907677600017], [35.20168929100009, 32.539387202000114], [35.20183931300005, 32.53952698300003], [35.202094455, 32.539717499000176], [35.20231949400011, 32.53985728700019], [35.20250378800006, 32.539940854000065], [35.20266462700016, 32.54004794800005], [35.20283179100011, 32.54012418600013], [35.20297300400017, 32.540199999000095], [35.20318740700003, 32.540308931000084], [35.20335456800012, 32.54039784900016], [35.20351740700016, 32.54049775700008], [35.203643980000095, 32.540590335000104], [35.20384973300014, 32.54071912900008], [35.204109211000116, 32.540866244000085], [35.2042935070001, 32.540978833000054], [35.20451572600007, 32.541126790000135], [35.204717154000036, 32.54123937900016], [35.204905779000114, 32.54133012700004], [35.205098728000166, 32.54142270700004], [35.20532394600019, 32.54150260900008], [35.20551473800015, 32.54155883700008], [35.20572266100004, 32.5416277490001], [35.20597566000009, 32.54170581800008], [35.20611920900018, 32.54176584800007], [35.20635225000018, 32.541859132000184], [35.206600926000135, 32.54195002300014], [35.20684960200009, 32.54204443400005], [35.20701893800009, 32.54209516500009], [35.20722270400006, 32.54215871800011], [35.20748418900013, 32.54225679300015], [35.20765568700011, 32.54228216200016], [35.20783583500008, 32.54232387300016], [35.20799436000016, 32.542365726000185], [35.20815687500016, 32.542389824000054], [35.20831972500014, 32.542420685000025], [35.20846976300015, 32.542460704], [35.208639099000095, 32.542524255000046], [35.20884719500009, 32.54254046300014], [35.209063607000076, 32.54257682000002], [35.209265212000105, 32.54262952100004], [35.20951173100019, 32.54270209000009], [35.20965961200005, 32.542751125000166], [35.20982894600007, 32.54281833800013], [35.21001974200004, 32.54290907799998], [35.21027757400003, 32.54295219700009], [35.210340620000125, 32.54299150800006], [35.21035171900007, 32.542998431], [35.210471862000134, 32.543073371], [35.210635545000116, 32.543180175000145], [35.210785588000135, 32.543269645000066], [35.210969563, 32.5434168860001], [35.21117416700008, 32.543529466000166], [35.21132753500012, 32.543613159000074], [35.211494714000025, 32.543711365000036], [35.21162762300008, 32.54379224400009], [35.21173309000005, 32.54385358200017], [35.2117582030001, 32.543868187000044], [35.21180145300008, 32.54389326700016], [35.21199923800003, 32.54397400200003], [35.212183384000184, 32.54405769599998], [35.21236071100003, 32.54409813200016], [35.21253121600017, 32.54413857000014], [35.2127790720001, 32.544174075000114], [35.21305537300009, 32.54421732900016], [35.21332469000009, 32.54424621000015], [35.21354626300007, 32.54426931600011], [35.21370645700017, 32.54431270900005], [35.213859995000064, 32.54434440900019], [35.21407125700017, 32.54438766200013], [35.21425207600009, 32.544419502000096], [35.21440894200009, 32.544456977000095], [35.21457595800007, 32.54451756200007], [35.21475661400012, 32.54464169], [35.214862415000084, 32.54476004100013], [35.21500215100008, 32.54488135000014], [35.215135068000166, 32.544999702000155], [35.21523404900006, 32.54511509500003], [35.21535815000016, 32.54528205500014], [35.21549456300016, 32.54544380300001], [35.21564112200008, 32.54560244900017], [35.21576738900018, 32.54576123800007], [35.215907129000186, 32.54593735600008], [35.21597866500002, 32.5460874100001], [35.216033239000126, 32.546277903000146], [35.21604006400008, 32.54642809900014], [35.216040069000144, 32.54654299500004], [35.21604007400009, 32.54664649200015], [35.21604007500014, 32.546693693000066], [35.21604357700011, 32.54688122600004], [35.21604691400012, 32.54706890200009], [35.2160499150001, 32.54726278000015], [35.216066393, 32.54744143600004], [35.216086862000054, 32.54762009600006], [35.21611348900018, 32.547829891000106], [35.21618134000005, 32.5479629730001], [35.21618352700011, 32.54796726300009], [35.21620365900003, 32.54800685499998], [35.216357206, 32.548077863000174], [35.21651757500007, 32.548157043000174], [35.21655400900005, 32.54817719000016], [35.216566318000105, 32.54818352800015], [35.21662720400013, 32.54821553200014], [35.21665182600003, 32.548228474000155], [35.21676759000002, 32.5482967640001], [35.21680753900006, 32.548320331000184], [35.216814494000175, 32.54832390500013], [35.217000016999975, 32.54841923500004], [35.217211128000145, 32.54853011300014], [35.21744053800012, 32.54865508000006], [35.21762486400007, 32.54873651000008], [35.217768266000064, 32.54881977500014], [35.21791782600019, 32.54890825200005], [35.21816770200007, 32.54904181000012], [35.21832557700009, 32.54911802800018], [35.21855499200012, 32.549239472000124], [35.218757786000026, 32.549345275000064], [35.2188187700001, 32.54937869800011], [35.218848788000116, 32.549395149000134], [35.218972563000136, 32.54946277500005], [35.219128279000074, 32.549547726000014], [35.21933107800004, 32.549670857000024], [35.21947647900009, 32.54975933500003], [35.21961788800013, 32.549837383000124], [35.21975114700007, 32.54990852900016], [35.21992316900008, 32.549998693000134], [35.22007073300006, 32.550057579000054], [35.220244919000095, 32.55015478600018], [35.220490643000176, 32.5502969370001], [35.22077961999997, 32.55043865900012], [35.220942990000026, 32.550526006000155], [35.22112998900013, 32.55062729700012], [35.22126957000006, 32.55070111800006], [35.22157868200003, 32.55084452800003], [35.22190010200018, 32.551006960000166], [35.22205964900013, 32.55108077600005], [35.22227909100019, 32.55118629300017], [35.22249337400007, 32.551289693], [35.22268536400014, 32.55139732300006], [35.22288467800007, 32.551506926000116], [35.22306419200004, 32.55162089500004], [35.223227408000184, 32.55173190900018], [35.22358394200006, 32.551934487000096], [35.22377343900018, 32.55201886700013], [35.22393781400018, 32.55208845600009], [35.22408488899998, 32.552174953000076], [35.224244773000066, 32.55226215400012], [35.22449866000005, 32.55239443200003], [35.224607446000164, 32.552280717000144], [35.22469543400018, 32.55216601700005], [35.22474566600005, 32.55210035400006], [35.22476118200012, 32.552080025000066], [35.22481536000015, 32.552009045000034], [35.225046226000075, 32.551728493999974], [35.22521804400009, 32.5514905], [35.22534544900003, 32.551307601000076], [35.225446907000105, 32.55117542800008], [35.22553539300014, 32.551045512000144], [35.22564732900014, 32.55090234700015], [35.22574096900007, 32.550770034000095], [35.22585540000006, 32.55061362500004], [35.22595419600003, 32.55047482900011], [35.22606131100014, 32.55033673800011], [35.226162767000176, 32.55020456400001], [35.22624875200006, 32.5500678840001], [35.226334573000145, 32.54992697500006], [35.22646979400008, 32.549766054000145], [35.226623312000186, 32.549574418000134], [35.226779485, 32.54936079600003], [35.22683668600007, 32.5492917250001], [35.22690306300012, 32.549211572000104], [35.22702763100011, 32.549022050000076], [35.22715769400014, 32.54884591300015], [35.22729091500008, 32.54867428200009], [35.2273416860001, 32.54859153700005], [35.227373570000054, 32.54853957300003], [35.2274620500001, 32.548414023000134], [35.227558412000064, 32.54829882299998], [35.227594773000135, 32.54825535400005], [35.22760905500007, 32.54823042400011], [35.22768308200011, 32.548101202000055], [35.227769067, 32.54798664100008], [35.22787433400009, 32.547801206000145], [35.227997742000184, 32.54764944400017], [35.22815341800009, 32.54747541600017], [35.22828846500016, 32.547298714000135], [35.22843548700007, 32.54710975000012], [35.228567540000086, 32.546945587000096], [35.22867330600013, 32.546763954000085], [35.228767267000194, 32.54661473100009], [35.22887303500005, 32.546450570000104], [35.22898562800003, 32.54630698100004], [35.22910603900016, 32.546170294000035], [35.22923825100008, 32.54597865400012], [35.22935266900015, 32.545812098000056], [35.22955241200003, 32.545583252000085], [35.22964936800008, 32.54546136200014], [35.22974915100008, 32.54532693100015], [35.22987254600008, 32.545133037000085], [35.229978306000135, 32.54495140500012], [35.230096552000134, 32.544810209], [35.23025520200008, 32.544591230000094], [35.230428492000044, 32.54436745900017], [35.23057833500013, 32.54419328800003], [35.23069873300011, 32.544019121000076], [35.23083958800015, 32.543822689000024], [35.23093071900013, 32.54370079700004], [35.23103930400015, 32.54351169600011], [35.23111280400019, 32.543389809000075], [35.23125084300017, 32.543262979000076], [35.231325505000086, 32.543185818000154], [35.23135229000013, 32.54315813599999], [35.23142347000015, 32.54308457500002], [35.23156432300016, 32.54289687800008], [35.231697358000076, 32.542705799000146], [35.231834387000106, 32.54253529100009], [35.23194314000017, 32.542371409], [35.232047901000044, 32.54221105000016], [35.232061369000064, 32.542190196000035], [35.2320993940001, 32.5421316930001], [35.232289514, 32.54183918400014], [35.23248291400006, 32.54159004500019], [35.23261993800003, 32.54140910800004], [35.232936220000056, 32.54097649900007], [35.23315788400009, 32.540686354000115], [35.23335111600011, 32.540444119000085], [35.233413281000026, 32.54036651700005], [35.23346219600006, 32.54030545500012], [35.23351241700004, 32.540242746], [35.23359954100016, 32.54009056100011], [35.23364925800007, 32.54000390200014], [35.2336690460001, 32.539982058000135], [35.23380640500005, 32.539829864000126], [35.23397568299998, 32.539597919000016], [35.234120684000175, 32.539410217000125], [35.2343099090001, 32.53913374100017], [35.23453189900005, 32.53885021400009], [35.23454919100004, 32.53883104900018], [35.23472179800018, 32.53862389900007], [35.23479912600004, 32.538524424000116], [35.23490703600004, 32.53838560600019], [35.235177244000056, 32.53804359700007], [35.23537510900013, 32.537752324], [35.23550846000006, 32.53756406000008], [35.23568621300012, 32.537335067000015], [35.23588241300001, 32.53706211100018], [35.2360912690001, 32.53679525600006], [35.23610090100016, 32.536782948999985], [35.23617290400017, 32.536704597000096], [35.23620466400013, 32.536670070000184], [35.23621281100003, 32.53665696600018], [35.23624532800011, 32.536604774000125], [35.236308243999986, 32.536503792000076], [35.236404506000156, 32.536340753], [35.236485976000154, 32.536215198000036], [35.23664893600011, 32.53605214600003], [35.2368859070001, 32.53586695900009], [35.23711024400012, 32.5357012180001], [35.23725824400009, 32.53557579000005], [35.23742869500006, 32.53544401500005], [35.237554579000175, 32.53534042900003], [35.23770640700013, 32.53522753900012], [35.23782863200006, 32.535130295000044], [35.23798045800015, 32.53501726400003], [35.23807735300011, 32.534945821000065], [35.23812496700015, 32.53491071400009], [35.238201552000135, 32.53484173900017], [35.23824702100012, 32.534800789000144], [35.23836558300013, 32.534694245000026], [35.238502606, 32.53458431700017], [35.23863596700011, 32.53446832900016], [35.238754362000066, 32.53436164300007], [35.23896188600003, 32.53417969999998], [35.23924689800015, 32.53393504000019], [35.239439458000106, 32.533774936999976], [35.23958196300009, 32.533653312000126], [35.239700524, 32.533552824000026], [35.239881943, 32.53340540600004], [35.2400449000001, 32.533270530000095], [35.24024112700005, 32.533144947000096], [35.24038196400011, 32.533016416], [35.24058183300019, 32.53283757000014], [35.24082992000001, 32.53261799300003], [35.241074363999985, 32.532445338], [35.241281715000184, 32.53226973000005], [35.24140392100003, 32.53214740200008], [35.24165200800019, 32.53193092499998], [35.24177421900009, 32.53181789600018], [35.24188528900004, 32.53171445000015], [35.24200384300008, 32.531614103000095], [35.24214119400017, 32.53151614400008], [35.242371658000025, 32.53133278200016], [35.24254376100015, 32.53121593600008], [35.242703727000105, 32.53110317700009], [35.24290741600015, 32.53094151700003], [35.243141697000056, 32.530742936000024], [35.24331196300011, 32.530606220000095], [35.24345246400014, 32.53048825400009], [35.24362921300008, 32.530342804000156], [35.24374959500011, 32.53024738400006], [35.24393648500012, 32.53008896600011], [35.24408762200011, 32.529951130000086], [35.24424026000014, 32.52982935600011], [35.24443879500012, 32.52968727899997], [35.24468604200007, 32.529492776000154], [35.24492, 32.52934279900012], [35.245204496000156, 32.52913264500012], [35.24559240100018, 32.52884517900014], [35.24560371600012, 32.528836794000085], [35.24561384600008, 32.52882794000004], [35.24583366000013, 32.52863581200012], [35.246041501000036, 32.52848443100015], [35.24619114200004, 32.52836392200004], [35.24639530900015, 32.52817844500004], [35.24653763000015, 32.528057796999974], [35.246668973000055, 32.52793109300018], [35.24678418000008, 32.52783187100016], [35.24688777200015, 32.52774265100004], [35.24691969800011, 32.527722635000146], [35.24709944200009, 32.52760972500005], [35.24724174700003, 32.527452022000034], [35.24739853300002, 32.52732530900016], [35.24755897700015, 32.52719859600006], [35.247807029000114, 32.526969848000135], [35.24784992200017, 32.52692939800016], [35.247934688999976, 32.52684941700005], [35.24796762800014, 32.526818338000055], [35.24800610300002, 32.526790310000024], [35.24811178300007, 32.52671332500012], [35.24811544100004, 32.52671036800018], [35.24811843200018, 32.526707407000174], [35.2482000170001, 32.526628251000034], [35.24833821600009, 32.526494165000145], [35.24851694600011, 32.52635814600012], [35.24865926700011, 32.526243836000106], [35.24881604600017, 32.526110924000136], [35.24883897400014, 32.526094256000135], [35.24894323800004, 32.52601845700019], [35.24896917400008, 32.525999568000145], [35.249045484000135, 32.525932902000136], [35.24918360000004, 32.52581242300005], [35.24920641700004, 32.52579252000004], [35.24949453700009, 32.5255513570001], [35.24976087900012, 32.52533499900011], [35.249965045000124, 32.525177412000176], [35.25011466800015, 32.52504450000015], [35.250304356000015, 32.524871419000135], [35.25048673700013, 32.524719898000114], [35.25075887800017, 32.524460563000105], [35.25095570900004, 32.52428127900015], [35.25116002900006, 32.524108193000075], [35.25133874500011, 32.52395371100005], [35.25148837300003, 32.523836156000186], [35.25164881000006, 32.52371563800017], [35.25182020800003, 32.52356721800015]]]]}}]}