{
"type": "FeatureCollection",
"name": "historic_palestine_pre_1920",
"crs": { "type": "name", "properties": { "name": "urn:ogc:def:crs:OGC:1.3:CRS84" } },
"features": [
{ "type": "Feature", "properties": { "valid_on": "2023-10-19", "valid_to": "1922-12-31", "name": "Historic Palestine pre-1920" }, "geometry": { "type": "MultiPolygon", "coordinates": [ [ [ [ 34.5186383, 30.5325223 ], [ 34.5167319, 30.5465946 ], [ 34.5188298, 30.5919174 ], [ 34.5186066, 30.5928542 ], [ 34.496972, 30.6792119 ], [ 34.4965317, 30.6801474 ], [ 34.4544853, 30.7613836 ], [ 34.4033625, 30.8591134 ], [ 34.3960362, 30.8781999 ], [ 34.3953689, 30.8800714 ], [ 34.3940373, 30.8834394 ], [ 34.3902624, 30.8931693 ], [ 34.38982, 30.8941043 ], [ 34.3847088, 30.907577 ], [ 34.3569186, 30.9792359 ], [ 34.3549153, 30.9844746 ], [ 34.3546896, 30.9854109 ], [ 34.3375557, 31.0286244 ], [ 34.3320064, 31.0407787 ], [ 34.3255354, 31.0583657 ], [ 34.3251712, 31.0593937 ], [ 34.3098895, 31.1025226 ], [ 34.3040791, 31.1184248 ], [ 34.27438, 31.2006894 ], [ 34.2698339, 31.213273 ], [ 34.267517307983582, 31.220076308291006 ], [ 34.266721821000147, 31.221800449000057 ], [ 34.266076091, 31.22436831300007 ], [ 34.266070336000155, 31.224381584000014 ], [ 34.265807064000057, 31.224988720000169 ], [ 34.265182653000181, 31.226691634000019 ], [ 34.264216011000144, 31.229482917000155 ], [ 34.262741892000122, 31.233313917000032 ], [ 34.261435690000042, 31.236908994000032 ], [ 34.259897071000182, 31.24164066000003 ], [ 34.258992484000032, 31.243720899000152 ], [ 34.258140709000145, 31.246038673000044 ], [ 34.257740745000092, 31.247363756000027 ], [ 34.255235152000182, 31.253879562000179 ], [ 34.254380790000027, 31.256434434000028 ], [ 34.253014862000157, 31.260408397999981 ], [ 34.250627081, 31.267078224000159 ], [ 34.247210990999974, 31.276804639000147 ], [ 34.247036555000136, 31.277657070000032 ], [ 34.244878580000034, 31.283379891000038 ], [ 34.242664115000025, 31.289197095000191 ], [ 34.24124630600005, 31.29274363900015 ], [ 34.240730521000103, 31.294542079000109 ], [ 34.240220062000049, 31.295818829000041 ], [ 34.239773617000139, 31.296242322000182 ], [ 34.239441095000132, 31.296334662000163 ], [ 34.239418379000028, 31.296335376000059 ], [ 34.238224926000157, 31.29637287800017 ], [ 34.235956897000165, 31.296592813000132 ], [ 34.235956638000062, 31.296593 ], [ 34.235567157000105, 31.296874426000102 ], [ 34.233477835000031, 31.300496090000081 ], [ 34.232801469000037, 31.301771539000185 ], [ 34.229482971000095, 31.307342916000096 ], [ 34.22684308900017, 31.311401650000164 ], [ 34.224029245000054, 31.316217859000176 ], [ 34.221110532000068, 31.320464037000136 ], [ 34.218773334000105, 31.323737828 ], [ 34.219348294000099, 31.324160918000189 ], [ 34.219772170000169, 31.324452007000048 ], [ 34.220027845000061, 31.324574745000064 ], [ 34.221116539000093, 31.325446603000103 ], [ 34.222174203, 31.32637053600007 ], [ 34.22326294100003, 31.327242374999969 ], [ 34.224533561000044, 31.328220264000151 ], [ 34.22544046400003, 31.328986020000116 ], [ 34.225804204000099, 31.329198137000162 ], [ 34.226168227000073, 31.329384087000108 ], [ 34.226500664000184, 31.329674456000021 ], [ 34.226771850000034, 31.32999052200006 ], [ 34.227134235000108, 31.330333448000033 ], [ 34.227740045000132, 31.330730567000103 ], [ 34.228465932000063, 31.331311765000066 ], [ 34.229162149, 31.331814231000067 ], [ 34.229827878000094, 31.332316465000076 ], [ 34.230340863000038, 31.332843691000164 ], [ 34.2306722350001, 31.333238700000095 ], [ 34.231428654000069, 31.333820112000069 ], [ 34.232607157000132, 31.334875712000155 ], [ 34.233526678000089, 31.335734851000097 ], [ 34.234373276000156, 31.336447762000034 ], [ 34.235129203999975, 31.337081479000176 ], [ 34.235734003, 31.337583215000109 ], [ 34.236370391000094, 31.337980532000188 ], [ 34.237066700000071, 31.338482959000089 ], [ 34.237489081000092, 31.338930972000128 ], [ 34.238123868000173, 31.339485257000092 ], [ 34.239000751000162, 31.34022453100016 ], [ 34.239938116000133, 31.341016584000045 ], [ 34.241177260000029, 31.342124893000175 ], [ 34.242205351000052, 31.342996117000155 ], [ 34.242901187000086, 31.343550840000148 ], [ 34.24371688399998, 31.344315784000173 ], [ 34.244200855000145, 31.344711908000079 ], [ 34.244653524000057, 31.345186292000108 ], [ 34.245773719000113, 31.346005851000143 ], [ 34.246219156000109, 31.346397189000186 ], [ 34.246469066000145, 31.346612877000098 ], [ 34.247134189000064, 31.34719351300015 ], [ 34.247587158000101, 31.347641724000027 ], [ 34.248071693000156, 31.347985510000058 ], [ 34.249313947000076, 31.348805953000181 ], [ 34.250471729000139, 31.349852025000018 ], [ 34.252134937000108, 31.351277389000188 ], [ 34.254161561999979, 31.352967102000093 ], [ 34.256245302000082, 31.35504968000015 ], [ 34.258483502, 31.356950214000165 ], [ 34.260208488000103, 31.358323606000113 ], [ 34.261325813999974, 31.359456986999987 ], [ 34.263019070000098, 31.360960934 ], [ 34.264197466000098, 31.362094736000017 ], [ 34.264682136000033, 31.36243846300016 ], [ 34.26519679900008, 31.362834742000132 ], [ 34.265682001000073, 31.363126135000186 ], [ 34.266258197000184, 31.363470533000111 ], [ 34.266894369000056, 31.363920027000177 ], [ 34.267721827000116, 31.36458799400009 ], [ 34.268235200000049, 31.365115070000172 ], [ 34.268779866000159, 31.365563881000128 ], [ 34.269777705000024, 31.366460829000061 ], [ 34.270230867000066, 31.366908959 ], [ 34.270776598000168, 31.367253112000185 ], [ 34.271896498000103, 31.368150934000028 ], [ 34.272743928000068, 31.368837433000067 ], [ 34.27334836000017, 31.369417491000092 ], [ 34.273952798000096, 31.369997547000139 ], [ 34.275043280000091, 31.370790465000027 ], [ 34.276435249000031, 31.371951890000105 ], [ 34.276949482000077, 31.372400446000086 ], [ 34.277804388000106, 31.373580229000083 ], [ 34.279192548000026, 31.375134068000136 ], [ 34.28018929100017, 31.376161752000087 ], [ 34.281216563000044, 31.377189648000012 ], [ 34.282425888000034, 31.378323517000126 ], [ 34.284417222000116, 31.380614294000054 ], [ 34.285263579000059, 31.381431525000096 ], [ 34.285776368000143, 31.382037029000116 ], [ 34.286349417000054, 31.382721459000038 ], [ 34.286803506000012, 31.383091047000107 ], [ 34.287440932000038, 31.383435787 ], [ 34.288198105000049, 31.384016873000121 ], [ 34.289077079000094, 31.384625002000064 ], [ 34.289755979000176, 31.385116216000029 ], [ 34.290603958000077, 31.385776438000164 ], [ 34.290874739000174, 31.386170858000071 ], [ 34.291297843, 31.386592538000173 ], [ 34.292024802000014, 31.387147221000134 ], [ 34.292901789000041, 31.38796463000017 ], [ 34.293838803000085, 31.388887117000024 ], [ 34.294353477000072, 31.389309439000158 ], [ 34.294624799000132, 31.389651529000048 ], [ 34.294956894000165, 31.390020215000163 ], [ 34.295805204000033, 31.390654238000138 ], [ 34.296440682000025, 31.391208243000051 ], [ 34.297046153999986, 31.391709704000107 ], [ 34.297408529000052, 31.392104764000067 ], [ 34.297802437000144, 31.392395390000161 ], [ 34.298195840000119, 31.392738339000175 ], [ 34.298558231000129, 31.393133394000131 ], [ 34.298645024000166, 31.393232744000159 ], [ 34.298829320000095, 31.393501637000099 ], [ 34.29910067000003, 31.393843716000106 ], [ 34.299615133000032, 31.394292185000154 ], [ 34.30013061600016, 31.394635998000069 ], [ 34.300828186000103, 31.395085757000061 ], [ 34.30179838700019, 31.395746779000092 ], [ 34.302616535000027, 31.396354380000162 ], [ 34.303253099000131, 31.396803703000103 ], [ 34.303617029, 31.397041766000029 ], [ 34.304102526000122, 31.397333021000065 ], [ 34.304678577000118, 31.397729570000081 ], [ 34.305528523000078, 31.398206557000037 ], [ 34.30630289100003, 31.39862078200008 ], [ 34.306939743000157, 31.39904391500005 ], [ 34.30751480400005, 31.39954511000019 ], [ 34.308635185000128, 31.400468790000048 ], [ 34.309270306000144, 31.401075055000035 ], [ 34.310087537000186, 31.401787266000099 ], [ 34.310965320000093, 31.402552227000058 ], [ 34.311963692000063, 31.403475016000129 ], [ 34.313506953000115, 31.404872591000185 ], [ 34.315079522000133, 31.406401176000088 ], [ 34.316440744000147, 31.407692781000094 ], [ 34.317773216999967, 31.408801014000062 ], [ 34.320078191000107, 31.410360811000089 ], [ 34.321591893000118, 31.411679591000109 ], [ 34.32281466000012, 31.412618942000108 ], [ 34.324146780000035, 31.413779436000027 ], [ 34.325417894000054, 31.414939497000034 ], [ 34.326962270000081, 31.416258422000169 ], [ 34.328204159000109, 31.417287429000112 ], [ 34.328839754, 31.417867442000045 ], [ 34.329506869000056, 31.418343008000136 ], [ 34.330204514000116, 31.418818784999985 ], [ 34.330931951000025, 31.419373254000163 ], [ 34.331717764000132, 31.42021593000004 ], [ 34.332595402999971, 31.421033077000061 ], [ 34.333533381000166, 31.42192911900014 ], [ 34.335380076000092, 31.423590165000064 ], [ 34.336512262000156, 31.424507659000142 ], [ 34.337571437000122, 31.42550916700003 ], [ 34.337934359000144, 31.425877953 ], [ 34.338265536999984, 31.426377345000105 ], [ 34.338568131000159, 31.426667224000028 ], [ 34.339083699000184, 31.427037050000081 ], [ 34.339719184000103, 31.427643173000035 ], [ 34.340929861000177, 31.428776506000133 ], [ 34.342200904000094, 31.429988731000151 ], [ 34.343442168000138, 31.431122247000133 ], [ 34.344289244000038, 31.431965269000102 ], [ 34.345044987000165, 31.432781503000115 ], [ 34.345982479999975, 31.433755947000122 ], [ 34.346890661000089, 31.434599366000157 ], [ 34.347858714000154, 31.435574003000056 ], [ 34.348341429000016, 31.436205219000044 ], [ 34.349188598000069, 31.437048207000032 ], [ 34.35021704400009, 31.438101728000049 ], [ 34.351368118000096, 31.43910374100011 ], [ 34.35203406100004, 31.439736173000028 ], [ 34.352304064000066, 31.440261285000133 ], [ 34.353769778000014, 31.441861846000108 ], [ 34.354617283999971, 31.442678633000128 ], [ 34.355585501000064, 31.443653217000076 ], [ 34.357007927000154, 31.445049464000078 ], [ 34.359275852000167, 31.44749792500005 ], [ 34.361000650000051, 31.44923628700019 ], [ 34.362121202000026, 31.450264168000047 ], [ 34.362969560000067, 31.45100241300014 ], [ 34.363209823000147, 31.451448805000098 ], [ 34.363603241000192, 31.451843891000124 ], [ 34.364239061000035, 31.452449897000179 ], [ 34.364661610999974, 31.453002158000118 ], [ 34.365297435, 31.453608157000076 ], [ 34.365872439000157, 31.454187587000035 ], [ 34.367002307000064, 31.455445159000192 ], [ 34.367757025000117, 31.456418237000037 ], [ 34.368905697000116, 31.45773405500006 ], [ 34.369813611000097, 31.458655803000113 ], [ 34.370479114000034, 31.459366634000048 ], [ 34.370933202000117, 31.459814421000033 ], [ 34.371509442, 31.460263011000052 ], [ 34.37202554900017, 31.460606540000128 ], [ 34.372692482000048, 31.461160378000102 ], [ 34.373419101000025, 31.461871597000084 ], [ 34.374478397000075, 31.462951289000046 ], [ 34.375658709000049, 31.464162599000076 ], [ 34.376659062000101, 31.465006405000111 ], [ 34.377303140000151, 31.46578703900002 ], [ 34.377625879999982, 31.466190139000162 ], [ 34.378381493000063, 31.467084667000108 ], [ 34.37928982, 31.46798018800007 ], [ 34.380530872, 31.469244173999982 ], [ 34.381892512000093, 31.470692082000085 ], [ 34.383073939000042, 31.471798664000175 ], [ 34.38505074700015, 31.473848475000182 ], [ 34.38608046100012, 31.474849391000078 ], [ 34.386563632000048, 31.475480465000032 ], [ 34.387167596999973, 31.476269308000042 ], [ 34.388561127000173, 31.477586531000043 ], [ 34.389680258000169, 31.478849643000103 ], [ 34.390588350000144, 31.479797411 ], [ 34.391346020000128, 31.480482558000119 ], [ 34.392920660000186, 31.482062544000087 ], [ 34.394039444000043, 31.483377946000076 ], [ 34.395432946000085, 31.484721255000068 ], [ 34.396583024000165, 31.485958343000107 ], [ 34.397855101000175, 31.487222358000167 ], [ 34.399732266000171, 31.489170492000085 ], [ 34.401134545000104, 31.49071992 ], [ 34.402194476000147, 31.491799394000168 ], [ 34.403618318000156, 31.493195138000033 ], [ 34.404860928000119, 31.494354240000177 ], [ 34.405376001000036, 31.494854623000094 ], [ 34.406407496000043, 31.495698393000112 ], [ 34.407681843000034, 31.496726847000104 ], [ 34.408893334000027, 31.497964207000166 ], [ 34.409620062999977, 31.498727551000059 ], [ 34.410408125000174, 31.499465108000095 ], [ 34.411254633000055, 31.500517004000073 ], [ 34.411951070000043, 31.501253980000115 ], [ 34.413085695000063, 31.502294244000041 ], [ 34.413954153000134, 31.503258271000163 ], [ 34.415053146000048, 31.504478200999984 ], [ 34.416597583000168, 31.506110038000088 ], [ 34.418204072000151, 31.507637581000097 ], [ 34.419140849000144, 31.508873145000052 ], [ 34.420472436000068, 31.510398953000163 ], [ 34.42137915800015, 31.511581985000134 ], [ 34.422623767000175, 31.51255777200015 ], [ 34.423047587000042, 31.51303135500018 ], [ 34.423441949, 31.513373930000171 ], [ 34.423684202000061, 31.513637073000041 ], [ 34.423802243000182, 31.514134934000083 ], [ 34.424650568000118, 31.515003597000089 ], [ 34.425779266000063, 31.516437543999984 ], [ 34.427111068000102, 31.517963290000125 ], [ 34.42789767700009, 31.518910053000013 ], [ 34.428349705000187, 31.519671606000088 ], [ 34.42907523000008, 31.520617986000047 ], [ 34.429587733000119, 31.521458398000107 ], [ 34.429950728000051, 31.521905421000099 ], [ 34.430251953000038, 31.522430563000171 ], [ 34.430248030000143, 31.522901507000086 ], [ 34.429970167000135, 31.523239949000185 ], [ 34.429477956000028, 31.523629412000162 ], [ 34.429138315000046, 31.52404597400016 ], [ 34.429127928000185, 31.524051745 ], [ 34.428747995000094, 31.524262758000191 ], [ 34.428443323000124, 31.524431972000116 ], [ 34.42793725000007, 31.524905978000106 ], [ 34.42771339900014, 31.525318597000023 ], [ 34.427513611000109, 31.525987350000037 ], [ 34.42783233900019, 31.526303582000082 ], [ 34.428010782000115, 31.52648062999998 ], [ 34.428560570000116, 31.527177243000153 ], [ 34.42869463400001, 31.527347112000086 ], [ 34.428783832000136, 31.527771365000149 ], [ 34.428944582000099, 31.528007228000035 ], [ 34.429136624000193, 31.528060304000121 ], [ 34.429278029000102, 31.528099386000179 ], [ 34.429693851000025, 31.528516626000055 ], [ 34.43021321000009, 31.529015928000149 ], [ 34.430747790999988, 31.529385904000037 ], [ 34.430931650000048, 31.529214734000107 ], [ 34.430407258000173, 31.528623811000159 ], [ 34.429666743999974, 31.527913341000158 ], [ 34.429227044000015, 31.527567622000049 ], [ 34.429037435000055, 31.527430064000043 ], [ 34.429037396000126, 31.527429859000108 ], [ 34.428954801000145, 31.527019487000075 ], [ 34.428954770000075, 31.527019444000189 ], [ 34.42858727600003, 31.52655210000006 ], [ 34.428587244000028, 31.526552066000022 ], [ 34.428105389000052, 31.526059869999983 ], [ 34.428009810000049, 31.525970912000105 ], [ 34.427987202000111, 31.525577721000161 ], [ 34.428220798999973, 31.525044747000095 ], [ 34.428625946000011, 31.524669020000033 ], [ 34.42862622500013, 31.524668850000182 ], [ 34.42938493500003, 31.524200724000025 ], [ 34.429393343000186, 31.524195536000093 ], [ 34.429921644000103, 31.524413756000058 ], [ 34.429929798999979, 31.524417126000174 ], [ 34.430482477000055, 31.524106526000025 ], [ 34.431126828000174, 31.523796478000122 ], [ 34.431813814000179, 31.523724023000113 ], [ 34.431830339000044, 31.52372227900014 ], [ 34.43222651800005, 31.523855518000062 ], [ 34.432284372000026, 31.524248349000118 ], [ 34.432281981000131, 31.524536145000127 ], [ 34.432678381000073, 31.524643223000112 ], [ 34.433135032000109, 31.524855324000157 ], [ 34.433682502000067, 31.525172635000047 ], [ 34.434291297000073, 31.525464148000083 ], [ 34.43449286300006, 31.525738789000172 ], [ 34.434483174999968, 31.525750020000146 ], [ 34.434278438000035, 31.525987330000021 ], [ 34.434258494000119, 31.52601044700009 ], [ 34.434107564999977, 31.526185387000169 ], [ 34.433432202000176, 31.526655364000078 ], [ 34.432906929000126, 31.527020891 ], [ 34.432266606000155, 31.527439593000054 ], [ 34.432232803000147, 31.527461695000056 ], [ 34.431940991000147, 31.527823110000043 ], [ 34.431833485000141, 31.527956258000074 ], [ 34.431996063999975, 31.528045615000053 ], [ 34.432484276000082, 31.527633517000083 ], [ 34.432484443000192, 31.527633373000072 ], [ 34.432819347000191, 31.527340984000148 ], [ 34.433004617000051, 31.527239288000089 ], [ 34.433311244000095, 31.527070977000108 ], [ 34.433800014000042, 31.526665809000121 ], [ 34.434139666000078, 31.526616241000113 ], [ 34.435249495000164, 31.527012342000091 ], [ 34.435660347000066, 31.527221051000083 ], [ 34.435988563000024, 31.527494923000177 ], [ 34.435994278000067, 31.527496781000139 ], [ 34.436268487000063, 31.527585973000043 ], [ 34.436961273, 31.528558642000178 ], [ 34.43883877900015, 31.530663196000035 ], [ 34.439473545000055, 31.531472421000103 ], [ 34.439746141000057, 31.53181993700008 ], [ 34.440505015000156, 31.532452475000184 ], [ 34.441716965000069, 31.533741862000056 ], [ 34.442987285000186, 31.535371728000086 ], [ 34.444654325999977, 31.537082461000125 ], [ 34.44677605000004, 31.539266859 ], [ 34.448786000999974, 31.54157683000011 ], [ 34.449696779000021, 31.542341043000192 ], [ 34.450182421000079, 31.542762578000179 ], [ 34.450574704000132, 31.543135524000093 ], [ 34.450819403000025, 31.543368161999979 ], [ 34.451878595000096, 31.54468270600006 ], [ 34.452938653000047, 31.545892594000122 ], [ 34.453090536000104, 31.54612048700011 ], [ 34.453297299000042, 31.546430724000061 ], [ 34.453542787000117, 31.54678578100004 ], [ 34.454011464000075, 31.54728955700017 ], [ 34.454179190000104, 31.547469843000158 ], [ 34.454876101000139, 31.548232754000139 ], [ 34.455512405000036, 31.548881136000148 ], [ 34.455573442000173, 31.548943332000135 ], [ 34.456362287000161, 31.549680614000067 ], [ 34.456966480000176, 31.550573791000147 ], [ 34.457419729000094, 31.551230587000134 ], [ 34.4579041880001, 31.551809076000097 ], [ 34.458692865000103, 31.55257250700015 ], [ 34.459449306000067, 31.553545060000033 ], [ 34.46120491, 31.555727065000042 ], [ 34.462727077000125, 31.557719565000014 ], [ 34.462870340000165, 31.557892641000137 ], [ 34.463231436000171, 31.558328882000069 ], [ 34.463423503000172, 31.558560918000126 ], [ 34.464271749000034, 31.559533987000066 ], [ 34.465270789000044, 31.560769571000151 ], [ 34.467178691000186, 31.56305704500005 ], [ 34.468509737000034, 31.564844008000193 ], [ 34.471324445, 31.568471099000192 ], [ 34.473443365000037, 31.57117834200011 ], [ 34.47538704100009, 31.573825644000124 ], [ 34.475719881000089, 31.574272364000137 ], [ 34.476234320000117, 31.574955612000167 ], [ 34.477504965000151, 31.576689799000064 ], [ 34.478655606000075, 31.578135472000042 ], [ 34.47989801000017, 31.579581668000117 ], [ 34.480775976000189, 31.580711778000193 ], [ 34.481714706000048, 31.581894563000105 ], [ 34.482380088000014, 31.58284029500004 ], [ 34.482955170000025, 31.5836023600001 ], [ 34.483955528000024, 31.584733150000034 ], [ 34.486325426000178, 31.587902583000186 ], [ 34.486899767000182, 31.588769279000132 ], [ 34.487567672000068, 31.589401023000164 ], [ 34.488656046000074, 31.591029406000189 ], [ 34.490289682000082, 31.593341150000128 ], [ 34.491418851052075, 31.594867392577061 ], [ 34.4912485, 31.5949873 ], [ 34.4879386, 31.5968541 ], [ 34.5111017, 31.6295436 ], [ 34.5110009, 31.6295959 ], [ 34.4920184, 31.6341914 ], [ 34.493166, 31.6376608 ], [ 34.5119516, 31.6331109 ], [ 34.5120712, 31.6331026 ], [ 34.5130526, 31.6396752 ], [ 34.5221298, 31.643666 ], [ 34.5391794, 31.6659163 ], [ 34.544507, 31.6728664 ], [ 34.5520248, 31.6863075 ], [ 34.5599762, 31.6927603 ], [ 34.5759427, 31.718223 ], [ 34.5768594, 31.7177905 ], [ 34.6025479, 31.7587096 ], [ 34.6053433, 31.7631614 ], [ 34.605222, 31.763211 ], [ 34.6097082, 31.7701767 ], [ 34.609511, 31.7702603 ], [ 34.6088045, 31.7705804 ], [ 34.6167545, 31.7832368 ], [ 34.6289789, 31.8061403 ], [ 34.6239636, 31.807611 ], [ 34.6255746, 31.8116433 ], [ 34.6278686, 31.8171594 ], [ 34.6247653, 31.8182468 ], [ 34.6113374, 31.8232775 ], [ 34.6207536, 31.8415995 ], [ 34.633064, 31.8417172 ], [ 34.6332518, 31.8434546 ], [ 34.6334595, 31.8450545 ], [ 34.6336997, 31.8466511 ], [ 34.6340057, 31.8484224 ], [ 34.6339848, 31.8516092 ], [ 34.6347242, 31.8518942 ], [ 34.6353859, 31.8545675 ], [ 34.6361097, 31.8571173 ], [ 34.6370423, 31.8600203 ], [ 34.6378705, 31.8623291 ], [ 34.6390839, 31.8653772 ], [ 34.640075, 31.8676388 ], [ 34.6415033, 31.8706184 ], [ 34.6426537, 31.8728243 ], [ 34.6604636, 31.8639915 ], [ 34.6719716, 31.8877305 ], [ 34.6782456, 31.9006672 ], [ 34.6896037, 31.9240768 ], [ 34.7055441, 31.9464509 ], [ 34.7084695, 31.9538178 ], [ 34.7287471, 32.0048475 ], [ 34.7323886, 32.0140052 ], [ 34.739131, 32.0337564 ], [ 34.7407755, 32.0385723 ], [ 34.7407703, 32.0479843 ], [ 34.7480748, 32.0577074 ], [ 34.7509753, 32.0591076 ], [ 34.7540176, 32.0605762 ], [ 34.7591143, 32.0716524 ], [ 34.7636982, 32.0868051 ], [ 34.7662195, 32.0951385 ], [ 34.7671088, 32.0966363 ], [ 34.7712454, 32.1036024 ], [ 34.7715002, 32.1100105 ], [ 34.7754309, 32.1141553 ], [ 34.7865051, 32.1434619 ], [ 34.7876295, 32.1469766 ], [ 34.7901349, 32.1548072 ], [ 34.7892207, 32.1637799 ], [ 34.7961923, 32.1745522 ], [ 34.8055828, 32.2029179 ], [ 34.8247416, 32.2607342 ], [ 34.8280569, 32.2707315 ], [ 34.8485536, 32.3443908 ], [ 34.850712, 32.3530441 ], [ 34.8530589, 32.3624514 ], [ 34.8532842, 32.3633543 ], [ 34.860868, 32.3937385 ], [ 34.8610215, 32.4021856 ], [ 34.8644631, 32.4123941 ], [ 34.8730791, 32.4379408 ], [ 34.8788474, 32.4626711 ], [ 34.8784965, 32.4633393 ], [ 34.8623945, 32.4637981 ], [ 34.8623456, 32.4768753 ], [ 34.8817674, 32.4768629 ], [ 34.8843432, 32.484561 ], [ 34.8845879, 32.5041917 ], [ 34.8912139, 32.5104329 ], [ 34.8937808, 32.5181767 ], [ 34.8957087, 32.5324708 ], [ 34.8967606, 32.540268 ], [ 34.8978972, 32.5417651 ], [ 34.900128, 32.5448068 ], [ 34.9001666, 32.5449679 ], [ 34.8991233, 32.5451474 ], [ 34.9027393, 32.5602277 ], [ 34.9037828, 32.5600482 ], [ 34.909678, 32.5846211 ], [ 34.9130031, 32.60535 ], [ 34.910691, 32.6171125 ], [ 34.9151271, 32.6240083 ], [ 34.9180692, 32.6482244 ], [ 34.9223196, 32.6538879 ], [ 34.9249163, 32.6743763 ], [ 34.9221049, 32.6803355 ], [ 34.9232975, 32.6996243 ], [ 34.9279966, 32.7025354 ], [ 34.9284088, 32.7095416 ], [ 34.9362228, 32.7099235 ], [ 34.9382169, 32.7120134 ], [ 34.9436324, 32.7332633 ], [ 34.9479148, 32.767972 ], [ 34.9499666, 32.7846504 ], [ 34.9502088, 32.825699 ], [ 34.9629704, 32.834636 ], [ 34.9829779, 32.8403093 ], [ 34.9935064, 32.8383921 ], [ 35.0009482, 32.8370369 ], [ 35.0030783, 32.8307708 ], [ 35.0081448, 32.8295021 ], [ 35.0128219, 32.8305047 ], [ 35.0163079, 32.8381107 ], [ 35.0274295, 32.839047 ], [ 35.033776, 32.836756 ], [ 35.0403695, 32.8276481 ], [ 35.041206, 32.8286522 ], [ 35.0525742, 32.8422961 ], [ 35.0562632, 32.8479098 ], [ 35.0631001, 32.8632998 ], [ 35.0693437, 32.8793503 ], [ 35.0725851, 32.8886218 ], [ 35.0762625, 32.9013404 ], [ 35.0770644, 32.9087117 ], [ 35.0749994, 32.9162096 ], [ 35.0737353, 32.9169511 ], [ 35.0626392, 32.9144545 ], [ 35.0618643, 32.9211763 ], [ 35.0680766, 32.9363368 ], [ 35.0692427, 32.9465336 ], [ 35.0711315, 32.9630452 ], [ 35.0775853, 32.988991 ], [ 35.0783183, 32.9919366 ], [ 35.0959402, 33.0445274 ], [ 35.0964735, 33.0461182 ], [ 35.1016129, 33.0811472 ], [ 35.0995317, 33.0952633 ], [ 35.1033666, 33.0943362 ], [ 35.1035707, 33.0942948 ], [ 35.103782, 33.094265 ], [ 35.1042977, 33.0942817 ], [ 35.1047624, 33.0943154 ], [ 35.1054921, 33.0943214 ], [ 35.1059674, 33.0943111 ], [ 35.1062863, 33.0941671 ], [ 35.1067087, 33.0941315 ], [ 35.107401, 33.0941664 ], [ 35.1078404, 33.0941935 ], [ 35.1092792, 33.0939887 ], [ 35.1107103, 33.093814 ], [ 35.1111208, 33.0937194 ], [ 35.1121534, 33.0935122 ], [ 35.1127418, 33.0933646 ], [ 35.1142546, 33.0929388 ], [ 35.1149333, 33.0926977 ], [ 35.115619, 33.0924689 ], [ 35.1160812, 33.0924292 ], [ 35.1165776, 33.0924435 ], [ 35.1249389, 33.0926961 ], [ 35.1258846, 33.0926673 ], [ 35.1265627, 33.0925475 ], [ 35.1275846, 33.0924024 ], [ 35.129864, 33.0920451 ], [ 35.1313657, 33.0918107 ], [ 35.1343362, 33.0912847 ], [ 35.1350403, 33.0911107 ], [ 35.1371185, 33.091601 ], [ 35.1384583, 33.0918193 ], [ 35.1396862, 33.0919693 ], [ 35.1406228, 33.0920752 ], [ 35.1429657, 33.0919954 ], [ 35.1451429, 33.0918902 ], [ 35.14634, 33.091639 ], [ 35.1485275, 33.0911015 ], [ 35.1505741, 33.0907774 ], [ 35.1508816, 33.0908314 ], [ 35.1514203, 33.0910916 ], [ 35.1516353, 33.0911696 ], [ 35.1518258, 33.0912055 ], [ 35.1520197, 33.0912408 ], [ 35.1537971, 33.0913607 ], [ 35.1555489, 33.0915198 ], [ 35.1556653, 33.0914944 ], [ 35.1557402, 33.0914308 ], [ 35.155786, 33.0912404 ], [ 35.1558114, 33.0910489 ], [ 35.1555134, 33.0863873 ], [ 35.1564199, 33.0863828 ], [ 35.1572391, 33.0864273 ], [ 35.1575915, 33.0865167 ], [ 35.1579037, 33.0867226 ], [ 35.1580641, 33.0870084 ], [ 35.1582573, 33.0874597 ], [ 35.1584448, 33.0877613 ], [ 35.1587749, 33.0882885 ], [ 35.1590856, 33.0885273 ], [ 35.1593328, 33.088693 ], [ 35.1597298, 33.0889087 ], [ 35.1601589, 33.0889536 ], [ 35.1605881, 33.0888907 ], [ 35.1612211, 33.0888098 ], [ 35.1619185, 33.0888638 ], [ 35.1625837, 33.0889716 ], [ 35.1633669, 33.0891514 ], [ 35.1641393, 33.0893402 ], [ 35.1649225, 33.0895559 ], [ 35.1659096, 33.0901312 ], [ 35.1667464, 33.0905626 ], [ 35.1672078, 33.0907784 ], [ 35.1678622, 33.0909941 ], [ 35.1691712, 33.0912278 ], [ 35.1698471, 33.0914435 ], [ 35.1704586, 33.0918031 ], [ 35.1708771, 33.0921716 ], [ 35.1713384, 33.0927738 ], [ 35.1717032, 33.0932233 ], [ 35.1722611, 33.0935199 ], [ 35.1728726, 33.0937626 ], [ 35.1740206, 33.0938884 ], [ 35.1758338, 33.0939154 ], [ 35.1763273, 33.0939154 ], [ 35.1771963, 33.0941401 ], [ 35.1776899, 33.094194 ], [ 35.1783014, 33.0941131 ], [ 35.1789022, 33.0937805 ], [ 35.179664, 33.0935289 ], [ 35.1804901, 33.0930794 ], [ 35.1838405, 33.0908676 ], [ 35.1857299, 33.089586 ], [ 35.1860702, 33.0895285 ], [ 35.1873866, 33.0895314 ], [ 35.1882304, 33.0894799 ], [ 35.1896083, 33.0893541 ], [ 35.1899722, 33.0892438 ], [ 35.1900528, 33.0891974 ], [ 35.1901637, 33.0891336 ], [ 35.1904025, 33.0889269 ], [ 35.192872, 33.0856641 ], [ 35.193112, 33.0855356 ], [ 35.1933623, 33.0854349 ], [ 35.1935476, 33.085443 ], [ 35.1938196, 33.0856254 ], [ 35.194194, 33.0857924 ], [ 35.1946023, 33.0858794 ], [ 35.1951159, 33.0860052 ], [ 35.1953785, 33.0860268 ], [ 35.1962564, 33.0858605 ], [ 35.1968559, 33.0859594 ], [ 35.1974542, 33.0864572 ], [ 35.1982433, 33.0869516 ], [ 35.1984971, 33.0870686 ], [ 35.1987438, 33.0871822 ], [ 35.1993344, 33.0873687 ], [ 35.2000075, 33.0874675 ], [ 35.2009033, 33.0873365 ], [ 35.2014781, 33.0872945 ], [ 35.2018459, 33.0873408 ], [ 35.2025698, 33.0875797 ], [ 35.2030907, 33.0877844 ], [ 35.2039206, 33.0880839 ], [ 35.2042596, 33.0881723 ], [ 35.2047614, 33.0882013 ], [ 35.2071379, 33.0875491 ], [ 35.2073817, 33.087517 ], [ 35.2075225, 33.0875704 ], [ 35.2075608, 33.087659 ], [ 35.2075187, 33.0877561 ], [ 35.2074265, 33.0878635 ], [ 35.2071293, 33.0882444 ], [ 35.2071481, 33.0886026 ], [ 35.207614, 33.0895446 ], [ 35.2082008, 33.0903496 ], [ 35.2085334, 33.0908145 ], [ 35.2085614, 33.0911816 ], [ 35.2085696, 33.0912894 ], [ 35.2084825, 33.0917244 ], [ 35.2088729, 33.0921629 ], [ 35.2089324, 33.0923103 ], [ 35.2088745, 33.092402 ], [ 35.2086798, 33.0925669 ], [ 35.2084726, 33.0926571 ], [ 35.2082495, 33.0927543 ], [ 35.2080605, 33.0929176 ], [ 35.2079711, 33.0929948 ], [ 35.2076546, 33.0940648 ], [ 35.2077136, 33.0944145 ], [ 35.2078644, 33.0946801 ], [ 35.2082919, 33.0950684 ], [ 35.2090628, 33.0957083 ], [ 35.209119, 33.0960855 ], [ 35.2091469, 33.0965745 ], [ 35.2091614, 33.0969749 ], [ 35.2092579, 33.0973645 ], [ 35.2094967, 33.0977357 ], [ 35.2099081, 33.0979748 ], [ 35.2101576, 33.0980683 ], [ 35.210539, 33.0981991 ], [ 35.2107938, 33.0983321 ], [ 35.2110373, 33.0985685 ], [ 35.2111977, 33.0989473 ], [ 35.2112739, 33.0991738 ], [ 35.2113442, 33.0994111 ], [ 35.2116982, 33.0997508 ], [ 35.21224, 33.099865 ], [ 35.2129203, 33.0998581 ], [ 35.2131825, 33.0998555 ], [ 35.214021, 33.0998371 ], [ 35.2144579, 33.0998566 ], [ 35.2149174, 33.0998771 ], [ 35.2157188, 33.0999894 ], [ 35.2166496, 33.0999692 ], [ 35.216855, 33.0998605 ], [ 35.2175894, 33.0995549 ], [ 35.2182868, 33.0992974 ], [ 35.2186639, 33.0992255 ], [ 35.2190464, 33.099314 ], [ 35.2196901, 33.099438 ], [ 35.2204213, 33.0994183 ], [ 35.2220905, 33.0992264 ], [ 35.2223597, 33.0991815 ], [ 35.2225284, 33.0991304 ], [ 35.22296, 33.0989738 ], [ 35.2235104, 33.0987849 ], [ 35.2238379, 33.0987107 ], [ 35.2241528, 33.0987052 ], [ 35.2247925, 33.0986726 ], [ 35.2257324, 33.0986336 ], [ 35.2262543, 33.0985846 ], [ 35.2268409, 33.0983914 ], [ 35.2276359, 33.0974243 ], [ 35.2278338, 33.0967736 ], [ 35.2279953, 33.0963183 ], [ 35.2290843, 33.0953206 ], [ 35.2295623, 33.0948964 ], [ 35.2301599, 33.0945184 ], [ 35.2311914, 33.0938883 ], [ 35.2320422, 33.0933043 ], [ 35.2324325, 33.0932064 ], [ 35.2332828, 33.0931504 ], [ 35.2339911, 33.093007 ], [ 35.2347347, 33.0927714 ], [ 35.235458, 33.0925333 ], [ 35.2361248, 33.0923686 ], [ 35.236692, 33.0922439 ], [ 35.2372639, 33.0921999 ], [ 35.2377144, 33.0921593 ], [ 35.238415, 33.092136 ], [ 35.2387967, 33.0921664 ], [ 35.2391951, 33.0922397 ], [ 35.2400876, 33.0925095 ], [ 35.2408238, 33.092757 ], [ 35.2416161, 33.0929718 ], [ 35.2431505, 33.093412 ], [ 35.2437643, 33.0937602 ], [ 35.2443465, 33.0941113 ], [ 35.2448799, 33.0943887 ], [ 35.2457309, 33.0946169 ], [ 35.2465624, 33.0947409 ], [ 35.2472611, 33.0948255 ], [ 35.2478026, 33.0949991 ], [ 35.2502799, 33.0955545 ], [ 35.2514894, 33.0957942 ], [ 35.2518314, 33.0957839 ], [ 35.2548437, 33.0954797 ], [ 35.2561612, 33.0957179 ], [ 35.2582571, 33.0964486 ], [ 35.2595189, 33.0967008 ], [ 35.2613475, 33.0970688 ], [ 35.2616721, 33.0973506 ], [ 35.2621149, 33.0977229 ], [ 35.2624195, 33.097985 ], [ 35.2626811, 33.0982885 ], [ 35.2632074, 33.0984512 ], [ 35.2639578, 33.0984876 ], [ 35.2650865, 33.09855 ], [ 35.2663836, 33.0990102 ], [ 35.2677886, 33.099407 ], [ 35.2693641, 33.0998659 ], [ 35.2706194, 33.1002717 ], [ 35.2712808, 33.1003934 ], [ 35.2724969, 33.1004954 ], [ 35.2736926, 33.1005808 ], [ 35.2760313, 33.100611 ], [ 35.2779467, 33.1007443 ], [ 35.2798202, 33.1007809 ], [ 35.2801824, 33.1008271 ], [ 35.280572, 33.1009556 ], [ 35.2814668, 33.101378 ], [ 35.2818858, 33.1016398 ], [ 35.282949, 33.1023042 ], [ 35.2849032, 33.1034771 ], [ 35.2851813, 33.1036771 ], [ 35.2860507, 33.1043026 ], [ 35.286518, 33.1047409 ], [ 35.2870189, 33.1052107 ], [ 35.2876343, 33.1056069 ], [ 35.2879625, 33.1058182 ], [ 35.2898412, 33.1066554 ], [ 35.2918914, 33.1074759 ], [ 35.2932996, 33.1080021 ], [ 35.2937084, 33.1080547 ], [ 35.2941622, 33.1080938 ], [ 35.2946198, 33.1080313 ], [ 35.2951036, 33.1078322 ], [ 35.2968869, 33.1067299 ], [ 35.2995443, 33.1051672 ], [ 35.3002632, 33.1039 ], [ 35.3007007, 33.1028883 ], [ 35.30052, 33.1020972 ], [ 35.3002343, 33.1015112 ], [ 35.3000478, 33.1009984 ], [ 35.3001994, 33.100637 ], [ 35.3005716, 33.1004703 ], [ 35.3018891, 33.1005166 ], [ 35.3049683, 33.100628 ], [ 35.3080196, 33.100686 ], [ 35.3088753, 33.1007918 ], [ 35.3091446, 33.1008506 ], [ 35.3094034, 33.1009398 ], [ 35.3159627, 33.1044845 ], [ 35.3164359, 33.1047045 ], [ 35.316765, 33.1048386 ], [ 35.3171016, 33.1048613 ], [ 35.3173894, 33.104768 ], [ 35.3176284, 33.104586 ], [ 35.3192425, 33.102471 ], [ 35.3199077, 33.1016262 ], [ 35.3207538, 33.1005037 ], [ 35.3222758, 33.0986392 ], [ 35.3232043, 33.0976974 ], [ 35.3240986, 33.0966016 ], [ 35.3242641, 33.0960733 ], [ 35.3243416, 33.0955102 ], [ 35.3242072, 33.0947523 ], [ 35.3239642, 33.0941243 ], [ 35.3225477, 33.0911748 ], [ 35.321674, 33.0894076 ], [ 35.3212243, 33.08855 ], [ 35.3210381, 33.0881732 ], [ 35.3210071, 33.087948 ], [ 35.3212191, 33.0874932 ], [ 35.3219687, 33.0863021 ], [ 35.3226563, 33.0853535 ], [ 35.3237915, 33.083739 ], [ 35.3248107, 33.0825693 ], [ 35.3259694, 33.0814251 ], [ 35.3263229, 33.0811483 ], [ 35.3340659, 33.0763045 ], [ 35.3345105, 33.07588 ], [ 35.3347483, 33.0753168 ], [ 35.3348568, 33.0747277 ], [ 35.3352342, 33.0741861 ], [ 35.335379, 33.0736013 ], [ 35.3353738, 33.0732028 ], [ 35.335715, 33.0726396 ], [ 35.3361854, 33.0720201 ], [ 35.3370229, 33.0714136 ], [ 35.337359, 33.0700576 ], [ 35.3375864, 33.0697024 ], [ 35.3380931, 33.0692171 ], [ 35.3388272, 33.0682814 ], [ 35.3392149, 33.0678568 ], [ 35.339675, 33.0675752 ], [ 35.3407555, 33.0671203 ], [ 35.3419135, 33.0663405 ], [ 35.3432731, 33.0656776 ], [ 35.3437901, 33.0654566 ], [ 35.344152, 33.0650364 ], [ 35.3447258, 33.0641309 ], [ 35.3454754, 33.0628398 ], [ 35.3462923, 33.06167 ], [ 35.3469126, 33.0612454 ], [ 35.3476726, 33.0605651 ], [ 35.348081, 33.0600669 ], [ 35.348386, 33.0597809 ], [ 35.3500713, 33.0591743 ], [ 35.3517463, 33.0585071 ], [ 35.3524442, 33.0581561 ], [ 35.3530749, 33.0577454 ], [ 35.3539238, 33.0574718 ], [ 35.3562348, 33.0579101 ], [ 35.3577014, 33.0576395 ], [ 35.359329, 33.0567349 ], [ 35.3744287, 33.0553645 ], [ 35.378215, 33.0550325 ], [ 35.3797074, 33.0573421 ], [ 35.3799863, 33.0582643 ], [ 35.3805469, 33.059078 ], [ 35.3812695, 33.060184 ], [ 35.3816364, 33.0607995 ], [ 35.382183, 33.061504 ], [ 35.3836803, 33.061473 ], [ 35.3857675, 33.0614298 ], [ 35.3885789, 33.0611782 ], [ 35.3918313, 33.0609936 ], [ 35.3946924, 33.0608968 ], [ 35.39853, 33.0614451 ], [ 35.4016028, 33.0620026 ], [ 35.4025458, 33.062061 ], [ 35.4076785, 33.0628824 ], [ 35.4113735, 33.0633325 ], [ 35.4168678, 33.0640846 ], [ 35.418694, 33.0643167 ], [ 35.4199137, 33.0644609 ], [ 35.4223877, 33.0647958 ], [ 35.4254272, 33.0652359 ], [ 35.4272415, 33.0655237 ], [ 35.4283696, 33.0654976 ], [ 35.4298539, 33.0654423 ], [ 35.4309467, 33.0654409 ], [ 35.4314413, 33.0654374 ], [ 35.4317417, 33.0658249 ], [ 35.4324096, 33.0662627 ], [ 35.4324793, 33.0669088 ], [ 35.432578, 33.067802 ], [ 35.432924, 33.0684957 ], [ 35.4334669, 33.0688576 ], [ 35.4343558, 33.0694186 ], [ 35.4346921, 33.0697531 ], [ 35.4349834, 33.070097 ], [ 35.4352806, 33.0704741 ], [ 35.4361797, 33.0737539 ], [ 35.4363781, 33.0747923 ], [ 35.437002, 33.0759628 ], [ 35.4385829, 33.078614 ], [ 35.4396901, 33.0804299 ], [ 35.4407582, 33.0821366 ], [ 35.4419207, 33.0841332 ], [ 35.442838, 33.0857351 ], [ 35.4447815, 33.0889891 ], [ 35.4455229, 33.0903527 ], [ 35.4458651, 33.0906489 ], [ 35.4464386, 33.0908278 ], [ 35.4473924, 33.0909572 ], [ 35.4499727, 33.0913549 ], [ 35.4525299, 33.0917262 ], [ 35.4576749, 33.0924439 ], [ 35.4587977, 33.0925859 ], [ 35.4611011, 33.0928947 ], [ 35.4629352, 33.0931432 ], [ 35.4661179, 33.0930888 ], [ 35.4693216, 33.0930178 ], [ 35.4726475, 33.092927 ], [ 35.4782764, 33.0928138 ], [ 35.4789888, 33.0927563 ], [ 35.483011, 33.0924547 ], [ 35.4859525, 33.0922741 ], [ 35.4876745, 33.0923415 ], [ 35.4893482, 33.0925033 ], [ 35.4902816, 33.0924134 ], [ 35.491848, 33.0920809 ], [ 35.4949494, 33.0914562 ], [ 35.4950354, 33.0914556 ], [ 35.4982744, 33.0908493 ], [ 35.4999004, 33.0905401 ], [ 35.5020177, 33.0899815 ], [ 35.502912, 33.0897289 ], [ 35.5033298, 33.0895132 ], [ 35.5035095, 33.089483 ], [ 35.5035932, 33.0895981 ], [ 35.5035922, 33.0898215 ], [ 35.5034597, 33.0918241 ], [ 35.5033588, 33.0941737 ], [ 35.5032193, 33.102111 ], [ 35.5030734, 33.1077397 ], [ 35.5031301, 33.110501 ], [ 35.5026127, 33.1124979 ], [ 35.5024633, 33.1130334 ], [ 35.5025797, 33.1138237 ], [ 35.5028447, 33.1143058 ], [ 35.5034888, 33.1148729 ], [ 35.5046439, 33.1156146 ], [ 35.505233, 33.1158137 ], [ 35.5058071, 33.1158779 ], [ 35.5104093, 33.116023 ], [ 35.5146623, 33.1160988 ], [ 35.5195134, 33.116207 ], [ 35.519836, 33.1163183 ], [ 35.5200755, 33.1165611 ], [ 35.5207905, 33.1177102 ], [ 35.5220141, 33.1193833 ], [ 35.523257, 33.1210879 ], [ 35.525229, 33.1241111 ], [ 35.5255001, 33.1244517 ], [ 35.5259999, 33.1249229 ], [ 35.5273608, 33.126002 ], [ 35.5320016, 33.128025 ], [ 35.5324645, 33.1284333 ], [ 35.5330863, 33.1297545 ], [ 35.5325351, 33.1323702 ], [ 35.5321871, 33.1337788 ], [ 35.5304888, 33.1355445 ], [ 35.5288854, 33.1371048 ], [ 35.5280633, 33.1383147 ], [ 35.5275762, 33.139539 ], [ 35.5270701, 33.1416459 ], [ 35.52711, 33.1419641 ], [ 35.5281121, 33.1463012 ], [ 35.5284967, 33.1477333 ], [ 35.5290455, 33.1503374 ], [ 35.5295525, 33.1524074 ], [ 35.5300527, 33.1546195 ], [ 35.5304789, 33.1559922 ], [ 35.5307722, 33.1568824 ], [ 35.5310458, 33.1577582 ], [ 35.5317162, 33.1595174 ], [ 35.5327231, 33.1625316 ], [ 35.5331957, 33.1636486 ], [ 35.5352673, 33.1692133 ], [ 35.5359914, 33.1729226 ], [ 35.5372904, 33.1782102 ], [ 35.5373799, 33.1788215 ], [ 35.537796, 33.1803914 ], [ 35.5381393, 33.1818389 ], [ 35.5385513, 33.1833544 ], [ 35.5391743, 33.1860178 ], [ 35.5398178, 33.1884838 ], [ 35.5408965, 33.1902506 ], [ 35.54141, 33.1910427 ], [ 35.5417651, 33.191612 ], [ 35.5419782, 33.1920784 ], [ 35.5419291, 33.1925082 ], [ 35.5418676, 33.1926294 ], [ 35.5416654, 33.1928523 ], [ 35.5414318, 33.1931038 ], [ 35.5413048, 33.1933049 ], [ 35.5412406, 33.1935484 ], [ 35.5412652, 33.1937633 ], [ 35.5413415, 33.193993 ], [ 35.5415527, 33.1951323 ], [ 35.5417792, 33.1957281 ], [ 35.541821, 33.1960522 ], [ 35.5419067, 33.1963724 ], [ 35.5422165, 33.1986661 ], [ 35.5407287, 33.2015053 ], [ 35.5401022, 33.2031761 ], [ 35.5395993, 33.2042264 ], [ 35.5387294, 33.2054474 ], [ 35.5378078, 33.2069605 ], [ 35.5371721, 33.2082246 ], [ 35.5368349, 33.2087576 ], [ 35.5369302, 33.2090958 ], [ 35.5368698, 33.2095552 ], [ 35.5368942, 33.2097641 ], [ 35.5369623, 33.2106965 ], [ 35.5370079, 33.2126132 ], [ 35.5370252, 33.2134885 ], [ 35.5369862, 33.2135274 ], [ 35.5368888, 33.2138288 ], [ 35.5369881, 33.214177 ], [ 35.5370379, 33.2142444 ], [ 35.5375476, 33.2149351 ], [ 35.5375846, 33.2153931 ], [ 35.5373783, 33.2157779 ], [ 35.5370761, 33.2162179 ], [ 35.5369663, 33.2166519 ], [ 35.5370994, 33.2170431 ], [ 35.5371611, 33.2196886 ], [ 35.5371018, 33.2199745 ], [ 35.5371053, 33.2203003 ], [ 35.5372453, 33.2217494 ], [ 35.5374441, 33.2221667 ], [ 35.5380148, 33.2227057 ], [ 35.5386167, 33.2235944 ], [ 35.5390308, 33.2242117 ], [ 35.5390899, 33.2245103 ], [ 35.5390314, 33.2248738 ], [ 35.5386172, 33.2262699 ], [ 35.5384676, 33.2267184 ], [ 35.5383053, 33.226945 ], [ 35.5380752, 33.2271377 ], [ 35.5376184, 33.2273693 ], [ 35.5373604, 33.2275142 ], [ 35.5371887, 33.2278229 ], [ 35.5372027, 33.2292104 ], [ 35.5372378, 33.2305934 ], [ 35.5374677, 33.2309665 ], [ 35.5379979, 33.2317576 ], [ 35.5385184, 33.2325135 ], [ 35.5391459, 33.2332305 ], [ 35.5397896, 33.2338972 ], [ 35.5403304, 33.234271 ], [ 35.5412329, 33.2345678 ], [ 35.5419322, 33.2346125 ], [ 35.5424936, 33.2347083 ], [ 35.542771, 33.2347288 ], [ 35.5465444, 33.2377605 ], [ 35.5467895, 33.2380315 ], [ 35.5469628, 33.2383703 ], [ 35.5474322, 33.2412851 ], [ 35.5476061, 33.242347 ], [ 35.5478313, 33.2427266 ], [ 35.5479425, 33.2431844 ], [ 35.5480753, 33.2436022 ], [ 35.5481137, 33.2438966 ], [ 35.5478839, 33.2442346 ], [ 35.5477687, 33.2444493 ], [ 35.5476558, 33.2446758 ], [ 35.5472771, 33.2450306 ], [ 35.5471158, 33.2453411 ], [ 35.5468253, 33.2460239 ], [ 35.5466947, 33.2464788 ], [ 35.5465926, 33.2468367 ], [ 35.5465058, 33.2470931 ], [ 35.5464529, 33.2472947 ], [ 35.5463915, 33.2475538 ], [ 35.5463874, 33.2478187 ], [ 35.5464177, 33.2482321 ], [ 35.5464187, 33.2484383 ], [ 35.5464219, 33.2486331 ], [ 35.5461248, 33.2495663 ], [ 35.5461551, 33.2498669 ], [ 35.5466529, 33.2505236 ], [ 35.5469238, 33.2508908 ], [ 35.5468655, 33.2511688 ], [ 35.5470961, 33.2515681 ], [ 35.5474448, 33.2518687 ], [ 35.5469563, 33.2524942 ], [ 35.5465788, 33.2529749 ], [ 35.5465625, 33.2531105 ], [ 35.5465136, 33.2532706 ], [ 35.5465239, 33.2534298 ], [ 35.546506, 33.2535789 ], [ 35.5464893, 33.2537166 ], [ 35.5464717, 33.253863 ], [ 35.5464504, 33.2540394 ], [ 35.5464342, 33.2541733 ], [ 35.5464171, 33.2543153 ], [ 35.5465906, 33.254332 ], [ 35.5467826, 33.2543505 ], [ 35.5469752, 33.254369 ], [ 35.5471218, 33.2544466 ], [ 35.5471586, 33.2545764 ], [ 35.5472652, 33.2546159 ], [ 35.5474774, 33.254716 ], [ 35.5476588, 33.2547723 ], [ 35.5478171, 33.2548119 ], [ 35.5479344, 33.2548327 ], [ 35.5481093, 33.2548721 ], [ 35.5482441, 33.2549269 ], [ 35.5484407, 33.2550323 ], [ 35.5485674, 33.2550891 ], [ 35.5487267, 33.2551586 ], [ 35.5487965, 33.2551861 ], [ 35.5489342, 33.2552445 ], [ 35.5490602, 33.2553171 ], [ 35.5491967, 33.2553501 ], [ 35.549331, 33.2553807 ], [ 35.5496017, 33.2553674 ], [ 35.5497882, 33.2553566 ], [ 35.5499367, 33.2553513 ], [ 35.55008, 33.2553462 ], [ 35.5502191, 33.2553412 ], [ 35.5503422, 33.2553368 ], [ 35.550463, 33.2553154 ], [ 35.5506031, 33.2552936 ], [ 35.5507497, 33.255276 ], [ 35.5509196, 33.2552898 ], [ 35.5510453, 33.255314 ], [ 35.5511606, 33.2553446 ], [ 35.551252, 33.2553828 ], [ 35.5513116, 33.2554144 ], [ 35.5513886, 33.255453 ], [ 35.5514993, 33.2555086 ], [ 35.5516146, 33.2555664 ], [ 35.551725, 33.2556218 ], [ 35.5517865, 33.2556526 ], [ 35.5518575, 33.255692 ], [ 35.5519547, 33.2557474 ], [ 35.5520849, 33.2558151 ], [ 35.5521649, 33.2558699 ], [ 35.5522366, 33.2559344 ], [ 35.5523406, 33.2560134 ], [ 35.5524255, 33.2561068 ], [ 35.552588, 33.2562829 ], [ 35.5527117, 33.2564796 ], [ 35.5527764, 33.2565878 ], [ 35.5528396, 33.2567004 ], [ 35.5528859, 33.2567904 ], [ 35.553001, 33.2569099 ], [ 35.5530769, 33.2569508 ], [ 35.5532059, 33.2570034 ], [ 35.5533357, 33.2570626 ], [ 35.5534807, 33.25713 ], [ 35.5535956, 33.2571834 ], [ 35.5536831, 33.2572237 ], [ 35.5537858, 33.257271 ], [ 35.5538992, 33.2573232 ], [ 35.5540115, 33.257375 ], [ 35.5541114, 33.2574196 ], [ 35.5542174, 33.2574698 ], [ 35.5543166, 33.2575166 ], [ 35.5544372, 33.2575736 ], [ 35.5545608, 33.2576339 ], [ 35.5551189, 33.2578919 ], [ 35.5552228, 33.2579396 ], [ 35.5553432, 33.2579932 ], [ 35.5554616, 33.2580623 ], [ 35.5555639, 33.2581235 ], [ 35.5556997, 33.2582049 ], [ 35.5558179, 33.2582757 ], [ 35.5559011, 33.2583689 ], [ 35.5559631, 33.258473 ], [ 35.5559838, 33.2585617 ], [ 35.5560047, 33.2586516 ], [ 35.5561605, 33.2592801 ], [ 35.5562989, 33.2599135 ], [ 35.5563588, 33.2602264 ], [ 35.5563996, 33.260382 ], [ 35.5565041, 33.2609444 ], [ 35.5565225, 33.2610729 ], [ 35.5566488, 33.2615835 ], [ 35.5566675, 33.2617295 ], [ 35.5566843, 33.2618587 ], [ 35.5567042, 33.2619554 ], [ 35.5567205, 33.2620569 ], [ 35.5567438, 33.2621733 ], [ 35.5567887, 33.2625322 ], [ 35.5568189, 33.2627248 ], [ 35.5568422, 33.2628567 ], [ 35.5568545, 33.2630088 ], [ 35.5568694, 33.2631458 ], [ 35.5568846, 33.2633122 ], [ 35.5568852, 33.2634462 ], [ 35.5568866, 33.2636014 ], [ 35.5569091, 33.263718 ], [ 35.5569548, 33.264019 ], [ 35.5570238, 33.2642474 ], [ 35.5571481, 33.2644745 ], [ 35.5573358, 33.2646361 ], [ 35.5577324, 33.2649211 ], [ 35.557888, 33.2650209 ], [ 35.5579953, 33.2650904 ], [ 35.5580928, 33.2651521 ], [ 35.5581764, 33.2652097 ], [ 35.5583307, 33.2653159 ], [ 35.5584674, 33.2653998 ], [ 35.5585979, 33.2654823 ], [ 35.5587228, 33.2655449 ], [ 35.558833, 33.2656284 ], [ 35.5589498, 33.2657015 ], [ 35.5590839, 33.2657835 ], [ 35.5592187, 33.265887 ], [ 35.55935, 33.2659808 ], [ 35.5594458, 33.2660569 ], [ 35.5595491, 33.2661672 ], [ 35.559531, 33.2662794 ], [ 35.5595524, 33.2664333 ], [ 35.559577, 33.2665138 ], [ 35.5595728, 33.2665727 ], [ 35.5595677, 33.2667183 ], [ 35.5595616, 33.2668886 ], [ 35.5595565, 33.2670322 ], [ 35.5595543, 33.2670944 ], [ 35.5595517, 33.2672137 ], [ 35.5595478, 33.2673953 ], [ 35.5595441, 33.2675705 ], [ 35.5595417, 33.2676809 ], [ 35.5595612, 33.2677626 ], [ 35.5595995, 33.267923 ], [ 35.5596128, 33.2679789 ], [ 35.5596708, 33.2680955 ], [ 35.5597475, 33.2682497 ], [ 35.5598512, 33.2684187 ], [ 35.5599424, 33.2685506 ], [ 35.5599896, 33.2686299 ], [ 35.5600499, 33.2687187 ], [ 35.5601385, 33.2688421 ], [ 35.560231, 33.268973 ], [ 35.5603097, 33.2690864 ], [ 35.5603587, 33.269151 ], [ 35.5605017, 33.2692871 ], [ 35.5606271, 33.2694155 ], [ 35.5607652, 33.2695391 ], [ 35.5608737, 33.2696113 ], [ 35.5611802, 33.2698438 ], [ 35.5613226, 33.2699687 ], [ 35.5615024, 33.2701129 ], [ 35.5616204, 33.2702084 ], [ 35.5617633, 33.27032 ], [ 35.5619092, 33.2704384 ], [ 35.5620421, 33.2705414 ], [ 35.5621866, 33.270655 ], [ 35.562316, 33.2707601 ], [ 35.5624485, 33.2708627 ], [ 35.5625843, 33.2709892 ], [ 35.5627101, 33.271122 ], [ 35.5628461, 33.2712746 ], [ 35.562963, 33.2714206 ], [ 35.563072, 33.2715643 ], [ 35.5631661, 33.2716971 ], [ 35.5632569, 33.2718252 ], [ 35.5633675, 33.2719815 ], [ 35.5634715, 33.2721282 ], [ 35.5635678, 33.2722641 ], [ 35.5636604, 33.2723948 ], [ 35.563747, 33.2725239 ], [ 35.5638437, 33.2726681 ], [ 35.5639328, 33.2728011 ], [ 35.5640325, 33.2729498 ], [ 35.564119, 33.2730788 ], [ 35.5642007, 33.2732007 ], [ 35.564255, 33.273326 ], [ 35.5643221, 33.2734806 ], [ 35.5643845, 33.2736245 ], [ 35.5644024, 33.2736658 ], [ 35.5644451, 33.2737755 ], [ 35.5644897, 33.2738902 ], [ 35.5645354, 33.2740075 ], [ 35.5646129, 33.2742065 ], [ 35.5646903, 33.2744054 ], [ 35.5647651, 33.2745976 ], [ 35.5647885, 33.2746577 ], [ 35.5647959, 33.2746766 ], [ 35.5648161, 33.274776 ], [ 35.5648515, 33.2749508 ], [ 35.5648744, 33.2750982 ], [ 35.5648451, 33.2752785 ], [ 35.5648124, 33.2755077 ], [ 35.5647713, 33.2756917 ], [ 35.5647453, 33.2757895 ], [ 35.5647177, 33.2758825 ], [ 35.5646697, 33.2760766 ], [ 35.564618, 33.2762819 ], [ 35.564596, 33.2764764 ], [ 35.5645525, 33.2766714 ], [ 35.5645091, 33.2768657 ], [ 35.5644668, 33.277055 ], [ 35.5644235, 33.2772492 ], [ 35.5643798, 33.2774444 ], [ 35.5643362, 33.2776398 ], [ 35.5642961, 33.2778194 ], [ 35.5642589, 33.2779861 ], [ 35.56422, 33.2781599 ], [ 35.5641783, 33.2783467 ], [ 35.5641378, 33.2785284 ], [ 35.5640989, 33.2787025 ], [ 35.5640603, 33.278875 ], [ 35.5640241, 33.2790371 ], [ 35.5639851, 33.2792119 ], [ 35.5639437, 33.2793973 ], [ 35.5639073, 33.2795603 ], [ 35.5638628, 33.2797596 ], [ 35.5638179, 33.2799607 ], [ 35.5637871, 33.2800984 ], [ 35.5637821, 33.2801524 ], [ 35.563738, 33.2803182 ], [ 35.5636956, 33.280508 ], [ 35.5636499, 33.2807125 ], [ 35.5635998, 33.2809368 ], [ 35.5635566, 33.2811305 ], [ 35.5635161, 33.2813116 ], [ 35.5634909, 33.2814246 ], [ 35.5634656, 33.281521 ], [ 35.5634388, 33.2816235 ], [ 35.5634013, 33.2817837 ], [ 35.5633772, 33.2818997 ], [ 35.563368, 33.2819674 ], [ 35.5633444, 33.2821415 ], [ 35.5633227, 33.2823022 ], [ 35.5633096, 33.2823986 ], [ 35.5632969, 33.2824959 ], [ 35.5632357, 33.2826422 ], [ 35.5632179, 33.2828137 ], [ 35.5632006, 33.2830015 ], [ 35.5632166, 33.2831652 ], [ 35.5632111, 33.2832489 ], [ 35.563227, 33.2833289 ], [ 35.5632583, 33.2834865 ], [ 35.5632654, 33.283522 ], [ 35.5632757, 33.2835741 ], [ 35.5632769, 33.2835802 ], [ 35.5632955, 33.2836604 ], [ 35.5633037, 33.2836959 ], [ 35.563312, 33.2837314 ], [ 35.5633378, 33.2838414 ], [ 35.5633462, 33.2838771 ], [ 35.5633575, 33.2839254 ], [ 35.5633723, 33.2839886 ], [ 35.5633826, 33.2840115 ], [ 35.5634106, 33.2840733 ], [ 35.5634562, 33.2841741 ], [ 35.5634995, 33.2842698 ], [ 35.5635933, 33.2844771 ], [ 35.5636714, 33.2846496 ], [ 35.5636797, 33.2846724 ], [ 35.5637445, 33.2848504 ], [ 35.5637953, 33.2849902 ], [ 35.5638176, 33.2850514 ], [ 35.5638801, 33.285223 ], [ 35.5639115, 33.2852972 ], [ 35.5639621, 33.2854162 ], [ 35.5640398, 33.2855987 ], [ 35.5641218, 33.2857915 ], [ 35.5641634, 33.2858894 ], [ 35.5642028, 33.2859993 ], [ 35.5642742, 33.2861982 ], [ 35.5643507, 33.2864114 ], [ 35.5643831, 33.2865018 ], [ 35.5644255, 33.2866213 ], [ 35.5644884, 33.2867982 ], [ 35.5646135, 33.2871501 ], [ 35.5646982, 33.2873139 ], [ 35.5649073, 33.2877202 ], [ 35.5653318, 33.2881829 ], [ 35.5654857, 33.288351 ], [ 35.5657836, 33.2886767 ], [ 35.5662176, 33.2890434 ], [ 35.5666585, 33.289416 ], [ 35.5668474, 33.2895747 ], [ 35.5671875, 33.2898605 ], [ 35.5674122, 33.2900493 ], [ 35.567828, 33.2903412 ], [ 35.5679557, 33.2903822 ], [ 35.5680776, 33.2904182 ], [ 35.5683207, 33.2904157 ], [ 35.56856, 33.2903792 ], [ 35.5689035, 33.2902645 ], [ 35.5693406, 33.2899712 ], [ 35.5696662, 33.2897401 ], [ 35.569843, 33.2895721 ], [ 35.5700125, 33.2894109 ], [ 35.5700916, 33.2893358 ], [ 35.5703408, 33.2889681 ], [ 35.5705747, 33.2886571 ], [ 35.5708528, 33.2883721 ], [ 35.5714596, 33.2879233 ], [ 35.5720529, 33.2876284 ], [ 35.5730112, 33.2874905 ], [ 35.5740095, 33.2873681 ], [ 35.5751106, 33.2872269 ], [ 35.5756822, 33.2870405 ], [ 35.5762315, 33.2869408 ], [ 35.5768047, 33.2867535 ], [ 35.5780983, 33.286054 ], [ 35.5792512, 33.285446 ], [ 35.5803377, 33.284873 ], [ 35.5804152, 33.2847653 ], [ 35.5815667, 33.2831653 ], [ 35.5817946, 33.2831118 ], [ 35.5820688, 33.2831797 ], [ 35.5825459, 33.2832082 ], [ 35.5835393, 33.2825515 ], [ 35.5844655, 33.2818618 ], [ 35.5845866, 33.2817016 ], [ 35.5846725, 33.2815363 ], [ 35.5847701, 33.2809259 ], [ 35.5848125, 33.2803182 ], [ 35.5848949, 33.2792752 ], [ 35.5849041, 33.2765357 ], [ 35.5849053, 33.2763328 ], [ 35.5855543, 33.2740493 ], [ 35.5855527, 33.2733758 ], [ 35.585406, 33.2727598 ], [ 35.5850276, 33.271513 ], [ 35.5848463, 33.2708911 ], [ 35.5846845, 33.2703968 ], [ 35.5842703, 33.2692765 ], [ 35.584101, 33.2686907 ], [ 35.584101, 33.2683649 ], [ 35.5839531, 33.2681028 ], [ 35.5837757, 33.2678129 ], [ 35.5836999, 33.2676116 ], [ 35.5835692, 33.2672168 ], [ 35.5834711, 33.266653 ], [ 35.5835775, 33.2663095 ], [ 35.5837167, 33.2660838 ], [ 35.5838932, 33.2659616 ], [ 35.5842728, 33.2659157 ], [ 35.5848907, 33.2659127 ], [ 35.5854615, 33.2657765 ], [ 35.5874854, 33.2646308 ], [ 35.5889882, 33.2637354 ], [ 35.5897396, 33.2632037 ], [ 35.590171, 33.2628332 ], [ 35.5906947, 33.2625627 ], [ 35.5909007, 33.2624769 ], [ 35.5928642, 33.2616245 ], [ 35.5931904, 33.2614829 ], [ 35.593799, 33.2610909 ], [ 35.5944876, 33.2604243 ], [ 35.5954967, 33.2590243 ], [ 35.5965683, 33.2572354 ], [ 35.5974491, 33.2556803 ], [ 35.5981301, 33.2545965 ], [ 35.5985322, 33.2541894 ], [ 35.5999977, 33.2534095 ], [ 35.6012306, 33.2528951 ], [ 35.6056476, 33.2511695 ], [ 35.6060233, 33.2510227 ], [ 35.6080317, 33.2502614 ], [ 35.6082374, 33.250188 ], [ 35.6108765, 33.2492457 ], [ 35.611745, 33.2489129 ], [ 35.6149175, 33.2472211 ], [ 35.6157935, 33.2467256 ], [ 35.617398, 33.245377 ], [ 35.6199686, 33.2441515 ], [ 35.6209182, 33.2437351 ], [ 35.6218816, 33.243463 ], [ 35.6227896, 33.2432791 ], [ 35.6237521, 33.2426925 ], [ 35.6242393, 33.2423856 ], [ 35.624343, 33.2424583 ], [ 35.6244382, 33.2423729 ], [ 35.6243964, 33.2422918 ], [ 35.6249817, 33.2419205 ], [ 35.6252679, 33.2420254 ], [ 35.6255367, 33.2420662 ], [ 35.6263401, 33.2418404 ], [ 35.6266664, 33.2420279 ], [ 35.6284424, 33.2422429 ], [ 35.628834, 33.2425226 ], [ 35.629001, 33.2425545 ], [ 35.629917, 33.2429755 ], [ 35.6313677, 33.2429644 ], [ 35.6323345, 33.2432565 ], [ 35.6326455, 33.2434033 ], [ 35.6331561, 33.2437967 ], [ 35.6334294, 33.2438175 ], [ 35.6337443, 33.2440677 ], [ 35.6341374, 33.2441982 ], [ 35.6346414, 33.244414 ], [ 35.6349553, 33.2445104 ], [ 35.6354387, 33.2445467 ], [ 35.6358439, 33.2447812 ], [ 35.6361349, 33.2447297 ], [ 35.6367078, 33.2446897 ], [ 35.6382111, 33.2446462 ], [ 35.6389521, 33.2445497 ], [ 35.6394013, 33.2445248 ], [ 35.6403733, 33.2446339 ], [ 35.641794, 33.2449458 ], [ 35.643885, 33.2459779 ], [ 35.6443233, 33.2460652 ], [ 35.6453299, 33.2466422 ], [ 35.645712, 33.2468956 ], [ 35.646842, 33.2478714 ], [ 35.6472576, 33.2483566 ], [ 35.647518, 33.2488096 ], [ 35.6490609, 33.2493177 ], [ 35.6496019, 33.2494448 ], [ 35.6496259, 33.2494737 ], [ 35.6497146, 33.2494712 ], [ 35.6498008, 33.2495456 ], [ 35.6500055, 33.2497224 ], [ 35.6501588, 33.2497365 ], [ 35.6506658, 33.2503184 ], [ 35.6510644, 33.2502187 ], [ 35.6510812, 33.2501901 ], [ 35.6518794, 33.2503165 ], [ 35.6522811, 33.2503225 ], [ 35.6528264, 33.2502864 ], [ 35.6535985, 33.2502886 ], [ 35.6539117, 33.2502665 ], [ 35.6543758, 33.2501391 ], [ 35.6551079, 33.2498413 ], [ 35.6555335, 33.2498285 ], [ 35.6570089, 33.2493746 ], [ 35.6577074, 33.2493033 ], [ 35.6580403, 33.2491025 ], [ 35.658077, 33.2489736 ], [ 35.6583326, 33.2487606 ], [ 35.6591604, 33.2482207 ], [ 35.6595211, 33.2480475 ], [ 35.6603254, 33.2477566 ], [ 35.6609397, 33.2475515 ], [ 35.6612508, 33.2474765 ], [ 35.662316, 33.247507 ], [ 35.6626307, 33.2474827 ], [ 35.6630294, 33.2475455 ], [ 35.6636874, 33.2474991 ], [ 35.6642512, 33.2473206 ], [ 35.6658242, 33.2470635 ], [ 35.666598, 33.2471175 ], [ 35.667072, 33.2470769 ], [ 35.6685437, 33.2470731 ], [ 35.6688367, 33.2471159 ], [ 35.6689756, 33.2471999 ], [ 35.6697642, 33.2473159 ], [ 35.6701501, 33.2472406 ], [ 35.6705622, 33.247034 ], [ 35.671487, 33.2467285 ], [ 35.6724596, 33.2464994 ], [ 35.6731227, 33.2464698 ], [ 35.6735727, 33.2463369 ], [ 35.6743898, 33.2462973 ], [ 35.674635, 33.2464645 ], [ 35.6748827, 33.2464127 ], [ 35.6752319, 33.2466437 ], [ 35.6752683, 33.2465882 ], [ 35.6759219, 33.2472815 ], [ 35.6762666, 33.2475101 ], [ 35.6768421, 33.2474413 ], [ 35.6771686, 33.2474315 ], [ 35.6777198, 33.2475005 ], [ 35.6782866, 33.2475146 ], [ 35.6789249, 33.247653 ], [ 35.6793731, 33.2476729 ], [ 35.6795573, 33.2476403 ], [ 35.6802161, 33.2476837 ], [ 35.6804391, 33.247749 ], [ 35.6810712, 33.2477405 ], [ 35.6812988, 33.2471513 ], [ 35.6814698, 33.2469828 ], [ 35.6817533, 33.246794 ], [ 35.6823025, 33.246312 ], [ 35.6824248, 33.2462543 ], [ 35.6826932, 33.2461935 ], [ 35.6827402, 33.2460343 ], [ 35.6829029, 33.2460034 ], [ 35.6832256, 33.2457777 ], [ 35.6833594, 33.2455756 ], [ 35.6836406, 33.2448993 ], [ 35.6841802, 33.2447338 ], [ 35.6843041, 33.2445868 ], [ 35.6843067, 33.2445067 ], [ 35.684354, 33.2427337 ], [ 35.6835486, 33.2425396 ], [ 35.6828551, 33.2421619 ], [ 35.6824551, 33.2418625 ], [ 35.6821276, 33.2413071 ], [ 35.682147, 33.2410649 ], [ 35.6829442, 33.2401671 ], [ 35.6835328, 33.2396935 ], [ 35.6838861, 33.2391433 ], [ 35.6837486, 33.2383407 ], [ 35.683545, 33.2380493 ], [ 35.683437, 33.2376234 ], [ 35.6830824, 33.2370905 ], [ 35.6826356, 33.2367937 ], [ 35.6816033, 33.2364345 ], [ 35.6815352, 33.2362933 ], [ 35.6816153, 33.2358939 ], [ 35.6813364, 33.2355179 ], [ 35.6808258, 33.2351805 ], [ 35.6803387, 33.2350472 ], [ 35.6798174, 33.2351138 ], [ 35.6797211, 33.2350522 ], [ 35.6795774, 33.2350195 ], [ 35.6794596, 33.2349427 ], [ 35.6794865, 33.234516 ], [ 35.6794019, 33.234367 ], [ 35.6788651, 33.2341809 ], [ 35.6785699, 33.2340186 ], [ 35.6782013, 33.2340104 ], [ 35.6780451, 33.2336971 ], [ 35.677898, 33.2335974 ], [ 35.6775516, 33.2331371 ], [ 35.6772318, 33.2329017 ], [ 35.6770254, 33.2328061 ], [ 35.6757023, 33.2329024 ], [ 35.6750245, 33.2321679 ], [ 35.6745209, 33.2322983 ], [ 35.6744758, 33.2321942 ], [ 35.6743932, 33.2321697 ], [ 35.674159, 33.2322044 ], [ 35.6733067, 33.2324426 ], [ 35.6728008, 33.2322693 ], [ 35.6719731, 33.231586 ], [ 35.6707228, 33.2306186 ], [ 35.6669317, 33.2255358 ], [ 35.6675299, 33.2211071 ], [ 35.6665196, 33.2142263 ], [ 35.6658, 33.209747 ], [ 35.6629013, 33.190088 ], [ 35.6658205, 33.1762438 ], [ 35.6703437, 33.1544995 ], [ 35.6705877, 33.1534967 ], [ 35.6602344, 33.1356804 ], [ 35.6544701, 33.1258338 ], [ 35.6542903, 33.1254676 ], [ 35.6528271, 33.1229934 ], [ 35.6518896, 33.1110128 ], [ 35.6511885, 33.1014863 ], [ 35.6510728, 33.0995588 ], [ 35.6501783, 33.0871303 ], [ 35.6469527, 33.0806442 ], [ 35.6454594, 33.077734 ], [ 35.6466393, 33.0633915 ], [ 35.6416299, 33.0448297 ], [ 35.641481, 33.0444484 ], [ 35.6404833, 33.0406108 ], [ 35.6354764, 33.0310992 ], [ 35.6317166, 33.0240476 ], [ 35.6304158, 33.0169194 ], [ 35.6300434, 33.0145448 ], [ 35.629733, 33.0143876 ], [ 35.6292608, 33.0140251 ], [ 35.6290485, 33.0138155 ], [ 35.6289804, 33.0136216 ], [ 35.6290079, 33.0133545 ], [ 35.6293232, 33.0130217 ], [ 35.6298786, 33.0127124 ], [ 35.6308752, 33.012246 ], [ 35.6329729, 33.0088824 ], [ 35.6310111, 32.9979399 ], [ 35.6310311, 32.9979097 ], [ 35.63043, 32.9946711 ], [ 35.633099, 32.9908568 ], [ 35.6309969, 32.9600255 ], [ 35.6302626, 32.9588121 ], [ 35.6289323, 32.956617 ], [ 35.6284961, 32.9474 ], [ 35.6280799, 32.9374469 ], [ 35.6241742, 32.9163045 ], [ 35.624132, 32.9143074 ], [ 35.62418, 32.9143129 ], [ 35.6241772, 32.9142577 ], [ 35.6241358, 32.9142544 ], [ 35.6241488, 32.9141868 ], [ 35.6253743, 32.9139645 ], [ 35.6257735, 32.9138263 ], [ 35.6257877, 32.9135833 ], [ 35.6258247, 32.9134936 ], [ 35.6258608, 32.9134901 ], [ 35.6258617, 32.9132945 ], [ 35.6263564, 32.9130009 ], [ 35.6267301, 32.9128825 ], [ 35.627172, 32.9125225 ], [ 35.6271802, 32.9122678 ], [ 35.627314, 32.9118464 ], [ 35.6269846, 32.9116666 ], [ 35.6270156, 32.9115183 ], [ 35.6269819, 32.91093 ], [ 35.6263465, 32.9105315 ], [ 35.62614, 32.910442 ], [ 35.6258838, 32.9102051 ], [ 35.625359, 32.9102074 ], [ 35.6253233, 32.91007 ], [ 35.6258033, 32.9098154 ], [ 35.6255666, 32.9088283 ], [ 35.6251623, 32.9088409 ], [ 35.6247939, 32.9087503 ], [ 35.6247009, 32.9086711 ], [ 35.6243023, 32.9085558 ], [ 35.623529, 32.9086227 ], [ 35.6234092, 32.9085087 ], [ 35.6234708, 32.9081591 ], [ 35.6235847, 32.9081412 ], [ 35.6246508, 32.9082222 ], [ 35.625279, 32.9074942 ], [ 35.6251267, 32.9072484 ], [ 35.6249461, 32.9067418 ], [ 35.6246544, 32.9063636 ], [ 35.6243436, 32.9062339 ], [ 35.6243099, 32.9060367 ], [ 35.6236623, 32.9059465 ], [ 35.6235197, 32.9059718 ], [ 35.6234171, 32.9059084 ], [ 35.6234102, 32.905825 ], [ 35.6228633, 32.9053022 ], [ 35.6227749, 32.9049407 ], [ 35.6221646, 32.9047156 ], [ 35.6215616, 32.9049138 ], [ 35.6211393, 32.9049338 ], [ 35.6204768, 32.9052949 ], [ 35.6203717, 32.905293 ], [ 35.6199622, 32.9055187 ], [ 35.619944, 32.9055069 ], [ 35.6199775, 32.9053428 ], [ 35.6197656, 32.9050353 ], [ 35.619425, 32.9048572 ], [ 35.61904, 32.9048061 ], [ 35.6183, 32.9050999 ], [ 35.6175192, 32.9050962 ], [ 35.6171227, 32.9051697 ], [ 35.6167857, 32.9051099 ], [ 35.6166879, 32.9047 ], [ 35.6167002, 32.9045703 ], [ 35.6172542, 32.9040591 ], [ 35.6163662, 32.9027027 ], [ 35.6147499, 32.9018052 ], [ 35.6142408, 32.9013656 ], [ 35.6136094, 32.9005365 ], [ 35.6137549, 32.9004661 ], [ 35.6139717, 32.9002631 ], [ 35.614624, 32.8993423 ], [ 35.614055, 32.898003 ], [ 35.6137602, 32.8979893 ], [ 35.6139837, 32.8973833 ], [ 35.6138045, 32.896401 ], [ 35.6133177, 32.8952806 ], [ 35.6139925, 32.8951967 ], [ 35.6146301, 32.8950103 ], [ 35.6157546, 32.894633 ], [ 35.6173205, 32.8939606 ], [ 35.61841, 32.8934565 ], [ 35.6187654, 32.8929685 ], [ 35.6200125, 32.8924566 ], [ 35.6217881, 32.8915332 ], [ 35.6223216, 32.8908456 ], [ 35.6238278, 32.8896734 ], [ 35.6250493, 32.8884718 ], [ 35.6254349, 32.8878669 ], [ 35.6275744, 32.8855485 ], [ 35.6282944, 32.8848727 ], [ 35.6296124, 32.8839716 ], [ 35.629761, 32.8831624 ], [ 35.6299299, 32.8818538 ], [ 35.6301703, 32.8815374 ], [ 35.6324934, 32.8795925 ], [ 35.6347419, 32.8774884 ], [ 35.6358784, 32.8762075 ], [ 35.636767, 32.8750497 ], [ 35.6377173, 32.87373 ], [ 35.640444, 32.8697384 ], [ 35.6411019, 32.8688344 ], [ 35.6427057, 32.8670683 ], [ 35.6432552, 32.8660221 ], [ 35.6440436, 32.864159 ], [ 35.6440489, 32.863773 ], [ 35.6438285, 32.8632277 ], [ 35.6434322, 32.8626526 ], [ 35.6430867, 32.862279 ], [ 35.6431145, 32.8612285 ], [ 35.6446728, 32.8591993 ], [ 35.6457571, 32.857591 ], [ 35.6463917, 32.8565434 ], [ 35.6468009, 32.855771 ], [ 35.647183, 32.8549328 ], [ 35.6480152, 32.8528063 ], [ 35.6486264, 32.8506514 ], [ 35.6490601, 32.8489412 ], [ 35.649548, 32.8461583 ], [ 35.6496958, 32.8449799 ], [ 35.6498035, 32.8435425 ], [ 35.6497943, 32.8421156 ], [ 35.6497337, 32.8412276 ], [ 35.6495721, 32.8403226 ], [ 35.6493828, 32.8397225 ], [ 35.6490902, 32.8393308 ], [ 35.6486376, 32.8389131 ], [ 35.6480911, 32.838622 ], [ 35.6477249, 32.8379926 ], [ 35.6473773, 32.8374754 ], [ 35.6469241, 32.8370042 ], [ 35.6465492, 32.8368286 ], [ 35.6458671, 32.8367273 ], [ 35.6454288, 32.8365699 ], [ 35.6451802, 32.8362941 ], [ 35.6450338, 32.8357119 ], [ 35.6442118, 32.834529 ], [ 35.643587, 32.8342692 ], [ 35.64329, 32.8342409 ], [ 35.6424327, 32.8345009 ], [ 35.6421914, 32.8344798 ], [ 35.6413428, 32.8341277 ], [ 35.6413675, 32.8339005 ], [ 35.6415179, 32.8336024 ], [ 35.6418478, 32.8333257 ], [ 35.6421587, 32.8330096 ], [ 35.6423496, 32.8326116 ], [ 35.6425356, 32.8319764 ], [ 35.6426687, 32.8303422 ], [ 35.6426406, 32.8298396 ], [ 35.6433775, 32.8285222 ], [ 35.6433483, 32.8280844 ], [ 35.6441604, 32.8270869 ], [ 35.644331, 32.8264258 ], [ 35.6444565, 32.8261194 ], [ 35.6446661, 32.8258588 ], [ 35.6453234, 32.8228223 ], [ 35.6454574, 32.8217443 ], [ 35.6454425, 32.819928 ], [ 35.6453296, 32.8191389 ], [ 35.6454738, 32.8185776 ], [ 35.6453417, 32.8168181 ], [ 35.6451786, 32.8153613 ], [ 35.6448576, 32.8144399 ], [ 35.6447996, 32.8141905 ], [ 35.644778, 32.8133824 ], [ 35.6446723, 32.8126654 ], [ 35.64436, 32.8116182 ], [ 35.6440314, 32.8106777 ], [ 35.6556746, 32.8084446 ], [ 35.6549714, 32.7952055 ], [ 35.6548462, 32.7928489 ], [ 35.6592063, 32.7838657 ], [ 35.659544, 32.7832159 ], [ 35.6596478, 32.7829506 ], [ 35.6624478, 32.7771955 ], [ 35.6618117, 32.7730173 ], [ 35.6555182, 32.7540047 ], [ 35.657234, 32.7444084 ], [ 35.6558813, 32.7431593 ], [ 35.6551144, 32.7414038 ], [ 35.6550995, 32.7411175 ], [ 35.6548098, 32.7393276 ], [ 35.6538168, 32.7376128 ], [ 35.6528994, 32.7362743 ], [ 35.6521007, 32.7342415 ], [ 35.6518678, 32.7338028 ], [ 35.6520765, 32.733429 ], [ 35.6522383, 32.7308783 ], [ 35.6515985, 32.7283704 ], [ 35.6500169, 32.7264723 ], [ 35.6498989, 32.7240742 ], [ 35.6508365, 32.7222263 ], [ 35.6509757, 32.7209077 ], [ 35.6497779, 32.7178698 ], [ 35.6496233, 32.7157254 ], [ 35.6498312, 32.714606 ], [ 35.649195, 32.7135442 ], [ 35.6446593, 32.7080632 ], [ 35.6416597, 32.7067832 ], [ 35.6376407, 32.7052118 ], [ 35.6384618, 32.7012358 ], [ 35.6350854, 32.6918539 ], [ 35.6356168, 32.6878169 ], [ 35.6376991, 32.6876018 ], [ 35.6393991, 32.6868796 ], [ 35.6407855, 32.685729 ], [ 35.6415454, 32.6851498 ], [ 35.6419169, 32.6849902 ], [ 35.6424307, 32.6849039 ], [ 35.642725, 32.6847473 ], [ 35.6428583, 32.6846088 ], [ 35.642962, 32.6842849 ], [ 35.6432393, 32.6838567 ], [ 35.6436329, 32.6834361 ], [ 35.6438688, 32.6832481 ], [ 35.643979, 32.6831976 ], [ 35.6446656, 32.6829979 ], [ 35.6451888, 32.6827425 ], [ 35.6454156, 32.68266 ], [ 35.6458691, 32.6825586 ], [ 35.646037, 32.6824831 ], [ 35.6465728, 32.6823493 ], [ 35.6467596, 32.6823239 ], [ 35.6471103, 32.6823294 ], [ 35.6474966, 32.682261 ], [ 35.6481229, 32.6822272 ], [ 35.6486663, 32.6821334 ], [ 35.648869, 32.682149 ], [ 35.6492661, 32.6823088 ], [ 35.649909, 32.6824677 ], [ 35.6502385, 32.6825714 ], [ 35.6503156, 32.6826184 ], [ 35.6507435, 32.6831664 ], [ 35.6512658, 32.6836148 ], [ 35.6514159, 32.6838121 ], [ 35.651571, 32.6840995 ], [ 35.651727, 32.6842793 ], [ 35.6521245, 32.684576 ], [ 35.6522867, 32.6847383 ], [ 35.6523719, 32.684977 ], [ 35.6523774, 32.6854137 ], [ 35.6524623, 32.6855357 ], [ 35.6525508, 32.6855782 ], [ 35.6526497, 32.685601 ], [ 35.6528891, 32.6855911 ], [ 35.6533029, 32.6856195 ], [ 35.6539345, 32.6857423 ], [ 35.6543014, 32.6859163 ], [ 35.6546537, 32.6860052 ], [ 35.6549303, 32.6860166 ], [ 35.6553552, 32.6859542 ], [ 35.6554557, 32.6859663 ], [ 35.6555485, 32.6859924 ], [ 35.655709, 32.6861096 ], [ 35.6558435, 32.686347 ], [ 35.6559187, 32.6864295 ], [ 35.6568516, 32.6863388 ], [ 35.6573442, 32.6863725 ], [ 35.6580774, 32.6865288 ], [ 35.6585859, 32.6864329 ], [ 35.6589409, 32.6864209 ], [ 35.6591554, 32.6864471 ], [ 35.6593281, 32.686566 ], [ 35.6595356, 32.6868403 ], [ 35.6596419, 32.6870602 ], [ 35.6597961, 32.6875049 ], [ 35.659843, 32.6875577 ], [ 35.6599882, 32.6876107 ], [ 35.6601354, 32.6876 ], [ 35.66031, 32.6874506 ], [ 35.6604489, 32.6873808 ], [ 35.6605358, 32.6873771 ], [ 35.6607532, 32.687462 ], [ 35.6609731, 32.6874003 ], [ 35.6612088, 32.6870805 ], [ 35.6613822, 32.6869908 ], [ 35.6615108, 32.6869745 ], [ 35.6622336, 32.6870519 ], [ 35.6627224, 32.6871877 ], [ 35.6630126, 32.6872954 ], [ 35.663873, 32.6875075 ], [ 35.6640297, 32.68753 ], [ 35.6644368, 32.6874959 ], [ 35.6645738, 32.6875066 ], [ 35.6647947, 32.6876315 ], [ 35.6649635, 32.6878033 ], [ 35.6650738, 32.6880007 ], [ 35.6651213, 32.6881719 ], [ 35.665171, 32.6882331 ], [ 35.6653673, 32.6883158 ], [ 35.6656223, 32.6883273 ], [ 35.6657144, 32.6883568 ], [ 35.6658852, 32.6884661 ], [ 35.6659904, 32.6886297 ], [ 35.6660981, 32.6887087 ], [ 35.6665698, 32.6887453 ], [ 35.6671, 32.6890212 ], [ 35.6676374, 32.6892475 ], [ 35.6680923, 32.6893974 ], [ 35.669024, 32.6896476 ], [ 35.6703586, 32.6905629 ], [ 35.6710824, 32.690957 ], [ 35.6714724, 32.690932 ], [ 35.6715136, 32.6908563 ], [ 35.6720139, 32.6910509 ], [ 35.6723882, 32.690419 ], [ 35.6732872, 32.689009 ], [ 35.6737644, 32.6884932 ], [ 35.6740396, 32.6881134 ], [ 35.6748637, 32.6866496 ], [ 35.6749687, 32.6863426 ], [ 35.6749572, 32.6861804 ], [ 35.6747634, 32.6858294 ], [ 35.674773, 32.685622 ], [ 35.6746534, 32.6851806 ], [ 35.6743104, 32.6848392 ], [ 35.6741072, 32.6847228 ], [ 35.6738507, 32.6846155 ], [ 35.6736265, 32.6845623 ], [ 35.6730719, 32.6845283 ], [ 35.6722728, 32.6846395 ], [ 35.6715378, 32.6847865 ], [ 35.6712288, 32.6848147 ], [ 35.6708875, 32.6848069 ], [ 35.670706, 32.6847625 ], [ 35.6703213, 32.6846016 ], [ 35.6697761, 32.6843241 ], [ 35.6693059, 32.6841275 ], [ 35.668878, 32.6838586 ], [ 35.6684713, 32.6835625 ], [ 35.6683, 32.6834189 ], [ 35.6681603, 32.683203 ], [ 35.6680201, 32.6829059 ], [ 35.6679343, 32.6828071 ], [ 35.666242, 32.6813165 ], [ 35.6656853, 32.6808857 ], [ 35.6654607, 32.6807422 ], [ 35.6649904, 32.6805095 ], [ 35.6645738, 32.6803578 ], [ 35.6642642, 32.6802958 ], [ 35.6637308, 32.6802346 ], [ 35.6633896, 32.6802268 ], [ 35.6629527, 32.6802825 ], [ 35.6627081, 32.6803916 ], [ 35.6625699, 32.6804823 ], [ 35.6623686, 32.6807355 ], [ 35.6623264, 32.6808259 ], [ 35.6622438, 32.6813401 ], [ 35.6620637, 32.6815752 ], [ 35.6618409, 32.6817925 ], [ 35.6614169, 32.6822899 ], [ 35.6610668, 32.6826248 ], [ 35.6601218, 32.6833947 ], [ 35.6594521, 32.6838029 ], [ 35.6592823, 32.6839659 ], [ 35.658924, 32.6847967 ], [ 35.6588286, 32.6849143 ], [ 35.658733, 32.6849778 ], [ 35.6585307, 32.6850416 ], [ 35.6579233, 32.6851069 ], [ 35.6571776, 32.6852539 ], [ 35.656357, 32.685329 ], [ 35.6561225, 32.6853389 ], [ 35.6559091, 32.6853126 ], [ 35.6556101, 32.6852235 ], [ 35.6551292, 32.6850178 ], [ 35.65421, 32.6845703 ], [ 35.6540387, 32.6844266 ], [ 35.6538777, 32.6842288 ], [ 35.653514, 32.6839957 ], [ 35.6532469, 32.6838884 ], [ 35.6531185, 32.6837987 ], [ 35.6528826, 32.68352 ], [ 35.6528068, 32.6832949 ], [ 35.6526134, 32.683007 ], [ 35.6525171, 32.6829262 ], [ 35.6522285, 32.6827829 ], [ 35.6520886, 32.682531 ], [ 35.6514892, 32.6820642 ], [ 35.6513387, 32.6818213 ], [ 35.6504918, 32.6809046 ], [ 35.6501383, 32.6805632 ], [ 35.6497529, 32.6802489 ], [ 35.6485649, 32.6793424 ], [ 35.6477305, 32.6787863 ], [ 35.6469173, 32.6782031 ], [ 35.6467249, 32.6780955 ], [ 35.6462546, 32.6778627 ], [ 35.64571, 32.6776753 ], [ 35.6453364, 32.6776045 ], [ 35.6446542, 32.6776339 ], [ 35.6442814, 32.6776984 ], [ 35.6439194, 32.6777988 ], [ 35.6436533, 32.6778989 ], [ 35.643462, 32.6780258 ], [ 35.643271, 32.6782069 ], [ 35.6431439, 32.6783786 ], [ 35.6429327, 32.6787941 ], [ 35.6428909, 32.6789656 ], [ 35.6429236, 32.6791188 ], [ 35.6430955, 32.6793887 ], [ 35.6431174, 32.6795059 ], [ 35.6430866, 32.6797494 ], [ 35.6429077, 32.680228 ], [ 35.6425592, 32.6809145 ], [ 35.64239, 32.6811946 ], [ 35.6422838, 32.6812942 ], [ 35.6421033, 32.6814391 ], [ 35.6414442, 32.6818471 ], [ 35.6402315, 32.6824284 ], [ 35.639211, 32.6830632 ], [ 35.63853, 32.6833541 ], [ 35.6379659, 32.6835634 ], [ 35.6373386, 32.6839173 ], [ 35.6350996, 32.6861792 ], [ 35.634919, 32.6863151 ], [ 35.6347061, 32.686388 ], [ 35.6345567, 32.6863614 ], [ 35.6338301, 32.6860483 ], [ 35.6335305, 32.685833 ], [ 35.6332313, 32.6856807 ], [ 35.6331028, 32.6855819 ], [ 35.6329421, 32.6854112 ], [ 35.6326952, 32.6850784 ], [ 35.631463, 32.6838112 ], [ 35.6308092, 32.683101 ], [ 35.6299401, 32.6819588 ], [ 35.629779, 32.6816979 ], [ 35.629724, 32.6813554 ], [ 35.6295954, 32.6812025 ], [ 35.6287712, 32.680529 ], [ 35.6277312, 32.6793062 ], [ 35.62695, 32.6786957 ], [ 35.6262665, 32.6784545 ], [ 35.6256154, 32.6783034 ], [ 35.6251135, 32.6781428 ], [ 35.6243655, 32.6777756 ], [ 35.6231276, 32.6775453 ], [ 35.622445, 32.6774754 ], [ 35.6220828, 32.6775578 ], [ 35.6218381, 32.6776578 ], [ 35.62122, 32.677714 ], [ 35.6210602, 32.6777506 ], [ 35.6205706, 32.6779235 ], [ 35.6199108, 32.6782052 ], [ 35.6197834, 32.6783229 ], [ 35.6192225, 32.6792264 ], [ 35.6189257, 32.6795971 ], [ 35.6183523, 32.680095 ], [ 35.6178524, 32.6803761 ], [ 35.6176713, 32.6804128 ], [ 35.6173941, 32.6804137 ], [ 35.6169563, 32.6802709 ], [ 35.6166892, 32.6801365 ], [ 35.6160688, 32.6797057 ], [ 35.6149359, 32.6791233 ], [ 35.6144235, 32.6789807 ], [ 35.6139007, 32.6788923 ], [ 35.612876, 32.6786521 ], [ 35.6123742, 32.6785005 ], [ 35.6087831, 32.6765644 ], [ 35.6079702, 32.6759899 ], [ 35.6073815, 32.6754778 ], [ 35.6072311, 32.6752078 ], [ 35.6071762, 32.6748653 ], [ 35.6068189, 32.6736311 ], [ 35.606529, 32.6731722 ], [ 35.6063352, 32.672749 ], [ 35.6055689, 32.6706595 ], [ 35.605526, 32.6706145 ], [ 35.6051947, 32.6704352 ], [ 35.604692, 32.6700581 ], [ 35.6044356, 32.6699327 ], [ 35.6037308, 32.6696735 ], [ 35.6034854, 32.6696201 ], [ 35.6032081, 32.669594 ], [ 35.6030055, 32.6696036 ], [ 35.6012369, 32.6698437 ], [ 35.6003187, 32.66954 ], [ 35.6000089, 32.6693787 ], [ 35.599838, 32.6693251 ], [ 35.5991755, 32.6689575 ], [ 35.5988756, 32.6686428 ], [ 35.5985755, 32.6682741 ], [ 35.5982, 32.6677432 ], [ 35.5981674, 32.6676081 ], [ 35.5981775, 32.6674638 ], [ 35.598315, 32.6672289 ], [ 35.5986871, 32.6669843 ], [ 35.598876, 32.6663164 ], [ 35.5989712, 32.6661538 ], [ 35.5990456, 32.6660994 ], [ 35.5992479, 32.6660267 ], [ 35.5994179, 32.6659179 ], [ 35.5995453, 32.6658003 ], [ 35.5999687, 32.6651137 ], [ 35.6001599, 32.6649417 ], [ 35.6005958, 32.6646879 ], [ 35.6015428, 32.6642881 ], [ 35.6018089, 32.6641881 ], [ 35.602054, 32.6641783 ], [ 35.6026927, 32.6639689 ], [ 35.6034155, 32.6635067 ], [ 35.6036067, 32.6633528 ], [ 35.6040947, 32.6628102 ], [ 35.6044449, 32.6624665 ], [ 35.6055279, 32.6614802 ], [ 35.6061856, 32.6607747 ], [ 35.6065778, 32.6602865 ], [ 35.6067151, 32.6599975 ], [ 35.6068518, 32.6595643 ], [ 35.607029, 32.658671 ], [ 35.6070483, 32.6582201 ], [ 35.6070198, 32.6566151 ], [ 35.6070575, 32.6555239 ], [ 35.6068703, 32.654181 ], [ 35.6065659, 32.6528564 ], [ 35.606221, 32.6520009 ], [ 35.606049, 32.6516768 ], [ 35.6056959, 32.6513624 ], [ 35.6055784, 32.6513086 ], [ 35.605429, 32.6512821 ], [ 35.6051953, 32.6514631 ], [ 35.6050037, 32.6514998 ], [ 35.6048544, 32.6515003 ], [ 35.6025188, 32.6511831 ], [ 35.6019858, 32.6511668 ], [ 35.601453, 32.6512045 ], [ 35.6009419, 32.6513324 ], [ 35.6002289, 32.6515871 ], [ 35.5998028, 32.6516245 ], [ 35.5994293, 32.6515355 ], [ 35.598916, 32.6511584 ], [ 35.5987131, 32.6510599 ], [ 35.5985744, 32.6510242 ], [ 35.597956, 32.6509811 ], [ 35.5976149, 32.6509912 ], [ 35.5972209, 32.6510645 ], [ 35.5967631, 32.6511922 ], [ 35.5966461, 32.6512467 ], [ 35.5962752, 32.6517258 ], [ 35.5960317, 32.6521233 ], [ 35.5959577, 32.6522588 ], [ 35.5958103, 32.652683 ], [ 35.5956725, 32.6528458 ], [ 35.5954599, 32.6529817 ], [ 35.5953534, 32.6530091 ], [ 35.5946287, 32.6530294 ], [ 35.5940109, 32.6531124 ], [ 35.5937123, 32.6530953 ], [ 35.5934988, 32.6530148 ], [ 35.5928897, 32.652647 ], [ 35.5922481, 32.6521801 ], [ 35.592194, 32.6519819 ], [ 35.592076, 32.6518109 ], [ 35.5919369, 32.6516851 ], [ 35.5914453, 32.6513981 ], [ 35.5911891, 32.6512907 ], [ 35.5910077, 32.6512461 ], [ 35.5905588, 32.650959 ], [ 35.5904415, 32.6509593 ], [ 35.5902492, 32.6508427 ], [ 35.5901639, 32.650834 ], [ 35.590025, 32.6507622 ], [ 35.5898003, 32.6505555 ], [ 35.5897034, 32.6503304 ], [ 35.5893292, 32.650061 ], [ 35.589286, 32.6499439 ], [ 35.5893281, 32.6498086 ], [ 35.5895297, 32.6496005 ], [ 35.5896787, 32.649537 ], [ 35.5897529, 32.6494556 ], [ 35.5899124, 32.6493559 ], [ 35.5901135, 32.6490307 ], [ 35.590315, 32.6488046 ], [ 35.5904318, 32.6487051 ], [ 35.5907402, 32.6485238 ], [ 35.591102, 32.6483874 ], [ 35.5914418, 32.6481068 ], [ 35.5916635, 32.6476102 ], [ 35.5917159, 32.6474026 ], [ 35.5917452, 32.6467894 ], [ 35.5916684, 32.6462666 ], [ 35.5914419, 32.6456542 ], [ 35.5911737, 32.6452492 ], [ 35.5908106, 32.645088 ], [ 35.590405, 32.644945 ], [ 35.5897647, 32.6447486 ], [ 35.589338, 32.6446507 ], [ 35.588847, 32.6444809 ], [ 35.588377, 32.6442479 ], [ 35.5876928, 32.643736 ], [ 35.5875105, 32.6434841 ], [ 35.5871016, 32.6425746 ], [ 35.5870158, 32.6424486 ], [ 35.5869624, 32.6424127 ], [ 35.5866938, 32.6418995 ], [ 35.5865761, 32.6418007 ], [ 35.5865651, 32.6417106 ], [ 35.5864903, 32.6416657 ], [ 35.5864688, 32.6416207 ], [ 35.5862661, 32.6415762 ], [ 35.5859144, 32.6415683 ], [ 35.5857653, 32.6416138 ], [ 35.5856805, 32.6417042 ], [ 35.5855015, 32.6422187 ], [ 35.5852899, 32.6425981 ], [ 35.5850153, 32.6431851 ], [ 35.5848882, 32.6433748 ], [ 35.584538, 32.6437366 ], [ 35.5843893, 32.6438362 ], [ 35.583687, 32.6441088 ], [ 35.5832184, 32.6442004 ], [ 35.5830802, 32.644264 ], [ 35.5820687, 32.6445195 ], [ 35.5809505, 32.6447212 ], [ 35.5804071, 32.6447589 ], [ 35.5800873, 32.6447418 ], [ 35.5795861, 32.6446802 ], [ 35.57885, 32.6445021 ], [ 35.5785403, 32.6443497 ], [ 35.5783155, 32.6441249 ], [ 35.578251, 32.6439989 ], [ 35.5782502, 32.6438095 ], [ 35.5783444, 32.6433855 ], [ 35.5785556, 32.6429249 ], [ 35.5786081, 32.6427264 ], [ 35.5786074, 32.6425461 ], [ 35.5785748, 32.6424109 ], [ 35.578435, 32.6421047 ], [ 35.5783385, 32.6419788 ], [ 35.5778892, 32.6415653 ], [ 35.577184, 32.6411346 ], [ 35.5767463, 32.6409556 ], [ 35.5759994, 32.6407323 ], [ 35.5756368, 32.6406703 ], [ 35.5747732, 32.6405827 ], [ 35.5740701, 32.6406569 ], [ 35.5736121, 32.6407304 ], [ 35.5734099, 32.6407941 ], [ 35.5732397, 32.6408848 ], [ 35.5729528, 32.641075 ], [ 35.5727191, 32.641274 ], [ 35.5725603, 32.641527 ], [ 35.5724877, 32.6420231 ], [ 35.5725209, 32.6423116 ], [ 35.5725009, 32.6426453 ], [ 35.5725357, 32.6433305 ], [ 35.5727869, 32.6448086 ], [ 35.5725745, 32.6450076 ], [ 35.5724585, 32.6452965 ], [ 35.5723843, 32.6453959 ], [ 35.5722469, 32.6454968 ], [ 35.5722913, 32.6455866 ], [ 35.5722563, 32.6456217 ], [ 35.5724645, 32.6459468 ], [ 35.5723702, 32.6459764 ], [ 35.5722644, 32.6463371 ], [ 35.5713604, 32.6471412 ], [ 35.5640611, 32.6477111 ], [ 35.562637, 32.6470585 ], [ 35.5612638, 32.6459022 ], [ 35.5615212, 32.6449627 ], [ 35.5628087, 32.6444568 ], [ 35.5647828, 32.6441677 ], [ 35.5668427, 32.64424 ], [ 35.5678727, 32.6435172 ], [ 35.5681302, 32.6423608 ], [ 35.5679585, 32.6406985 ], [ 35.5671861, 32.6393253 ], [ 35.5656411, 32.6388193 ], [ 35.5634095, 32.6386748 ], [ 35.5617787, 32.6383134 ], [ 35.5611779, 32.6373015 ], [ 35.5617787, 32.6364342 ], [ 35.5644349, 32.6356778 ], [ 35.5647828, 32.6354223 ], [ 35.5659922, 32.6350052 ], [ 35.566888, 32.6348322 ], [ 35.5672394, 32.6345412 ], [ 35.5677243, 32.6341066 ], [ 35.5679282, 32.6328797 ], [ 35.5674904, 32.6321248 ], [ 35.5668982, 32.6309805 ], [ 35.56666, 32.6300218 ], [ 35.5660973, 32.6294815 ], [ 35.5653828, 32.6291928 ], [ 35.5645357, 32.6291878 ], [ 35.5641227, 32.6294286 ], [ 35.5634655, 32.6291286 ], [ 35.5626802, 32.6280005 ], [ 35.5625131, 32.6273821 ], [ 35.5623465, 32.6267658 ], [ 35.5617419, 32.6260592 ], [ 35.5615209, 32.6256864 ], [ 35.5614104, 32.6251642 ], [ 35.5615258, 32.6247368 ], [ 35.5617275, 32.6245511 ], [ 35.5621641, 32.6245224 ], [ 35.5628674, 32.6246649 ], [ 35.5638335, 32.6249907 ], [ 35.5644322, 32.6248118 ], [ 35.5653836, 32.6237122 ], [ 35.5664136, 32.6226279 ], [ 35.5675294, 32.6221941 ], [ 35.5683877, 32.6208929 ], [ 35.5698468, 32.617712 ], [ 35.5719068, 32.6150371 ], [ 35.5727651, 32.6137357 ], [ 35.5727651, 32.6126513 ], [ 35.5729367, 32.6102654 ], [ 35.5729367, 32.6079518 ], [ 35.5725076, 32.6061442 ], [ 35.5719068, 32.6054212 ], [ 35.5706167, 32.6051429 ], [ 35.5682753, 32.604381 ], [ 35.5674328, 32.6043526 ], [ 35.5666545, 32.6040461 ], [ 35.5663604, 32.6032444 ], [ 35.5664009, 32.6011967 ], [ 35.5671002, 32.6002875 ], [ 35.5670214, 32.5987111 ], [ 35.5673187, 32.5977735 ], [ 35.5671818, 32.5972452 ], [ 35.5671797, 32.596553 ], [ 35.5677869, 32.5962381 ], [ 35.5684687, 32.5959795 ], [ 35.5691459, 32.5960388 ], [ 35.5694568, 32.5963596 ], [ 35.5696026, 32.5968213 ], [ 35.5709774, 32.5979191 ], [ 35.5719594, 32.5982132 ], [ 35.5727143, 32.5979824 ], [ 35.5734566, 32.5979151 ], [ 35.5741856, 32.5981706 ], [ 35.5753473, 32.5981067 ], [ 35.576635, 32.5980568 ], [ 35.5772989, 32.5977629 ], [ 35.5781081, 32.5970235 ], [ 35.578098, 32.5961358 ], [ 35.5773782, 32.5951092 ], [ 35.5772941, 32.592959 ], [ 35.5765979, 32.5914991 ], [ 35.5766476, 32.5899852 ], [ 35.5760539, 32.5881821 ], [ 35.5758184, 32.5857427 ], [ 35.5761516, 32.5847754 ], [ 35.5771424, 32.5824256 ], [ 35.5776574, 32.5812684 ], [ 35.5780007, 32.5803282 ], [ 35.5774858, 32.5790987 ], [ 35.5771424, 32.5775799 ], [ 35.5770566, 32.5757717 ], [ 35.5769708, 32.5741081 ], [ 35.5767991, 32.5725892 ], [ 35.5764558, 32.5707809 ], [ 35.5768849, 32.5685386 ], [ 35.5761983, 32.5673089 ], [ 35.5755116, 32.5659346 ], [ 35.57431, 32.5655729 ], [ 35.5735375, 32.5662962 ], [ 35.5723359, 32.5668026 ], [ 35.5709626, 32.5665856 ], [ 35.5704476, 32.5654282 ], [ 35.5708768, 32.5641985 ], [ 35.5720784, 32.5628241 ], [ 35.5730226, 32.5613773 ], [ 35.5741384, 32.5603645 ], [ 35.5752542, 32.5595688 ], [ 35.5760266, 32.5582666 ], [ 35.5768849, 32.5571815 ], [ 35.5767133, 32.5563134 ], [ 35.5762841, 32.5550835 ], [ 35.5767991, 32.553926 ], [ 35.5769708, 32.5526238 ], [ 35.5767586, 32.5523257 ], [ 35.5761983, 32.5515386 ], [ 35.5752542, 32.5505981 ], [ 35.5734517, 32.5492958 ], [ 35.5719926, 32.5495852 ], [ 35.5713059, 32.5508151 ], [ 35.5717351, 32.551828 ], [ 35.5708768, 32.5522621 ], [ 35.5694177, 32.5519727 ], [ 35.5689027, 32.5507428 ], [ 35.5688182, 32.550066 ], [ 35.568731, 32.5493681 ], [ 35.5695035, 32.5488617 ], [ 35.5703618, 32.5492958 ], [ 35.5713059, 32.5484276 ], [ 35.5720784, 32.5466912 ], [ 35.5714776, 32.5456783 ], [ 35.5704476, 32.5443759 ], [ 35.5707051, 32.5428565 ], [ 35.5710484, 32.5414817 ], [ 35.570791, 32.5400346 ], [ 35.5694177, 32.5388769 ], [ 35.5675294, 32.5389493 ], [ 35.5658128, 32.5395281 ], [ 35.5652978, 32.5407582 ], [ 35.5653836, 32.5422053 ], [ 35.5652978, 32.5437971 ], [ 35.564182, 32.5449547 ], [ 35.5627229, 32.5453165 ], [ 35.5614354, 32.5448824 ], [ 35.5611779, 32.5437247 ], [ 35.5617787, 32.5427118 ], [ 35.5632379, 32.5416988 ], [ 35.5634953, 32.5401793 ], [ 35.5623796, 32.539094 ], [ 35.5609204, 32.5384428 ], [ 35.5604054, 32.5373574 ], [ 35.5604054, 32.5360549 ], [ 35.5607488, 32.5347524 ], [ 35.5602338, 32.5339565 ], [ 35.5598905, 32.5327263 ], [ 35.5598905, 32.531279 ], [ 35.5604054, 32.5309172 ], [ 35.5622079, 32.5307725 ], [ 35.5633237, 32.5299765 ], [ 35.5640103, 32.5281673 ], [ 35.564434, 32.526669 ], [ 35.5666988, 32.526546 ], [ 35.5663866, 32.5269557 ], [ 35.5664467, 32.5272723 ], [ 35.5671752, 32.5273447 ], [ 35.5672825, 32.5266183 ], [ 35.5670497, 32.5251592 ], [ 35.5664027, 32.5240863 ], [ 35.5655605, 32.5225557 ], [ 35.5647526, 32.5213752 ], [ 35.5634383, 32.5209527 ], [ 35.5615212, 32.520641 ], [ 35.5594976, 32.5210658 ], [ 35.5585066, 32.5213688 ], [ 35.5564182, 32.5211775 ], [ 35.5557357, 32.5214041 ], [ 35.5554051, 32.5212935 ], [ 35.5544725, 32.5200727 ], [ 35.5545515, 32.5198205 ], [ 35.5555028, 32.5192162 ], [ 35.5557125, 32.5191054 ], [ 35.5555687, 32.5186474 ], [ 35.5558075, 32.5176458 ], [ 35.5556614, 32.5170852 ], [ 35.5551181, 32.5165419 ], [ 35.554495, 32.5160382 ], [ 35.5527089, 32.5150552 ], [ 35.5525128, 32.5147493 ], [ 35.5526568, 32.5145079 ], [ 35.5527264, 32.514463 ], [ 35.5530698, 32.5142411 ], [ 35.5531258, 32.5139645 ], [ 35.5538364, 32.513189 ], [ 35.5541336, 32.5132447 ], [ 35.5544085, 32.5134772 ], [ 35.554923, 32.5130775 ], [ 35.5552508, 32.5129426 ], [ 35.5557172, 32.5125063 ], [ 35.5564973, 32.5121302 ], [ 35.5567806, 32.5119537 ], [ 35.5574122, 32.5119537 ], [ 35.557584, 32.5119026 ], [ 35.5577698, 32.5116565 ], [ 35.5575933, 32.5113268 ], [ 35.5577187, 32.5112107 ], [ 35.5579555, 32.5111596 ], [ 35.5579973, 32.5109088 ], [ 35.5579973, 32.5105094 ], [ 35.558262, 32.5103423 ], [ 35.5585825, 32.5102865 ], [ 35.5594416, 32.5102076 ], [ 35.5603286, 32.5095296 ], [ 35.5605376, 32.5091998 ], [ 35.5603596, 32.5088427 ], [ 35.5598828, 32.5086426 ], [ 35.5594834, 32.5083593 ], [ 35.5594225, 32.5081057 ], [ 35.5595112, 32.5076209 ], [ 35.55992, 32.5073388 ], [ 35.560389, 32.5073887 ], [ 35.5609834, 32.5078717 ], [ 35.5614758, 32.508182 ], [ 35.5617357, 32.5085451 ], [ 35.5616985, 32.5087773 ], [ 35.5615128, 32.5089119 ], [ 35.5615174, 32.5095853 ], [ 35.5613502, 32.5097896 ], [ 35.5611034, 32.5101094 ], [ 35.5611552, 32.5116333 ], [ 35.5615081, 32.5125992 ], [ 35.5612294, 32.5136321 ], [ 35.5613595, 32.5139459 ], [ 35.5617513, 32.514302 ], [ 35.5621026, 32.5146936 ], [ 35.5623951, 32.5146007 ], [ 35.5628799, 32.5140518 ], [ 35.5628642, 32.5131983 ], [ 35.5630314, 32.512915 ], [ 35.5630731, 32.5125156 ], [ 35.5630267, 32.5123902 ], [ 35.5628224, 32.5123391 ], [ 35.5628084, 32.5119537 ], [ 35.5630314, 32.5114057 ], [ 35.563097, 32.5106112 ], [ 35.5634327, 32.5098251 ], [ 35.5635886, 32.5094599 ], [ 35.5642666, 32.508494 ], [ 35.5645968, 32.5075309 ], [ 35.5645453, 32.5069986 ], [ 35.5639205, 32.5064708 ], [ 35.5634122, 32.5063624 ], [ 35.5629491, 32.5061995 ], [ 35.5627912, 32.5054528 ], [ 35.562149, 32.5047463 ], [ 35.5616858, 32.5044187 ], [ 35.5612249, 32.5041844 ], [ 35.5605736, 32.504089 ], [ 35.5597084, 32.5042352 ], [ 35.5590051, 32.5041333 ], [ 35.5587032, 32.5039708 ], [ 35.5580473, 32.5038389 ], [ 35.5579486, 32.503786 ], [ 35.5578255, 32.50372 ], [ 35.5577744, 32.5034832 ], [ 35.5578381, 32.5028553 ], [ 35.5583228, 32.5020543 ], [ 35.5591039, 32.5016019 ], [ 35.55979, 32.5016607 ], [ 35.5603054, 32.5019182 ], [ 35.5626171, 32.5020894 ], [ 35.5633545, 32.5019187 ], [ 35.5644101, 32.5016167 ], [ 35.5651136, 32.5009252 ], [ 35.5657852, 32.4993733 ], [ 35.5660353, 32.4984415 ], [ 35.5663399, 32.4982119 ], [ 35.5669209, 32.4980291 ], [ 35.5674013, 32.4978779 ], [ 35.5679248, 32.4980327 ], [ 35.5686727, 32.4991087 ], [ 35.5700338, 32.499809 ], [ 35.5704872, 32.4996832 ], [ 35.5717957, 32.4984035 ], [ 35.5740555, 32.4977493 ], [ 35.5747938, 32.4973768 ], [ 35.5751176, 32.4972134 ], [ 35.5762405, 32.4964157 ], [ 35.577131, 32.4950855 ], [ 35.5778532, 32.4933869 ], [ 35.5784301, 32.4912224 ], [ 35.5801812, 32.4881776 ], [ 35.580175, 32.4874065 ], [ 35.5799071, 32.4872948 ], [ 35.579755, 32.4873057 ], [ 35.5791577, 32.4873486 ], [ 35.5788432, 32.4875699 ], [ 35.5783391, 32.4876676 ], [ 35.5772742, 32.4872608 ], [ 35.5770554, 32.486983 ], [ 35.577102, 32.4866821 ], [ 35.577263, 32.4862771 ], [ 35.5769631, 32.4859735 ], [ 35.5763022, 32.4857748 ], [ 35.5754873, 32.4851219 ], [ 35.575541, 32.4845522 ], [ 35.5734886, 32.4837833 ], [ 35.5699733, 32.4827059 ], [ 35.5678549, 32.4820117 ], [ 35.5657381, 32.4814443 ], [ 35.5653743, 32.4809637 ], [ 35.5654902, 32.4807325 ], [ 35.5657477, 32.4806057 ], [ 35.5659086, 32.4805876 ], [ 35.5661876, 32.4803885 ], [ 35.5668957, 32.4798002 ], [ 35.5672283, 32.4796373 ], [ 35.5675931, 32.4796373 ], [ 35.5678184, 32.4796735 ], [ 35.5688805, 32.4792662 ], [ 35.5691702, 32.4791033 ], [ 35.5692346, 32.4787413 ], [ 35.5695457, 32.4783702 ], [ 35.5697925, 32.4778362 ], [ 35.5698783, 32.4772027 ], [ 35.5697603, 32.476913 ], [ 35.5694599, 32.4765691 ], [ 35.5692024, 32.4764062 ], [ 35.5687303, 32.4759355 ], [ 35.5686338, 32.4756368 ], [ 35.568387, 32.4754558 ], [ 35.567636, 32.4753382 ], [ 35.5667455, 32.4753201 ], [ 35.5659194, 32.4750666 ], [ 35.5652864, 32.4750576 ], [ 35.5646319, 32.4744149 ], [ 35.5645246, 32.4742792 ], [ 35.5645067, 32.4740918 ], [ 35.5644495, 32.4734917 ], [ 35.564471, 32.4726681 ], [ 35.5644173, 32.4716452 ], [ 35.5645139, 32.471247 ], [ 35.5647607, 32.4711384 ], [ 35.5657799, 32.4712379 ], [ 35.5663485, 32.4712832 ], [ 35.5666382, 32.4714552 ], [ 35.5667455, 32.4716 ], [ 35.5670244, 32.4715638 ], [ 35.5672927, 32.4714642 ], [ 35.5674643, 32.471247 ], [ 35.5675823, 32.4710659 ], [ 35.5672712, 32.4706767 ], [ 35.5672068, 32.4702966 ], [ 35.5673892, 32.4700522 ], [ 35.5674965, 32.4695724 ], [ 35.5672819, 32.4694276 ], [ 35.566767, 32.4689841 ], [ 35.5664129, 32.4683142 ], [ 35.5660374, 32.4676806 ], [ 35.5658014, 32.467572 ], [ 35.5652971, 32.4675358 ], [ 35.5648787, 32.4675539 ], [ 35.5645675, 32.467744 ], [ 35.5640096, 32.468278 ], [ 35.5637736, 32.4685948 ], [ 35.563441, 32.4688664 ], [ 35.5629904, 32.4686039 ], [ 35.5628509, 32.4685043 ], [ 35.563087, 32.4681242 ], [ 35.5629368, 32.467925 ], [ 35.5628295, 32.4676625 ], [ 35.5628724, 32.4674272 ], [ 35.5626578, 32.4671375 ], [ 35.5625076, 32.466703 ], [ 35.5626256, 32.4663952 ], [ 35.5631191, 32.4664133 ], [ 35.563323, 32.4663681 ], [ 35.5634517, 32.4662504 ], [ 35.5636663, 32.4660603 ], [ 35.563838, 32.4656077 ], [ 35.5637629, 32.465309 ], [ 35.5635483, 32.4651732 ], [ 35.5629797, 32.4651461 ], [ 35.5623574, 32.4651913 ], [ 35.5620999, 32.465128 ], [ 35.5619926, 32.464956 ], [ 35.5620677, 32.46444 ], [ 35.5623789, 32.4634805 ], [ 35.5627222, 32.4629826 ], [ 35.5639131, 32.4619234 ], [ 35.5643315, 32.4617243 ], [ 35.5650503, 32.4616247 ], [ 35.5657906, 32.4618058 ], [ 35.566134, 32.4618148 ], [ 35.5662734, 32.4617152 ], [ 35.56637, 32.4611449 ], [ 35.5664773, 32.4610091 ], [ 35.566767, 32.4608643 ], [ 35.5674107, 32.4610363 ], [ 35.5675394, 32.4611902 ], [ 35.5675823, 32.4613531 ], [ 35.5675931, 32.4619687 ], [ 35.567754, 32.4620773 ], [ 35.5683119, 32.4621045 ], [ 35.5688805, 32.4619687 ], [ 35.5692024, 32.4615795 ], [ 35.5694706, 32.4612536 ], [ 35.569771, 32.4611449 ], [ 35.5699749, 32.4611902 ], [ 35.5702324, 32.461679 ], [ 35.5702646, 32.4619053 ], [ 35.570522, 32.4619053 ], [ 35.5708546, 32.46167 ], [ 35.5714876, 32.4612355 ], [ 35.5715949, 32.4610363 ], [ 35.5714555, 32.4609186 ], [ 35.5711014, 32.4609005 ], [ 35.5709941, 32.4608643 ], [ 35.5708976, 32.4605565 ], [ 35.5713374, 32.4600043 ], [ 35.5716183, 32.4598528 ], [ 35.5723352, 32.4595155 ], [ 35.5728609, 32.4594159 ], [ 35.5732257, 32.459271 ], [ 35.573848, 32.4591715 ], [ 35.573848, 32.458746 ], [ 35.5736763, 32.4585468 ], [ 35.5731184, 32.4575601 ], [ 35.5728287, 32.4574333 ], [ 35.5723567, 32.4573247 ], [ 35.5719597, 32.4566638 ], [ 35.5711121, 32.4555956 ], [ 35.5710585, 32.4553964 ], [ 35.5710048, 32.4543553 ], [ 35.5708439, 32.4540656 ], [ 35.5707044, 32.453278 ], [ 35.5703933, 32.4531059 ], [ 35.5698998, 32.4531784 ], [ 35.5691809, 32.453278 ], [ 35.5684728, 32.4534681 ], [ 35.5678076, 32.4533775 ], [ 35.5665524, 32.4531331 ], [ 35.5664236, 32.452943 ], [ 35.5664022, 32.4527619 ], [ 35.5666704, 32.4519471 ], [ 35.5667884, 32.4508879 ], [ 35.5669708, 32.4501817 ], [ 35.5666275, 32.449557 ], [ 35.566488, 32.4487784 ], [ 35.5662627, 32.4479273 ], [ 35.5663056, 32.4472483 ], [ 35.5664987, 32.4467503 ], [ 35.5668206, 32.4465602 ], [ 35.5670995, 32.4464153 ], [ 35.5671425, 32.445193 ], [ 35.5669386, 32.4446407 ], [ 35.5660481, 32.4432282 ], [ 35.5656726, 32.4424948 ], [ 35.5651254, 32.4423409 ], [ 35.564825, 32.442187 ], [ 35.5647821, 32.4418248 ], [ 35.5649001, 32.441363 ], [ 35.56534, 32.4413359 ], [ 35.5655761, 32.4413359 ], [ 35.5657799, 32.441363 ], [ 35.5668742, 32.4422413 ], [ 35.5670674, 32.4423228 ], [ 35.5675609, 32.4422322 ], [ 35.5679793, 32.4418429 ], [ 35.5682046, 32.4415441 ], [ 35.5683334, 32.4412906 ], [ 35.568269, 32.4407745 ], [ 35.5676682, 32.4394978 ], [ 35.5669708, 32.4383569 ], [ 35.5665953, 32.4380309 ], [ 35.5662198, 32.4377774 ], [ 35.5658979, 32.4372431 ], [ 35.5660588, 32.4366817 ], [ 35.5661125, 32.4362471 ], [ 35.5658228, 32.4357853 ], [ 35.565458, 32.4353506 ], [ 35.5645997, 32.4346805 ], [ 35.563559, 32.4340105 ], [ 35.5627866, 32.4337569 ], [ 35.5616278, 32.4337388 ], [ 35.560673, 32.4338475 ], [ 35.5606119, 32.4340773 ], [ 35.560555, 32.4342912 ], [ 35.5593748, 32.4351061 ], [ 35.5586989, 32.4358034 ], [ 35.5586345, 32.4361746 ], [ 35.5583985, 32.4362199 ], [ 35.5580873, 32.4362109 ], [ 35.558023, 32.4358034 ], [ 35.5577976, 32.4355589 ], [ 35.5573041, 32.435251 ], [ 35.556993, 32.4343455 ], [ 35.5569072, 32.4335305 ], [ 35.5566389, 32.4330778 ], [ 35.5564995, 32.4325254 ], [ 35.5564887, 32.4312667 ], [ 35.5563922, 32.4308592 ], [ 35.5561347, 32.4308682 ], [ 35.5559737, 32.4310584 ], [ 35.5557699, 32.4310765 ], [ 35.5555339, 32.4309045 ], [ 35.5555339, 32.4305332 ], [ 35.5554373, 32.4298993 ], [ 35.5556841, 32.4294193 ], [ 35.5565638, 32.4290209 ], [ 35.5567462, 32.4286496 ], [ 35.5568642, 32.4284775 ], [ 35.5568428, 32.4282059 ], [ 35.5572934, 32.427581 ], [ 35.5575616, 32.4274089 ], [ 35.5579693, 32.4271101 ], [ 35.5586774, 32.4266935 ], [ 35.5597825, 32.4263313 ], [ 35.5614776, 32.4258694 ], [ 35.5619604, 32.4256974 ], [ 35.562175, 32.4254347 ], [ 35.5622501, 32.4252808 ], [ 35.5620463, 32.4251268 ], [ 35.5620355, 32.424837 ], [ 35.5623038, 32.4244657 ], [ 35.5623574, 32.4243027 ], [ 35.5622394, 32.4239314 ], [ 35.5618853, 32.4238409 ], [ 35.5613382, 32.4238046 ], [ 35.5605013, 32.4240129 ], [ 35.5599756, 32.4240491 ], [ 35.5592675, 32.4241035 ], [ 35.5580337, 32.4247102 ], [ 35.5572397, 32.4249819 ], [ 35.5564136, 32.4252355 ], [ 35.5559094, 32.4253985 ], [ 35.5549545, 32.4259238 ], [ 35.5534847, 32.4260234 ], [ 35.5531277, 32.4260118 ], [ 35.5529268, 32.4260053 ], [ 35.5527444, 32.4259057 ], [ 35.5524547, 32.4244567 ], [ 35.5522187, 32.423225 ], [ 35.5518753, 32.4226816 ], [ 35.551768, 32.4223737 ], [ 35.5516286, 32.420653 ], [ 35.5515535, 32.4202002 ], [ 35.5515105, 32.4199194 ], [ 35.5516071, 32.419702 ], [ 35.5521328, 32.4193126 ], [ 35.5522723, 32.4190771 ], [ 35.5523689, 32.4187873 ], [ 35.5525942, 32.4186152 ], [ 35.5529053, 32.4185066 ], [ 35.5531735, 32.4184975 ], [ 35.5539138, 32.4185971 ], [ 35.5548258, 32.4187873 ], [ 35.5554051, 32.418742 ], [ 35.5559416, 32.4186515 ], [ 35.5562312, 32.4187964 ], [ 35.556832, 32.4193669 ], [ 35.5574007, 32.4194666 ], [ 35.5579478, 32.4194666 ], [ 35.5584843, 32.4191496 ], [ 35.5589134, 32.4188507 ], [ 35.5591173, 32.4184884 ], [ 35.559128, 32.4183888 ], [ 35.5590636, 32.4182439 ], [ 35.5588383, 32.4182167 ], [ 35.5586023, 32.4182711 ], [ 35.5583019, 32.4183526 ], [ 35.5581195, 32.4181986 ], [ 35.5580444, 32.4177639 ], [ 35.5579049, 32.4171752 ], [ 35.55798, 32.4168944 ], [ 35.5575509, 32.4168039 ], [ 35.5571432, 32.4163148 ], [ 35.5569072, 32.4159706 ], [ 35.556596, 32.4154453 ], [ 35.5565531, 32.4152913 ], [ 35.5566067, 32.4151283 ], [ 35.5574865, 32.4144218 ], [ 35.5581517, 32.4137335 ], [ 35.5586667, 32.4132263 ], [ 35.5594928, 32.4129274 ], [ 35.5597396, 32.4126194 ], [ 35.5599756, 32.4123749 ], [ 35.5603726, 32.4120579 ], [ 35.5605979, 32.4118405 ], [ 35.5609841, 32.4118314 ], [ 35.5611236, 32.4117409 ], [ 35.5613274, 32.4114782 ], [ 35.5613703, 32.4111974 ], [ 35.5613596, 32.4110434 ], [ 35.5613489, 32.4109166 ], [ 35.5611343, 32.4107536 ], [ 35.5606837, 32.410654 ], [ 35.5601794, 32.4103913 ], [ 35.5598361, 32.4101558 ], [ 35.5593748, 32.4101015 ], [ 35.5591924, 32.4102192 ], [ 35.5589456, 32.4105906 ], [ 35.558561, 32.4108025 ], [ 35.5580766, 32.4105634 ], [ 35.5579264, 32.4103007 ], [ 35.5579264, 32.4100471 ], [ 35.5582804, 32.4093225 ], [ 35.5584092, 32.4089692 ], [ 35.5587096, 32.408779 ], [ 35.5588491, 32.4085073 ], [ 35.5588062, 32.408299 ], [ 35.5586345, 32.4082627 ], [ 35.5577118, 32.4079457 ], [ 35.5574221, 32.407529 ], [ 35.5574436, 32.4074022 ], [ 35.5576582, 32.406895 ], [ 35.5576904, 32.4062519 ], [ 35.5581946, 32.4051468 ], [ 35.5588705, 32.4039511 ], [ 35.5596001, 32.403 ], [ 35.5603189, 32.4019764 ], [ 35.5606301, 32.4014329 ], [ 35.5606301, 32.4011611 ], [ 35.5605013, 32.4009981 ], [ 35.560276, 32.4008984 ], [ 35.5589134, 32.4006085 ], [ 35.5568857, 32.4005995 ], [ 35.5561883, 32.4004998 ], [ 35.5558665, 32.4001918 ], [ 35.5551262, 32.3998204 ], [ 35.5549974, 32.3997933 ], [ 35.5546541, 32.3997842 ], [ 35.5544181, 32.3997842 ], [ 35.5537207, 32.4000107 ], [ 35.5532915, 32.4002553 ], [ 35.5533023, 32.4007172 ], [ 35.5535168, 32.4010615 ], [ 35.5537421, 32.4012879 ], [ 35.5542357, 32.40223 ], [ 35.5541928, 32.4024021 ], [ 35.5541177, 32.4027826 ], [ 35.5535705, 32.403009 ], [ 35.553195, 32.4029547 ], [ 35.5529482, 32.4030634 ], [ 35.5523581, 32.4033986 ], [ 35.5517037, 32.4038968 ], [ 35.5510707, 32.4040055 ], [ 35.5507166, 32.4039873 ], [ 35.5504913, 32.4037881 ], [ 35.5502982, 32.4032627 ], [ 35.5496866, 32.4024565 ], [ 35.5492038, 32.4021304 ], [ 35.5485923, 32.4017952 ], [ 35.5479271, 32.4015325 ], [ 35.5468328, 32.4011792 ], [ 35.5463607, 32.4008803 ], [ 35.5463178, 32.4006991 ], [ 35.5463178, 32.4005814 ], [ 35.5464036, 32.4004727 ], [ 35.5466182, 32.4003368 ], [ 35.5471654, 32.4003368 ], [ 35.5475087, 32.4001647 ], [ 35.5480344, 32.3993585 ], [ 35.548764, 32.3985885 ], [ 35.5488069, 32.3983258 ], [ 35.548882, 32.3980087 ], [ 35.5487962, 32.3976735 ], [ 35.5486245, 32.397438 ], [ 35.5486245, 32.3973112 ], [ 35.548882, 32.3970032 ], [ 35.5494828, 32.396369 ], [ 35.549869, 32.395907 ], [ 35.5500407, 32.3952276 ], [ 35.5500085, 32.3949105 ], [ 35.5497403, 32.3943035 ], [ 35.5494828, 32.3935063 ], [ 35.5495579, 32.3931168 ], [ 35.5497081, 32.3929809 ], [ 35.5506522, 32.3927363 ], [ 35.5516071, 32.3924645 ], [ 35.5516741, 32.3924296 ], [ 35.5519719, 32.3922743 ], [ 35.5520363, 32.3921837 ], [ 35.5521972, 32.3920931 ], [ 35.5525834, 32.3920568 ], [ 35.5529697, 32.3920296 ], [ 35.5537743, 32.391776 ], [ 35.5542571, 32.3913139 ], [ 35.5549545, 32.3901815 ], [ 35.5550269, 32.3899833 ], [ 35.5550245, 32.3899541 ], [ 35.5550081, 32.3897557 ], [ 35.5549223, 32.3895926 ], [ 35.5549867, 32.3894748 ], [ 35.5550832, 32.3892484 ], [ 35.5549603, 32.3890173 ], [ 35.55481769598736, 32.389021851403328 ], [ 35.554851139000107, 32.388988238000138 ], [ 35.555047726000112, 32.388804535000133 ], [ 35.555234756000118, 32.388597043000175 ], [ 35.555459476000067, 32.388389306000136 ], [ 35.555674764000116, 32.388189629000067 ], [ 35.555983512000125, 32.387894163000112 ], [ 35.556198794000125, 32.387694482000029 ], [ 35.556451804000119, 32.387502733000076 ], [ 35.556610780000142, 32.387342939000177 ], [ 35.556788836000123, 32.38722296800006 ], [ 35.557060439000111, 32.387031166000043 ], [ 35.557435162000104, 32.386751438000147 ], [ 35.557791132000091, 32.386519526000143 ], [ 35.558151625000164, 32.386297746000082 ], [ 35.55837688400004, 32.386233440000126 ], [ 35.558733671000027, 32.386216538000099 ], [ 35.559062519000065, 32.386231554000119 ], [ 35.559391303000041, 32.38623064900014 ], [ 35.559710442000096, 32.386182005000023 ], [ 35.560067018000098, 32.386109446000148 ], [ 35.560451513000032, 32.385957056000166 ], [ 35.560779503000163, 32.385749024000177 ], [ 35.561069949000057, 32.385580971000024 ], [ 35.56127340300003, 32.385504747000141 ], [ 35.56155035800009, 32.385455508000064 ], [ 35.561851887999978, 32.38540634300017 ], [ 35.562226540000097, 32.385329216000059 ], [ 35.562470654000037, 32.385204123000108 ], [ 35.562633131000041, 32.385051640000029 ], [ 35.562656953999976, 32.38489954500011 ], [ 35.562607227000058, 32.384664660000169 ], [ 35.562523705000046, 32.384579367000129 ], [ 35.562516206000055, 32.384571694000101 ], [ 35.562492529000167, 32.384547468000051 ], [ 35.562172861000192, 32.384198218000108 ], [ 35.5618947910001, 32.383957205000172 ], [ 35.561698415000194, 32.383757248000052 ], [ 35.56151833600012, 32.383564152000019 ], [ 35.561438897000187, 32.383454439000104 ], [ 35.56142802300019, 32.383439421000105 ], [ 35.561403484000039, 32.383405534000076 ], [ 35.561372150000068, 32.383375607000175 ], [ 35.56135858600004, 32.38336262200005 ], [ 35.56122348700012, 32.383233288000042 ], [ 35.561167034000164, 32.383134945000165 ], [ 35.561159126000064, 32.383121169000049 ], [ 35.561108642000136, 32.383033104000162 ], [ 35.561018444000126, 32.382895130000122 ], [ 35.560862433000125, 32.382612213000073 ], [ 35.560763475999977, 32.38244157400004 ], [ 35.560708314000067, 32.38234661700011 ], [ 35.560593526000162, 32.382117549000156 ], [ 35.560493204000181, 32.381936629000108 ], [ 35.560435278, 32.381683309000096 ], [ 35.560420348000036, 32.381514269000149 ], [ 35.560419236000143, 32.381224440000096 ], [ 35.560431942000093, 32.380813963000151 ], [ 35.560430876, 32.380536249000045 ], [ 35.560387601000059, 32.380379406000145 ], [ 35.560358068000028, 32.380125867000061 ], [ 35.560329027000193, 32.379956867000089 ], [ 35.56034235400017, 32.379751678000105 ], [ 35.560469936000061, 32.379594362000034 ], [ 35.560696816000188, 32.379352231000155 ], [ 35.560923818000106, 32.379097984000168 ], [ 35.561164903000076, 32.378880048000099 ], [ 35.561406198000043, 32.378674086999979 ], [ 35.561860537000086, 32.378298595000047 ], [ 35.562277868000081, 32.377930108000157 ], [ 35.562533348000045, 32.377700013000037 ], [ 35.562717708000037, 32.377542538000057 ], [ 35.56287342000013, 32.377276507000033 ], [ 35.562943577000169, 32.376998596000192 ], [ 35.562998895000135, 32.376575882000054 ], [ 35.563039932000038, 32.376153208000062 ], [ 35.563096042000097, 32.375935640000193 ], [ 35.563180543000044, 32.375718137000035 ], [ 35.56323714500013, 32.375585110000145 ], [ 35.563364363000176, 32.375379464000162 ], [ 35.563511079000079, 32.375106131 ], [ 35.563735706000102, 32.374715772000116 ], [ 35.56390756400009, 32.374376710000149 ], [ 35.564034850000155, 32.374146403 ], [ 35.564094055000169, 32.373871483000187 ], [ 35.564153309000062, 32.373609384000076 ], [ 35.564167326000074, 32.373328246000085 ], [ 35.564120887000058, 32.373040799000194 ], [ 35.564084641000079, 32.372941847000163 ], [ 35.564076403000115, 32.372919411000112 ], [ 35.564029600000083, 32.372791942000106 ], [ 35.563915844000064, 32.372613315000024 ], [ 35.563809820000188, 32.372460311000111 ], [ 35.563688766000098, 32.372326510000164 ], [ 35.563590091000037, 32.372141502000147 ], [ 35.563536774000113, 32.371926106000046 ], [ 35.563530213000035, 32.371899601999985 ], [ 35.563527685000167, 32.371889463000173 ], [ 35.563502395000057, 32.371789635000084 ], [ 35.563489917000084, 32.371740495999973 ], [ 35.563459722000175, 32.371574316000078 ], [ 35.563438330000167, 32.371409522000135 ], [ 35.56343827600017, 32.371395574000076 ], [ 35.563439685, 32.371373307000056 ], [ 35.563437969000063, 32.371316106000052 ], [ 35.563446267000188, 32.371272403999967 ], [ 35.563450817000046, 32.371203773000104 ], [ 35.563468190000151, 32.371145532000128 ], [ 35.563532602000123, 32.370928928000183 ], [ 35.563614185000063, 32.370602799000096 ], [ 35.563703755000176, 32.370366258000161 ], [ 35.563770701000067, 32.37016162499998 ], [ 35.563830103000157, 32.369937849000166 ], [ 35.563874635000104, 32.36973327700008 ], [ 35.563866232000066, 32.369535196000129 ], [ 35.563835264000147, 32.369298851000053 ], [ 35.563759024000035, 32.369075454000097 ], [ 35.56369653400003, 32.368930077000073 ], [ 35.56368278400015, 32.368894891000025 ], [ 35.56364206600017, 32.36879103800004 ], [ 35.563591400000064, 32.368661814000177 ], [ 35.563439490000064, 32.368361837000123 ], [ 35.563323047000154, 32.368099443000062 ], [ 35.563306844000124, 32.368062932000157 ], [ 35.563295122000056, 32.368036475000054 ], [ 35.563150877000112, 32.367742959000054 ], [ 35.563020983000172, 32.367511537000098 ], [ 35.56300152100016, 32.367476859000078 ], [ 35.562961136000126, 32.367404902000089 ], [ 35.562847356000134, 32.367175268000096 ], [ 35.562756283000112, 32.36702208100013 ], [ 35.562597451000158, 32.366862881000088 ], [ 35.562446255000054, 32.366703520000158 ], [ 35.562332680000168, 32.366569698999967 ], [ 35.562203942000167, 32.366378431000157 ], [ 35.562057087000028, 32.36609548600012 ], [ 35.561933867000107, 32.365827975000059 ], [ 35.561853361000033, 32.365645993000101 ], [ 35.561821994000184, 32.365575087000138 ], [ 35.561800221000055, 32.365525974000036 ], [ 35.561656517000074, 32.365241189000187 ], [ 35.561610127000165, 32.365136488000132 ], [ 35.56157810100018, 32.365064262000033 ], [ 35.561492064000049, 32.364870229000076 ], [ 35.561327542000129, 32.364481940000189 ], [ 35.561214452000172, 32.364214400000094 ], [ 35.561188313000059, 32.364141248000067 ], [ 35.561178540000071, 32.364113896000106 ], [ 35.56112181900005, 32.363955400000123 ], [ 35.561060571000155, 32.36378606400018 ], [ 35.561038119000102, 32.36372403900009 ], [ 35.561018791000095, 32.363670643000091 ], [ 35.560946775000161, 32.363463436000131 ], [ 35.560874627000032, 32.363264964000052 ], [ 35.560792354000057, 32.363066382000113 ], [ 35.560655231, 32.362808066000071 ], [ 35.560582400000101, 32.362647218000063 ], [ 35.56050948800015, 32.36250947800005 ], [ 35.560418220000031, 32.362302746000182 ], [ 35.560406264000108, 32.362256194000054 ], [ 35.560399849000191, 32.36223121800009 ], [ 35.560363279, 32.362088163000067 ], [ 35.560290047000024, 32.361866166000084 ], [ 35.560225768000123, 32.361597927000048 ], [ 35.560116455000184, 32.36136067000001 ], [ 35.560034347000169, 32.361161522000089 ], [ 35.559956696000029, 32.361041829000044 ], [ 35.559933568000076, 32.361006171000099 ], [ 35.559925132000103, 32.360993165000082 ], [ 35.559806896000055, 32.360809615000164 ], [ 35.559679722000055, 32.360633558000075 ], [ 35.559561574000043, 32.360472974000118 ], [ 35.559416456000122, 32.36033529000008 ], [ 35.559126920000153, 32.360244078 ], [ 35.558936952000067, 32.360229386000015 ], [ 35.55873824300005, 32.360229932000095 ], [ 35.558557668000105, 32.360283969000193 ], [ 35.558332005000182, 32.360399706000123 ], [ 35.558106683000176, 32.360561234000158 ], [ 35.557881419000182, 32.360738118000029 ], [ 35.557764585000143, 32.360922455000093 ], [ 35.557666022000035, 32.361152675000142 ], [ 35.557604115000174, 32.361505520000094 ], [ 35.557600137000179, 32.361638118000087 ], [ 35.557598640000151, 32.361689354000021 ], [ 35.557596171000057, 32.361773817000028 ], [ 35.557609293000041, 32.36180209500003 ], [ 35.557617262000122, 32.361819269000023 ], [ 35.5576781850001, 32.36195 ], [ 35.55770431000019, 32.362009108000052 ], [ 35.557711177000158, 32.362024710000071 ], [ 35.557769282000038, 32.362156734000166 ], [ 35.557987394000179, 32.362454987000092 ], [ 35.558219940000072, 32.362718360000088 ], [ 35.558240327000021, 32.362741450000044 ], [ 35.558277842000052, 32.362783897000099 ], [ 35.558307237000065, 32.362830314000121 ], [ 35.558323298000062, 32.362855653000167 ], [ 35.558423313000105, 32.363013449000107 ], [ 35.55851570599998, 32.363136581000163 ], [ 35.558527767000044, 32.363152655000079 ], [ 35.558641400999988, 32.363304234000054 ], [ 35.558723536000173, 32.363510990000123 ], [ 35.558792859000107, 32.363753151000026 ], [ 35.558807011000056, 32.363802674000112 ], [ 35.558824321000031, 32.363863248000143 ], [ 35.558863041000052, 32.363969613000165 ], [ 35.558868952000125, 32.363985851000052 ], [ 35.558924820000129, 32.364138996000065 ], [ 35.558942749000096, 32.364313100000061 ], [ 35.55886210400007, 32.364497197000105 ], [ 35.558700268000166, 32.364766058000043 ], [ 35.558547553000039, 32.364988680000181 ], [ 35.558376753000118, 32.365257565000149 ], [ 35.558169778000149, 32.365488082000127 ], [ 35.557845349000047, 32.365741889000049 ], [ 35.557574923000061, 32.365964973000075 ], [ 35.557358572000169, 32.366088288000014 ], [ 35.557052098000042, 32.3663496530001 ], [ 35.556578638000133, 32.366706159999978 ], [ 35.556326148000039, 32.36684479000013 ], [ 35.556163626000057, 32.366891309000152 ], [ 35.555928485999971, 32.366876592000096 ], [ 35.555494506000116, 32.366831701000024 ], [ 35.555196143000046, 32.366824905000158 ], [ 35.55492495500016, 32.366848607000179 ], [ 35.554726261000098, 32.366856897000105 ], [ 35.554527544000052, 32.366903371000092 ], [ 35.554346953000163, 32.366957544 ], [ 35.554121385000144, 32.36710384600002 ], [ 35.553868746000092, 32.367204149000088 ], [ 35.553615858000114, 32.367281483000113 ], [ 35.553371895000112, 32.367305112000167 ], [ 35.55310061400013, 32.367259913000055 ], [ 35.552964545000179, 32.367145306000111 ], [ 35.552873712000178, 32.367007469000157 ], [ 35.552873519000059, 32.366955901000154 ], [ 35.552873447000081, 32.366936596000073 ], [ 35.552873138000166, 32.366854169000078 ], [ 35.552917690000072, 32.366693140000166 ], [ 35.552998551000144, 32.366562589000125 ], [ 35.553259194000134, 32.36616327400003 ], [ 35.55342973400019, 32.365863822000108 ], [ 35.553564329000039, 32.365587433000087 ], [ 35.553689854000027, 32.365326426000081 ], [ 35.553869115000055, 32.364919721999968 ], [ 35.55394960000001, 32.364689554000108 ], [ 35.55411143800012, 32.364330099000142 ], [ 35.554182700000126, 32.364076848000082 ], [ 35.554254016000186, 32.363793021000106 ], [ 35.554289461000167, 32.363639624000143 ], [ 35.554297899000176, 32.363455586000157 ], [ 35.554260729000134, 32.363195160000089 ], [ 35.554241854000054, 32.362988229000109 ], [ 35.554105464000145, 32.362743289000093 ], [ 35.554014382000048, 32.362582487000111 ], [ 35.554005039000117, 32.362569972000074 ], [ 35.553989195000042, 32.362549015000013 ], [ 35.553887248000024, 32.362414172000172 ], [ 35.553759998000146, 32.362215282000022 ], [ 35.5536507650001, 32.36203917000006 ], [ 35.553550490000077, 32.361817242000143 ], [ 35.553486637, 32.361656366000148 ], [ 35.553440703000092, 32.361449506000099 ], [ 35.5534310540001, 32.361311591000117 ], [ 35.553430667000157, 32.361296317000097 ], [ 35.553429887000107, 32.361265519000085 ], [ 35.553427015000068, 32.361252282000123 ], [ 35.553426608000109, 32.361143930000026 ], [ 35.553420043000187, 32.360899345000121 ], [ 35.553425615000094, 32.360879322000187 ], [ 35.553509144000031, 32.36057714500015 ], [ 35.553535530000033, 32.360354731000029 ], [ 35.553543948000026, 32.360209017000045 ], [ 35.553543257000058, 32.360025143000087 ], [ 35.55357858300016, 32.359795098000177 ], [ 35.553668024, 32.359564763000037 ], [ 35.553748444000064, 32.359319237000136 ], [ 35.553955322000149, 32.359019683000042 ], [ 35.554153097999972, 32.358727906000126 ], [ 35.554360010000039, 32.358482034000076 ], [ 35.554504109000163, 32.358351311000149 ], [ 35.554720582000073, 32.358220388000063 ], [ 35.555126854000093, 32.358104310000044 ], [ 35.555424870000081, 32.358026849000169 ], [ 35.555668603000072, 32.357949534000056 ], [ 35.555903286000046, 32.357849279 ], [ 35.556173959000148, 32.357741173000136 ], [ 35.556419689000052, 32.357621723000193 ], [ 35.556581936000043, 32.357506303000036 ], [ 35.55670802200018, 32.357398594000131 ], [ 35.556757347000087, 32.357229659999973 ], [ 35.556756779000068, 32.357080023000151 ], [ 35.556756706000101, 32.35706102000006 ], [ 35.556756664000147, 32.357050013000162 ], [ 35.556632025, 32.356750797000075 ], [ 35.556525494000027, 32.356586375000177 ], [ 35.556330563000131, 32.356399790000069 ], [ 35.556135722000079, 32.356235609000066 ], [ 35.556002830000125, 32.35612367300007 ], [ 35.555817014000183, 32.356019349000121 ], [ 35.55562253800008, 32.35590758100011 ], [ 35.555410048000056, 32.355773316000125 ], [ 35.555233085000111, 32.35563909800004 ], [ 35.555073716000152, 32.35550482900004 ], [ 35.554931858000145, 32.355347968999979 ], [ 35.554860380999969, 32.355145970000081 ], [ 35.554837888000179, 32.355001384 ], [ 35.554834352000057, 32.354978652000113 ], [ 35.554830100000061, 32.354951469000071 ], [ 35.554826482000124, 32.354928040000175 ], [ 35.554824315000189, 32.354914003000147 ], [ 35.554850142000134, 32.354764156000101 ], [ 35.55485666300001, 32.354755326000088 ], [ 35.554866824000101, 32.354741565000097 ], [ 35.554999440000017, 32.354561558000057 ], [ 35.555192694000027, 32.354306564000069 ], [ 35.55541236900018, 32.354058825000095 ], [ 35.555632095000078, 32.353781215000026 ], [ 35.555737240000155, 32.353580426000065 ], [ 35.555868603000079, 32.35333307000019 ], [ 35.556008872000064, 32.353070611000021 ], [ 35.556236824999985, 32.352643200000102 ], [ 35.556403143000068, 32.352290915000026 ], [ 35.556587278000165, 32.351953518000073 ], [ 35.556771476000108, 32.351676004000012 ], [ 35.556999760000167, 32.351338344000169 ], [ 35.557289934000039, 32.351038134000191 ], [ 35.557597388000033, 32.35065545100008 ], [ 35.557933535000075, 32.350266769000029 ], [ 35.558144509000101, 32.350049062000039 ], [ 35.558337944000016, 32.349846337000088 ], [ 35.558513925000113, 32.349681141000076 ], [ 35.558760367000104, 32.34949334900017 ], [ 35.558971535000126, 32.349328055000171 ], [ 35.559288204000154, 32.34905763800009 ], [ 35.559419946000048, 32.348870159000114 ], [ 35.55947223600009, 32.348697834000177 ], [ 35.559489088000078, 32.348503061000144 ], [ 35.559487028000092, 32.348485736000043 ], [ 35.559484406000024, 32.348464188000037 ], [ 35.559470919999967, 32.34835333400008 ], [ 35.559470129000033, 32.348182488000191 ], [ 35.559469968000087, 32.348147620000134 ], [ 35.559469495000144, 32.348067307000122 ], [ 35.559407217000114, 32.348014782000121 ], [ 35.559399141000029, 32.348007978000112 ], [ 35.559251018999987, 32.347883186999979 ], [ 35.558923897000113, 32.347717965000186 ], [ 35.558640403000084, 32.347589539000069 ], [ 35.558378861000165, 32.347516283 ], [ 35.558182626000132, 32.347461447000114 ], [ 35.557942832000037, 32.347388273000092 ], [ 35.557811947000118, 32.347277883000174 ], [ 35.557607155000085, 32.347155155000166 ], [ 35.557418945000109, 32.347028297000122 ], [ 35.557230556000093, 32.346853671000076 ], [ 35.556929268000033, 32.346583824000049 ], [ 35.556744904000027, 32.346386963000043 ], [ 35.55671078000006, 32.346350525000048 ], [ 35.556646617000183, 32.346282081000027 ], [ 35.556599980000101, 32.346238810000102 ], [ 35.556575121000094, 32.346215770000128 ], [ 35.556269844000155, 32.345932830000038 ], [ 35.555987227000116, 32.345639116000029 ], [ 35.555808199000069, 32.345480384000041 ], [ 35.555601029000172, 32.345297779000134 ], [ 35.555327936000026, 32.345019959000069 ], [ 35.555121039000085, 32.34490906800005 ], [ 35.554979901000081, 32.344805891000135 ], [ 35.554810364000048, 32.344655165000063 ], [ 35.554559948000076, 32.344491272000084 ], [ 35.554305810000187, 32.344308930000125 ], [ 35.554080013000089, 32.344158214000061 ], [ 35.553938756000036, 32.344023333000052 ], [ 35.553825368000048, 32.34384046800011 ], [ 35.553825144000029, 32.343780768000101 ], [ 35.553825109000115, 32.343771568000079 ], [ 35.553824589999977, 32.343633484000179 ], [ 35.553983003000042, 32.34329883800001 ], [ 35.554160299000159, 32.343043607000141 ], [ 35.554328242999986, 32.342772481999987 ], [ 35.554420849000053, 32.342461683000124 ], [ 35.554476006000073, 32.342167050000171 ], [ 35.554559317000098, 32.341856276000044 ], [ 35.55465166800002, 32.341434167000045 ], [ 35.55469760200009, 32.341203244000042 ], [ 35.554848050000146, 32.34069517000006 ], [ 35.555005566000034, 32.340169320000086 ], [ 35.555163382000103, 32.339723078000134 ], [ 35.55527469000009, 32.339356573000089 ], [ 35.555392420000032, 32.339063741000189 ], [ 35.555509294000103, 32.338632547000032 ], [ 35.555601314000114, 32.338344998000139 ], [ 35.555658965000134, 32.337921149000124 ], [ 35.555741680000153, 32.337411143000054 ], [ 35.555824070000028, 32.336814904 ], [ 35.555922677000126, 32.336031788000071 ], [ 35.555955040000072, 32.335636752000028 ], [ 35.556029589000104, 32.335249633999979 ], [ 35.556096187000094, 32.334955107000042 ], [ 35.556238279000127, 32.334480728000131 ], [ 35.556372208000084, 32.334085416000107 ], [ 35.556581846000029, 32.333567736000077 ], [ 35.556825446000119, 32.333078705000048 ], [ 35.556976322000025, 32.332690531000083 ], [ 35.55721167500019, 32.332216035999977 ], [ 35.557363828000064, 32.331814614000166 ], [ 35.557405166000137, 32.331555945000162 ], [ 35.557344937000039, 32.331297557000141 ], [ 35.557285203000049, 32.331168512000033 ], [ 35.557174632000056, 32.331025096000019 ], [ 35.557114976000094, 32.330960865000122 ], [ 35.557107353000106, 32.330952657000182 ], [ 35.5570216590001, 32.330860374999986 ], [ 35.556699091000041, 32.330609890000176 ], [ 35.55649545000017, 32.330474054000092 ], [ 35.556266392000055, 32.330331099000091 ], [ 35.555934890000174, 32.330130796000105 ], [ 35.555645754000068, 32.329987301000074 ], [ 35.555457174000082, 32.329883406000079 ], [ 35.555268380000086, 32.329767251000135 ], [ 35.555050854, 32.32964497800009 ], [ 35.554876382000145, 32.329497927000091 ], [ 35.554797300000189, 32.329415606000111 ], [ 35.554787414000089, 32.329405315000031 ], [ 35.554752926000049, 32.329369337000117 ], [ 35.554672784, 32.329240490000188 ], [ 35.554642887000114, 32.329013296000028 ], [ 35.55469983100005, 32.328755151000053 ], [ 35.55475693700015, 32.328539979000027 ], [ 35.554792396000153, 32.328349382000169 ], [ 35.554791564000084, 32.328128311000057 ], [ 35.55481251700013, 32.327919296000118 ], [ 35.554906174000109, 32.327759400000048 ], [ 35.555021401000147, 32.327599305000035 ], [ 35.55507880600004, 32.327464024999983 ], [ 35.555114427000035, 32.327316544000155 ], [ 35.555142653000075, 32.327144426000132 ], [ 35.555184876999988, 32.32689998800015 ], [ 35.555191114000081, 32.326617321000128 ], [ 35.555226364000134, 32.326371493000011 ], [ 35.555218157000127, 32.326131982 ], [ 35.555202932000157, 32.325923066000144 ], [ 35.555129748000184, 32.325702191000062 ], [ 35.554991484000084, 32.32551826700012 ], [ 35.554795266000042, 32.32532224199997 ], [ 35.554676535000056, 32.325212943999986 ], [ 35.554663496000103, 32.325200963000157 ], [ 35.554635404000123, 32.325175151000167 ], [ 35.554453577000061, 32.324966829000175 ], [ 35.554308062000189, 32.324795182000059 ], [ 35.554169758000114, 32.324599 ], [ 35.554060678000155, 32.324451912000086 ], [ 35.553932963000193, 32.324312586000133 ], [ 35.553827736000073, 32.32419779300011 ], [ 35.553809074000128, 32.324177414000133 ], [ 35.553806574000077, 32.324174742000082 ], [ 35.553787070000112, 32.324153451000029 ], [ 35.553775416000178, 32.324140729000192 ], [ 35.553637230000106, 32.323975260000111 ], [ 35.55351348, 32.323809755000184 ], [ 35.553485104000174, 32.323758519000023 ], [ 35.553476390000128, 32.323742786000025 ], [ 35.553411399000026, 32.323625732000153 ], [ 35.553323944000113, 32.323447726000154 ], [ 35.553250691000187, 32.323251366000079 ], [ 35.553199483000071, 32.323091862000183 ], [ 35.553147167000191, 32.322637314000076 ], [ 35.553102425000191, 32.322299553000107 ], [ 35.553094040000133, 32.32201086800012 ], [ 35.553078615000175, 32.321746859000029 ], [ 35.553135672, 32.321607353 ], [ 35.553316111000129, 32.321447223000064 ], [ 35.553518469000153, 32.321336069000154 ], [ 35.554014274000053, 32.321111960000167 ], [ 35.554277593000108, 32.321017406000124 ], [ 35.554787351000186, 32.320886110000117 ], [ 35.55542452200001, 32.320704024000122 ], [ 35.555942824000113, 32.320551002000116 ], [ 35.556375863000142, 32.320405538000159 ], [ 35.556902572000126, 32.320238118000134 ], [ 35.557395232000033, 32.320063603000165 ], [ 35.55790478900019, 32.31988185400013 ], [ 35.558354666000184, 32.319671382000138 ], [ 35.558515899000099, 32.319569911000031 ], [ 35.558914666000135, 32.319316179000168 ], [ 35.559304860000111, 32.319033725000054 ], [ 35.559618441000055, 32.318765852000183 ], [ 35.560046534000037, 32.31832872300015 ], [ 35.560308982000038, 32.318053803000169 ], [ 35.560529005000035, 32.317750118000163 ], [ 35.560748723000131, 32.317367102000105 ], [ 35.560924551000085, 32.31700618800005 ], [ 35.561085568000181, 32.316720136000015 ], [ 35.561197124000159, 32.31656117 ], [ 35.561246416000188, 32.316434083000104 ], [ 35.561270861000139, 32.316275357999984 ], [ 35.561282697000081, 32.316116672000192 ], [ 35.561265384000137, 32.316058808000037 ], [ 35.561260253000171, 32.316041256000176 ], [ 35.561229369000102, 32.315935615000058 ], [ 35.561208050000175, 32.315862689000028 ], [ 35.561185705000014, 32.31581524500001 ], [ 35.561093792000179, 32.315620093000064 ], [ 35.561062265000146, 32.315520026000058 ], [ 35.561052809000046, 32.315490012000055 ], [ 35.56104709900012, 32.315471992000141 ], [ 35.561030636000055, 32.31541933900013 ], [ 35.56096756200003, 32.31519731200018 ], [ 35.560929131000137, 32.314954220000118 ], [ 35.560927047000121, 32.314929569000128 ], [ 35.560925833, 32.314916469000082 ], [ 35.560917729000039, 32.314824333000104 ], [ 35.560903109000094, 32.314658116000146 ], [ 35.560911046000115, 32.314574279000055 ], [ 35.560916345000123, 32.314518307000185 ], [ 35.560938982000152, 32.314277300000072 ], [ 35.561040562000187, 32.313723416000073 ], [ 35.561061200000097, 32.313610637000068 ], [ 35.561089807000087, 32.313542080000161 ], [ 35.561234, 32.313197598000102 ], [ 35.561456583000052, 32.312699880000082 ], [ 35.56171657100009, 32.312265464000063 ], [ 35.562007185000141, 32.311856747000093 ], [ 35.562337696000043, 32.311468633000118 ], [ 35.562405951000073, 32.311398414000053 ], [ 35.562440675000119, 32.311367743000119 ], [ 35.562518496000109, 32.311282562000088 ], [ 35.562742591000074, 32.311051988000031 ], [ 35.563271490000034, 32.310480147000192 ], [ 35.563568970000119, 32.31013425000009 ], [ 35.563700803000131, 32.309901535000108 ], [ 35.563774568000099, 32.309668982000176 ], [ 35.563790073000064, 32.30938727400013 ], [ 35.563705864000099, 32.309063575000039 ], [ 35.563613823000026, 32.308859665000057 ], [ 35.563371013, 32.308495121000078 ], [ 35.563239860000067, 32.308345145000146 ], [ 35.56322617100011, 32.308329474000175 ], [ 35.563137703000052, 32.308228199000041 ], [ 35.562845647000074, 32.307827578 ], [ 35.562808117000145, 32.307786089000047 ], [ 35.562796828000046, 32.307773609000094 ], [ 35.562598881000099, 32.307554633000109 ], [ 35.562580212000057, 32.30753200099997 ], [ 35.562569149000126, 32.307522267000081 ], [ 35.562245929000028, 32.307237879000184 ], [ 35.561896383000033, 32.306943094000189 ], [ 35.561613417000046, 32.306746615 ], [ 35.561338994000039, 32.306571387000076 ], [ 35.56101444300009, 32.306346983000026 ], [ 35.560928421000085, 32.30628254800007 ], [ 35.560925767000185, 32.306280552000089 ], [ 35.560920765000162, 32.30627679000014 ], [ 35.560788662000107, 32.306179793000183 ], [ 35.560759929000142, 32.306159237000088 ], [ 35.560716460000037, 32.306128140000112 ], [ 35.56053196300013, 32.305996201000085 ], [ 35.560459385000172, 32.305937457000027 ], [ 35.56045441100008, 32.305933431000085 ], [ 35.56040581100018, 32.305893972000092 ], [ 35.560394152000185, 32.305884533000096 ], [ 35.56031544300015, 32.305820812000093 ], [ 35.560090474999981, 32.30556090400006 ], [ 35.55997198600005, 32.305422723000106 ], [ 35.559896763000154, 32.305275125000151 ], [ 35.559912414000109, 32.30502864400006 ], [ 35.560011068999984, 32.304796024000041 ], [ 35.560151784000027, 32.304592151000122 ], [ 35.560200974000168, 32.304520883000066 ], [ 35.560206660000119, 32.304506785000171 ], [ 35.560274932000084, 32.304337504999978 ], [ 35.560274426000035, 32.304205296000191 ], [ 35.560274355000104, 32.304186741000137 ], [ 35.560274151000101, 32.304133339000145 ], [ 35.560239399000068, 32.304069466000101 ], [ 35.560227368000028, 32.304047520000097 ], [ 35.560182259000158, 32.303964652000161 ], [ 35.560129996000171, 32.303920553000125 ], [ 35.560120482000116, 32.303912536000098 ], [ 35.559999007000101, 32.30381016400014 ], [ 35.559807679000073, 32.303669930000126 ], [ 35.559483709000062, 32.303593326000168 ], [ 35.559390099000154, 32.30353975800017 ], [ 35.559381007000127, 32.303534550000109 ], [ 35.559167302000105, 32.303412150000099 ], [ 35.559819851000157, 32.303338493000126 ], [ 35.559864027000117, 32.303333511000062 ], [ 35.560328295000147, 32.303281154000103 ], [ 35.560171099000115, 32.303128709000191 ], [ 35.560037716000181, 32.303042705000166 ], [ 35.55981042000019, 32.302996833000122 ], [ 35.55959118700008, 32.30297756900012 ], [ 35.559340484000018, 32.302971495000122 ], [ 35.559160355000131, 32.302938878000191 ], [ 35.558972135000033, 32.302872891000163 ], [ 35.558713153999975, 32.302740730000153 ], [ 35.558367986000064, 32.302542302000063 ], [ 35.558124668000175, 32.302383468000073 ], [ 35.55795179200004, 32.302251071000057 ], [ 35.557779033000088, 32.302105287000074 ], [ 35.557645452000145, 32.301966157999971 ], [ 35.557480148000138, 32.301773857000171 ], [ 35.557362036000143, 32.301601433000087 ], [ 35.557282900000132, 32.301382407000119 ], [ 35.557274424000127, 32.30120292099997 ], [ 35.557257921000144, 32.300963854000031 ], [ 35.557264788000055, 32.300717962000078 ], [ 35.557224704000134, 32.300472195000111 ], [ 35.557169227000088, 32.300279593000141 ], [ 35.557019966000041, 32.300160374000143 ], [ 35.556800096000188, 32.300014860000033 ], [ 35.556482446000189, 32.299851013000023 ], [ 35.556231517000128, 32.299738694000098 ], [ 35.555957182000043, 32.299666452000167 ], [ 35.555675074000135, 32.299600716000043 ], [ 35.555322410000088, 32.299521924000089 ], [ 35.555095050000148, 32.299456175000046 ], [ 35.554820591000066, 32.299350541000024 ], [ 35.554655838000031, 32.299257993000026 ], [ 35.554475343000092, 32.299125472000128 ], [ 35.554450988000156, 32.298912913000038 ], [ 35.554513121000014, 32.298760007 ], [ 35.554658860000075, 32.29858657300008 ], [ 35.554692317000104, 32.298546758000043 ], [ 35.554725201000167, 32.29851243100012 ], [ 35.554920521000156, 32.298308578000047 ], [ 35.555038281000122, 32.29818568100012 ], [ 35.555043297, 32.298180446000117 ], [ 35.555047607, 32.298176827000077 ], [ 35.55517328000019, 32.298071317000051 ], [ 35.555479209000055, 32.297812634000081 ], [ 35.555588218000082, 32.297729346000096 ], [ 35.55572237399997, 32.297626966000166 ], [ 35.555917924000028, 32.297573314000147 ], [ 35.556269953000083, 32.297485982000012 ], [ 35.556841222000173, 32.297424540000122 ], [ 35.557256081000162, 32.297370285000113 ], [ 35.557749023000099, 32.297302572000149 ], [ 35.557952470000146, 32.297275383999988 ], [ 35.558304546000102, 32.297201291000192 ], [ 35.558722195000144, 32.297008799000082 ], [ 35.558980133000148, 32.296915095000145 ], [ 35.559277311000073, 32.296801275000121 ], [ 35.559597902000178, 32.296694010000067 ], [ 35.559847837000177, 32.296547208000163 ], [ 35.560222777000092, 32.296293678000154 ], [ 35.560480559000155, 32.296160096000108 ], [ 35.56066020500009, 32.296026588000075 ], [ 35.561363368000059, 32.295667596000044 ], [ 35.56181373000004, 32.295487687000161 ], [ 35.561936527000171, 32.295411401000081 ], [ 35.561978727999985, 32.29538521500001 ], [ 35.561978817000124, 32.29538506900019 ], [ 35.56206824100002, 32.29523814800001 ], [ 35.562112358000036, 32.294976371000132 ], [ 35.56211866600006, 32.294631847000062 ], [ 35.562170541000171, 32.294446697000183 ], [ 35.562244878000172, 32.294235983000135 ], [ 35.562453770000047, 32.293686306000041 ], [ 35.562551246000112, 32.293496663999974 ], [ 35.56280870300003, 32.293109453 ], [ 35.56310199700016, 32.292767794999975 ], [ 35.563118813000131, 32.29252525600009 ], [ 35.563162415000136, 32.292259953000098 ], [ 35.563313350000101, 32.292039869000178 ], [ 35.563375361, 32.291903303000083 ], [ 35.563472744000194, 32.291690833000075 ], [ 35.563596394000115, 32.291364721000093 ], [ 35.563711663000106, 32.291144594000059 ], [ 35.563835721000089, 32.29092458100007 ], [ 35.563960005000069, 32.290719644000092 ], [ 35.564281486000141, 32.290334788000052 ], [ 35.564441324000029, 32.290144829000042 ], [ 35.564610225000024, 32.289939767000135 ], [ 35.564832599000169, 32.289749772000107 ], [ 35.564956966000068, 32.289567660000159 ], [ 35.565054490000136, 32.28939309000009 ], [ 35.5652669320001, 32.288953023000033 ], [ 35.565488098000117, 32.288452341000152 ], [ 35.565621300000146, 32.288239769000143 ], [ 35.565780896000035, 32.287989362000133 ], [ 35.566011688000117, 32.287662946000125 ], [ 35.566172983000058, 32.287422821000064 ], [ 35.566314738000131, 32.287149636000095 ], [ 35.566474173000074, 32.28681595200004 ], [ 35.56665129400011, 32.286466862000111 ], [ 35.566819388000113, 32.286057208000159 ], [ 35.566907388000118, 32.285738804000061 ], [ 35.566986695000026, 32.28548848000014 ], [ 35.567021605999969, 32.285253496000053 ], [ 35.567068923000079, 32.284923652000145 ], [ 35.567084319000116, 32.284575720000134 ], [ 35.567108399000176, 32.284284546000038 ], [ 35.567140769000162, 32.284035903000131 ], [ 35.567190002000075, 32.283773124000163 ], [ 35.567206174000148, 32.28362400300017 ], [ 35.567180351000047, 32.283467815000051 ], [ 35.567078427000183, 32.283063429000151 ], [ 35.566926992000162, 32.28280825700017 ], [ 35.566876029000127, 32.282584223000129 ], [ 35.566833652000071, 32.282435268000143 ], [ 35.566791053000031, 32.282229527000084 ], [ 35.566748426000117, 32.282016603000045 ], [ 35.566705854000134, 32.281817910000029 ], [ 35.566638017000116, 32.281605054000181 ], [ 35.566545412000039, 32.281420731000139 ], [ 35.566377062000129, 32.281165608000038 ], [ 35.566267926000137, 32.281038115000058 ], [ 35.566125177000174, 32.280924946000027 ], [ 35.565990749000036, 32.280776249000098 ], [ 35.565764129000115, 32.280549607000182 ], [ 35.565596114000186, 32.280379727000138 ], [ 35.565369304000058, 32.280103488000123 ], [ 35.565276484000037, 32.279904933000125 ], [ 35.565188537000097, 32.279552077000062 ], [ 35.565129052000088, 32.279310737000174 ], [ 35.565094479000152, 32.278991406000102 ], [ 35.565084176000084, 32.278515749000121 ], [ 35.565074263000099, 32.278096731000062 ], [ 35.565098564000039, 32.277905035 ], [ 35.565165075000152, 32.277777050000168 ], [ 35.56526492100005, 32.277648971000133 ], [ 35.565373143000102, 32.277542148000123 ], [ 35.565438949000054, 32.277504639000085 ], [ 35.565482202000169, 32.277479985000184 ], [ 35.565623533000064, 32.277399415000104 ], [ 35.565674396000077, 32.277343193000092 ], [ 35.565693248000059, 32.277322385000105 ], [ 35.565823362000174, 32.277178765000144 ], [ 35.565897999000185, 32.277008206000176 ], [ 35.565989415000104, 32.276844643000061 ], [ 35.566022117000159, 32.276638553000055 ], [ 35.56600526200009, 32.276355948000173 ], [ 35.565962750000153, 32.276171484000031 ], [ 35.565740236000181, 32.275716712000076 ], [ 35.565410782000129, 32.275485142999969 ], [ 35.565163877000032, 32.275369730000136 ], [ 35.564935214, 32.275254124000128 ], [ 35.564661065000166, 32.275169642000094 ], [ 35.564496694000184, 32.27512360500009 ], [ 35.564361916, 32.275096504000089 ], [ 35.56433629300011, 32.275091369000108 ], [ 35.564268302000073, 32.275077742000121 ], [ 35.564153933000114, 32.275066442000082 ], [ 35.56411018700004, 32.275062120000086 ], [ 35.564040004000049, 32.275055130000055 ], [ 35.563793430000032, 32.275024819000123 ], [ 35.563610904000029, 32.275002078000057 ], [ 35.563318542000047, 32.274925393000046 ], [ 35.563172190000159, 32.274863804000177 ], [ 35.562925022000172, 32.274678641000037 ], [ 35.562686991000078, 32.274454562000074 ], [ 35.56243964500004, 32.274222758000064 ], [ 35.56223800000015, 32.274014216000069 ], [ 35.562009046000014, 32.273821110000085 ], [ 35.561743776000128, 32.273628104000068 ], [ 35.561597188000064, 32.273504656000171 ], [ 35.561368478000134, 32.273373544000151 ], [ 35.561112480000077, 32.273219257999983 ], [ 35.560929644000055, 32.273157767000157 ], [ 35.560673837000138, 32.273096475000045 ], [ 35.560399787, 32.273035234000076 ], [ 35.559946929000034, 32.272968004000177 ], [ 35.559660635000171, 32.272958224000092 ], [ 35.559600321000119, 32.272956112000088 ], [ 35.559556138000119, 32.27295456500002 ], [ 35.559182486000111, 32.27295559300012 ], [ 35.558843291000187, 32.272970355000098 ], [ 35.558791976000123, 32.272972588000187 ], [ 35.55875432300013, 32.272971283000174 ], [ 35.558401235000019, 32.272972251000112 ], [ 35.558197354000129, 32.272958297000173 ], [ 35.55801322700006, 32.272861578000061 ], [ 35.557945981000046, 32.272709869000039 ], [ 35.557905126000094, 32.272564429000113 ], [ 35.557954636000147, 32.272324617000152 ], [ 35.558125011000072, 32.272075880000102 ], [ 35.55820506200007, 32.271887273 ], [ 35.558284852999975, 32.271673164000163 ], [ 35.558434737000141, 32.271313168000063 ], [ 35.558553979000067, 32.270833488000164 ], [ 35.558673156000054, 32.270379454000079 ], [ 35.558832338000116, 32.269805541999972 ], [ 35.558982055000115, 32.26940271400008 ], [ 35.559221189000027, 32.268817395000042 ], [ 35.559222607000152, 32.268813923000096 ], [ 35.559226560000184, 32.268799831000024 ], [ 35.559252430000015, 32.268707614000107 ], [ 35.559292309000057, 32.268565460000048 ], [ 35.559361816000035, 32.268265709000048 ], [ 35.55941112, 32.267974466 ], [ 35.55945684500017, 32.267713291000177 ], [ 35.559480101000133, 32.267580453 ], [ 35.559569313000054, 32.267186525999989 ], [ 35.559661617000074, 32.266777089000129 ], [ 35.559760254000139, 32.266332127000112 ], [ 35.559792021000192, 32.265877910000086 ], [ 35.559808486, 32.265762970000026 ], [ 35.559814209000081, 32.265723016000095 ], [ 35.559857119000071, 32.265423458000157 ], [ 35.559911359000125, 32.265035405000106 ], [ 35.559966034000126, 32.264760914000021 ], [ 35.560042925000175, 32.264486224000052 ], [ 35.560131566000109, 32.264334650000137 ], [ 35.560275780000154, 32.264145020000058 ], [ 35.560408969000093, 32.264021643999968 ], [ 35.560529607000092, 32.263824469000099 ], [ 35.560684513000126, 32.263699625000072 ], [ 35.561174596000114, 32.263452959000119 ], [ 35.56184759700011, 32.263164922000158 ], [ 35.562328213000058, 32.262959281000121 ], [ 35.562837775000105, 32.262778075000028 ], [ 35.563482227000179, 32.262571833000038 ], [ 35.563933983000027, 32.262366266000129 ], [ 35.564318306000132, 32.262177089000033 ], [ 35.564587436000011, 32.262045581000166 ], [ 35.564740857, 32.261881706000054 ], [ 35.564749748000111, 32.261693574000105 ], [ 35.564681000000121, 32.261325868000029 ], [ 35.564602725000157, 32.261023568999974 ], [ 35.564553495000155, 32.260729498000103 ], [ 35.564552168000148, 32.260386122000114 ], [ 35.564540846000057, 32.259944705000066 ], [ 35.564540300000033, 32.259589207000147 ], [ 35.56450075500004, 32.259311457000081 ], [ 35.564451404000124, 32.258984558000122 ], [ 35.564363607000075, 32.25870680100013 ], [ 35.564285939000058, 32.258519053000043 ], [ 35.564208297, 32.258380197000122 ], [ 35.564111428000103, 32.258200675000182 ], [ 35.564011962, 32.257949721000045 ], [ 35.563850791999982, 32.25769401000008 ], [ 35.563727357000175, 32.257462426000131 ], [ 35.563641842000152, 32.257302597000148 ], [ 35.563546824000071, 32.25708671700005 ], [ 35.563442139000017, 32.256814923000093 ], [ 35.563384795000104, 32.256607109000129 ], [ 35.563261209000189, 32.256335368000123 ], [ 35.563156372000094, 32.256023558000095 ], [ 35.562985603000072, 32.255727995000086 ], [ 35.56288116900015, 32.255520170000182 ], [ 35.562785927000107, 32.255288369000084 ], [ 35.562700119999988, 32.255008633000045 ], [ 35.562651940000137, 32.254768666000189 ], [ 35.56258460600003, 32.254376719000163 ], [ 35.562487842000053, 32.25396386 ], [ 35.562382612000192, 32.253548063000153 ], [ 35.562296396000193, 32.253204216000029 ], [ 35.562229297000044, 32.252916255000116 ], [ 35.562171590000162, 32.252612344000113 ], [ 35.562160941000059, 32.252300274000049 ], [ 35.562188281000033, 32.252036146000023 ], [ 35.562234680000074, 32.251726451000081 ], [ 35.562346810000065, 32.251478012000064 ], [ 35.562487381999972, 32.251253585000029 ], [ 35.562674724000033, 32.250989012000105 ], [ 35.562806061000174, 32.250820550000185 ], [ 35.562928069000122, 32.250684240000112 ], [ 35.563210092000133, 32.250507326000047 ], [ 35.563482817000192, 32.250370596000096 ], [ 35.563727631, 32.25030594500015 ], [ 35.56398182300012, 32.250265221000177 ], [ 35.564707337000073, 32.250207118000048 ], [ 35.56499009700002, 32.250222392000069 ], [ 35.565527324000186, 32.250268797999979 ], [ 35.565951673000029, 32.250323689000027 ], [ 35.566159022000193, 32.25034706200006 ], [ 35.566432301000191, 32.250354327000082 ], [ 35.566776157000049, 32.250304188000086 ], [ 35.567086834000065, 32.250207219000174 ], [ 35.567425356000172, 32.25002224800005 ], [ 35.567678766000029, 32.249781435000102 ], [ 35.567847635000021, 32.249588908000078 ], [ 35.568016473000171, 32.249388490000172 ], [ 35.568166449000103, 32.249156000000141 ], [ 35.568448718000127, 32.24853706100015 ], [ 35.568587918000105, 32.248178211000152 ], [ 35.568699051000124, 32.247807602000137 ], [ 35.568810276000193, 32.247460808000028 ], [ 35.56886428700011, 32.246899015000167 ], [ 35.568862698000089, 32.246492793000129 ], [ 35.568833324000138, 32.246146395000039 ], [ 35.568804438000086, 32.245967247000181 ], [ 35.568831830000192, 32.245764127000029 ], [ 35.568971165000107, 32.245441206000066 ], [ 35.56922333100016, 32.245141778000175 ], [ 35.569518079000034, 32.244961717000081 ], [ 35.56993881000011, 32.24464983300004 ], [ 35.570374269000183, 32.244457536000027 ], [ 35.570655481000188, 32.244420807000097 ], [ 35.570908226000029, 32.244312580000098 ], [ 35.571216919000108, 32.244096683000123 ], [ 35.571371113000055, 32.243928993000111 ], [ 35.571468701000128, 32.243701720000047 ], [ 35.57143962300006, 32.243474807000155 ], [ 35.571377505000044, 32.243324838000092 ], [ 35.571340697000039, 32.243235974000015 ], [ 35.571322117000079, 32.243206070000042 ], [ 35.571232974999987, 32.24306260100019 ], [ 35.571228572000109, 32.243055514000048 ], [ 35.571170342000073, 32.242961839000031 ], [ 35.570936466999967, 32.242639692000068 ], [ 35.570922064000115, 32.242619869000123 ], [ 35.570844617000034, 32.242513282000118 ], [ 35.57083181500002, 32.242494605000047 ], [ 35.570815602000039, 32.242470951000087 ], [ 35.570741642000144, 32.24238182900018 ], [ 35.570706717000178, 32.242312464000179 ], [ 35.570689046000041, 32.242286725000099 ], [ 35.57056144000012, 32.242048116000149 ], [ 35.570476490000033, 32.241905060000079 ], [ 35.57032451200007, 32.241791921000186 ], [ 35.570319252000161, 32.241788010000164 ], [ 35.570236551000164, 32.241726510000035 ], [ 35.569997434000186, 32.241715211000042 ], [ 35.569659675000025, 32.241704189000018 ], [ 35.569448622999971, 32.241704787000117 ], [ 35.569097449000083, 32.241825266000035 ], [ 35.568914818000167, 32.241885526000033 ], [ 35.568802994000123, 32.242077045000144 ], [ 35.568747185000063, 32.242220643000167 ], [ 35.568550271000106, 32.242233035000083 ], [ 35.568481500000189, 32.24219927200005 ], [ 35.568478858000105, 32.242197973000032 ], [ 35.568381169000133, 32.242149955000173 ], [ 35.568070662000082, 32.241899883000087 ], [ 35.567746413000179, 32.241697753000039 ], [ 35.567575244000125, 32.241548690000059 ], [ 35.567572071000143, 32.241545927000118 ], [ 35.567308733000061, 32.241316574000052 ], [ 35.567073235000066, 32.241127295000069 ], [ 35.567059094000058, 32.241115944000114 ], [ 35.567012366000142, 32.241078433000155 ], [ 35.566829639, 32.240893629000141 ], [ 35.566812300000095, 32.240876092000178 ], [ 35.566799654000079, 32.240864716000146 ], [ 35.566705458000115, 32.240772265000032 ], [ 35.566694513000186, 32.240761514000098 ], [ 35.566616919000182, 32.240685295000105 ], [ 35.566586109000127, 32.240611936000164 ], [ 35.566584079000108, 32.240607102000126 ], [ 35.566531745000077, 32.240482491000193 ], [ 35.566545187000088, 32.240315200000111 ], [ 35.566586462000032, 32.240099927000188 ], [ 35.566666966000128, 32.239953583000158 ], [ 35.566833303000124, 32.239796431000116 ], [ 35.56700877500009, 32.239728867000053 ], [ 35.567210501000091, 32.239676025000108 ], [ 35.567412507000085, 32.239653056000066 ], [ 35.567702154000187, 32.239615040000103 ], [ 35.567912841000123, 32.239606982000169 ], [ 35.56818512000018, 32.239621149000186 ], [ 35.56843114600008, 32.239620455000136 ], [ 35.568659258000139, 32.239575005000063 ], [ 35.568913575000124, 32.239447472000109 ], [ 35.569062346000067, 32.239335177000157 ], [ 35.56911442300003, 32.239170878000152 ], [ 35.569113664000099, 32.238976994999973 ], [ 35.569048363000093, 32.238880679000033 ], [ 35.56904396300007, 32.238874190000104 ], [ 35.568972262000102, 32.238768576000041 ], [ 35.568673015000115, 32.238597799000047 ], [ 35.568391513999984, 32.238471782000033 ], [ 35.568162504000043, 32.238286010000081 ], [ 35.567898064000019, 32.238070467000114 ], [ 35.567687120000187, 32.238011318000133 ], [ 35.567449886000077, 32.238011985000071 ], [ 35.567046306000066, 32.2381251380001 ], [ 35.566783226000155, 32.238215352000111 ], [ 35.566397480000035, 32.238395381000032 ], [ 35.56602944600013, 32.238612698000111 ], [ 35.565788184000098, 32.238815005999982 ], [ 35.56551726400005, 32.239151397000057 ], [ 35.56534228400011, 32.239345913000136 ], [ 35.565290227000162, 32.239517535000118 ], [ 35.565264840000111, 32.239726426000118 ], [ 35.565243872000167, 32.240091286000109 ], [ 35.565202890000137, 32.240425905000166 ], [ 35.565105428000095, 32.240688964000128 ], [ 35.564951580000127, 32.240904551000142 ], [ 35.564615112000183, 32.241228020000165 ], [ 35.564222167000082, 32.241480064000086 ], [ 35.563730783000096, 32.241744218000065 ], [ 35.563308913000185, 32.241805134000117 ], [ 35.563143217000174, 32.241786855000157 ], [ 35.563138105000121, 32.241786299000069 ], [ 35.56309777000007, 32.241781908000178 ], [ 35.56294226000017, 32.241567180000175 ], [ 35.562870909000026, 32.241292617000113 ], [ 35.562841439000067, 32.240958193000154 ], [ 35.562811697000086, 32.240552051000122 ], [ 35.562796137000078, 32.240169821000109 ], [ 35.562831736000078, 32.239770401999976 ], [ 35.562883312000054, 32.239471965000064 ], [ 35.562899364000145, 32.239076546000149 ], [ 35.562933537000049, 32.238822964000121 ], [ 35.563011785000128, 32.238606319000041 ], [ 35.563134001000094, 32.238441970000054 ], [ 35.563265168000044, 32.238277452000091 ], [ 35.563396418000082, 32.238135337000188 ], [ 35.563527390000047, 32.237963493000166 ], [ 35.563658499000155, 32.237784040000122 ], [ 35.563675555000145, 32.237649852000061 ], [ 35.563648448000151, 32.237455904000171 ], [ 35.563601849000122, 32.23734939600007 ], [ 35.563601283000082, 32.237348103000045 ], [ 35.563586396000176, 32.23731432600016 ], [ 35.56336601300012, 32.237083717000189 ], [ 35.563189855000132, 32.236972330000128 ], [ 35.56296114200012, 32.236861086000147 ], [ 35.562723682000183, 32.236802143000148 ], [ 35.562521645000061, 32.236772833000032 ], [ 35.562257910000028, 32.236736223000037 ], [ 35.561880204000033, 32.236722476000068 ], [ 35.561669639000115, 32.236760255999968 ], [ 35.561485690000097, 32.236865175000048 ], [ 35.561389554000129, 32.236999721000188 ], [ 35.561293644000159, 32.237194011000099 ], [ 35.561294386000043, 32.237387892000072 ], [ 35.561224807000087, 32.237574501000097 ], [ 35.56111149000003, 32.237768837000033 ], [ 35.560962578000158, 32.237888594000083 ], [ 35.560778487000107, 32.238000980000152 ], [ 35.560594364000053, 32.238061090000144 ], [ 35.560287172000187, 32.238106744 ], [ 35.559948766000105, 32.238183624000158 ], [ 35.559548732000053, 32.238184724000064 ], [ 35.559246079000104, 32.238204013000143 ], [ 35.558932313000128, 32.238177259000054 ], [ 35.558770070000094, 32.238150228000052 ], [ 35.558499295000161, 32.238049943000192 ], [ 35.558325999000033, 32.237949388000118 ], [ 35.558152331000031, 32.237793742000065 ], [ 35.558033048000027, 32.237683883000102 ], [ 35.557981583000128, 32.237490282000181 ], [ 35.557967121000161, 32.237436073000026 ], [ 35.557967094000105, 32.237435339000172 ], [ 35.557955090000178, 32.237105547000056 ], [ 35.558018693000179, 32.236783969999976 ], [ 35.558233716000132, 32.236434362000182 ], [ 35.558362102999979, 32.236103451000076 ], [ 35.558501602999968, 32.235818444000017 ], [ 35.55869462600009, 32.235395484000037 ], [ 35.558791239000129, 32.235211482000068 ], [ 35.558888028000069, 32.235073552000074 ], [ 35.559308788000067, 32.234815248000189 ], [ 35.559578719000115, 32.234695159000069 ], [ 35.559988954000062, 32.23454707000019 ], [ 35.560205085000064, 32.234491381000112 ], [ 35.560351827000147, 32.234412071000122 ], [ 35.560575558000096, 32.234350864000135 ], [ 35.560951874000125, 32.234263311000063 ], [ 35.561358956000049, 32.234201739000127 ], [ 35.561552185000153, 32.234140617000037 ], [ 35.561735302000102, 32.234079521000126 ], [ 35.561918019000075, 32.233957980000127 ], [ 35.562080017000142, 32.233706721000033 ], [ 35.562191020000171, 32.233429679000039 ], [ 35.562291478000134, 32.233083483000144 ], [ 35.562391639000168, 32.232659508000154 ], [ 35.562431293000088, 32.23236547200014 ], [ 35.562470411000106, 32.231976189000193 ], [ 35.562489738000181, 32.231699400000139 ], [ 35.562529027000153, 32.231310115000156 ], [ 35.562558799000158, 32.231119811000042 ], [ 35.562606969000058, 32.230756569000164 ], [ 35.562641889000076, 32.2303957580001 ], [ 35.562677627000028, 32.230204875000027 ], [ 35.562731312000096, 32.229983225000126 ], [ 35.562845700000139, 32.229725193000093 ], [ 35.562978072000078, 32.229446542000062 ], [ 35.563128819000042, 32.229203910000024 ], [ 35.563297878000071, 32.228981938000175 ], [ 35.563551709000023, 32.22873380700014 ], [ 35.56378346300005, 32.228564499000186 ], [ 35.563989062000076, 32.228404284000135 ], [ 35.564298228999974, 32.228320994000171 ], [ 35.564728953000099, 32.228294008000091 ], [ 35.565086842000142, 32.22829300799998 ], [ 35.565602757000079, 32.228348210000149 ], [ 35.565869820999978, 32.228393819000075 ], [ 35.566185719000032, 32.228465077000124 ], [ 35.566550200000052, 32.228582556000163 ], [ 35.566817685000103, 32.228736376000086 ], [ 35.566994323000131, 32.228931736999982 ], [ 35.567104184000073, 32.229091213000061 ], [ 35.567131283000094, 32.229281641000171 ], [ 35.567136079000136, 32.229315388000032 ], [ 35.567144234000182, 32.229372770000168 ], [ 35.567115642000147, 32.229821063000031 ], [ 35.567068536000136, 32.230197409000084 ], [ 35.567049480000151, 32.230342547000191 ], [ 35.567038426000124, 32.230426744000169 ], [ 35.567027320000136, 32.23051188300019 ], [ 35.566991771000119, 32.230748982000193 ], [ 35.567036238000128, 32.23097261300012 ], [ 35.567200520000029, 32.231100937000065 ], [ 35.567498054000168, 32.231136173000152 ], [ 35.567886267000063, 32.231129865000128 ], [ 35.568304904000115, 32.231103042000143 ], [ 35.568632167000089, 32.231024764000097 ], [ 35.569025908000071, 32.230863867000153 ], [ 35.569255971000018, 32.230729217000032 ], [ 35.569540452000012, 32.230563555000174 ], [ 35.569779503000177, 32.230412567000144 ], [ 35.569794118000061, 32.230403336000165 ], [ 35.569818920000159, 32.230387625000049 ], [ 35.569830670000044, 32.230340530000149 ], [ 35.56983750500018, 32.230313179000063 ], [ 35.569866578000187, 32.230196847000059 ], [ 35.569918695000183, 32.229995078000115 ], [ 35.569930426000155, 32.229949661000035 ], [ 35.569938427000181, 32.229918359000123 ], [ 35.569981687000052, 32.229620787000158 ], [ 35.569949858000143, 32.22923959200017 ], [ 35.569924599000103, 32.229012951000129 ], [ 35.569923589000041, 32.228755239000122 ], [ 35.569928432000154, 32.228425369000036 ], [ 35.569877591000136, 32.228015343000038 ], [ 35.569833944000152, 32.22770632400011 ], [ 35.569789667000123, 32.227278664000096 ], [ 35.569758083000181, 32.22695932400012 ], [ 35.569677407000086, 32.226464840000062 ], [ 35.569609295000134, 32.226130103000173 ], [ 35.569564653000157, 32.225693427000124 ], [ 35.569551442000034, 32.225410109000109 ], [ 35.569537669000056, 32.225109600000053 ], [ 35.569537496000123, 32.225107344000037 ], [ 35.569531514000175, 32.224977308000121 ], [ 35.569517801000188, 32.224565062000124 ], [ 35.569534604000069, 32.224199085000123 ], [ 35.569509492000122, 32.224008514000047 ], [ 35.569472483000027, 32.22382826200004 ], [ 35.569330676999982, 32.223510501000135 ], [ 35.569159895000098, 32.223242986000116 ], [ 35.568995195000127, 32.22304759400015 ], [ 35.568867231000183, 32.222878023000021 ], [ 35.5686781120001, 32.222626057000184 ], [ 35.568586610000182, 32.222497388000079 ], [ 35.568403524000132, 32.222219620000033 ], [ 35.568354377000048, 32.222070400000121 ], [ 35.568287330000089, 32.22183697000014 ], [ 35.568286255000089, 32.221561223000151 ], [ 35.56828590300006, 32.221470906000036 ], [ 35.568285752000122, 32.221432259000153 ], [ 35.568285344000117, 32.221327889000065 ], [ 35.568334452000101, 32.22108384600017 ], [ 35.568421015000069, 32.220881969000118 ], [ 35.568557762000069, 32.220711935000054 ], [ 35.568756833000123, 32.2205417240001 ], [ 35.568993606999982, 32.220434956000133 ], [ 35.569268297000178, 32.220402335000188 ], [ 35.569718023000064, 32.220454044000121 ], [ 35.570055535000108, 32.220548622000138 ], [ 35.570442855000181, 32.220621780000158 ], [ 35.570705450000162, 32.22071642700007 ], [ 35.571143121000034, 32.220863697000027 ], [ 35.571430372000066, 32.22090529500008 ], [ 35.571667937000143, 32.220957739000141 ], [ 35.571955310000192, 32.220988625000018 ], [ 35.572117286999969, 32.220913906000135 ], [ 35.572210488000167, 32.220754308000096 ], [ 35.572253776000025, 32.220680181000091 ], [ 35.572260345000132, 32.220656583000107 ], [ 35.572327651000194, 32.220414789000188 ], [ 35.572501306000049, 32.220149254000148 ], [ 35.572724766000078, 32.219819747000145 ], [ 35.572935962000145, 32.219532827000023 ], [ 35.573017557000071, 32.219336586000054 ], [ 35.573024297000075, 32.219320375000052 ], [ 35.573059595000132, 32.219235448000177 ], [ 35.57307122900005, 32.21899136900015 ], [ 35.572957762000158, 32.218715945000099 ], [ 35.572807174000161, 32.21852544900014 ], [ 35.572606527000175, 32.218335096000146 ], [ 35.572393994000038, 32.218240312000091 ], [ 35.572144004000165, 32.218187902000011 ], [ 35.571894140000097, 32.218167478000112 ], [ 35.571494648000055, 32.218200459000116 ], [ 35.571058156000049, 32.218307657000082 ], [ 35.570696457000054, 32.218425495000076 ], [ 35.57021032300014, 32.218638935000115 ], [ 35.569811285000128, 32.218788577000055 ], [ 35.56954952600006, 32.218905986000095 ], [ 35.569088207, 32.219066368000085 ], [ 35.568763754000088, 32.219130973000176 ], [ 35.568514177000111, 32.219142246000104 ], [ 35.568201700000088, 32.219090147000145 ], [ 35.56790173800016, 32.219016734000036 ], [ 35.567589136000038, 32.21889023600005 ], [ 35.567326139000045, 32.218689484000151 ], [ 35.567150781000123, 32.218562738000116 ], [ 35.567000614000051, 32.218478337000192 ], [ 35.566862880000031, 32.218393759000094 ], [ 35.566625326000064, 32.218299032000175 ], [ 35.566350310000075, 32.218204270000115 ], [ 35.566162689000066, 32.218119971000192 ], [ 35.565912456000035, 32.218004004000079 ], [ 35.56561245600011, 32.217920020000065 ], [ 35.565299945000106, 32.217814790000091 ], [ 35.565037160000088, 32.217667012999982 ], [ 35.564874156000144, 32.217518954000127 ], [ 35.56477551100005, 32.217297870000095 ], [ 35.564767452000183, 32.217279789000145 ], [ 35.564723011000126, 32.217180081000038 ], [ 35.564734214999987, 32.216861745000188 ], [ 35.564831401000049, 32.216620106000164 ], [ 35.565030386999979, 32.216428625000049 ], [ 35.565279262000047, 32.216194593000012 ], [ 35.565552996000179, 32.215960491000033 ], [ 35.566001340000128, 32.215662351000049 ], [ 35.566399836000073, 32.215374776000147 ], [ 35.566810596000096, 32.215044754000189 ], [ 35.567171544000132, 32.214736148000043 ], [ 35.567457741000112, 32.214512716000058 ], [ 35.567756699000142, 32.214331517000062 ], [ 35.568130858000131, 32.214181951000114 ], [ 35.568567129000087, 32.214021640000112 ], [ 35.568916755000032, 32.21399937800004 ], [ 35.569104249000077, 32.214051969000025 ], [ 35.569367361, 32.214284561999989 ], [ 35.569530575000044, 32.21452800600008 ], [ 35.569819217000088, 32.214887905000126 ], [ 35.570032279000145, 32.215120641000169 ], [ 35.570245300000067, 32.215300254 ], [ 35.570532906999972, 32.215394969000158 ], [ 35.570720068000128, 32.215362595000101 ], [ 35.571118757000136, 32.215170539000042 ], [ 35.571504427000093, 32.214787594000086 ], [ 35.571764793000114, 32.214320178000094 ], [ 35.571962838000104, 32.213895351000019 ], [ 35.572086303000106, 32.21351314900005 ], [ 35.572198088, 32.213364319000164 ], [ 35.572284762000095, 32.213194424000051 ], [ 35.572273458000041, 32.212807110000142 ], [ 35.572240527000076, 32.212441980000165 ], [ 35.572281299000053, 32.212147795000021 ], [ 35.572416506000138, 32.211844468000095 ], [ 35.572520364000013, 32.211576876000152 ], [ 35.572508736000145, 32.211318492000089 ], [ 35.572507436000024, 32.210988778000171 ], [ 35.572506241000042, 32.210685838000131 ], [ 35.572526377000088, 32.210454134000145 ], [ 35.572734962000027, 32.210141718000045 ], [ 35.572995956000113, 32.209838031000061 ], [ 35.57313134400016, 32.20962375 ], [ 35.573172735000128, 32.209445529000106 ], [ 35.573193018000097, 32.209293999000181 ], [ 35.573087337000118, 32.209098302000086 ], [ 35.572761706000108, 32.208938741999987 ], [ 35.57242490800013, 32.208931389000043 ], [ 35.572405020000076, 32.208931306000125 ], [ 35.572130616000095, 32.208943641000133 ], [ 35.572103261000052, 32.208944922000171 ], [ 35.571996067999976, 32.208949942000061 ], [ 35.571733951000056, 32.208968442000128 ], [ 35.571566416000167, 32.209057970000117 ], [ 35.571409804000155, 32.209227781000038 ], [ 35.571263457000043, 32.209352897000088 ], [ 35.57114859700016, 32.209478067000134 ], [ 35.570991738000032, 32.209585317000119 ], [ 35.570820539000181, 32.209675183000115 ], [ 35.570803356000056, 32.209684203000108 ], [ 35.570722839000098, 32.20969623700006 ], [ 35.570708142, 32.209698434000131 ], [ 35.570691882000119, 32.209700864000183 ], [ 35.570523100000173, 32.209726423000063 ], [ 35.570253325000124, 32.209736486000111 ], [ 35.569918497000117, 32.209682342000065 ], [ 35.569680753000171, 32.209618903000035 ], [ 35.56943212800013, 32.209527876999971 ], [ 35.569140140000115, 32.209409497000138 ], [ 35.568858878000128, 32.209235991000185 ], [ 35.568653438000183, 32.209126526000091 ], [ 35.568296154000109, 32.208879963000186 ], [ 35.568003942000075, 32.208660693000184 ], [ 35.567787245000034, 32.208468687000106 ], [ 35.567635458000154, 32.208304116000079 ], [ 35.567472936000058, 32.208148731999984 ], [ 35.567320758000051, 32.207883134000042 ], [ 35.567135871000119, 32.207516878000149 ], [ 35.567070180000087, 32.207287811000072 ], [ 35.56693993000016, 32.207077244000175 ], [ 35.566734260000032, 32.206949457000178 ], [ 35.566588392000028, 32.206942539000124 ], [ 35.566569493000145, 32.206941672000141 ], [ 35.566550765000045, 32.206940812000084 ], [ 35.566291876000037, 32.206978173000039 ], [ 35.565989945000183, 32.207070747000103 ], [ 35.56568839199997, 32.207218273000024 ], [ 35.565473123000061, 32.207393173000128 ], [ 35.565387347000069, 32.20754009400008 ], [ 35.565226492000136, 32.207815730000164 ], [ 35.565087609000102, 32.208201210000084 ], [ 35.565089239000088, 32.208623072000194 ], [ 35.565079740000101, 32.208953236000127 ], [ 35.565026622000119, 32.209145859000159 ], [ 35.564951508000149, 32.209265275000121 ], [ 35.564864961000183, 32.209299511000097 ], [ 35.564848910000194, 32.209305860000029 ], [ 35.564671183000144, 32.209376105000047 ], [ 35.564325483000118, 32.209294638000131 ], [ 35.564120122000077, 32.209203481000145 ], [ 35.563854752000168, 32.209066698000129 ], [ 35.563713815000142, 32.208920407000164 ], [ 35.563572136000062, 32.208581505000041 ], [ 35.56337599800014, 32.208086772000058 ], [ 35.563201652000146, 32.20765622700003 ], [ 35.563114285999973, 32.207390585000098 ], [ 35.563037800000075, 32.207152387000065 ], [ 35.562961242000142, 32.206895872000075 ], [ 35.562981377000085, 32.206528901000183 ], [ 35.562991165000028, 32.206272146000174 ], [ 35.563056527000128, 32.205943938000189 ], [ 35.563206788000173, 32.20571427100009 ], [ 35.563378836000027, 32.205548653000108 ], [ 35.563755770000114, 32.205309194000051 ], [ 35.564229828000123, 32.205115259000081 ], [ 35.564725630000112, 32.204930560000037 ], [ 35.56489603000017, 32.204894746000093 ], [ 35.564949839000064, 32.204883437000092 ], [ 35.565167920000079, 32.204837597000051 ], [ 35.56536119000009, 32.204760264000129 ], [ 35.56538961900003, 32.204748912000071 ], [ 35.565491248, 32.204708329000027 ], [ 35.565695715000174, 32.204570235000119 ], [ 35.565770717000134, 32.204423205000069 ], [ 35.56581340200006, 32.204276403000165 ], [ 35.565758488000085, 32.20404730600012 ], [ 35.565602809000097, 32.203687026000125 ], [ 35.56536410200016, 32.203413069000135 ], [ 35.565125586000136, 32.203187444000037 ], [ 35.564944450000098, 32.20305874100012 ], [ 35.564810973000135, 32.202954137000177 ], [ 35.564686786999971, 32.202809071000047 ], [ 35.564534002000073, 32.202639848 ], [ 35.564447962000031, 32.202502846000073 ], [ 35.564361568000152, 32.202317235000066 ], [ 35.564284632000181, 32.202091298000084 ], [ 35.564188649000187, 32.201825114000087 ], [ 35.564054335000037, 32.201502395000148 ], [ 35.563891197000089, 32.201139315000091 ], [ 35.563661803000116, 32.200784591000058 ], [ 35.56351843900012, 32.200607309000134 ], [ 35.563289443000031, 32.200397856000166 ], [ 35.563001381000163, 32.200126852000096 ], [ 35.562819914000158, 32.199909234000017 ], [ 35.562628653000047, 32.199643315000174 ], [ 35.562485304000177, 32.199425591000079 ], [ 35.562380028000177, 32.199240031000159 ], [ 35.562312481000163, 32.198998003000042 ], [ 35.562254484999983, 32.198739603000149 ], [ 35.562262384, 32.198335749000137 ], [ 35.562337764000063, 32.198157860000094 ], [ 35.562422913999967, 32.198020384000074 ], [ 35.562640618000046, 32.197793486000137 ], [ 35.56283029400015, 32.197647689000064 ], [ 35.56310546900005, 32.197541810000075 ], [ 35.563294063000058, 32.197515733000159 ], [ 35.563314485000149, 32.197512909000068 ], [ 35.563580643000137, 32.197475956000119 ], [ 35.563922831000184, 32.197475005000172 ], [ 35.56426521000003, 32.197522522999975 ], [ 35.564741224000159, 32.197674641000162 ], [ 35.565045955000016, 32.197843438000177 ], [ 35.565493938000088, 32.19811681200008 ], [ 35.565894324000169, 32.198422582000148 ], [ 35.566323818000171, 32.198841416000164 ], [ 35.566600430000165, 32.199107233 ], [ 35.566943828000149, 32.199372719000166 ], [ 35.567267720000132, 32.199565696000036 ], [ 35.567636433000132, 32.19973529400005 ], [ 35.5680362760001, 32.199855346 ], [ 35.568331042000182, 32.199886783000068 ], [ 35.568692328000054, 32.199893796000026 ], [ 35.568825090000189, 32.199857493000081 ], [ 35.568849370000066, 32.199850860000026 ], [ 35.569110150000142, 32.199779613000032 ], [ 35.56928085800007, 32.199657953000099 ], [ 35.569441673000142, 32.199463615000184 ], [ 35.569564347000153, 32.199221052000098 ], [ 35.569572442000037, 32.198833260000185 ], [ 35.569580245000054, 32.19841320200004 ], [ 35.56950156, 32.197826697000096 ], [ 35.569433149000133, 32.197325975000069 ], [ 35.56940316400005, 32.19694646500011 ], [ 35.56940177600012, 32.196591107000188 ], [ 35.569409674000042, 32.196195283000122 ], [ 35.56947499600011, 32.19586397400019 ], [ 35.56962581199997, 32.19557272000003 ], [ 35.569795880000015, 32.195289583000147 ], [ 35.570098946000087, 32.194989868000164 ], [ 35.570259206000173, 32.194783695000069 ], [ 35.570530335000115, 32.19458072700013 ], [ 35.570744865000108, 32.194397226000149 ], [ 35.571162533000063, 32.194039974000077 ], [ 35.571590047000086, 32.193701576000137 ], [ 35.57185918100015, 32.193498329000079 ], [ 35.572151851000172, 32.193254716000126 ], [ 35.572254446000045, 32.193092525000111 ], [ 35.572301583000126, 32.192944019000095 ], [ 35.572308898000131, 32.192782100000102 ], [ 35.572252400000082, 32.19257301600004 ], [ 35.572148503999983, 32.192404650000128 ], [ 35.571973272000093, 32.192256775000033 ], [ 35.571790192000037, 32.192135836999967 ], [ 35.57159956300012, 32.192075790000104 ], [ 35.571337135000078, 32.192002278000018 ], [ 35.571075057000087, 32.191975970000158 ], [ 35.570725684000024, 32.191956812000171 ], [ 35.570463325000105, 32.191942620000077 ], [ 35.57017997600019, 32.191943421000076 ], [ 35.570117011000036, 32.191943600000172 ], [ 35.569874096000092, 32.191944288000059 ], [ 35.569847338000045, 32.191942387000154 ], [ 35.569734549000032, 32.191934372000105 ], [ 35.569704371000171, 32.191932228000098 ], [ 35.569613375000131, 32.191925861000186 ], [ 35.569295910000051, 32.191888150000182 ], [ 35.569148416000132, 32.191840518000163 ], [ 35.568966801999977, 32.191754375000073 ], [ 35.568807591000052, 32.191591092000124 ], [ 35.56873881100006, 32.191417975000093 ], [ 35.56872671800005, 32.191206229000159 ], [ 35.568748403000143, 32.190946199000166 ], [ 35.568973562000053, 32.190598938000107 ], [ 35.569038306000039, 32.190503363000118 ], [ 35.569176368000115, 32.190299788000061 ], [ 35.569446432000063, 32.189954654000076 ], [ 35.569524898000168, 32.18972334700004 ], [ 35.569580738000184, 32.189511412000172 ], [ 35.569568328000059, 32.189261058000056 ], [ 35.56948837300007, 32.189068809000048 ], [ 35.569419709000101, 32.188924575000044 ], [ 35.569283389000191, 32.188809418000176 ], [ 35.569101576000151, 32.188713553000184 ], [ 35.568806941, 32.188705789000039 ], [ 35.568790642000181, 32.188705362000121 ], [ 35.568772970000111, 32.188704899000129 ], [ 35.568523955000046, 32.188753790000192 ], [ 35.568297810000047, 32.18888913100011 ], [ 35.567834251000193, 32.189160129000186 ], [ 35.567495385000029, 32.189411328000062 ], [ 35.567235495000034, 32.189604674000066 ], [ 35.567088526000191, 32.189691744000186 ], [ 35.566930090000085, 32.18976926300013 ], [ 35.566877957000088, 32.189783267000053 ], [ 35.566846334000047, 32.189791762000084 ], [ 35.566749003999973, 32.189817819000041 ], [ 35.566511141000149, 32.189837791000116 ], [ 35.566227839000135, 32.189848165000058 ], [ 35.565955820000113, 32.189820042000122 ], [ 35.565502253000147, 32.189763539000182 ], [ 35.564855591000082, 32.189563145000136 ], [ 35.564269863000106, 32.189350885000124 ], [ 35.563725272999989, 32.189150201000075 ], [ 35.563316632000067, 32.188968444000182 ], [ 35.562896687000034, 32.188776992000157 ], [ 35.562419542000043, 32.188489460000028 ], [ 35.56201053500007, 32.188211319000175 ], [ 35.561760117000119, 32.187894271000062 ], [ 35.561544075000029, 32.187683088000085 ], [ 35.561350052000023, 32.187336996000056 ], [ 35.561167682000075, 32.187048645000061 ], [ 35.561120667000182, 32.186625076000098 ], [ 35.561096700000064, 32.186249630000134 ], [ 35.561106937000091, 32.185980052000048 ], [ 35.561186806000194, 32.185591216000034 ], [ 35.561226513, 32.185314792000042 ], [ 35.561286431000042, 32.185038452000128 ], [ 35.561278936000178, 32.184854310000162 ], [ 35.561291563000111, 32.184647145000156 ], [ 35.561263945000121, 32.184486167000159 ], [ 35.561202466000111, 32.18435388600011 ], [ 35.560927026000059, 32.184206273000086 ], [ 35.560755790000087, 32.184228444000041 ], [ 35.560715382000126, 32.184233348000078 ], [ 35.560697120000043, 32.1842355980001 ], [ 35.560377373000108, 32.184275000000184 ], [ 35.560120701000187, 32.184357008 ], [ 35.559897157000194, 32.184479082000166 ], [ 35.559582267000053, 32.184544622000089 ], [ 35.559321487000147, 32.184591416000046 ], [ 35.559188174000042, 32.184605994000037 ], [ 35.559120590000134, 32.184613384000102 ], [ 35.559060800000168, 32.184619889000032 ], [ 35.558756601000141, 32.18462072300008 ], [ 35.558560889000091, 32.184611961000087 ], [ 35.558397609999986, 32.184547872 ], [ 35.558081356000116, 32.18425312100004 ], [ 35.557949914000062, 32.1839764610001 ], [ 35.557850938000058, 32.183653495000158 ], [ 35.557871631000069, 32.183385719000057 ], [ 35.558087925000052, 32.183098810000047 ], [ 35.558380197000076, 32.182793373000038 ], [ 35.558650659000079, 32.182460097000046 ], [ 35.558834450000063, 32.182210332000068 ], [ 35.559061579000115, 32.181941849000111 ], [ 35.559364718000097, 32.181663998000147 ], [ 35.55958153000006, 32.181515594000132 ], [ 35.559830981, 32.1813672400001 ], [ 35.559960776000025, 32.181209915000125 ], [ 35.559970806000138, 32.18101585900007 ], [ 35.559893883000086, 32.180741870000077 ], [ 35.559784180000179, 32.180474311000012 ], [ 35.559619878000035, 32.180096153000193 ], [ 35.559488473000101, 32.179828651999969 ], [ 35.559444060000089, 32.179607130000136 ], [ 35.559399810000173, 32.179385749 ], [ 35.559431782000104, 32.179210093000052 ], [ 35.559561680000058, 32.1790805280001 ], [ 35.559778529000141, 32.178987498000026 ], [ 35.560006655000166, 32.178940796000063 ], [ 35.560080867000124, 32.17893602100014 ], [ 35.560116474000097, 32.17893373000004 ], [ 35.560530402999973, 32.17890722900006 ], [ 35.560906966000175, 32.178901116000134 ], [ 35.56106816800019, 32.178900671 ], [ 35.561086708000119, 32.178896111000029 ], [ 35.561101572999974, 32.178892456000142 ], [ 35.561319100000162, 32.178838967000104 ], [ 35.561468084000012, 32.178762467000126 ], [ 35.561539200000084, 32.178599668000061 ], [ 35.561604236000107, 32.17840644600011 ], [ 35.561627356000088, 32.178213483000036 ], [ 35.561608726000145, 32.178020496000102 ], [ 35.561536446, 32.177878523000174 ], [ 35.561404386999982, 32.177701065000065 ], [ 35.561278025000036, 32.177540218000161 ], [ 35.56104418700005, 32.177347964999967 ], [ 35.560888263000095, 32.177211295000063 ], [ 35.560714426, 32.177069458000119 ], [ 35.560529583000118, 32.176864811000144 ], [ 35.560405150000179, 32.176731013000108 ], [ 35.560337080000068, 32.17660663800001 ], [ 35.56023439500018, 32.176310033999982 ], [ 35.560222328000179, 32.17609941600017 ], [ 35.560176317000185, 32.175850422000167 ], [ 35.560120366000092, 32.175427156000126 ], [ 35.560035695000067, 32.175249145000066 ], [ 35.559967276, 32.175178120000112 ], [ 35.559963674000073, 32.175174379999987 ], [ 35.55992625, 32.175135452000177 ], [ 35.559758401000067, 32.175128727000072 ], [ 35.559607639000035, 32.175171977000048 ], [ 35.559407242000077, 32.175407699000061 ], [ 35.559081235000178, 32.175722248000056 ], [ 35.558847044000061, 32.175915507000127 ], [ 35.558612986000071, 32.176144274000137 ], [ 35.5583536420001, 32.176301811000144 ], [ 35.558127627000147, 32.176423607000061 ], [ 35.557934754000087, 32.176459783000041 ], [ 35.55777548500015, 32.176488682000013 ], [ 35.557574140000099, 32.176475002000132 ], [ 35.557330608000029, 32.176432831000113 ], [ 35.556918929000119, 32.176262894 ], [ 35.556789779000098, 32.176194484 ], [ 35.556782634000115, 32.176190697000152 ], [ 35.556557539000096, 32.176071402000161 ], [ 35.556263301000058, 32.175893959000121 ], [ 35.555977479000035, 32.175752140000043 ], [ 35.55572539800005, 32.17563883400004 ], [ 35.555532697, 32.175543963000109 ], [ 35.555525382000042, 32.175540304000094 ], [ 35.555523733000143, 32.175539479000122 ], [ 35.555255161000161, 32.175490326000045 ], [ 35.555011737000086, 32.175476756000137 ], [ 35.554835764000188, 32.17551288300001 ], [ 35.554467025000122, 32.175613642000087 ], [ 35.55416209700013, 32.175677732000111 ], [ 35.553935732000127, 32.175706809000076 ], [ 35.553701485000033, 32.17568944900006 ], [ 35.553675223000141, 32.17568750300012 ], [ 35.553667423000036, 32.17568414200008 ], [ 35.553423495000118, 32.175579827000092 ], [ 35.553255281000077, 32.17543063800008 ], [ 35.553170700000067, 32.175274039000158 ], [ 35.553119620000132, 32.175081700000135 ], [ 35.553135722000036, 32.174867764000055 ], [ 35.553244199, 32.174724874000106 ], [ 35.553394619000017, 32.174589058000095 ], [ 35.553670786000055, 32.174410069000089 ], [ 35.554006136000112, 32.174330678 ], [ 35.554316299000106, 32.174294190000182 ], [ 35.55483643700012, 32.17432138700002 ], [ 35.55524778400013, 32.174362965000114 ], [ 35.555868918000044, 32.17446103900005 ], [ 35.556271597000034, 32.174488548000113 ], [ 35.556808609000086, 32.174508505000063 ], [ 35.557093726000119, 32.174507728000094 ], [ 35.557418742000038, 32.174472206000189 ], [ 35.557442814000069, 32.174469575000046 ], [ 35.557496302000061, 32.174463793000086 ], [ 35.557564258000127, 32.174427678000029 ], [ 35.557582601000149, 32.174417926000103 ], [ 35.557739020000042, 32.174334766000186 ], [ 35.557981493000113, 32.174141627000097 ], [ 35.558114738000029, 32.173891720000086 ], [ 35.558147210000072, 32.173585161000062 ], [ 35.558154717000093, 32.173335598000108 ], [ 35.558061065000118, 32.172972319000166 ], [ 35.558020008000028, 32.172804049000092 ], [ 35.557994098, 32.172611643000153 ], [ 35.557959824000193, 32.172397844000159 ], [ 35.557984308000073, 32.172212486000092 ], [ 35.558059069000137, 32.172005433000095 ], [ 35.558225963000098, 32.171805455000083 ], [ 35.558426570999984, 32.171626662000108 ], [ 35.558677483000167, 32.171433498999988 ], [ 35.558853101000125, 32.171261817000186 ], [ 35.558978218000107, 32.171097601000099 ], [ 35.559036189000153, 32.170876362000172 ], [ 35.559052191999967, 32.170683841000141 ], [ 35.558975895000174, 32.170484528000088 ], [ 35.558797367000125, 32.170280846000139 ], [ 35.558796151000024, 32.170279461000121 ], [ 35.558754939000153, 32.170232491000093 ], [ 35.558519821000061, 32.170133374000159 ], [ 35.558259465000049, 32.170062788 ], [ 35.557906942999978, 32.170020919000024 ], [ 35.557638546000078, 32.170014465000179 ], [ 35.557420427000068, 32.170029432000092 ], [ 35.557118756000079, 32.170072950000133 ], [ 35.556892374000142, 32.170137820000036 ], [ 35.556616177000137, 32.17025975100006 ], [ 35.556323078000105, 32.170424421000178 ], [ 35.556055592, 32.170660461000182 ], [ 35.555838543000107, 32.170917639000152 ], [ 35.5555713440001, 32.171274855000036 ], [ 35.555396181999981, 32.171524874 ], [ 35.555137079000133, 32.171789352000076 ], [ 35.55495319900001, 32.171968094000079 ], [ 35.55476907700006, 32.172082586000158 ], [ 35.554610775000128, 32.17236820700009 ], [ 35.554477439000095, 32.172596693000173 ], [ 35.554316506000191, 32.172798904000103 ], [ 35.554116047000036, 32.173020385000029 ], [ 35.553932295000095, 32.173234777000175 ], [ 35.5537316220001, 32.173399332000031 ], [ 35.553606037000122, 32.173485201000119 ], [ 35.553404804000081, 32.173499976000187 ], [ 35.553069278, 32.173486649000097 ], [ 35.552825860000155, 32.173473074000128 ], [ 35.552590864000081, 32.173452288000135 ], [ 35.55245728, 32.173440493000157 ], [ 35.552451494000081, 32.173439982000048 ], [ 35.552356034000184, 32.173431503000131 ], [ 35.552179343000034, 32.173317985000153 ], [ 35.552044756000157, 32.17321140100006 ], [ 35.551859383000192, 32.172990819000063 ], [ 35.551590185000123, 32.172770600000092 ], [ 35.551438550000114, 32.172578531000056 ], [ 35.551354084000025, 32.17245039200003 ], [ 35.551244362000034, 32.172258211000042 ], [ 35.551184892000094, 32.172080126000139 ], [ 35.551183756000171, 32.17177365900011 ], [ 35.551224990000037, 32.171545422000122 ], [ 35.551425716000097, 32.171395103 ], [ 35.551852872000097, 32.171237129000133 ], [ 35.552389042000073, 32.171036025000149 ], [ 35.5527071140001, 32.170856925000066 ], [ 35.553075597000088, 32.170692060000022 ], [ 35.553477703000169, 32.170569797000155 ], [ 35.554030835000106, 32.170432752000067 ], [ 35.554265423000118, 32.170346587000154 ], [ 35.554474618000143, 32.170203426000114 ], [ 35.554574532000061, 32.17003209600017 ], [ 35.55458244800019, 32.169889480000052 ], [ 35.55459917800016, 32.16953533800006 ], [ 35.554530619000047, 32.169143384000165 ], [ 35.554403686000114, 32.168822887000033 ], [ 35.554276905000052, 32.168587919000117 ], [ 35.554133769000089, 32.168452895000144 ], [ 35.553957087000015, 32.168296546000079 ], [ 35.55378888000007, 32.16819005200017 ], [ 35.553616506000026, 32.168077512000082 ], [ 35.553613845000029, 32.168075796000096 ], [ 35.55360388400004, 32.168069374000083 ], [ 35.553420558000141, 32.167951225000024 ], [ 35.553107662000173, 32.167826805 ], [ 35.552829721000194, 32.167702149000036 ], [ 35.552655732000119, 32.167599333000055 ], [ 35.552490464000073, 32.167481839000061 ], [ 35.552441247000047, 32.167432937000115 ], [ 35.552430927000046, 32.167422688000045 ], [ 35.552342482000086, 32.167334852000067 ], [ 35.552323748000163, 32.16723110300012 ], [ 35.552321679000102, 32.167219647000081 ], [ 35.552319480000165, 32.167207253000072 ], [ 35.55231599300015, 32.167187766000154 ], [ 35.552315927000109, 32.167187395000042 ], [ 35.552297847000034, 32.167003139000087 ], [ 35.552314530000103, 32.166811322000115 ], [ 35.552383090000092, 32.166582589000086 ], [ 35.552564017000066, 32.166279719999977 ], [ 35.552641192000124, 32.166006720000155 ], [ 35.552718280000136, 32.16575570100008 ], [ 35.552847221000036, 32.165416194000159 ], [ 35.552924173000179, 32.165128400000128 ], [ 35.553010232000133, 32.164929068000163 ], [ 35.553165753000087, 32.164788589000182 ], [ 35.553495509000015, 32.164772903000141 ], [ 35.553712868000162, 32.164912517000118 ], [ 35.553757483000027, 32.164985458000046 ], [ 35.55375787000014, 32.164986091000173 ], [ 35.553852539000104, 32.165140689000168 ], [ 35.553931468000144, 32.165383819000056 ], [ 35.554027929000029, 32.165663820000191 ], [ 35.554115311000146, 32.165818296 ], [ 35.554153941000152, 32.165849490000085 ], [ 35.554174792000026, 32.165866327000174 ], [ 35.554306720000113, 32.16597263500006 ], [ 35.554558596000163, 32.16603832100003 ], [ 35.555009861000087, 32.166088811000122 ], [ 35.55537446600016, 32.166132066000046 ], [ 35.555600417000107, 32.166219941000122 ], [ 35.555722365000065, 32.166359671000123 ], [ 35.555765152000163, 32.166460864000044 ], [ 35.555770908999989, 32.166474491000031 ], [ 35.555805064000083, 32.166555336000044 ], [ 35.555835858000137, 32.166628224000078 ], [ 35.555862430000047, 32.16669112000011 ], [ 35.555915248000133, 32.166904873000135 ], [ 35.556037339, 32.167081517000156 ], [ 35.556045304000065, 32.167085628000052 ], [ 35.556052277, 32.167089227000076 ], [ 35.556193856000107, 32.167162111000096 ], [ 35.556402083000194, 32.167161545000056 ], [ 35.55680084200003, 32.167079440000066 ], [ 35.556982699000059, 32.16698298700004 ], [ 35.557311212000172, 32.166679850000094 ], [ 35.557604990000129, 32.166347216000077 ], [ 35.557794596, 32.166022193000117 ], [ 35.557914795000102, 32.165697500000135 ], [ 35.558000540000194, 32.165417005000108 ], [ 35.557981864000055, 32.165077896000014 ], [ 35.557937572000128, 32.164842001000125 ], [ 35.557841292000148, 32.164613715000087 ], [ 35.557650628000033, 32.164350744999979 ], [ 35.557543403000125, 32.164210721000131 ], [ 35.557524109000099, 32.164185525 ], [ 35.557458856000153, 32.164100457000075 ], [ 35.557232350000049, 32.163865198000053 ], [ 35.557032131000085, 32.163703563000126 ], [ 35.55666700900008, 32.163475867999978 ], [ 35.556432505000032, 32.163402813000062 ], [ 35.556241597000053, 32.163381210000182 ], [ 35.555998618000103, 32.163389198000118 ], [ 35.555530304000058, 32.163427387000183 ], [ 35.555261347000112, 32.16344291300004 ], [ 35.555053431000147, 32.16348025200017 ], [ 35.554775749999976, 32.163466350000078 ], [ 35.554619488000014, 32.163451978000182 ], [ 35.554440043, 32.163351011000088 ], [ 35.554437878000101, 32.163348481000014 ], [ 35.554426560000081, 32.16333357700006 ], [ 35.554367835999983, 32.163267086000133 ], [ 35.55435015300003, 32.163233599000137 ], [ 35.554331749000141, 32.163209475000087 ], [ 35.554314860000034, 32.163187337000181 ], [ 35.554192669000145, 32.162981241000182 ], [ 35.554113768000093, 32.162789682000096 ], [ 35.554084575000104, 32.162622673000044 ], [ 35.554077037000184, 32.162579548999986 ], [ 35.554051820000154, 32.16243589600009 ], [ 35.55390288100017, 32.162075015000028 ], [ 35.55373718200002, 32.161839445000055 ], [ 35.553645122000091, 32.161761774000126 ], [ 35.553622895999979, 32.161742671000013 ], [ 35.553561553000179, 32.161689946000024 ], [ 35.553546578000066, 32.161677075000114 ], [ 35.553539432000036, 32.161670330000163 ], [ 35.553406448000032, 32.161545425000043 ], [ 35.553232715000149, 32.16146473200007 ], [ 35.552729844000169, 32.161562043000174 ], [ 35.552701964, 32.16163401 ], [ 35.552669955000113, 32.161716638000087 ], [ 35.552669792000188, 32.161717059000068 ], [ 35.552669787000127, 32.161717182000132 ], [ 35.552668417000177, 32.161747922000188 ], [ 35.552656017, 32.16202145200009 ], [ 35.552655402000084, 32.162033994000069 ], [ 35.552661643000135, 32.16216982900005 ], [ 35.552672343000154, 32.162402697000118 ], [ 35.552690916000188, 32.162764070000094 ], [ 35.55265733900012, 32.163044280000179 ], [ 35.552554104000194, 32.163302698000052 ], [ 35.552459322000175, 32.16347260200007 ], [ 35.552208361000112, 32.163650254000061 ], [ 35.552035008000075, 32.163672843000029 ], [ 35.55179189200004, 32.163599660000102 ], [ 35.551439757000139, 32.163519726000061 ], [ 35.551240094000036, 32.163505465000071 ], [ 35.550875834000067, 32.163506441000152 ], [ 35.550711096000157, 32.163529006000147 ], [ 35.550476949000029, 32.163551755000128 ], [ 35.550251335000041, 32.163552358000118 ], [ 35.549973576000014, 32.163516322000135 ], [ 35.549713203000067, 32.163480100000186 ], [ 35.54940929900016, 32.163407219000078 ], [ 35.549004243000013, 32.163305718000117 ], [ 35.548975023000082, 32.163287761000163 ], [ 35.548964669000156, 32.163281400000074 ], [ 35.548868600000105, 32.163222381000082 ], [ 35.548695173000056, 32.162909047000085 ], [ 35.54859519200005, 32.162522385000045 ], [ 35.548593385000174, 32.162030772000151 ], [ 35.548628862000157, 32.161633184000152 ], [ 35.548689791000129, 32.161444772000152 ], [ 35.548836841000025, 32.16129797900004 ], [ 35.549070192000102, 32.161150818000181 ], [ 35.549242230000118, 32.161087655000188 ], [ 35.549635388000127, 32.160929780000174 ], [ 35.549979117000078, 32.160709190000034 ], [ 35.550125739000123, 32.160447279000152 ], [ 35.550235319000137, 32.160112334000075 ], [ 35.55029542, 32.159746102000156 ], [ 35.550343775000044, 32.15947402400019 ], [ 35.550416830000131, 32.15929600700008 ], [ 35.550625104000119, 32.159044356000152 ], [ 35.550884809000024, 32.158903319000103 ], [ 35.551241722000157, 32.158891935000042 ], [ 35.551463339000122, 32.158933191000131 ], [ 35.551744912000061, 32.159062349000124 ], [ 35.552040988000044, 32.159260232000065 ], [ 35.552373962000047, 32.159447587000045 ], [ 35.552719428000046, 32.159697749000145 ], [ 35.553003094000076, 32.159853815000076 ], [ 35.55340951300019, 32.159967838000171 ], [ 35.553914058000089, 32.159966476000079 ], [ 35.554344609000111, 32.159933889000115 ], [ 35.55486078600012, 32.159765099000026 ], [ 35.555548912, 32.159512279000069 ], [ 35.555831326000146, 32.159333690000096 ], [ 35.556040099000086, 32.159218003000035 ], [ 35.556260814000154, 32.159018725000067 ], [ 35.556393193000133, 32.158718943000167 ], [ 35.556496752000101, 32.15851934900013 ], [ 35.556501400000116, 32.15851039 ], [ 35.55650482700014, 32.158478154000193 ], [ 35.556527637999977, 32.158263592000026 ], [ 35.556525752000027, 32.157762114000093 ], [ 35.556514698000171, 32.157245444000182 ], [ 35.556522822000147, 32.156983198000148 ], [ 35.556566533000137, 32.156709275000139 ], [ 35.556567159000167, 32.156705350000095 ], [ 35.556567015000155, 32.156703261000189 ], [ 35.556538431000092, 32.156288912999969 ], [ 35.556497253000089, 32.156126802000188 ], [ 35.556482277000043, 32.156067843000187 ], [ 35.556473869000058, 32.156034613000088 ], [ 35.55636432200015, 32.155842013000154 ], [ 35.556246041000065, 32.155749759000116 ], [ 35.556082465000031, 32.155680879000101 ], [ 35.555882624000105, 32.15565817200013 ], [ 35.555710314000066, 32.155689497000139 ], [ 35.555538577000164, 32.155828896 ], [ 35.555330367000124, 32.155960504000063 ], [ 35.555068216000052, 32.156238939000104 ], [ 35.554787861000193, 32.156478816000174 ], [ 35.554579767000064, 32.156641278999984 ], [ 35.554317176000097, 32.156804032000082 ], [ 35.554127009000069, 32.156889372000023 ], [ 35.553854964000038, 32.156959572000119 ], [ 35.553600965000044, 32.156983367000066 ], [ 35.553274126000076, 32.15693028000004 ], [ 35.55300161800011, 32.156877049000173 ], [ 35.552810850000128, 32.156800347 ], [ 35.552574698000114, 32.156723906000025 ], [ 35.552397606000056, 32.156628425000179 ], [ 35.552251289000139, 32.156478051000192 ], [ 35.552240863000122, 32.156467314999986 ], [ 35.552188103000049, 32.156412982000063 ], [ 35.552114869000036, 32.156228168000041 ], [ 35.552077620000034, 32.155965903000094 ], [ 35.552085785000088, 32.155711404000101 ], [ 35.552157444000102, 32.155472097000086 ], [ 35.552355802000136, 32.155139872000063 ], [ 35.552527336000139, 32.154900292000093 ], [ 35.55268984900016, 32.154683987000055 ], [ 35.552843191000079, 32.154452068000126 ], [ 35.552960196000072, 32.154158670000015 ], [ 35.55305847, 32.153772744000094 ], [ 35.553138947000036, 32.153456336000033 ], [ 35.553310374000091, 32.152833071000032 ], [ 35.553391284000043, 32.152632345000143 ], [ 35.553526939000164, 32.152500794000161 ], [ 35.553680852000184, 32.152423304000138 ], [ 35.553962089000095, 32.152422544999979 ], [ 35.554261746000122, 32.15247570400004 ], [ 35.554480011000123, 32.15259854500016 ], [ 35.554599006000103, 32.152883558000042 ], [ 35.554754994000064, 32.153361369000038 ], [ 35.554795817000127, 32.153603334000081 ], [ 35.554805630000146, 32.153661474000103 ], [ 35.554820040000095, 32.153746851000164 ], [ 35.554880503000049, 32.154202608000105 ], [ 35.554891796, 32.154287735000139 ], [ 35.554893670000183, 32.154301962000147 ], [ 35.554990125000074, 32.154582383 ], [ 35.555090408000126, 32.154690046000098 ], [ 35.55528128800006, 32.154797603000077 ], [ 35.555499123000061, 32.154804763000129 ], [ 35.555771135000043, 32.154726806000156 ], [ 35.55626905500003, 32.15442461900011 ], [ 35.556676323000147, 32.15415353700007 ], [ 35.557255718000192, 32.153804907000165 ], [ 35.557563422000101, 32.153618917000074 ], [ 35.557843781000088, 32.153340568000033 ], [ 35.558205044000033, 32.152907564000088 ], [ 35.558403635000047, 32.152644797000107 ], [ 35.558593749000181, 32.152505483000141 ], [ 35.559019462000094, 32.152342276000184 ], [ 35.559337021000033, 32.152310547000127 ], [ 35.559600380000063, 32.152356180000083 ], [ 35.559891194000102, 32.152478674000122 ], [ 35.560109209000132, 32.152578399000106 ], [ 35.560427846000096, 32.152699267000173 ], [ 35.560958241000037, 32.152842373999988 ], [ 35.561368273000028, 32.152866747000189 ], [ 35.561807988000112, 32.152814524000178 ], [ 35.562067700000114, 32.15272884 ], [ 35.562083825000116, 32.152601069000013 ], [ 35.562084742000081, 32.152593804000048 ], [ 35.562096801000109, 32.152499226000032 ], [ 35.562006212000142, 32.152371955999968 ], [ 35.561815718000048, 32.152236508000158 ], [ 35.561645331000022, 32.152118054000141 ], [ 35.561344535000046, 32.151897804000043 ], [ 35.56109382600016, 32.151694605000159 ], [ 35.560833181000191, 32.15149129100007 ], [ 35.560672443000044, 32.151296300000183 ], [ 35.560541454000088, 32.151041621000161 ], [ 35.560380364000082, 32.150753067000096 ], [ 35.560289361000116, 32.150472915000137 ], [ 35.560218335000116, 32.15021807100004 ], [ 35.560137240000074, 32.149929297000142 ], [ 35.560147800000038, 32.149570381999979 ], [ 35.560045648000141, 32.149275042000056 ], [ 35.559843052000076, 32.149046909000106 ], [ 35.559584143000052, 32.148818790000178 ], [ 35.55931425000017, 32.148619303000089 ], [ 35.559010809000029, 32.148438931999976 ], [ 35.558830936000163, 32.148305985000093 ], [ 35.558628467000176, 32.14815408000004 ], [ 35.558425818000046, 32.147954407000157 ], [ 35.558234502000175, 32.147773727000128 ], [ 35.55812162400008, 32.147573808000175 ], [ 35.557974777000084, 32.147326356000121 ], [ 35.557873420000135, 32.147108230000015 ], [ 35.557872404000079, 32.147101891000148 ], [ 35.557841179000036, 32.146946700000171 ], [ 35.557841033000045, 32.146908091000057 ], [ 35.557834029000162, 32.146864468000103 ], [ 35.557827126000063, 32.146821472000113 ], [ 35.557833636000055, 32.146760262000043 ], [ 35.557840242000054, 32.146698143000094 ], [ 35.557859594000092, 32.146516322000082 ], [ 35.55787649500013, 32.146386643000085 ], [ 35.55788203700007, 32.146344309000142 ], [ 35.557903216000113, 32.146182539000108 ], [ 35.557969990000174, 32.146058358 ], [ 35.558070332000113, 32.145877021000047 ], [ 35.558461291000015, 32.145466058000068 ], [ 35.558651231000113, 32.145284331000028 ], [ 35.55885170900018, 32.144999152000139 ], [ 35.558890505000193, 32.144888024000181 ], [ 35.558897254000158, 32.144868691000113 ], [ 35.558918391000191, 32.144808325000099 ], [ 35.558928657000138, 32.144589048000114 ], [ 35.558871921000105, 32.14438897600013 ], [ 35.558759298000098, 32.144255847000181 ], [ 35.55846682400005, 32.144037398000137 ], [ 35.558298234000119, 32.143952048000187 ], [ 35.558129921000159, 32.143895299 ], [ 35.557939050000073, 32.143829033000031 ], [ 35.557580131000122, 32.143820571000049 ], [ 35.55735592700006, 32.143830625000192 ], [ 35.557109272000162, 32.143859901000098 ], [ 35.55682931900003, 32.143975078000153 ], [ 35.556627938000133, 32.144109066000055 ], [ 35.556399914999986, 32.144292862000157 ], [ 35.55614278500002, 32.144531835000123 ], [ 35.555919545000052, 32.144799456000158 ], [ 35.555785688000071, 32.145009489000188 ], [ 35.555640839999967, 32.145248294000169 ], [ 35.555563017000054, 32.145429569000157 ], [ 35.555429003000143, 32.145553930000062 ], [ 35.555171365000149, 32.145659464000062 ], [ 35.554980097000112, 32.145488358000136 ], [ 35.554900349000093, 32.145154908000052 ], [ 35.554798168000104, 32.144802498000047 ], [ 35.554684836000092, 32.144478582000033 ], [ 35.554661600000145, 32.144287998000095 ], [ 35.554666013000087, 32.144272064 ], [ 35.554673810999986, 32.144243459000052 ], [ 35.554705874000092, 32.144125837999979 ], [ 35.554918556000075, 32.144001265000099 ], [ 35.555433346000029, 32.143752015000075 ], [ 35.555814000000112, 32.143550755000092 ], [ 35.55597042800008, 32.143397870000172 ], [ 35.556046146000142, 32.14325979400013 ], [ 35.556050368000115, 32.143252096000026 ], [ 35.55605941500005, 32.143235585000127 ], [ 35.556025152000188, 32.143064057000174 ], [ 35.555957450000051, 32.142940244000158 ], [ 35.555788651000057, 32.142797682000094 ], [ 35.5555640930001, 32.142712481000046 ], [ 35.555238656000085, 32.142665737000073 ], [ 35.554857491000121, 32.14268579000003 ], [ 35.554588624000132, 32.142753308000124 ], [ 35.554219194000154, 32.142944953999972 ], [ 35.553771894000079, 32.143260804000192 ], [ 35.55353261199997, 32.143515214000104 ], [ 35.553478263000045, 32.143572999000185 ], [ 35.553403371000059, 32.143652672000087 ], [ 35.553239635000182, 32.143801206000148 ], [ 35.553170186000045, 32.14386421 ], [ 35.553034470000171, 32.143987331000176 ], [ 35.552676683000129, 32.144283774000087 ], [ 35.552352682000048, 32.144580265000059 ], [ 35.552140174000044, 32.144752460000177 ], [ 35.551838138000107, 32.144943917000091 ], [ 35.551647796000168, 32.145020658000135 ], [ 35.551445950000186, 32.145030781000173 ], [ 35.551299961000097, 32.144964384000104 ], [ 35.551119976000052, 32.144841009000118 ], [ 35.551007220000145, 32.144669687000146 ], [ 35.550894181000103, 32.144422136000173 ], [ 35.550713236000149, 32.143993562000048 ], [ 35.550521101000129, 32.143584182000154 ], [ 35.550329390000172, 32.143289073000119 ], [ 35.55016794900007, 32.143028547000085 ], [ 35.55004372500008, 32.142800048000083 ], [ 35.5498742690001, 32.142476276000139 ], [ 35.549727689, 32.142247977000125 ], [ 35.549637331000042, 32.142086034000158 ], [ 35.549412497000048, 32.141924593000056 ], [ 35.549236926, 32.14187292500003 ], [ 35.54905155400013, 32.141858341000045 ], [ 35.548813600000187, 32.141911532000108 ], [ 35.548602447000178, 32.142047082000147 ], [ 35.548435154000117, 32.142175047000137 ], [ 35.548429933000136, 32.142183792000083 ], [ 35.548420999000086, 32.142198757000187 ], [ 35.548259852000172, 32.142468033000057 ], [ 35.548067103000108, 32.142836026000055 ], [ 35.548030990000086, 32.14287881700011 ], [ 35.548017349000077, 32.142907034000075 ], [ 35.547964538000087, 32.142957901000102 ], [ 35.547908970000094, 32.143023993000043 ], [ 35.547876926000129, 32.143046763000143 ], [ 35.547857163000174, 32.143060853000065 ], [ 35.547750562000147, 32.143136855000137 ], [ 35.547459965000144, 32.143287692000115 ], [ 35.547274839000124, 32.143295647000173 ], [ 35.547027717000105, 32.143288836000011 ], [ 35.546789349000107, 32.143229441000187 ], [ 35.546427489000166, 32.143185305000088 ], [ 35.546065436000163, 32.143088755000065 ], [ 35.545835872000168, 32.14303694400013 ], [ 35.545606339000074, 32.142992600000014 ], [ 35.545376857000122, 32.142963190999978 ], [ 35.545209147000094, 32.142933620000122 ], [ 35.544979669000099, 32.142904209999983 ], [ 35.544758857000147, 32.142844764000074 ], [ 35.544617429000141, 32.142755099000169 ], [ 35.544422816000122, 32.142613153000184 ], [ 35.544298833000084, 32.142493425000055 ], [ 35.544245214000171, 32.142321097000149 ], [ 35.544235702000094, 32.142118642000185 ], [ 35.544252469000185, 32.141901039000061 ], [ 35.544287252000117, 32.141765960000157 ], [ 35.544383810999989, 32.141630719000034 ], [ 35.544441788000086, 32.141589 ], [ 35.544454769000026, 32.141579649000107 ], [ 35.544551138000088, 32.141510227000026 ], [ 35.544797815000152, 32.141442084000175 ], [ 35.545132870000089, 32.14140372300011 ], [ 35.545582775000071, 32.141387461000193 ], [ 35.545918214000039, 32.141409122000084 ], [ 35.546306180000158, 32.141393162000043 ], [ 35.546553213000095, 32.141377432000127 ], [ 35.546667164000041, 32.141314456000089 ], [ 35.546681303000014, 32.141306642000131 ], [ 35.546702954000125, 32.141294608000067 ], [ 35.546781788000089, 32.141159410000057 ], [ 35.54681095300009, 32.140892599000097 ], [ 35.546749045000126, 32.140719307000154 ], [ 35.546626123000067, 32.140572245000044 ], [ 35.546442022000065, 32.140451270000085 ], [ 35.546258017000184, 32.140356362000034 ], [ 35.545972090000078, 32.140287650000062 ], [ 35.54563519300018, 32.140227808000077 ], [ 35.545318790000181, 32.140202716000147 ], [ 35.545084157000076, 32.140211928000156 ], [ 35.544818951000138, 32.140238692000082 ], [ 35.544492853000179, 32.140326207000101 ], [ 35.544268607000049, 32.140413592000186 ], [ 35.543993704000172, 32.140553106000141 ], [ 35.543800093000016, 32.140640413000028 ], [ 35.543545309000081, 32.140710405000107 ], [ 35.543361651000168, 32.140710886000079 ], [ 35.543146946000093, 32.140598723000096 ], [ 35.543178087000058, 32.140325566000172 ], [ 35.54318057200004, 32.140303964000168 ], [ 35.543186598000148, 32.140251568000053 ], [ 35.543328315000053, 32.139965017000065 ], [ 35.543389797000032, 32.139867282000068 ], [ 35.543422337000038, 32.139815553000176 ], [ 35.543504337000059, 32.139684999000167 ], [ 35.543541386000015, 32.1396261430001 ], [ 35.543754611000168, 32.139330670000106 ], [ 35.543915674000118, 32.13909571 ], [ 35.543919321000146, 32.139090390000092 ], [ 35.54394010600015, 32.139060068000106 ], [ 35.544028569000091, 32.138930905000166 ], [ 35.544109583000079, 32.138757238000096 ], [ 35.544180588000188, 32.138609523000184 ], [ 35.544189809000102, 32.138366718999976 ], [ 35.544128010000065, 32.138175953000029 ], [ 35.544004835000123, 32.138002820000168 ], [ 35.543861333000109, 32.137794938000013 ], [ 35.543768735000128, 32.137604393000174 ], [ 35.543747516000053, 32.137370264000083 ], [ 35.543797021000159, 32.137092406000193 ], [ 35.54395629600009, 32.13680877000013 ], [ 35.543971097000167, 32.136782363000179 ], [ 35.544019809000076, 32.136695455999984 ], [ 35.544172454000034, 32.136547526000186 ], [ 35.544304587000056, 32.136451786000123 ], [ 35.544549195, 32.136364345000061 ], [ 35.544916431000047, 32.136346049000167 ], [ 35.545487656000148, 32.136318476999975 ], [ 35.545793650000064, 32.136309076000032 ], [ 35.546007652000185, 32.136230450000085 ], [ 35.54630288300018, 32.136038743000142 ], [ 35.546689725000192, 32.135812272000123 ], [ 35.547076724000135, 32.135629058000063 ], [ 35.54740303300008, 32.135558867000043 ], [ 35.547698822000143, 32.135566677000156 ], [ 35.547897555000134, 32.135660559000087 ], [ 35.548040941000068, 32.135790233000137 ], [ 35.548195353000096, 32.136171541000067 ], [ 35.54829885800001, 32.136578905000022 ], [ 35.548453242, 32.136951473000124 ], [ 35.548719553000126, 32.137228351000147 ], [ 35.54896463100016, 32.137314496000045 ], [ 35.549199287000192, 32.137313871000117 ], [ 35.549576657000159, 32.137156306000122 ], [ 35.549588850000191, 32.137151215000131 ], [ 35.549596620000102, 32.137147952000134 ], [ 35.549810013000069, 32.136904603000175 ], [ 35.549910741000076, 32.136557282000126 ], [ 35.549970959000063, 32.13627094300017 ], [ 35.549959094000087, 32.135837264000031 ], [ 35.549906681000095, 32.135455690000128 ], [ 35.549782802000038, 32.135048238000138 ], [ 35.549659429000087, 32.134823118000156 ], [ 35.549249710000026, 32.134364432000041 ], [ 35.548952961000055, 32.134139633000188 ], [ 35.548615476000123, 32.133915080000179 ], [ 35.548410923000176, 32.133768096000097 ], [ 35.548028756000065, 32.13350519200003 ], [ 35.547773106000022, 32.133332416000087 ], [ 35.547599118000051, 32.133211417000155 ], [ 35.547425266000062, 32.133081679000043 ], [ 35.547210482000025, 32.132943457000181 ], [ 35.547026427000162, 32.132831217000103 ], [ 35.546873227000106, 32.132779628000037 ], [ 35.546658856000022, 32.132754128000045 ], [ 35.546373397000139, 32.132806877000064 ], [ 35.546180033000155, 32.132911516000092 ], [ 35.546068171000115, 32.133024537000097 ], [ 35.546044043000052, 32.133082465000143 ], [ 35.546037148000096, 32.133099018000166 ], [ 35.54596705199998, 32.133267726999975 ], [ 35.545937332000051, 32.133519321000051 ], [ 35.545918734999987, 32.134005215000059 ], [ 35.545889140000156, 32.134291473000133 ], [ 35.545797970000024, 32.134447837000096 ], [ 35.545711629000095, 32.134521616000086 ], [ 35.545695985000066, 32.134535011000025 ], [ 35.545594423000182, 32.134621969000136 ], [ 35.545370449000131, 32.134735283000111 ], [ 35.54514634700007, 32.134813937000047 ], [ 35.544972897000093, 32.134840459000088 ], [ 35.544809912000176, 32.134875551000164 ], [ 35.544575324000164, 32.13489349800011 ], [ 35.544381411000188, 32.134894008000174 ], [ 35.544044656000096, 32.134868824000023 ], [ 35.543676892000065, 32.134739730000035 ], [ 35.543482477000055, 32.134601449000058 ], [ 35.543318770000099, 32.134437017000096 ], [ 35.543164945000058, 32.134211968000045 ], [ 35.543021065000062, 32.133943355000099 ], [ 35.542948786000011, 32.133692028000041 ], [ 35.542916960000071, 32.133362530000113 ], [ 35.542941065000036, 32.133205217000125 ], [ 35.542943368000124, 32.133190092000063 ], [ 35.54295675700007, 32.133102173000168 ], [ 35.543068497999968, 32.132954354000105 ], [ 35.543363565000163, 32.132719395000095 ], [ 35.543613218000132, 32.132536322000135 ], [ 35.543635082000151, 32.132520289000126 ], [ 35.543648459999986, 32.132510530000161 ], [ 35.543790603000161, 32.132345298000132 ], [ 35.543820705000144, 32.132197690000169 ], [ 35.543860852000194, 32.131989466 ], [ 35.543883152000092, 32.1317454980001 ], [ 35.543779786000016, 32.131505949000086 ], [ 35.543561236000073, 32.131332220000161 ], [ 35.543355764000125, 32.131201998000051 ], [ 35.543060137999987, 32.131006629000126 ], [ 35.542931666000015, 32.130876204000117 ], [ 35.542866480000157, 32.130571171000156 ], [ 35.542964465000182, 32.130329262000146 ], [ 35.542968076000193, 32.130320374000121 ], [ 35.542971401000045, 32.130317935000164 ], [ 35.543236449000119, 32.130123530000162 ], [ 35.543479794000064, 32.130057514000043 ], [ 35.543864093000025, 32.130001976000074 ], [ 35.544312584000068, 32.130022641000096 ], [ 35.544697238000083, 32.130065171000069 ], [ 35.545209936000049, 32.130074672000035 ], [ 35.545491854000147, 32.130052231000036 ], [ 35.54559509000012, 32.129999100000191 ], [ 35.545602758000086, 32.129995154000028 ], [ 35.54568374400003, 32.129953515000068 ], [ 35.545747154000082, 32.1297681960001 ], [ 35.545746599000154, 32.129615596000065 ], [ 35.545566310000083, 32.129398090000166 ], [ 35.545168630000035, 32.129279366000105 ], [ 35.544937847000028, 32.129247142000111 ], [ 35.544745523000074, 32.129225947000066 ], [ 35.544553081000174, 32.129171923000058 ], [ 35.544347649000031, 32.129052551000086 ], [ 35.544231685000057, 32.12890039500013 ], [ 35.544231150000087, 32.128752726000073 ], [ 35.544231124000078, 32.128745716000026 ], [ 35.544231013000172, 32.128715106000186 ], [ 35.544371256000147, 32.128529444000094 ], [ 35.544550433000097, 32.128441754000107 ], [ 35.544858010999974, 32.128419245000089 ], [ 35.545268039000177, 32.12842901700003 ], [ 35.545781048000094, 32.128525737000018 ], [ 35.546037730000194, 32.128623131000097 ], [ 35.546256358000164, 32.128818696000053 ], [ 35.546385157000032, 32.128992797000137 ], [ 35.54650171500009, 32.129352082000082 ], [ 35.546579788000088, 32.129646087000026 ], [ 35.546709861000068, 32.130168789000095 ], [ 35.546801281, 32.130626210000173 ], [ 35.546917803000042, 32.130974643000172 ], [ 35.547098258000176, 32.131235688000174 ], [ 35.547380897000039, 32.131409383000062 ], [ 35.547662732000163, 32.131408636000117 ], [ 35.548008537000101, 32.131331348000117 ], [ 35.548251760000028, 32.131232630000113 ], [ 35.548453558000062, 32.13110511800005 ], [ 35.548464052000043, 32.131098487000088 ], [ 35.548545831000126, 32.13104669900008 ], [ 35.548660400000074, 32.130861102999972 ], [ 35.548723124000162, 32.130490354000131 ], [ 35.54878584700009, 32.130119744000012 ], [ 35.548809429000073, 32.129913114000146 ], [ 35.548810214000071, 32.129906125000048 ], [ 35.548810710999987, 32.129901697000037 ], [ 35.549104738000096, 32.129704773000071 ], [ 35.549553634000119, 32.129790798000158 ], [ 35.549695271000189, 32.129986560000191 ], [ 35.549785903000043, 32.130226000000107 ], [ 35.549799944000085, 32.130531165000036 ], [ 35.549698603000138, 32.130891029000168 ], [ 35.549622650000117, 32.131130912 ], [ 35.54958511600006, 32.131370836000144 ], [ 35.549585678000085, 32.131523435000076 ], [ 35.549663396000142, 32.131762910000077 ], [ 35.549830663000193, 32.131947755 ], [ 35.550139014000024, 32.132132082000112 ], [ 35.550497970000094, 32.132163813000147 ], [ 35.550741437000056, 32.132130471000039 ], [ 35.551163714000097, 32.131955041000083 ], [ 35.551406328000098, 32.131736409000098 ], [ 35.551435140000024, 32.131702509000149 ], [ 35.551448699000161, 32.131686555999977 ], [ 35.551610605000064, 32.131496179000123 ], [ 35.551648335000152, 32.131310785999972 ], [ 35.551647406000143, 32.131060119000097 ], [ 35.551543738000078, 32.130744344 ], [ 35.551414400000056, 32.130428779000113 ], [ 35.551272392000044, 32.130178487000023 ], [ 35.550950448000037, 32.129765226000188 ], [ 35.550770151000108, 32.129504186000077 ], [ 35.550500027000169, 32.129221546000167 ], [ 35.55020411400011, 32.128949965000118 ], [ 35.549857440000039, 32.128743757000109 ], [ 35.549484898000117, 32.128526911000108 ], [ 35.549202505000096, 32.128418603000057 ], [ 35.548856319000038, 32.128343294000103 ], [ 35.548535953, 32.128354996000041 ], [ 35.548023660000183, 32.128454426000076 ], [ 35.547741868000116, 32.128509705000113 ], [ 35.547434416999977, 32.128521367000189 ], [ 35.547267432000126, 32.128456430000085 ], [ 35.547215791000042, 32.128325805000031 ], [ 35.547317130000181, 32.128009486000053 ], [ 35.547521048000135, 32.127714732000186 ], [ 35.547712268000168, 32.127479899000036 ], [ 35.547728579000193, 32.127459864000059 ], [ 35.547814469000173, 32.12735436100013 ], [ 35.548019068000144, 32.127201217000049 ], [ 35.548377526000138, 32.127102196000124 ], [ 35.548800265000011, 32.127057531000048 ], [ 35.549236200000109, 32.127089062000096 ], [ 35.549890963000053, 32.127100705000089 ], [ 35.550275283000019, 32.127056138000057 ], [ 35.550555736000092, 32.126954358000148 ], [ 35.550564338000072, 32.126951236000082 ], [ 35.550608159000035, 32.126935337000077 ], [ 35.550735836000058, 32.126804233000087 ], [ 35.55077368700006, 32.12665167200015 ], [ 35.550760049000189, 32.126455567000164 ], [ 35.550618374000123, 32.126248813000132 ], [ 35.550399785000025, 32.126064106 ], [ 35.550232568000126, 32.125890253000136 ], [ 35.550078141000085, 32.125727213000118 ], [ 35.549910845000113, 32.125531518000173 ], [ 35.549756297999977, 32.125335788000143 ], [ 35.549640293999971, 32.125128964999988 ], [ 35.549524282000164, 32.124965825000174 ], [ 35.54945936300004, 32.124737165999989 ], [ 35.549355788000071, 32.124443228000189 ], [ 35.54924002600012, 32.124301927000147 ], [ 35.549111305, 32.124149668000086 ], [ 35.548944330000154, 32.12408473000005 ], [ 35.548765049000167, 32.124096058000077 ], [ 35.548508974000185, 32.124162118000015 ], [ 35.548384621000082, 32.124334173000136 ], [ 35.548377346000109, 32.124344238000162 ], [ 35.548343243000033, 32.124391392000177 ], [ 35.548036839000133, 32.124730098000157 ], [ 35.54784552000018, 32.124981276000142 ], [ 35.547669125000084, 32.125103349000028 ], [ 35.547625291000145, 32.125133746000131 ], [ 35.547577132000185, 32.125167141000134 ], [ 35.547372457000051, 32.12529844300019 ], [ 35.54716763100015, 32.125342666 ], [ 35.546949805000054, 32.125364943000193 ], [ 35.546667991000163, 32.125365688000159 ], [ 35.546385850000036, 32.125322893000089 ], [ 35.546193214000084, 32.125214480000068 ], [ 35.54606450100016, 32.125062218000096 ], [ 35.545961094000063, 32.124811819000058 ], [ 35.545908772000132, 32.124539585000093 ], [ 35.545895190000124, 32.124310789000162 ], [ 35.545973890000027, 32.124188133000132 ], [ 35.545985237000025, 32.124170451999987 ], [ 35.546035302000121, 32.124092436000126 ], [ 35.546214192000036, 32.123928515000159 ], [ 35.546533749000105, 32.123698840000088 ], [ 35.546994130000087, 32.123446950000186 ], [ 35.547325086000114, 32.123272444000122 ], [ 35.547326632000079, 32.123271629000158 ], [ 35.54737103399998, 32.123233606000099 ], [ 35.54746726500008, 32.123151485000164 ], [ 35.547476642000049, 32.123135115000082 ], [ 35.547486609000032, 32.123117814000125 ], [ 35.54772541300008, 32.122703282000145 ], [ 35.547678937000171, 32.122264059000088 ], [ 35.547565323000185, 32.121939711000095 ], [ 35.547384909000186, 32.12173009900016 ], [ 35.547217530000069, 32.12159935699998 ], [ 35.546961428000031, 32.121428976 ], [ 35.546752065000192, 32.121271573000058 ], [ 35.54656583700006, 32.121147081000061 ], [ 35.546464690000164, 32.121015741 ], [ 35.546363610000128, 32.12085805300012 ], [ 35.546370434000153, 32.120594821 ], [ 35.546392246000039, 32.120219670000154 ], [ 35.546422009000082, 32.11989057500017 ], [ 35.546397920000118, 32.119686747 ], [ 35.546335444000135, 32.119489502000135 ], [ 35.546179989000109, 32.119312230000048 ], [ 35.545938019000175, 32.119156321 ], [ 35.545697749, 32.119012244000089 ], [ 35.545279019000191, 32.118782963 ], [ 35.544876020000174, 32.118599858000039 ], [ 35.544565815000169, 32.118436094000174 ], [ 35.544340994000095, 32.118305078 ], [ 35.544154538000157, 32.118114781000145 ], [ 35.544053608000127, 32.117996542000071 ], [ 35.543974791000096, 32.117628278000154 ], [ 35.543849755000053, 32.117253514000026 ], [ 35.543670752000082, 32.116971042000102 ], [ 35.543437060000088, 32.116537381000057 ], [ 35.543337410000049, 32.116236179000168 ], [ 35.543332773000088, 32.116222163000089 ], [ 35.543331435000141, 32.116218080000181 ], [ 35.543322063000119, 32.116190064000136 ], [ 35.543293940000183, 32.116104890000031 ], [ 35.54328643000008, 32.116086366000104 ], [ 35.54317667100014, 32.11581563500016 ], [ 35.543013327000153, 32.115559468000015 ], [ 35.54287335600003, 32.115355804000046 ], [ 35.542748825999979, 32.115165341000193 ], [ 35.54265507000008, 32.114922098000079 ], [ 35.542654027000083, 32.11463253800008 ], [ 35.542645651999976, 32.114468122000176 ], [ 35.542653557000051, 32.114455984000017 ], [ 35.542753501000107, 32.114303262000192 ], [ 35.542776192000133, 32.114281638000193 ], [ 35.543092727000101, 32.113979980000067 ], [ 35.543275873000027, 32.11376053400005 ], [ 35.543623696999987, 32.113480910000192 ], [ 35.543866448000131, 32.113354445000084 ], [ 35.544045590000167, 32.113219128000026 ], [ 35.544066896000174, 32.113158905000091 ], [ 35.544070402000102, 32.113149007000175 ], [ 35.544118846, 32.113012227000013 ], [ 35.543906161000109, 32.112662067000031 ], [ 35.543778792000126, 32.112509658000135 ], [ 35.543672222, 32.11229406800004 ], [ 35.543544627000017, 32.112078673000042 ], [ 35.543469389000052, 32.111737172000119 ], [ 35.543351739000059, 32.111341954000125 ], [ 35.543287458000179, 32.111099342000102 ], [ 35.543223238000166, 32.110874764000187 ], [ 35.543116574000067, 32.110632259000113 ], [ 35.542989047000049, 32.110434902000065 ], [ 35.542808836000177, 32.110318420000169 ], [ 35.542480786000056, 32.110202465999976 ], [ 35.542184422000048, 32.110104321000108 ], [ 35.541856436000046, 32.110051207000026 ], [ 35.541644929000086, 32.110024846000044 ], [ 35.541348986000173, 32.110043509999969 ], [ 35.540905432000045, 32.110125542000048 ], [ 35.540335149000043, 32.110324855999977 ], [ 35.539912844000185, 32.110469816000091 ], [ 35.539680497000063, 32.110542280000061 ], [ 35.539374380000027, 32.110633110000094 ], [ 35.539205313000025, 32.110669478000091 ], [ 35.538972743000102, 32.11067909500008 ], [ 35.538761332000149, 32.110679641000104 ], [ 35.53853922900015, 32.11065316000014 ], [ 35.537961122000183, 32.110516138000037 ], [ 35.537484882, 32.11034644199998 ], [ 35.537146078000035, 32.110230501000103 ], [ 35.536828536000087, 32.110087450000094 ], [ 35.536447264000174, 32.10989961100006 ], [ 35.536129306000134, 32.109684697000034 ], [ 35.535716226000034, 32.109442973000114 ], [ 35.535387841000158, 32.109228083000119 ], [ 35.535207639000191, 32.109111590000168 ], [ 35.534943072000033, 32.10901334800019 ], [ 35.534540777000075, 32.108870507000177 ], [ 35.534086029000093, 32.10878176600005 ], [ 35.53350433300011, 32.108702364000067 ], [ 35.533144611000182, 32.10861337700004 ], [ 35.532636698000147, 32.108470797000166 ], [ 35.53236134600013, 32.108363700000098 ], [ 35.532170688000178, 32.108238212000174 ], [ 35.532157333000043, 32.108206260000031 ], [ 35.532157020000113, 32.108205527000052 ], [ 35.532155832000171, 32.108202741000184 ], [ 35.532096063000097, 32.108058603000131 ], [ 35.532116531000042, 32.107851840000023 ], [ 35.532179401000064, 32.107698798000115 ], [ 35.532337494000103, 32.107554532000108 ], [ 35.532485089000147, 32.10743734800019 ], [ 35.532937172000175, 32.107097606000139 ], [ 35.533401029000061, 32.106763749000152 ], [ 35.533727958000043, 32.106520135000039 ], [ 35.533959731000095, 32.106285783000033 ], [ 35.534117304000119, 32.106042740000078 ], [ 35.534243236000066, 32.105745670000033 ], [ 35.534305472000028, 32.105412831000081 ], [ 35.534325745000046, 32.105152102000091 ], [ 35.534356639000123, 32.10494531400002 ], [ 35.534378644000071, 32.104658793000056 ], [ 35.534438491000117, 32.104400640999984 ], [ 35.534536377000052, 32.104226230000052 ], [ 35.534777744000053, 32.103851509000037 ], [ 35.534951021000097, 32.103509228000064 ], [ 35.53506395300019, 32.103283205000082 ], [ 35.535161609000113, 32.103044402000137 ], [ 35.535176088000128, 32.102831455 ], [ 35.535160292000057, 32.102670299000181 ], [ 35.535141544000112, 32.102611306000028 ], [ 35.535134576000075, 32.102589272000159 ], [ 35.535099024000147, 32.102476847000162 ], [ 35.534984573000031, 32.102270853000164 ], [ 35.534817280000084, 32.102148689000046 ], [ 35.534627468000053, 32.102071816000148 ], [ 35.534369288000164, 32.101994975000082 ], [ 35.533914073000062, 32.101905810000062 ], [ 35.533117064000123, 32.101733814000056 ], [ 35.532699759000138, 32.101644548000138 ], [ 35.532217768000123, 32.101518246000182 ], [ 35.532035477000079, 32.101460794000047 ], [ 35.531860650000056, 32.101312862000043 ], [ 35.531843069000161, 32.101150214000086 ], [ 35.531842347000065, 32.101143538000088 ], [ 35.531837042000063, 32.101093528000035 ], [ 35.531980188000034, 32.100796557000081 ], [ 35.532229321000102, 32.100512141000138 ], [ 35.532350344000122, 32.100421515000107 ], [ 35.532592546000046, 32.100285490000147 ], [ 35.532948760000068, 32.100232875000131 ], [ 35.533502376, 32.100250917000039 ], [ 35.534268306000172, 32.100248971000042 ], [ 35.534515090000127, 32.100241157000085 ], [ 35.53518224600009, 32.100207190000049 ], [ 35.535940445000051, 32.100172986000075 ], [ 35.536554628000147, 32.100139146000117 ], [ 35.537070154000162, 32.100105557000063 ], [ 35.537274621000108, 32.100021193000032 ], [ 35.537456155000029, 32.099911101000146 ], [ 35.537554265000153, 32.099755992000041 ], [ 35.537523279000084, 32.099607697000124 ], [ 35.537490895000076, 32.099577483000076 ], [ 35.537484272000142, 32.099571290000029 ], [ 35.537378787000023, 32.099472655000113 ], [ 35.537211357000047, 32.099311889000148 ], [ 35.537150428000075, 32.099169144000143 ], [ 35.537149596000177, 32.099167195000064 ], [ 35.537142587000062, 32.099150727000108 ], [ 35.537164489000077, 32.09893141900011 ], [ 35.537345842000093, 32.098724526000126 ], [ 35.537647907000121, 32.098388390000025 ], [ 35.538043095000091, 32.098079633000168 ], [ 35.53827005100004, 32.097943496000141 ], [ 35.538497337000024, 32.097852732000092 ], [ 35.538724454000089, 32.097761824000031 ], [ 35.539167825999982, 32.09764513500005 ], [ 35.539483462000192, 32.097497073000056 ], [ 35.53968613700016, 32.097330138000018 ], [ 35.539820856000063, 32.097137732000078 ], [ 35.539872739000145, 32.096926238000037 ], [ 35.539887316000033, 32.096789521000176 ], [ 35.539890418000084, 32.096760864000032 ], [ 35.539894685000036, 32.096721442000103 ], [ 35.539818729000103, 32.096542266000029 ], [ 35.539629954000077, 32.096382825999967 ], [ 35.539494004000176, 32.096229445000176 ], [ 35.539403192000123, 32.096108079000089 ], [ 35.53922194200004, 32.095922833000031 ], [ 35.539099160000035, 32.095701641 ], [ 35.539002801000095, 32.095509412000183 ], [ 35.538984339000024, 32.095205947000068 ], [ 35.539035865000187, 32.094847033000178 ], [ 35.539046525000174, 32.094772779000095 ], [ 35.539052337000157, 32.09473190000017 ], [ 35.539154823000104, 32.094228176000058 ], [ 35.539353788000142, 32.093857498000148 ], [ 35.53962232300006, 32.093501438000146 ], [ 35.540203895000047, 32.093063120000124 ], [ 35.540411910000103, 32.092818249 ], [ 35.540602464000074, 32.092551299000149 ], [ 35.540749272000141, 32.092225141000142 ], [ 35.540745988000026, 32.092139478999968 ], [ 35.540745434000144, 32.092124823 ], [ 35.54074311100004, 32.092063358000189 ], [ 35.540740316999972, 32.091989426000112 ], [ 35.540736266000124, 32.091974478000111 ], [ 35.540696203000095, 32.091826654000158 ], [ 35.540573797999969, 32.091664082000193 ], [ 35.540320854000186, 32.09151664400008 ], [ 35.539911382000071, 32.091384407000021 ], [ 35.539571613000135, 32.091303983000159 ], [ 35.539231819000065, 32.091215947000137 ], [ 35.53890082200013, 32.091135357000041 ], [ 35.538499854000179, 32.090973502000054 ], [ 35.53814244900019, 32.090819003000149 ], [ 35.537837396000043, 32.090679020000039 ], [ 35.537610400000119, 32.090472331000058 ], [ 35.537505277000037, 32.090280121000148 ], [ 35.537461141000108, 32.090110017000143 ], [ 35.537469940000051, 32.089992534000089 ], [ 35.537473469000076, 32.089945407000187 ], [ 35.537477734000163, 32.089887766000118 ], [ 35.53763336600008, 32.089620909000132 ], [ 35.537919702000124, 32.08933878199997 ], [ 35.538319312000169, 32.08916753900013 ], [ 35.538519453000106, 32.089129964000108 ], [ 35.538797987000066, 32.089121779000038 ], [ 35.539085681000074, 32.089269130000105 ], [ 35.539199519000078, 32.089490905000048 ], [ 35.539308457000175, 32.089796583000123 ], [ 35.539321735000044, 32.089833840000097 ], [ 35.539331431000107, 32.089860868000187 ], [ 35.539373159000036, 32.089958551 ], [ 35.539386584000169, 32.089989976000027 ], [ 35.539410378000184, 32.09004567400001 ], [ 35.539576424000074, 32.090193339000109 ], [ 35.539811766000184, 32.090326030000142 ], [ 35.540351561000136, 32.090383811000038 ], [ 35.540995752000072, 32.090382141000077 ], [ 35.541935562000049, 32.090335312000036 ], [ 35.542614211000171, 32.090296485000067 ], [ 35.543005582000092, 32.090228813000181 ], [ 35.543336048000072, 32.090116916000056 ], [ 35.543587873000035, 32.08995336800001 ], [ 35.543691617000093, 32.089760618000071 ], [ 35.54373439900013, 32.089553231000082 ], [ 35.543768116000138, 32.089264424000078 ], [ 35.543757898000024, 32.088864559000115 ], [ 35.54375072900001, 32.088667445000112 ], [ 35.54375813200005, 32.088334181999983 ], [ 35.543809846000045, 32.088171159000126 ], [ 35.543965995000065, 32.088052387000062 ], [ 35.544261714000129, 32.087992290000159 ], [ 35.544575245000033, 32.088050790000182 ], [ 35.54497604800008, 32.088168100000132 ], [ 35.545228564000183, 32.088197166000043 ], [ 35.545515620000117, 32.088166682000178 ], [ 35.545706928000129, 32.088114464000114 ], [ 35.545828288000052, 32.087988173000042 ], [ 35.545819062000191, 32.087817982000104 ], [ 35.545705717000146, 32.087690195999983 ], [ 35.54569493200006, 32.087678045000132 ], [ 35.545583066, 32.087552006000124 ], [ 35.545216138000058, 32.087190278000037 ], [ 35.545015444000114, 32.087027916000125 ], [ 35.544901725000045, 32.086887448000027 ], [ 35.544769605000113, 32.086707683000157 ], [ 35.544754022000177, 32.086686481000186 ], [ 35.544669526000121, 32.086571440000171 ], [ 35.544551180000099, 32.08643295700017 ], [ 35.544414293000045, 32.086155869000152 ], [ 35.544384631000071, 32.086100289000171 ], [ 35.544375432000095, 32.086083052000106 ], [ 35.544332140000108, 32.086001934000137 ], [ 35.54421387800005, 32.085840340000061 ], [ 35.544013939000138, 32.085702072000174 ], [ 35.543705342000123, 32.085540976000175 ], [ 35.543512052000096, 32.085456093000175 ], [ 35.543492161000131, 32.085447409000153 ], [ 35.543478073000017, 32.085442092000164 ], [ 35.543475548000117, 32.085440898000058 ], [ 35.543233365000049, 32.085326341000098 ], [ 35.543060707000166, 32.085180390000176 ], [ 35.543032707000123, 32.084987703000138 ], [ 35.543041171000141, 32.08481042000011 ], [ 35.543167197000059, 32.084555752000028 ], [ 35.543410759000153, 32.084262169000169 ], [ 35.543618711000136, 32.084145940000042 ], [ 35.543899238000165, 32.084052771000074 ], [ 35.544198167000104, 32.084013381000148 ], [ 35.544461074000083, 32.084035799000048 ], [ 35.54496896, 32.08415790000015 ], [ 35.545134633000146, 32.084227881000174 ], [ 35.545141681000189, 32.084230858000126 ], [ 35.545223068000098, 32.084265167000012 ], [ 35.545368555000152, 32.084403438000038 ], [ 35.545559227000126, 32.08454172800009 ], [ 35.545715807000079, 32.084585798000035 ], [ 35.545723412000086, 32.084587938000027 ], [ 35.545724730000188, 32.084586242000057 ], [ 35.54585815400003, 32.084502475000136 ], [ 35.54595697600007, 32.084278595000058 ], [ 35.545929134000062, 32.084085907000144 ], [ 35.545828657000186, 32.083854943 ], [ 35.545664744000021, 32.083655004000093 ], [ 35.545634169000095, 32.083621831000073 ], [ 35.545611528000052, 32.083597329000042 ], [ 35.545586703000083, 32.083570463000115 ], [ 35.545553250000069, 32.083534259000146 ], [ 35.545437439000125, 32.083408875000089 ], [ 35.545402605000106, 32.083388111000147 ], [ 35.545395806000158, 32.083384042000034 ], [ 35.545374480000191, 32.083371265000153 ], [ 35.545219489000033, 32.083278403000122 ], [ 35.544983281000043, 32.083132620000015 ], [ 35.544738248000101, 32.083017579 ], [ 35.544156666000163, 32.082834798000079 ], [ 35.543676070000174, 32.082705015000101 ], [ 35.543449218000035, 32.082628532000058 ], [ 35.543222312000125, 32.082536548000121 ], [ 35.5430496890001, 32.082398347000094 ], [ 35.542949640000074, 32.082282924000083 ], [ 35.542885561000048, 32.082136687000116 ], [ 35.542894449000073, 32.082050508 ], [ 35.542896594000126, 32.082029711000189 ], [ 35.542903153000054, 32.081966989000136 ], [ 35.542983858000071, 32.081720052000037 ], [ 35.543254584000124, 32.081434145000117 ], [ 35.543553141000189, 32.081294572 ], [ 35.543869932000064, 32.081209058000013 ], [ 35.544196161000116, 32.081215813000142 ], [ 35.544450292000079, 32.081330830000184 ], [ 35.544559690000085, 32.081423273999974 ], [ 35.544572973000015, 32.081434498000021 ], [ 35.544695655000055, 32.081538306000084 ], [ 35.544913848000078, 32.081738104000124 ], [ 35.545016538000027, 32.081824855000093 ], [ 35.545017605000055, 32.081825757000161 ], [ 35.545068403000187, 32.081868741000164 ], [ 35.545240721000027, 32.081922255000165 ], [ 35.545449503999976, 32.081991174000109 ], [ 35.545675937000169, 32.081998329000044 ], [ 35.545893380000109, 32.081990006000183 ], [ 35.546209806000036, 32.08180416100015 ], [ 35.5463631880001, 32.081610996000052 ], [ 35.546425843000065, 32.081410460000029 ], [ 35.546416205000128, 32.081217723000123 ], [ 35.546343240000056, 32.081086873000118 ], [ 35.546316013000194, 32.08106397600011 ], [ 35.546307974000172, 32.081057181000176 ], [ 35.546170421000056, 32.080940925000164 ], [ 35.546025526000051, 32.080872826000132 ], [ 35.546006468000087, 32.080865408000193 ], [ 35.545995862999973, 32.080862620000175 ], [ 35.545798563000176, 32.080810863000067 ], [ 35.545599025, 32.080780529000037 ], [ 35.545444942000131, 32.080734715000119 ], [ 35.545374962000039, 32.080695304000187 ], [ 35.545371368000076, 32.080693283000073 ], [ 35.545308623000153, 32.080657998000106 ], [ 35.54513614200016, 32.080558126000028 ], [ 35.544998600000156, 32.080463656000177 ], [ 35.544991296000092, 32.080457899000123 ], [ 35.544973699000138, 32.080443290000119 ], [ 35.544872603000158, 32.080358448000027 ], [ 35.544855356000028, 32.080348913000194 ], [ 35.544844961000138, 32.080343168000184 ], [ 35.544636624000077, 32.080228023000132 ], [ 35.544482350000067, 32.080174462000059 ], [ 35.544319176999977, 32.080130786000154 ], [ 35.544304761000035, 32.080126904000053 ], [ 35.544282896000084, 32.080121016000078 ], [ 35.544250905000013, 32.080119367 ], [ 35.544238700000164, 32.080118738000067 ], [ 35.543992887000172, 32.080106419 ], [ 35.543494657000167, 32.080177048999985 ], [ 35.542960432000086, 32.080270881000104 ], [ 35.542634541000041, 32.080356556000027 ], [ 35.54239010100008, 32.08040341200018 ], [ 35.542182041000103, 32.08048878000011 ], [ 35.541929054000036, 32.080689951000181 ], [ 35.541676754000093, 32.081083738000132 ], [ 35.54144268500005, 32.081531444000063 ], [ 35.541289653000149, 32.081778431000146 ], [ 35.541064022000057, 32.082041104000155 ], [ 35.540874467000094, 32.082257466000101 ], [ 35.540603404000137, 32.082450930000107 ], [ 35.540359094000166, 32.082582608000166 ], [ 35.539924729000177, 32.082699277000131 ], [ 35.539607599000078, 32.0827387060001 ], [ 35.539335679000146, 32.0826931900001 ], [ 35.53917210700007, 32.082585677000168 ], [ 35.539053941000077, 32.082447188000174 ], [ 35.538989704000187, 32.082254592000027 ], [ 35.538983916000063, 32.082204677000107 ], [ 35.538978777000068, 32.082160355000156 ], [ 35.538952305, 32.081931027000167 ], [ 35.538957967000158, 32.081753890000186 ], [ 35.538959964000014, 32.081692966000105 ], [ 35.538960503000169, 32.081676525999967 ], [ 35.538971855000057, 32.081614879000142 ], [ 35.538985346000175, 32.081541613000127 ], [ 35.538996062000024, 32.081483814000023 ], [ 35.539058348000026, 32.081267642000114 ], [ 35.539194117000136, 32.081097781000153 ], [ 35.539383784000108, 32.080958637000037 ], [ 35.539637137, 32.080857657000024 ], [ 35.540017509000052, 32.080779597000117 ], [ 35.540406764000181, 32.080686154000091 ], [ 35.54066924600005, 32.08059289800002 ], [ 35.540931010000065, 32.080345629000078 ], [ 35.541102519000106, 32.080129314000033 ], [ 35.541201599000146, 32.079974905000142 ], [ 35.541273423000064, 32.079789708000192 ], [ 35.541245618000175, 32.079604769000071 ], [ 35.541145354000037, 32.079473985000106 ], [ 35.541044946000056, 32.079394914000034 ], [ 35.54103388700014, 32.079386204 ], [ 35.540881964000107, 32.079266548000078 ], [ 35.540664061000086, 32.079143678000037 ], [ 35.540044650000084, 32.078878265000185 ], [ 35.539636262000045, 32.078709808000042 ], [ 35.539336744000138, 32.078579540000078 ], [ 35.539037393000115, 32.07849548400003 ], [ 35.538865305000115, 32.078503678000175 ], [ 35.538711313000135, 32.078527184000166 ], [ 35.538467012000126, 32.078612640000131 ], [ 35.538110887000016, 32.078759679000143 ], [ 35.537803472000121, 32.07892237100009 ], [ 35.537558840000088, 32.078961468000045 ], [ 35.537386754000067, 32.078969661000087 ], [ 35.537132829000143, 32.078908593000051 ], [ 35.536997297000084, 32.07878407100003 ], [ 35.53699518500008, 32.078782131000025 ], [ 35.53692378900007, 32.078716510000049 ], [ 35.536822514000107, 32.078532039000152 ], [ 35.536777561, 32.07836222200001 ], [ 35.536758675000044, 32.07816950900019 ], [ 35.536821192000161, 32.077876543000059 ], [ 35.537056659000029, 32.077633859000059 ], [ 35.537411607000081, 32.07738931800003 ], [ 35.537905349000084, 32.07712962700009 ], [ 35.538251942000102, 32.077003188000049 ], [ 35.538772005000055, 32.076839380000138 ], [ 35.539040543000056, 32.076683689000163 ], [ 35.539308783000024, 32.076491083 ], [ 35.539438184000176, 32.076254446000064 ], [ 35.539489359000072, 32.076032807000104 ], [ 35.539480042999969, 32.075833589000183 ], [ 35.539383635000036, 32.075575412000035 ], [ 35.539252769000029, 32.075354245000085 ], [ 35.539043947000152, 32.075221909000163 ], [ 35.538783157000069, 32.075089706000142 ], [ 35.538401138000154, 32.075024180000071 ], [ 35.538290900000106, 32.075052625000183 ], [ 35.538276474000156, 32.075056347000157 ], [ 35.537967619000085, 32.075136051000186 ], [ 35.537491265000085, 32.075395698000079 ], [ 35.537145252000187, 32.075684460000161 ], [ 35.53679109300009, 32.076150504000168 ], [ 35.536445509000089, 32.076609196000106 ], [ 35.536238285000024, 32.076882804000036 ], [ 35.536056624000139, 32.077038409000181 ], [ 35.535805220000157, 32.077127541000095 ], [ 35.535658001000115, 32.077194427000109 ], [ 35.535414787000093, 32.077165455000056 ], [ 35.535360032000085, 32.077124310000102 ], [ 35.535358281000185, 32.077122993000103 ], [ 35.535258313000099, 32.077047775000096 ], [ 35.535170625000148, 32.076819165000188 ], [ 35.535143707000032, 32.076553480000143 ], [ 35.535194477000118, 32.07621362500015 ], [ 35.53534069400007, 32.075814624000088 ], [ 35.535504379000031, 32.075489414000174 ], [ 35.535754786000041, 32.075119598000128 ], [ 35.535910253000054, 32.074905023000042 ], [ 35.535978838000119, 32.074690807000081 ], [ 35.535995435000132, 32.074469260000171 ], [ 35.53599290700015, 32.074175474000185 ], [ 35.535940129000039, 32.073991021000097 ], [ 35.535809278000102, 32.073769847000108 ], [ 35.535539390000167, 32.073541702000171 ], [ 35.535295702000099, 32.073328145000175 ], [ 35.535069651000128, 32.073188519000155 ], [ 35.534886741000093, 32.073033986000041 ], [ 35.534756023000114, 32.072849728999984 ], [ 35.534703117000163, 32.072628358000088 ], [ 35.534745566000026, 32.072369825000067 ], [ 35.534883240000056, 32.072037214000034 ], [ 35.535038858000121, 32.071867025000074 ], [ 35.535298308000108, 32.071622734000186 ], [ 35.535480009000139, 32.071481926000104 ], [ 35.535573555000042, 32.071307527000101 ], [ 35.535512229000119, 32.071137891000149 ], [ 35.535355579000168, 32.070968495000159 ], [ 35.53519887200008, 32.070828692000191 ], [ 35.535180980000177, 32.070681066000077 ], [ 35.535258461000126, 32.070503607000035 ], [ 35.535465623, 32.070215204000078 ], [ 35.535603864000166, 32.070045058 ], [ 35.535724677000132, 32.069860161000122 ], [ 35.535645660000057, 32.069601937000073 ], [ 35.535462635000101, 32.069366102000174 ], [ 35.535183819000167, 32.069042021000087 ], [ 35.535018406000063, 32.068872650000174 ], [ 35.534800945000086, 32.068725532000087 ], [ 35.534627048000175, 32.068637345000184 ], [ 35.534477566000078, 32.068651289000059 ], [ 35.534474858000181, 32.068651542 ], [ 35.53421944400003, 32.06867529900012 ], [ 35.534081098000115, 32.068815994000147 ], [ 35.533908364000069, 32.069060063000165 ], [ 35.533762294000041, 32.06945173500003 ], [ 35.533615979000103, 32.06982114300007 ], [ 35.533547985000155, 32.07020529000016 ], [ 35.533462168000085, 32.070508175000043 ], [ 35.53338474300017, 32.070656043000042 ], [ 35.533194343000048, 32.07081899100001 ], [ 35.532830316, 32.07092319800006 ], [ 35.532570065000073, 32.070938652000052 ], [ 35.532309569000176, 32.070931984000026 ], [ 35.531906627000069, 32.070933987000103 ], [ 35.531490108000128, 32.07093503800013 ], [ 35.531178013000158, 32.071031782000148 ], [ 35.530874866000033, 32.071180217000062 ], [ 35.530502344000126, 32.071365743000172 ], [ 35.530337855000141, 32.071462113000109 ], [ 35.530146839000111, 32.071447797000189 ], [ 35.530121552000082, 32.071410098000172 ], [ 35.530119061000107, 32.071406372000069 ], [ 35.529920111000024, 32.071108780000088 ], [ 35.529831967000177, 32.07069557900013 ], [ 35.529778845000067, 32.070407696000188 ], [ 35.529855498000074, 32.069986754000183 ], [ 35.530010637000032, 32.06967622600007 ], [ 35.530079233000038, 32.069462016000102 ], [ 35.530087464000076, 32.06930685500015 ], [ 35.530139130000123, 32.06912509700004 ], [ 35.530224893000025, 32.068851661000167 ], [ 35.530310111000119, 32.068755207000152 ], [ 35.530320232000179, 32.068743764000033 ], [ 35.53037044000007, 32.068686998000089 ], [ 35.530511941000157, 32.068596179000167 ], [ 35.530660413000135, 32.06851140100008 ], [ 35.530901264000079, 32.068486560000053 ], [ 35.531255949000069, 32.068600226000058 ], [ 35.531440667000084, 32.068708401000038 ], [ 35.531696048000128, 32.068816255000058 ], [ 35.531887464000192, 32.068851985000151 ], [ 35.532002356000078, 32.068835794000165 ], [ 35.532024910000189, 32.068832616000066 ], [ 35.532192127000087, 32.068808943000136 ], [ 35.53240415700003, 32.068633543000033 ], [ 35.532587618000036, 32.068428059000098 ], [ 35.532679222000127, 32.068265078000024 ], [ 35.532741982000175, 32.067993530000081 ], [ 35.532748300000151, 32.067764399000055 ], [ 35.532697710000036, 32.067493279000189 ], [ 35.532633392000093, 32.067318576000048 ], [ 35.532498128000043, 32.067156170000089 ], [ 35.53224260900015, 32.067054236 ], [ 35.532023002000187, 32.067048730000067 ], [ 35.531668994000029, 32.067128110000112 ], [ 35.531357596000191, 32.067231333 ], [ 35.531333324000173, 32.067238897000095 ], [ 35.531267344000184, 32.067259460000116 ], [ 35.531123865000154, 32.067304348000107 ], [ 35.530954047000137, 32.067340848000129 ], [ 35.53081691400007, 32.067354158000114 ], [ 35.530762655000103, 32.067359508000038 ], [ 35.530761933, 32.067359433000149 ], [ 35.530479257000081, 32.067330065000192 ], [ 35.530102752000118, 32.067077799000117 ], [ 35.529995872000143, 32.066891081000108 ], [ 35.529966598000044, 32.0666559820001 ], [ 35.530043866000028, 32.066462886000124 ], [ 35.530170925000164, 32.066311795000161 ], [ 35.530347625000047, 32.066160720000141 ], [ 35.530516159000115, 32.066088292000188 ], [ 35.530524734000039, 32.066084654000065 ], [ 35.530531524000082, 32.066081774 ], [ 35.530921047000049, 32.066032604000043 ], [ 35.531331997000109, 32.066007474000116 ], [ 35.531615390000013, 32.065988582000102 ], [ 35.531899739000039, 32.065959756000041 ], [ 35.531943243000057, 32.065955346000067 ], [ 35.531963257000143, 32.065953325000123 ], [ 35.532288926000149, 32.065862039000024 ], [ 35.532571980000114, 32.065746766000188 ], [ 35.532805330000087, 32.065613579000114 ], [ 35.53291107400014, 32.065426329000047 ], [ 35.53297415000003, 32.065245244000096 ], [ 35.532980760000044, 32.06510065700013 ], [ 35.532873395000138, 32.064823479000097 ], [ 35.532731311000077, 32.064697305000152 ], [ 35.532433396000044, 32.064631689 ], [ 35.532256302000121, 32.064620019000131 ], [ 35.531937421000123, 32.064614907000077 ], [ 35.531689505000031, 32.064651605000108 ], [ 35.531405813, 32.064716100000169 ], [ 35.531342288000189, 32.06473054200012 ], [ 35.531314179000049, 32.064736955000058 ], [ 35.531038076000073, 32.064804016000153 ], [ 35.53083295700003, 32.064870900000187 ], [ 35.530744147000178, 32.064885213000025 ], [ 35.53071464300001, 32.064889961000063 ], [ 35.530415041000083, 32.064938176000055 ], [ 35.530159927000113, 32.064950935000184 ], [ 35.529961048000132, 32.064812782 ], [ 35.529946462000169, 32.064662046000137 ], [ 35.529981057999976, 32.06442678600007 ], [ 35.530128857000079, 32.064149106000173 ], [ 35.53024136800002, 32.063907591000145 ], [ 35.530353984000101, 32.063696370000173 ], [ 35.53058806100006, 32.06348738000014 ], [ 35.53099870300008, 32.063376437999977 ], [ 35.531008544000088, 32.063373786000113 ], [ 35.531083674000115, 32.063353540000037 ], [ 35.531650550000109, 32.063394242000072 ], [ 35.532210622999969, 32.063477231999968 ], [ 35.532550994000189, 32.063524703000098 ], [ 35.532742444, 32.06357240900013 ], [ 35.53298376500004, 32.063686357000165 ], [ 35.533140163000155, 32.063836732000084 ], [ 35.533374772000116, 32.06406525500006 ], [ 35.533588095000084, 32.064263674000074 ], [ 35.533730222000031, 32.064401967000038 ], [ 35.533928874000139, 32.064473749000115 ], [ 35.534085223000034, 32.064469763000147 ], [ 35.534106906000147, 32.064469210000027 ], [ 35.534191123000085, 32.064467164000177 ], [ 35.534424722000153, 32.064406261000045 ], [ 35.534622675000094, 32.064279082999974 ], [ 35.534805912000081, 32.06401328600009 ], [ 35.534748707, 32.063838566000072 ], [ 35.534663106000153, 32.063682095000161 ], [ 35.534485001000064, 32.063429337 ], [ 35.534314176000066, 32.06317655800018 ], [ 35.534157609000147, 32.062977855000156 ], [ 35.5339798440001, 32.062821617 ], [ 35.533773871, 32.062689547000105 ], [ 35.533454616000142, 32.062575797000079 ], [ 35.533248895000099, 32.062516010000024 ], [ 35.532837685000175, 32.062414470000192 ], [ 35.532539801000041, 32.062354914000025 ], [ 35.532128550000039, 32.062289729000042 ], [ 35.531419942000014, 32.062267420000069 ], [ 35.531030311000052, 32.062280379000185 ], [ 35.530449213999987, 32.062287898000193 ], [ 35.530208233000053, 32.062270468000179 ], [ 35.530023840000183, 32.062204562000034 ], [ 35.529640576000077, 32.062048693000179 ], [ 35.529519866000044, 32.061928519 ], [ 35.529524150000043, 32.061779710000053 ], [ 35.529587210999978, 32.061592707000102 ], [ 35.529770683000095, 32.061344956000141 ], [ 35.529904478000049, 32.061133681000172 ], [ 35.529988817000174, 32.060928448000141 ], [ 35.530122480000159, 32.060632629000111 ], [ 35.530220841000187, 32.060415384000123 ], [ 35.530369090000136, 32.060221969000054 ], [ 35.53049591100006, 32.060052843000051 ], [ 35.530692006000038, 32.05982013400012 ], [ 35.530698869000162, 32.059811990000128 ], [ 35.53071342700008, 32.05979471500001 ], [ 35.531002044000104, 32.059665763 ], [ 35.531221814000162, 32.059627730000159 ], [ 35.531448371000181, 32.059734108999976 ], [ 35.531619251999984, 32.060102575000087 ], [ 35.531765728000039, 32.060447570000122 ], [ 35.531858164000028, 32.06057401400011 ], [ 35.53200743900004, 32.06067607600005 ], [ 35.53202258500005, 32.060674323000171 ], [ 35.532033570000181, 32.060673051000038 ], [ 35.532219810000129, 32.060651444000143 ], [ 35.532304437000107, 32.060530614000072 ], [ 35.532346163, 32.060301392000099 ], [ 35.53230284100016, 32.060072386000172 ], [ 35.53224560200016, 32.05988568600003 ], [ 35.532138740000164, 32.059513114000083 ], [ 35.53204987700019, 32.059272809 ], [ 35.53189851000019, 32.059091421000119 ], [ 35.531709363000061, 32.058894061000103 ], [ 35.53143248900011, 32.058782456000017 ], [ 35.531212277000179, 32.058692126000039 ], [ 35.531004715000051, 32.058623179999984 ], [ 35.530684110000095, 32.058592 ], [ 35.530131440000162, 32.058630729000186 ], [ 35.529924230000063, 32.058663377000016 ], [ 35.529716983000071, 32.058685313000069 ], [ 35.529522217000135, 32.058680447000029 ], [ 35.529258033000133, 32.058600932000104 ], [ 35.529100736000146, 32.058521008000071 ], [ 35.528980793000073, 32.058382373000086 ], [ 35.528980314000137, 32.058243297000104 ], [ 35.529055155000037, 32.058066693000058 ], [ 35.529361452000046, 32.057643627000061 ], [ 35.529474033000042, 32.057472282000163 ], [ 35.52962901300009, 32.057168659000183 ], [ 35.529728521000152, 32.05690110900008 ], [ 35.529796629000089, 32.056596155000079 ], [ 35.529833354, 32.056307342000082 ], [ 35.529794189000086, 32.055890494000039 ], [ 35.529730283000106, 32.055591225000057 ], [ 35.529654116000131, 32.055334822000077 ], [ 35.529609531000062, 32.055169227000135 ], [ 35.529520057000127, 32.054747852000162 ], [ 35.529525585000044, 32.05452858700005 ], [ 35.529612869000175, 32.05431461 ], [ 35.529863394000188, 32.054084022000154 ], [ 35.530126421000034, 32.05388031200016 ], [ 35.530283061000034, 32.053724781000142 ], [ 35.530395343000066, 32.05351609600001 ], [ 35.530432550000057, 32.053366216000086 ], [ 35.530437985000049, 32.053120319000072 ], [ 35.530418624000163, 32.052975937000042 ], [ 35.530254566000053, 32.052757235000058 ], [ 35.530096965000098, 32.052634620000106 ], [ 35.529744336000135, 32.052379475000066 ], [ 35.529574198000091, 32.052219547000163 ], [ 35.529479339000147, 32.052059431000032 ], [ 35.529409701000077, 32.051920529000085 ], [ 35.529402751000191, 32.051728207000167 ], [ 35.529395966999971, 32.051583793000134 ], [ 35.529489441000067, 32.051343029000066 ], [ 35.529677127000184, 32.051123305000033 ], [ 35.529908432000184, 32.050791311000069 ], [ 35.530070950000152, 32.050566297000103 ], [ 35.530089183000143, 32.050384478000069 ], [ 35.529875019000031, 32.050219309 ], [ 35.529686505000029, 32.050198361000071 ], [ 35.52939135400004, 32.050247291 ], [ 35.52904640200012, 32.050392444000067 ], [ 35.528989530000047, 32.050421662000133 ], [ 35.52896068900003, 32.050436480000144 ], [ 35.528701563000084, 32.050569724000127 ], [ 35.528515188000029, 32.050642616000118 ], [ 35.528487563000169, 32.050653456000134 ], [ 35.528412914000114, 32.050682748000099 ], [ 35.528262342000062, 32.050725959000033 ], [ 35.528086455000164, 32.050721044000056 ], [ 35.527901130000032, 32.050569043000166 ], [ 35.52766114800005, 32.0504962280001 ], [ 35.527296143000171, 32.050391031000174 ], [ 35.527104279000071, 32.050358817000188 ], [ 35.526854761000038, 32.050351265000074 ], [ 35.526695003000157, 32.050417723000066 ], [ 35.526560687000028, 32.050473598000167 ], [ 35.526548790000049, 32.050478559000169 ], [ 35.526538713000036, 32.050482669000132 ], [ 35.526479848, 32.05054087100018 ], [ 35.526411233000147, 32.050602476 ], [ 35.526353378000067, 32.050665748000085 ], [ 35.526347772000122, 32.050671256000044 ], [ 35.526249693000068, 32.050777322000101 ], [ 35.526099031000058, 32.050941009000042 ], [ 35.526081157000192, 32.050938374999987 ], [ 35.526072778000071, 32.050937137000062 ], [ 35.525772606000146, 32.050892779000151 ], [ 35.525484201000154, 32.050689457000033 ], [ 35.525310668000088, 32.050453018999974 ], [ 35.525204116000168, 32.050159490000112 ], [ 35.525155081000094, 32.049849333000111 ], [ 35.525134696000123, 32.049498380000159 ], [ 35.525228733000176, 32.048934796000026 ], [ 35.525265586000103, 32.048485631000119 ], [ 35.525264696000193, 32.048224390000087 ], [ 35.525148827000123, 32.048012469000014 ], [ 35.52498550700011, 32.047906769000178 ], [ 35.524658760000136, 32.047760607000157 ], [ 35.524332565000066, 32.047728720000066 ], [ 35.524051824000026, 32.04775337000018 ], [ 35.524040317000072, 32.047754380000072 ], [ 35.524025432000144, 32.047755686000187 ], [ 35.524007304000065, 32.047757272000126 ], [ 35.523853093000184, 32.047770763000131 ], [ 35.523431333000133, 32.047902423000153 ], [ 35.523279744000092, 32.048013605000108 ], [ 35.523267291000025, 32.0480227380001 ], [ 35.523163486000101, 32.04809894300007 ], [ 35.522972403000153, 32.048344450000059 ], [ 35.522935013999984, 32.048638334000032 ], [ 35.523113950000038, 32.049106416000029 ], [ 35.523117949000152, 32.049116972000036 ], [ 35.523118962000126, 32.049119648000044 ], [ 35.523313792000067, 32.04937640300011 ], [ 35.523342978000187, 32.049414865000074 ], [ 35.523446512000021, 32.049551432000101 ], [ 35.523447786000133, 32.049585812000089 ], [ 35.523448114000189, 32.049595311000076 ], [ 35.523453715000187, 32.049757765000038 ], [ 35.523454573000095, 32.049782644000061 ], [ 35.5234571310001, 32.049853515000109 ], [ 35.523389930000178, 32.049991909000028 ], [ 35.523343824000051, 32.050087011000073 ], [ 35.523314353000046, 32.050147799000115 ], [ 35.522912823000013, 32.050589545000093 ], [ 35.52266407500008, 32.050761639000143 ], [ 35.522367291000194, 32.05096654200014 ], [ 35.521936168000138, 32.051122594000049 ], [ 35.521581778000098, 32.051270428 ], [ 35.521284471000115, 32.051320189000137 ], [ 35.521054335000088, 32.051320750000116 ], [ 35.520814355000141, 32.051296816999979 ], [ 35.520574158000045, 32.051158606 ], [ 35.520507884000097, 32.051080987000091 ], [ 35.520496758000036, 32.051067960000182 ], [ 35.520448919000103, 32.051011945000027 ], [ 35.520424432000084, 32.050883910000039 ], [ 35.520418777000089, 32.050854341000161 ], [ 35.520409853000046, 32.050808005000079 ], [ 35.520480805000091, 32.050603656000135 ], [ 35.520501428000102, 32.050544149000075 ], [ 35.520571418000031, 32.050342193000063 ], [ 35.52078101800015, 32.049941644000057 ], [ 35.521326026000111, 32.04940965600008 ], [ 35.521684152000091, 32.049047070000086 ], [ 35.521827605000112, 32.048840127000119 ], [ 35.521841386000119, 32.048820247000094 ], [ 35.521894074000045, 32.048744451 ], [ 35.521950877, 32.048515759000111 ], [ 35.521950135000111, 32.048295381000173 ], [ 35.521824814000183, 32.048124201000064 ], [ 35.521586532000185, 32.047963020000111 ], [ 35.52105521500016, 32.047889072000032 ], [ 35.52064219, 32.04786485600016 ], [ 35.520243848000064, 32.047828201000073 ], [ 35.520022570000094, 32.047803657000145 ], [ 35.519697557000086, 32.047628733000067 ], [ 35.519578926000122, 32.047478392000187 ], [ 35.519445196000106, 32.047164912000142 ], [ 35.519325855000091, 32.046750931000076 ], [ 35.519352137000112, 32.046249094000075 ], [ 35.519353541000044, 32.046223726000107 ], [ 35.519377188000135, 32.046135449000133 ], [ 35.519484753000086, 32.04573389400008 ], [ 35.519822847000171, 32.045419272000117 ], [ 35.520000313000082, 32.045308252000041 ], [ 35.520067512000082, 32.045266214000094 ], [ 35.520095402000038, 32.045245434000151 ], [ 35.520109941000101, 32.045239619000085 ], [ 35.520133982000061, 32.045224570000187 ], [ 35.52020552700003, 32.04517978500013 ], [ 35.520676843000103, 32.04497784300014 ], [ 35.520900888000085, 32.044762091000052 ], [ 35.520911995000063, 32.044751395000048 ], [ 35.521014130000026, 32.04442480400013 ], [ 35.520982867000043, 32.043885059000104 ], [ 35.520981730000017, 32.043546178000042 ], [ 35.521033770000088, 32.043229006000104 ], [ 35.521036907000052, 32.043209993000062 ], [ 35.521039444, 32.043194613000026 ], [ 35.521215484000038, 32.042905462000135 ], [ 35.521247379000101, 32.042879553000034 ], [ 35.521352587000081, 32.042794092000179 ], [ 35.52150964700013, 32.042666327000177 ], [ 35.521881178, 32.042411927000103 ], [ 35.521918501000187, 32.042386359000091 ], [ 35.522171833000186, 32.042212816000074 ], [ 35.522348299000043, 32.042099376000067 ], [ 35.522412041000166, 32.042035172000112 ], [ 35.522443098000167, 32.04200389000016 ], [ 35.522598241000139, 32.041847667000127 ], [ 35.522560294000073, 32.041681769999968 ], [ 35.522275354000158, 32.041514082000162 ], [ 35.52204646500013, 32.041435732000082 ], [ 35.521823716000085, 32.041362723000134 ], [ 35.521613320000085, 32.041273760000138 ], [ 35.521371856000144, 32.041095536000171 ], [ 35.521241498000052, 32.04094860400005 ], [ 35.521148384000128, 32.040806796000084 ], [ 35.52107292300019, 32.04045456800003 ], [ 35.52107203900016, 32.040191637000078 ], [ 35.520990907000169, 32.039923545000079 ], [ 35.520872783000186, 32.039724025000112 ], [ 35.520717817000161, 32.0395877200001 ], [ 35.52045748900008, 32.039356842000188 ], [ 35.520318387000145, 32.039116086000149 ], [ 35.520287132000135, 32.038971591000177 ], [ 35.520277357000111, 32.03892652400009 ], [ 35.520268314000134, 32.03888483500009 ], [ 35.520273146000193, 32.038861154000188 ], [ 35.520281172000182, 32.038821817000041 ], [ 35.520347240000092, 32.038495454000156 ], [ 35.520364939000046, 32.038248258000124 ], [ 35.520265177000169, 32.037948647000121 ], [ 35.520096930000193, 32.037549300000023 ], [ 35.519879087, 32.037060736000115 ], [ 35.519742104000159, 32.036809406000089 ], [ 35.51953736500019, 32.036578530000156 ], [ 35.519134726000175, 32.036279652000133 ], [ 35.51894255600007, 32.036096091000104 ], [ 35.518916979000153, 32.03601541300003 ], [ 35.518907317000071, 32.035984928000062 ], [ 35.51889257, 32.035938395000016 ], [ 35.518900209000037, 32.035910488000127 ], [ 35.518905152000173, 32.035892429000171 ], [ 35.518947650000143, 32.035738312000092 ], [ 35.519071171000121, 32.035625147000076 ], [ 35.519096202000185, 32.035602226000037 ], [ 35.519212503000119, 32.035495732000072 ], [ 35.519608139000184, 32.035202659999982 ], [ 35.519665953000128, 32.035159834000183 ], [ 35.519945973000063, 32.034952302000079 ], [ 35.520321637000052, 32.034556844000065 ], [ 35.520568083000171, 32.034351223000158 ], [ 35.520846217000098, 32.034371542000144 ], [ 35.520862775000069, 32.034381642000085 ], [ 35.520877049000148, 32.034390348000102 ], [ 35.521155851000117, 32.034560170000134 ], [ 35.521213910000085, 32.034608641000148 ], [ 35.521221455000045, 32.034614932000068 ], [ 35.521589636000044, 32.034921950000069 ], [ 35.521766375000027, 32.035030520000134 ], [ 35.521785896000154, 32.035042510999972 ], [ 35.521973538000054, 32.03515773800018 ], [ 35.522210068000049, 32.035235948000093 ], [ 35.522218466000027, 32.035238725000056 ], [ 35.522258045000058, 32.035251734000155 ], [ 35.522285007000107, 32.035251668000171 ], [ 35.522291956000061, 32.035251651000067 ], [ 35.522302964000119, 32.035251637000044 ], [ 35.522509815000092, 32.035251381000023 ], [ 35.522525029000121, 32.03525136200011 ], [ 35.522597813000061, 32.035250902000087 ], [ 35.52291242299998, 32.035050183000067 ], [ 35.523029190000159, 32.034897433000083 ], [ 35.52312984800011, 32.03467821400011 ], [ 35.523123106000128, 32.034494204000168 ], [ 35.523048342000152, 32.034299794000106 ], [ 35.522936789000084, 32.03418325500013 ], [ 35.522915110000156, 32.034160567000185 ], [ 35.522837519000177, 32.034079367000061 ], [ 35.522577377000175, 32.033901190000165 ], [ 35.522317415000146, 32.033775571000149 ], [ 35.52213792800012, 32.033723451000071 ], [ 35.52198322400011, 32.033613359000071 ], [ 35.521993366000061, 32.033560195000064 ], [ 35.521993954000095, 32.033557110000118 ], [ 35.522013461000029, 32.033455466000021 ], [ 35.522222515000124, 32.03325035600011 ], [ 35.522245134000116, 32.033228171000133 ], [ 35.522309072999974, 32.033165459000088 ], [ 35.522543288000122, 32.032965076000153 ], [ 35.522685004000095, 32.032854259000146 ], [ 35.52267979200019, 32.032486641000105 ], [ 35.522585327000115, 32.03209049600008 ], [ 35.522435500000086, 32.031855970000038 ], [ 35.522018407000076, 32.031682966000119 ], [ 35.521821808000084, 32.031656676000068 ], [ 35.521452626000098, 32.031711121000058 ], [ 35.521130674000119, 32.031792224000071 ], [ 35.520903187000044, 32.031926500000168 ], [ 35.520652054000095, 32.032014193000066 ], [ 35.520463631000041, 32.032108214000118 ], [ 35.520283091000067, 32.032135426000082 ], [ 35.520102163000161, 32.032095707000053 ], [ 35.519881261000194, 32.031875581000122 ], [ 35.519841228000189, 32.031628101000081 ], [ 35.519882700000039, 32.031579483000144 ], [ 35.519888684000193, 32.031572467000103 ], [ 35.520052625000176, 32.031380011000181 ], [ 35.520515081000042, 32.031024363000085 ], [ 35.520985496000151, 32.030675314000064 ], [ 35.521298921000096, 32.030420352000078 ], [ 35.521588743000052, 32.03013205000002 ], [ 35.521816045000037, 32.029944226000111 ], [ 35.522035655000082, 32.029829978000066 ], [ 35.522357667000108, 32.029768881999985 ], [ 35.522703737000143, 32.02982834300002 ], [ 35.522869213000149, 32.029995056000075 ], [ 35.523034900000084, 32.03017529400006 ], [ 35.523239775999969, 32.030301889000157 ], [ 35.523499310000147, 32.030401579000056 ], [ 35.523797925000054, 32.030367451000075 ], [ 35.523931327000128, 32.030293570000083 ], [ 35.524025112000118, 32.030146089000027 ], [ 35.524071654000068, 32.03001817 ], [ 35.52406911900016, 32.030008158000101 ], [ 35.524015992000102, 32.029798348000156 ], [ 35.523834251000039, 32.029517824000038 ], [ 35.523637164000036, 32.029297505000159 ], [ 35.523377285000095, 32.029046058000063 ], [ 35.523211515000071, 32.028792267000142 ], [ 35.523061361000089, 32.028558443000122 ], [ 35.522950351000134, 32.028257735000125 ], [ 35.522870767000086, 32.027956950000032 ], [ 35.522775628000147, 32.027702984000143 ], [ 35.522601825000038, 32.027469218000135 ], [ 35.522341908000158, 32.027302598000063 ], [ 35.522090204000108, 32.027216272000032 ], [ 35.52183039900018, 32.027083043000118 ], [ 35.521539174000168, 32.026950032000173 ], [ 35.521381409000128, 32.026763149000089 ], [ 35.521269185000108, 32.026590809000027 ], [ 35.521251849000066, 32.02647560600019 ], [ 35.521250575000181, 32.026467137000111 ], [ 35.521244496000122, 32.026426586000071 ], [ 35.521237039000084, 32.026376849000087 ], [ 35.52124424200008, 32.026350977999982 ], [ 35.521251094000093, 32.026326369000174 ], [ 35.521283617000051, 32.02620947600019 ], [ 35.521471432000055, 32.025988355000095 ], [ 35.521910529000081, 32.025679538000077 ], [ 35.52244412400006, 32.025437420000117 ], [ 35.522655993000114, 32.02533643400011 ], [ 35.522649624, 32.025213154000028 ], [ 35.522645528000055, 32.025133004000111 ], [ 35.522639176000041, 32.025008721000063 ], [ 35.52250492200011, 32.024828405000051 ], [ 35.522213252000142, 32.024561535000032 ], [ 35.521834805000026, 32.024214696000172 ], [ 35.521629685999983, 32.023960997000074 ], [ 35.521271817000127, 32.023533932000134 ], [ 35.520870786000103, 32.023107954000068 ], [ 35.52066584, 32.022855099000026 ], [ 35.520494940000106, 32.022594835000177 ], [ 35.520460094000043, 32.022363406000125 ], [ 35.520493461000058, 32.022153371000059 ], [ 35.520569378, 32.022049264000088 ], [ 35.520609368000123, 32.021994425000059 ], [ 35.520621556000094, 32.021980022000037 ], [ 35.520625353000128, 32.021977618000165 ], [ 35.520891888000051, 32.021804921000182 ], [ 35.52126556900015, 32.021673668000062 ], [ 35.521724628000015, 32.021650849000025 ], [ 35.522073789000046, 32.0218020370001 ], [ 35.522320950000164, 32.021967988000085 ], [ 35.522806604000039, 32.02227792400015 ], [ 35.523266644000103, 32.022544664000179 ], [ 35.523479495, 32.022638268000151 ], [ 35.523828221000088, 32.022659112000099 ], [ 35.524286892000134, 32.022520458000145 ], [ 35.52466876200009, 32.022316890000184 ], [ 35.52494004800019, 32.02208456600016 ], [ 35.52513445500017, 32.021714907000046 ], [ 35.525176173000091, 32.021483149 ], [ 35.525147079000135, 32.021341608000114 ], [ 35.52514657200004, 32.021339213000033 ], [ 35.525132954000128, 32.021273443000098 ], [ 35.525131020000174, 32.02126855400013 ], [ 35.525055710000117, 32.021078193000108 ], [ 35.524825582000119, 32.020912208000141 ], [ 35.524205039000037, 32.020964462 ], [ 35.523678253000128, 32.02105974400007 ], [ 35.523372281000036, 32.021111221000183 ], [ 35.523006913000188, 32.021155517000125 ], [ 35.522555926000052, 32.021069824000051 ], [ 35.522378495000055, 32.020941841000024 ], [ 35.522372720000192, 32.020937675000027 ], [ 35.522325800000033, 32.020903832000158 ], [ 35.522188591000145, 32.020776645000183 ], [ 35.522171099000104, 32.020760481000082 ], [ 35.522146616000157, 32.020737858000075 ], [ 35.522142303000066, 32.020722190000015 ], [ 35.522139251000169, 32.02071110300011 ], [ 35.52212150400004, 32.020647315000133 ], [ 35.52211597500019, 32.020627336000189 ], [ 35.522086511000055, 32.020520862000069 ], [ 35.522077130000071, 32.020289233000028 ], [ 35.522247492000133, 32.019959504000155 ], [ 35.522263306000184, 32.019928897000057 ], [ 35.522266772000137, 32.01992733700007 ], [ 35.522276846000068, 32.019923086000176 ], [ 35.522534980000103, 32.019812405000152 ], [ 35.523206555000172, 32.019789058000129 ], [ 35.52447364000011, 32.019843858 ], [ 35.526046711000163, 32.019854489000124 ], [ 35.526820642000132, 32.019873847000099 ], [ 35.526850110000112, 32.019881806000114 ], [ 35.526867988000163, 32.019886267000061 ], [ 35.527263944000083, 32.019985755000107 ], [ 35.527552184000115, 32.020119466000097 ], [ 35.527892884000039, 32.02011791200016 ], [ 35.528123852000135, 32.01999728300018 ], [ 35.528613039000049, 32.01950387100004 ], [ 35.528808204000143, 32.019169006000141 ], [ 35.528872996000132, 32.018964666000102 ], [ 35.52888305099998, 32.01871382500002 ], [ 35.528870919000042, 32.0183610200001 ], [ 35.528782867000075, 32.018101263000176 ], [ 35.528628899000125, 32.017767410000147 ], [ 35.528431471000147, 32.017442826000149 ], [ 35.528135962000079, 32.017164987000172 ], [ 35.527950089000058, 32.017026232000148 ], [ 35.527545596000095, 32.016748522000057 ], [ 35.526726304000192, 32.016369963000102 ], [ 35.525828672000159, 32.015956363000157 ], [ 35.525063963000036, 32.015624016000118 ], [ 35.52455004900014, 32.015263148000088 ], [ 35.524309805000144, 32.015133681000123 ], [ 35.523818608000113, 32.015032729000097 ], [ 35.523436649000189, 32.015005767 ], [ 35.523240091000105, 32.01493199100014 ], [ 35.523076026000126, 32.014783876000024 ], [ 35.523018158000127, 32.014698440000075 ], [ 35.523009708000131, 32.014685965000183 ], [ 35.52300269400007, 32.014675608000118 ], [ 35.522946549000153, 32.014592698000058 ], [ 35.522954349000088, 32.014355530000103 ], [ 35.523075655000184, 32.014184732000047 ], [ 35.523080534000144, 32.014181276000102 ], [ 35.523091825999984, 32.014173278000158 ], [ 35.523115940000025, 32.014115306000122 ], [ 35.52321127200014, 32.01408801700012 ], [ 35.523221356000079, 32.014080822000153 ], [ 35.523284196000134, 32.014035984000145 ], [ 35.523692894000192, 32.013901540000063 ], [ 35.524101980000125, 32.013833743000191 ], [ 35.524902962000112, 32.013846708000131 ], [ 35.524999342000115, 32.013852238000027 ], [ 35.525023053000041, 32.013853597999969 ], [ 35.525585124000088, 32.013885885999969 ], [ 35.52562399500016, 32.013888187000077 ], [ 35.52564318300017, 32.013889266000092 ], [ 35.525982655000178, 32.013872785000046 ], [ 35.525984802000096, 32.013871935000168 ], [ 35.525990010000157, 32.013869849000173 ], [ 35.526147975000185, 32.013806572000192 ], [ 35.526304082000024, 32.013657809000051 ], [ 35.526399127, 32.013450014000171 ], [ 35.526562850000118, 32.012915986000053 ], [ 35.526716905000171, 32.012166955000168 ], [ 35.526863394000145, 32.011721742000191 ], [ 35.527002046000064, 32.011499043000128 ], [ 35.527059080000186, 32.011460022000165 ], [ 35.527075632000106, 32.011448698000152 ], [ 35.527219171000183, 32.011350267000068 ], [ 35.527471496000032, 32.011290319000068 ], [ 35.527952082000184, 32.011387899000169 ], [ 35.528343777000146, 32.011364661000187 ], [ 35.528384921000168, 32.011324101000014 ], [ 35.528388773000131, 32.011320304000151 ], [ 35.528517331000103, 32.011193727000091 ], [ 35.528577399000142, 32.010963756000137 ], [ 35.528559146000134, 32.010704387000089 ], [ 35.528375415000085, 32.010415701 ], [ 35.528104723000069, 32.010231081000029 ], [ 35.527930294000157, 32.010098073000051 ], [ 35.527781854000125, 32.00997247100014 ], [ 35.527746273000105, 32.009772327000064 ], [ 35.527780481999969, 32.009572152000146 ], [ 35.527892509000139, 32.009458226000106 ], [ 35.527897159000133, 32.009453498000084 ], [ 35.527919243000042, 32.009431038000173 ], [ 35.528335454000057, 32.008940765000034 ], [ 35.528578319000189, 32.008680605000166 ], [ 35.528638448000095, 32.008421043000169 ], [ 35.528647453000076, 32.008250379000117 ], [ 35.528647997000121, 32.008240188000059 ], [ 35.528654446000189, 32.008119456000031 ], [ 35.52860142600008, 32.007897094999976 ], [ 35.528435138000134, 32.007630766999966 ], [ 35.528234269000166, 32.007453301000055 ], [ 35.528122286000041, 32.00734042300013 ], [ 35.528121593000037, 32.007339725000065 ], [ 35.528050737000058, 32.007268463 ], [ 35.527832682000053, 32.007143032000045 ], [ 35.527623516000176, 32.007054499000105 ], [ 35.527414343000146, 32.007010632000117 ], [ 35.527083787000151, 32.007063308 ], [ 35.527005942000017, 32.007099413000049 ], [ 35.526979935000099, 32.007111474999988 ], [ 35.526666563000106, 32.007257107000157 ], [ 35.526345260000085, 32.007502521000049 ], [ 35.526136768000072, 32.007658601000173 ], [ 35.525772148999977, 32.007956118000152 ], [ 35.525580752000053, 32.007986180000159 ], [ 35.525380340000027, 32.007942148000097 ], [ 35.525249446000032, 32.007868354000038 ], [ 35.525100738000162, 32.00766116200009 ], [ 35.525099630000057, 32.007335099000045 ], [ 35.525272501000074, 32.006963943000073 ], [ 35.525358318000144, 32.00688369500017 ], [ 35.525375693000058, 32.006867447000047 ], [ 35.525411523000173, 32.006802963000041 ], [ 35.525523720000137, 32.006728708000026 ], [ 35.525548540000045, 32.006705454000098 ], [ 35.525550260000045, 32.006703842000093 ], [ 35.525553975000093, 32.006701855000017 ], [ 35.525607703000048, 32.006673124000088 ], [ 35.525828397000055, 32.006554918000063 ], [ 35.52624549300009, 32.006324064000125 ], [ 35.526488483000094, 32.006101107000063 ], [ 35.526545337000186, 32.005994581000152 ], [ 35.526562724000144, 32.005962093000107 ], [ 35.526583622000089, 32.005923044000156 ], [ 35.526606303000108, 32.005785039000045 ], [ 35.526588100000083, 32.00553961900016 ], [ 35.526391695000086, 32.005286042000023 ], [ 35.526380479000068, 32.005271560000097 ], [ 35.52636187600001, 32.005247512000039 ], [ 35.526191347000065, 32.005139294000173 ], [ 35.526150137000172, 32.005113117000064 ], [ 35.526124394000078, 32.005096765000133 ], [ 35.525976539000055, 32.005042457000059 ], [ 35.525971681000158, 32.00504067300011 ], [ 35.525851532000104, 32.004996547000189 ], [ 35.525626238000086, 32.004976955000132 ], [ 35.525282785000172, 32.005028249000134 ], [ 35.52493988100008, 32.005241023000167 ], [ 35.52462099700017, 32.005564629999981 ], [ 35.524432313000148, 32.005672312000058 ], [ 35.524421622000091, 32.005678413999988 ], [ 35.52440808800003, 32.005686197000045 ], [ 35.524287280000181, 32.005708194000135 ], [ 35.524192534000122, 32.005725454000185 ], [ 35.524182999000118, 32.005727191000062 ], [ 35.524088920000111, 32.005731509000043 ], [ 35.524087619000056, 32.005731567000055 ], [ 35.523946067000054, 32.005737919000069 ], [ 35.523732267000128, 32.005597113000135 ], [ 35.523636728000156, 32.005365270000027 ], [ 35.523647686000174, 32.005133166000178 ], [ 35.523824425000157, 32.004830060000131 ], [ 35.524143034000133, 32.004425572000059 ], [ 35.524168113000144, 32.004409061000047 ], [ 35.524186431000089, 32.004397001000143 ], [ 35.524210141000083, 32.004367069000125 ], [ 35.524540799000079, 32.004151792000187 ], [ 35.524584890000085, 32.004134494000141 ], [ 35.524603409000122, 32.004122283000129 ], [ 35.524604196999974, 32.004121763000057 ], [ 35.524911750000115, 32.003969669000128 ], [ 35.52506538800003, 32.003828099000145 ], [ 35.525206500000024, 32.0035047880001 ], [ 35.525537111000119, 32.003130704000057 ], [ 35.525974619000067, 32.002877253000122 ], [ 35.52635337300012, 32.00275527499997 ], [ 35.52645647900016, 32.002735366000024 ], [ 35.526479791000099, 32.002730865000103 ], [ 35.527040325000144, 32.002622385 ], [ 35.527348559000075, 32.002672063000034 ], [ 35.527551003000099, 32.002974235000181 ], [ 35.527765493000061, 32.00331681199998 ], [ 35.527962863000084, 32.003334005999989 ], [ 35.527969942000027, 32.003334623000171 ], [ 35.527990783000064, 32.003336404000038 ], [ 35.528251211000111, 32.003234863000046 ], [ 35.528392727000096, 32.00303272900004 ], [ 35.528438981000193, 32.002729940000108 ], [ 35.528343261000089, 32.002447657000118 ], [ 35.528200083000172, 32.002165492000131 ], [ 35.527902723000068, 32.001863418000028 ], [ 35.527558106000072, 32.00157174800006 ], [ 35.527272864999986, 32.001330235000012 ], [ 35.526987625, 32.001088860000038 ], [ 35.526844762, 32.000897436 ], [ 35.526843934000112, 32.000655217000144 ], [ 35.526890007000134, 32.000153324999985 ], [ 35.527065936000042, 31.999618137000141 ], [ 35.527289698000061, 31.99919386900018 ], [ 35.527656600000057, 31.999092064000024 ], [ 35.527892356, 31.999182590000089 ], [ 35.52789833800017, 31.999184887000183 ], [ 35.527917709000064, 31.999192307000044 ], [ 35.528105640999968, 31.999218611000117 ], [ 35.528300639000122, 31.999231935000125 ], [ 35.528403614000013, 31.999335787000064 ], [ 35.528426911999986, 31.999359284000093 ], [ 35.528430895000099, 31.999363360000075 ], [ 35.528433881000126, 31.999366874000032 ], [ 35.528436042000067, 31.999369828000113 ], [ 35.528454480000164, 31.999395828000104 ], [ 35.52867614400003, 31.999708398000053 ], [ 35.528855723000049, 31.999950172000183 ], [ 35.529010757000094, 32.000122822000037 ], [ 35.529149138999969, 32.000212377000082 ], [ 35.529336462000117, 32.000301807000028 ], [ 35.529572095000162, 32.000301218000061 ], [ 35.529912932000059, 32.000168897000037 ], [ 35.530456225000137, 31.999814698000137 ], [ 35.530877652000129, 31.999509135000153 ], [ 35.531404539999983, 31.9990995980001 ], [ 35.531688491000125, 31.998967414000049 ], [ 35.531924022000169, 31.998939201999974 ], [ 35.532216697000138, 31.998986796000054 ], [ 35.532395949000033, 31.999131761000058 ], [ 35.532407467000098, 31.999163641000166 ], [ 35.532420159000083, 31.999198773000046 ], [ 35.532478096000034, 31.999359827000092 ], [ 35.532442382000056, 31.99959875900015 ], [ 35.53243269800015, 31.999663794000071 ], [ 35.532405202000177, 31.999848443000189 ], [ 35.532398596000178, 31.999892805000115 ], [ 35.532375878999972, 32.000017567000157 ], [ 35.53235072700005, 32.000155864000135 ], [ 35.532343541000159, 32.000418816000035 ], [ 35.532385396000166, 32.000757880000037 ], [ 35.532443385000079, 32.00107604700014 ], [ 35.532501425000078, 32.001408023000067 ], [ 35.532575402000077, 32.001663868000037 ], [ 35.532718952000039, 32.001811601000099 ], [ 35.532787475000134, 32.001843214000132 ], [ 35.532790337000165, 32.001844534000043 ], [ 35.532897994000109, 32.001894286000095 ], [ 35.533133627000154, 32.001893689000099 ], [ 35.533360627000093, 32.001740792000192 ], [ 35.533538605999979, 32.001518974000135 ], [ 35.533708022000155, 32.001165565000065 ], [ 35.533901741000136, 32.000763765000045 ], [ 35.53408740600014, 32.000424268000131 ], [ 35.534346422000056, 32.00011220100015 ], [ 35.534589089000121, 31.999807079000107 ], [ 35.534742509000068, 31.999516136000125 ], [ 35.534759695000048, 31.999323892 ], [ 35.534710142000108, 31.999102507000089 ], [ 35.534677034000026, 31.998950409000145 ], [ 35.53461151700003, 31.998798252000086 ], [ 35.534619015000146, 31.998625338000124 ], [ 35.534699786000147, 31.998459002000061 ], [ 35.534894493000024, 31.998389321000047 ], [ 35.535146366000163, 31.998354156000062 ], [ 35.535528403000058, 31.998422369000139 ], [ 35.535602264000033, 31.99852685500008 ], [ 35.535611328000073, 31.998539678000157 ], [ 35.535613853000029, 31.998552493000091 ], [ 35.535667733000025, 31.99873342300009 ], [ 35.535660504000077, 31.998982428000033 ], [ 35.535605765000071, 31.999262836000128 ], [ 35.535605116000113, 31.999266361000139 ], [ 35.535604966000108, 31.999271011000189 ], [ 35.535621625000147, 31.99949459100003 ], [ 35.53567940500011, 31.999750476000145 ], [ 35.535753320000083, 31.999985605000177 ], [ 35.535892405000141, 32.000227473999985 ], [ 35.536040764000063, 32.000471854000182 ], [ 35.53615089800013, 32.000614878000079 ], [ 35.536156029000097, 32.00062151100019 ], [ 35.536163191000185, 32.000630769000054 ], [ 35.536294984000165, 32.000723109999967 ], [ 35.536354151000182, 32.000764566000043 ], [ 35.53639045400007, 32.000789978000171 ], [ 35.536547703, 32.000882295999986 ], [ 35.536575965000054, 32.000899107000066 ], [ 35.536692529000106, 32.000968442000044 ], [ 35.536726888000032, 32.00098037000015 ], [ 35.536735243000066, 32.000983270000177 ], [ 35.536969181000075, 32.001064680000184 ], [ 35.537087285000098, 32.001086180000186 ], [ 35.537097414000129, 32.001088024000182 ], [ 35.537156318000029, 32.001098724000144 ], [ 35.537318791000075, 32.00107759399998 ], [ 35.537448444, 32.000987219000081 ], [ 35.537496491000184, 32.000779539000121 ], [ 35.537495855000145, 32.000599740000098 ], [ 35.537478483000143, 32.000315993000129 ], [ 35.537412351000171, 31.999990945000093 ], [ 35.537240458000042, 31.999638549000053 ], [ 35.537052439000036, 31.999306767000121 ], [ 35.536750535000124, 31.998940893000054 ], [ 35.536546539000085, 31.998719906000133 ], [ 35.536356144000081, 31.998558771000035 ], [ 35.536318331000075, 31.998526740000159 ], [ 35.536316299000077, 31.998525259000132 ], [ 35.536025071000097, 31.99831302500013 ], [ 35.535854089000168, 31.998216656000068 ], [ 35.535811252000087, 31.998132837000185 ], [ 35.535790152000118, 31.998091552 ], [ 35.535789978000139, 31.998088734000135 ], [ 35.535780035000073, 31.997894164000058 ], [ 35.535844386000178, 31.997714059000145 ], [ 35.536079741000037, 31.997637368000085 ], [ 35.53636404700012, 31.997608882000065 ], [ 35.536679199000048, 31.997661868000193 ], [ 35.536681873000134, 31.997662318000039 ], [ 35.536685676000161, 31.997664461000113 ], [ 35.536930054000152, 31.997802178000086 ], [ 35.536944974000107, 31.997810586000071 ], [ 35.537063929000112, 31.997876931000121 ], [ 35.537306773000125, 31.998093872000027 ], [ 35.537336838000044, 31.998120761000052 ], [ 35.537357362000137, 31.998139117000164 ], [ 35.537466716000097, 31.998231744000066 ], [ 35.537502149000147, 31.998261758000069 ], [ 35.537789397999973, 31.998504794000098 ], [ 35.538058700000079, 31.998815513000181 ], [ 35.538387094000086, 31.999189484999988 ], [ 35.538582644000087, 31.999358075000089 ], [ 35.53859004200018, 31.999364459000105 ], [ 35.538697419000073, 31.999457120000045 ], [ 35.538881747000062, 31.999538514000051 ], [ 35.539169889999982, 31.999564968000072 ], [ 35.539345470000114, 31.999510827000108 ], [ 35.539372588000049, 31.999502467000127 ], [ 35.539407815000061, 31.999491606000049 ], [ 35.539431194000144, 31.999484398000163 ], [ 35.539481737000131, 31.999468767000053 ], [ 35.539585235000175, 31.99932533600014 ], [ 35.539588770000194, 31.999296018000052 ], [ 35.539590850000025, 31.999278282000148 ], [ 35.539608509000118, 31.999127722000139 ], [ 35.539583733000029, 31.998902895000128 ], [ 35.539446802000157, 31.99866468800019 ], [ 35.539310398000055, 31.998528782000164 ], [ 35.539085482000132, 31.99833166500008 ], [ 35.538804457000026, 31.998073398000145 ], [ 35.538587596000127, 31.997862735000183 ], [ 35.538466926000126, 31.997685921000141 ], [ 35.538426065000181, 31.997447467000143 ], [ 35.538465405000068, 31.997256575000108 ], [ 35.538577029000066, 31.997120028000097 ], [ 35.538856475999978, 31.996935281 ], [ 35.53892544200005, 31.996919469000147 ], [ 35.538945363000153, 31.996914902000185 ], [ 35.539096369000049, 31.996880133000047 ], [ 35.539328323000063, 31.996825002000037 ], [ 35.539584570000045, 31.996858442000132 ], [ 35.539937324000107, 31.997061990000134 ], [ 35.540186678000111, 31.997388394000097 ], [ 35.540508689000035, 31.997919072000172 ], [ 35.54075809800014, 31.998306912000089 ], [ 35.540982758000098, 31.998476689000029 ], [ 35.541119134000155, 31.998558205000165 ], [ 35.541375408000079, 31.99859840300013 ], [ 35.541607344000056, 31.99853650600005 ], [ 35.541625988000192, 31.998478965 ], [ 35.541629600000135, 31.998467791000166 ], [ 35.54170219800011, 31.998243166000123 ], [ 35.541533446000187, 31.998032383000179 ], [ 35.54133276400006, 31.997862544999975 ], [ 35.54110788700001, 31.997631331000036 ], [ 35.540963285000146, 31.997468113000025 ], [ 35.540874569000096, 31.997304887000041 ], [ 35.540882963000058, 31.997215668000024 ], [ 35.540885402000185, 31.997189737000099 ], [ 35.540897670000163, 31.997059506000085 ], [ 35.540908858000194, 31.996997897000028 ], [ 35.540917517000082, 31.996949992000054 ], [ 35.540960585000107, 31.996711719000189 ], [ 35.541071287000193, 31.996318858000109 ], [ 35.541086670000141, 31.996134791000031 ], [ 35.540966092000133, 31.99598517700008 ], [ 35.540781503, 31.995828965000157 ], [ 35.540645059000099, 31.99572701600016 ], [ 35.540420602000097, 31.995611771000085 ], [ 35.540059870999983, 31.995442345000129 ], [ 35.53977933800013, 31.99532033700018 ], [ 35.539402816000063, 31.995219151000128 ], [ 35.53902629300012, 31.995117820000189 ], [ 35.538738067000054, 31.995064171000081 ], [ 35.53834567500013, 31.99501065000004 ], [ 35.538027473000056, 31.994942845000025 ], [ 35.537836191000054, 31.994902049000189 ], [ 35.537768965000168, 31.994875732000025 ], [ 35.537765856000192, 31.994874510000102 ], [ 35.537574082000106, 31.99479915500018 ], [ 35.537570933000154, 31.994797189000053 ], [ 35.537565462000146, 31.994792835000055 ], [ 35.537524532000134, 31.994767857999989 ], [ 35.537509088000093, 31.994748734000041 ], [ 35.537492208000117, 31.994735515000059 ], [ 35.537427845000025, 31.994685111000024 ], [ 35.537421593000033, 31.994651836000173 ], [ 35.537420092000161, 31.994643845000155 ], [ 35.537398864000181, 31.994531735000123 ], [ 35.537341216000016, 31.994313895000175 ], [ 35.537330429000122, 31.993974756000114 ], [ 35.537310470000136, 31.99366001400017 ], [ 35.537290344000098, 31.993345135000141 ], [ 35.537232811000024, 31.993159562000187 ], [ 35.537213413000018, 31.993144253000025 ], [ 35.53720563100012, 31.993138142000191 ], [ 35.537099670000146, 31.993054926000013 ], [ 35.536928783000121, 31.992982796000092 ], [ 35.536644283000044, 31.992951255000094 ], [ 35.536388167000155, 31.992951911000148 ], [ 35.536122738000131, 31.992936385000064 ], [ 35.535876071000075, 31.992896714000096 ], [ 35.535761920000084, 31.992783856000187 ], [ 35.535763905000181, 31.992742572000111 ], [ 35.535764386000153, 31.992732558000171 ], [ 35.535770692000142, 31.992598254000086 ], [ 35.536025818000098, 31.992363412000032 ], [ 35.536356745000035, 31.992104139000162 ], [ 35.536451110000087, 31.991950589000055 ], [ 35.536479009, 31.991797068000039 ], [ 35.536411918000056, 31.991619694000121 ], [ 35.536183503000075, 31.991361848999986 ], [ 35.536019780000117, 31.991210648000049 ], [ 35.535877052000046, 31.991057563000084 ], [ 35.535753421000038, 31.990928665000069 ], [ 35.535736025000176, 31.990683242999978 ], [ 35.535735212000191, 31.990671698000028 ], [ 35.535733416000085, 31.99064619100011 ], [ 35.535771562000036, 31.990611073000082 ], [ 35.535789285000135, 31.99059475700011 ], [ 35.53597913800013, 31.990419547000045 ], [ 35.536291303000098, 31.990233032000162 ], [ 35.536896951000131, 31.989908518000107 ], [ 35.537143038000181, 31.989786707000064 ], [ 35.537246937000134, 31.989665397000181 ], [ 35.53721583500004, 31.989612918000148 ], [ 35.537210963000177, 31.989604682 ], [ 35.537113377000082, 31.989439722000043 ], [ 35.536885620000191, 31.989367596000136 ], [ 35.536642306000147, 31.989291283000114 ], [ 35.536635910000143, 31.98928928100014 ], [ 35.536553422000054, 31.989263468000047 ], [ 35.53650344800019, 31.989251056000057 ], [ 35.536498273000177, 31.98924976800015 ], [ 35.536135912000134, 31.989159559000029 ], [ 35.535812831000158, 31.988966631000096 ], [ 35.535594133000188, 31.988789644000065 ], [ 35.535422969000024, 31.98863663000003 ], [ 35.535298889000103, 31.988378518000161 ], [ 35.535292885000104, 31.988337235000017 ], [ 35.535290756000052, 31.988322597000092 ], [ 35.535269744000061, 31.988176810000027 ], [ 35.535278518000098, 31.987991070000078 ], [ 35.535343825000041, 31.987708379000082 ], [ 35.53538343200006, 31.987404618000085 ], [ 35.535343604000161, 31.987221397999974 ], [ 35.535163988000193, 31.987061217000132 ], [ 35.53515784800004, 31.987054752000063 ], [ 35.535129458000029, 31.987030011000058 ], [ 35.534875487000022, 31.986808680000138 ], [ 35.53486265500004, 31.986797497000168 ], [ 35.534656393000034, 31.986581302000161 ], [ 35.534557817000064, 31.986381602000165 ], [ 35.534537211000099, 31.986114914000098 ], [ 35.534585185000026, 31.985839736000059 ], [ 35.534749835000127, 31.9853141480001 ], [ 35.534943917000192, 31.984838649000096 ], [ 35.535225428000103, 31.984212718000094 ], [ 35.535409987000037, 31.983803891000093 ], [ 35.535672410000188, 31.983535776000053 ], [ 35.53567916500009, 31.983528712000179 ], [ 35.535715135000032, 31.983491269000183 ], [ 35.535800072000086, 31.983402855000179 ], [ 35.536172775000068, 31.983137135 ], [ 35.536353039000062, 31.982966685000122 ], [ 35.536408570000162, 31.982914178000158 ], [ 35.536455695000029, 31.982869669000081 ], [ 35.536679791000097, 31.982610669000167 ], [ 35.536874214000136, 31.982235211000159 ], [ 35.537027875000149, 31.981834214000116 ], [ 35.537032785000179, 31.98182011 ], [ 35.537095873000055, 31.98163664600014 ], [ 35.537194136000153, 31.981350891000034 ], [ 35.537246020000168, 31.981261882000183 ], [ 35.537266443000135, 31.981226845000037 ], [ 35.537330364000013, 31.981117054000094 ], [ 35.537437613000122, 31.980963752000036 ], [ 35.537444098000037, 31.98095444400019 ], [ 35.537447153000187, 31.980950058000133 ], [ 35.537471477000054, 31.980939614000192 ], [ 35.537522095000156, 31.980917880000163 ], [ 35.537586144000045, 31.98089037900013 ], [ 35.53758784900009, 31.980889654000123 ], [ 35.537603477000175, 31.980883009000024 ], [ 35.537809085000106, 31.980915876000154 ], [ 35.538122809000129, 31.98104005700003 ], [ 35.538339165000082, 31.981165897000153 ], [ 35.538343862000033, 31.98116863100006 ], [ 35.538354748000074, 31.981174969000051 ], [ 35.538365672000054, 31.981181328000105 ], [ 35.538436576000095, 31.981222574000128 ], [ 35.53857901300006, 31.981342967000046 ], [ 35.538587561000043, 31.981350191000161 ], [ 35.538773517000152, 31.981507331000159 ], [ 35.538962024000057, 31.981844604000116 ], [ 35.539150897000127, 31.982285024000134 ], [ 35.539306307000174, 31.982659866000063 ], [ 35.539450345000034, 31.982903410000119 ], [ 35.539550803000168, 31.982969562000108 ], [ 35.539560542000174, 31.982975974999988 ], [ 35.539567593000129, 31.982980607000059 ], [ 35.53964919900011, 31.983034224000107 ], [ 35.539678367000079, 31.983034149000048 ], [ 35.539681106000046, 31.983034142000122 ], [ 35.539869410000165, 31.983033657000135 ], [ 35.540089586000079, 31.982976724000139 ], [ 35.540386069000192, 31.982760224000174 ], [ 35.540660596000066, 31.982506299000022 ], [ 35.540835491000053, 31.982130604000133 ], [ 35.540966008000112, 31.981642436000072 ], [ 35.541096592000088, 31.981219933000034 ], [ 35.541294174000086, 31.981041170000083 ], [ 35.541612802000145, 31.980824612000106 ], [ 35.541810248000161, 31.980561443000056 ], [ 35.54175409100003, 31.980298934000132 ], [ 35.541615879000119, 31.980205306000187 ], [ 35.541615147000073, 31.980204810000146 ], [ 35.541588537, 31.980186776000039 ], [ 35.541257863000169, 31.980131411000173 ], [ 35.540751028999978, 31.980048319000048 ], [ 35.540608102000135, 31.979977251000037 ], [ 35.540599772000178, 31.97997309800013 ], [ 35.540563389000113, 31.979954960000043 ], [ 35.540551675000188, 31.979776740000091 ], [ 35.540683330000149, 31.979607589000182 ], [ 35.541056869000101, 31.979353267000135 ], [ 35.541265525000085, 31.979174476000139 ], [ 35.54142973800009, 31.978911393000146 ], [ 35.541571828000144, 31.978610887000173 ], [ 35.541668803000107, 31.978268648000153 ], [ 35.541736130000061, 31.978002719000074 ], [ 35.5417355350001, 31.977836587000013 ], [ 35.541706820000115, 31.977771967000024 ], [ 35.541705702, 31.977769450000096 ], [ 35.541676538000104, 31.977703863000045 ], [ 35.541412956000158, 31.977638037000133 ], [ 35.541081367000174, 31.977647210999976 ], [ 35.540876530000162, 31.977598001 ], [ 35.540729960000135, 31.977523556000165 ], [ 35.540709218000188, 31.977501207000159 ], [ 35.540697396999974, 31.977488481000194 ], [ 35.540622257000166, 31.977407585000037 ], [ 35.540679773000136, 31.977125054000055 ], [ 35.540795632000027, 31.976792489000161 ], [ 35.540998586000114, 31.976268767000136 ], [ 35.541162597000096, 31.975811513000167 ], [ 35.541307357, 31.975379249000127 ], [ 35.541443310000147, 31.975212763000172 ], [ 35.541667010000026, 31.975037737000093 ], [ 35.541949153000189, 31.97488749900009 ], [ 35.542474934999973, 31.974636861000135 ], [ 35.542844812000112, 31.974428340000031 ], [ 35.543108839000013, 31.974205295000161 ], [ 35.543293284000129, 31.973963999000091 ], [ 35.543370534000132, 31.973747783000135 ], [ 35.543408083000088, 31.973340739000037 ], [ 35.543396928000163, 31.972950447000073 ], [ 35.5434433960001, 31.972310738000147 ], [ 35.543520464999972, 31.9720447790001 ], [ 35.543675794000137, 31.971844988000157 ], [ 35.543870118000029, 31.971686660000046 ], [ 35.544162527000026, 31.971636155 ], [ 35.544426184000031, 31.971726775000036 ], [ 35.544542937000017, 31.971786498000085 ], [ 35.544551213000034, 31.971788869000022 ], [ 35.544562482000117, 31.971796590000054 ], [ 35.544846172000177, 31.971941688000186 ], [ 35.545286311999973, 31.972289285000045 ], [ 35.54585338000004, 31.97271968300015 ], [ 35.546273664000125, 31.972967846000131 ], [ 35.546478596000043, 31.973000421999984 ], [ 35.546721835000028, 31.972883531000036 ], [ 35.546945220000111, 31.97262549800007 ], [ 35.547079680000024, 31.972052064000081 ], [ 35.547204990000125, 31.971644787 ], [ 35.547339930000078, 31.971204229000136 ], [ 35.547397269000101, 31.970880125000178 ], [ 35.54746745000017, 31.970360266000057 ], [ 35.547534391000113, 31.969994568000175 ], [ 35.547591636000107, 31.969645524000043 ], [ 35.547586568000042, 31.96960170300008 ], [ 35.547585152000124, 31.969589459000133 ], [ 35.547571159000142, 31.969469018000041 ], [ 35.547378899000194, 31.969237588000055 ], [ 35.547068649000096, 31.968968707000101 ], [ 35.546692619000112, 31.968794124000169 ], [ 35.546404928000186, 31.968638050000038 ], [ 35.546139062, 31.968438095000067 ], [ 35.545939967000152, 31.968325750000133 ], [ 35.545674378000115, 31.96820104000011 ], [ 35.545446086000084, 31.968151474000081 ], [ 35.544967324000083, 31.968090027000073 ], [ 35.544650482000122, 31.968053233000035 ], [ 35.544363203999978, 31.968010021 ], [ 35.544075655000086, 31.967891704000067 ], [ 35.543942711000113, 31.967741561000025 ], [ 35.543928376000054, 31.967662266000104 ], [ 35.543922386000133, 31.967629418000058 ], [ 35.543905105000192, 31.967534662000048 ], [ 35.54395566200003, 31.967252289000044 ], [ 35.544145225000193, 31.966737614000181 ], [ 35.544180054000094, 31.966630603000112 ], [ 35.544210129000192, 31.966538197000091 ], [ 35.544236940000189, 31.966456117000064 ], [ 35.544236867000109, 31.966435826000065 ], [ 35.544236105000039, 31.966224183000065 ], [ 35.543889148, 31.96599301100008 ], [ 35.543608974000108, 31.965855791000138 ], [ 35.543181319000155, 31.965706417000035 ], [ 35.542864604000158, 31.965657077 ], [ 35.542459736000069, 31.965639249000162 ], [ 35.542113681000103, 31.965659032000076 ], [ 35.541900199000054, 31.965634505000082 ], [ 35.541776084000162, 31.965547744000105 ], [ 35.541767150000112, 31.965541492000114 ], [ 35.541730349000034, 31.965515736000157 ], [ 35.541700277000189, 31.965333900000189 ], [ 35.541728645000035, 31.965039183000044 ], [ 35.541801671000087, 31.964844539000126 ], [ 35.542102348000185, 31.964523891000056 ], [ 35.542550295000183, 31.964202860000057 ], [ 35.543108542000084, 31.963850260000186 ], [ 35.543792156000166, 31.963566373000049 ], [ 35.544094554000139, 31.963497664000158 ], [ 35.544550417000096, 31.963358380000159 ], [ 35.544925297000077, 31.963175623000041 ], [ 35.545152655000038, 31.962924208000118 ], [ 35.545276802000103, 31.962654182000165 ], [ 35.545276259000161, 31.962503690000119 ], [ 35.54515797300013, 31.962348618000078 ], [ 35.545153865000145, 31.962343233000126 ], [ 35.545128288000058, 31.962309622000078 ], [ 35.544995343000153, 31.962203444000181 ], [ 35.544671095000183, 31.962078743000063 ], [ 35.544169927000098, 31.961935905000132 ], [ 35.543801429000155, 31.961823997000124 ], [ 35.543580224000038, 31.961717907000036 ], [ 35.543420311000034, 31.961557405000121 ], [ 35.543402540999978, 31.961539641000059 ], [ 35.543380666000076, 31.961517773000025 ], [ 35.543261186000109, 31.961337586000127 ], [ 35.543224617000192, 31.961282437000079 ], [ 35.543209008000076, 31.961261905000185 ], [ 35.543092924000064, 31.961109461000149 ], [ 35.543081633000099, 31.961094694999986 ], [ 35.543041752000079, 31.961042255000109 ], [ 35.542936820000079, 31.960904279000033 ], [ 35.542892675000076, 31.960864959000162 ], [ 35.542859055000179, 31.960835014000111 ], [ 35.542756747000055, 31.96074411100011 ], [ 35.542528287000152, 31.960688201000096 ], [ 35.541887858000166, 31.960702408000145 ], [ 35.541453495000042, 31.960703535000164 ], [ 35.541173700000058, 31.960666638000191 ], [ 35.54083753600014, 31.960441772000081 ], [ 35.540774634000059, 31.960322161000192 ], [ 35.540768440000079, 31.960310341000138 ], [ 35.540762983000093, 31.960299927000165 ], [ 35.540771395000093, 31.960063176000176 ], [ 35.540844514000185, 31.959802585000034 ], [ 35.540894430000037, 31.959642947000134 ], [ 35.540901221000183, 31.959621229000106 ], [ 35.540902039000059, 31.959618830000181 ], [ 35.540908740000191, 31.959597255000119 ], [ 35.540898785000138, 31.959447353000144 ], [ 35.540842744000031, 31.959305319000123 ], [ 35.540637857000036, 31.958998101000077 ], [ 35.540386915000056, 31.958754130000045 ], [ 35.540284126000188, 31.958525558000133 ], [ 35.540261130000033, 31.958426560000134 ], [ 35.540249851000112, 31.958377837000114 ], [ 35.540218325000126, 31.958241654000119 ], [ 35.540244858000108, 31.957894243000055 ], [ 35.540327625000145, 31.957744100000127 ], [ 35.540539851000119, 31.957467367000106 ], [ 35.540955360000112, 31.957095417000062 ], [ 35.541232543000035, 31.956913068000119 ], [ 35.54145466600005, 31.956817799000135 ], [ 35.541621293000048, 31.956825257000048 ], [ 35.541834642000026, 31.956864157999973 ], [ 35.542085128000167, 31.956981871000039 ], [ 35.542307933000188, 31.957123471000045 ], [ 35.542558110000016, 31.957154384000034 ], [ 35.542873100000179, 31.957145672000024 ], [ 35.543085917000099, 31.957081990000063 ], [ 35.543215119000138, 31.956931583000141 ], [ 35.543242066000118, 31.956702674000155 ], [ 35.543287551000105, 31.956481610000139 ], [ 35.543196785000191, 31.956063001000075 ], [ 35.543195455000102, 31.956056865000107 ], [ 35.543182433000084, 31.956020544000182 ], [ 35.54303636200018, 31.955615386000034 ], [ 35.542881279000028, 31.955230683000138 ], [ 35.542877443000066, 31.955221110000139 ], [ 35.542871494000053, 31.955175049000104 ], [ 35.542842773000075, 31.954954882000095 ], [ 35.542839374000039, 31.954929245000017 ], [ 35.542847146000156, 31.954883851000034 ], [ 35.542850263000162, 31.95483156500012 ], [ 35.542857668000124, 31.954822247000095 ], [ 35.542860003000044, 31.954808448000108 ], [ 35.542875632000175, 31.954716093000172 ], [ 35.543041740999968, 31.954534169000055 ], [ 35.543282316000102, 31.954470413000081 ], [ 35.543523120000145, 31.954469785000015 ], [ 35.543865837000169, 31.954453107000063 ], [ 35.544032511000069, 31.954429001000051 ], [ 35.544145656000126, 31.954352862000064 ], [ 35.54415023100006, 31.954349783000055 ], [ 35.544161939000105, 31.954341861000103 ], [ 35.54403126200009, 31.954081661000089 ], [ 35.543789951000065, 31.953940253000098 ], [ 35.543576832000099, 31.953917139000168 ], [ 35.543224719000193, 31.953894384000137 ], [ 35.542622524000024, 31.953864389000046 ], [ 35.54218691900013, 31.953833958000075 ], [ 35.541751424999973, 31.953787743000078 ], [ 35.541528995000078, 31.95374886500008 ], [ 35.541371128000037, 31.953646693000167 ], [ 35.541305725000086, 31.953520606000097 ], [ 35.541298500999972, 31.953441857000087 ], [ 35.541286977000084, 31.95331685900004 ], [ 35.541267213000083, 31.953102486000148 ], [ 35.541432814000189, 31.952778385000045 ], [ 35.541688296000189, 31.952354287000162 ], [ 35.541715206000106, 31.952189992000172 ], [ 35.541719998000133, 31.95216073500012 ], [ 35.541724529000078, 31.952133245000141 ], [ 35.541712059000133, 31.952020549000054 ], [ 35.541705397000101, 31.951959554000098 ], [ 35.541575098000067, 31.951802073000124 ], [ 35.541408118999982, 31.951739378000184 ], [ 35.541083948000107, 31.951763891000155 ], [ 35.540787792000117, 31.951812005000022 ], [ 35.540621486000191, 31.951938689000031 ], [ 35.54050145500014, 31.952065257000015 ], [ 35.540418806000105, 31.952247103000161 ], [ 35.54036426100015, 31.952570774000037 ], [ 35.540346564000174, 31.952799657000071 ], [ 35.540254689000164, 31.952989278000189 ], [ 35.540134711000178, 31.953131624999969 ], [ 35.53993157900004, 31.953313783000112 ], [ 35.539616994000028, 31.953432959000054 ], [ 35.53945965600019, 31.95343336500008 ], [ 35.539271536000058, 31.953375655000116 ], [ 35.539264195000101, 31.95337341700008 ], [ 35.539255488000151, 31.953370763000066 ], [ 35.539234683000132, 31.953337070000032 ], [ 35.539217091000069, 31.953308580000169 ], [ 35.539206134000153, 31.953295223 ], [ 35.539181352000071, 31.953250900000171 ], [ 35.539153094000028, 31.953205176000097 ], [ 35.539116409000087, 31.953145551000091 ], [ 35.539031911000052, 31.953008215000068 ], [ 35.539058726000064, 31.95273985200015 ], [ 35.539150438000149, 31.952455541000177 ], [ 35.539500836, 31.95199682100008 ], [ 35.539722365000159, 31.951783194000086 ], [ 35.539943922000077, 31.951577455000177 ], [ 35.540285204000099, 31.951253186000088 ], [ 35.540669834000141, 31.950942471000019 ], [ 35.540943434000042, 31.950733357000161 ], [ 35.541157845999976, 31.950517913000112 ], [ 35.541386578000072, 31.95019505900018 ], [ 35.541511637000042, 31.949904036000191 ], [ 35.541554922000159, 31.949575320000179 ], [ 35.541606070000114, 31.94936664100004 ], [ 35.541686897000147, 31.949139001000049 ], [ 35.54183487500012, 31.949018561 ], [ 35.542019704000097, 31.948898026000109 ], [ 35.5422199140001, 31.948872283000185 ], [ 35.542420323000101, 31.948903327000096 ], [ 35.542635714000085, 31.949010140000098 ], [ 35.542962970000133, 31.949249399000109 ], [ 35.5432232550001, 31.949432043000115 ], [ 35.543587304000084, 31.949607936 ], [ 35.543802335000066, 31.949613716000158 ], [ 35.54393541200011, 31.949486973000035 ], [ 35.54394509500014, 31.949456406000081 ], [ 35.543960742000081, 31.949407010000073 ], [ 35.544001428000058, 31.94927825100018 ], [ 35.544000610000182, 31.949050826000132 ], [ 35.543948151000052, 31.948893001000101 ], [ 35.543732391000106, 31.948729263000075 ], [ 35.543294263000121, 31.948540883000135 ], [ 35.542878114000018, 31.948352303000149 ], [ 35.5424472360001, 31.948202932000129 ], [ 35.542313364000051, 31.94810845000012 ], [ 35.542060394000089, 31.94784377100018 ], [ 35.54202188000005, 31.947749885 ], [ 35.542013111000131, 31.947728527000038 ], [ 35.541993040000193, 31.947679644000175 ], [ 35.541999726000029, 31.947515326000087 ], [ 35.542088055000136, 31.947306549000132 ], [ 35.542346524000095, 31.946983616000125 ], [ 35.542612740000095, 31.946793401000093 ], [ 35.543049438000025, 31.946539469000072 ], [ 35.543426873000044, 31.946304714000121 ], [ 35.543559995000066, 31.946190512000044 ], [ 35.543559605000041, 31.946082054000158 ], [ 35.543559587, 31.94607693800009 ], [ 35.543559428000094, 31.94603255100003 ], [ 35.543477337000127, 31.945906371000092 ], [ 35.543321528000149, 31.945868871000187 ], [ 35.543061910000176, 31.945869548000132 ], [ 35.542483572000094, 31.945934322000028 ], [ 35.541934911000055, 31.94597999500013 ], [ 35.541586293000194, 31.945955537000088 ], [ 35.54136356500004, 31.945873962000178 ], [ 35.541303741000092, 31.945735182000021 ], [ 35.541280868000058, 31.945669998000142 ], [ 35.541265643000145, 31.945626578000144 ], [ 35.541251151000154, 31.945585247000167 ], [ 35.541265438000039, 31.945421050000164 ], [ 35.541339007000147, 31.945243876000063 ], [ 35.541590242000041, 31.944977750000078 ], [ 35.541834465000136, 31.944831838000084 ], [ 35.542123503000028, 31.944786841000166 ], [ 35.542649959000073, 31.944772791000105 ], [ 35.543161890000079, 31.944809502 ], [ 35.54356251400003, 31.944820997000193 ], [ 35.543814415000156, 31.944788776000053 ], [ 35.543977574000053, 31.944756784999981 ], [ 35.544155009000065, 31.944604704000142 ], [ 35.544172157999981, 31.944548073000135 ], [ 35.54417542200008, 31.944537295000146 ], [ 35.544198939000182, 31.944459167000048 ], [ 35.544124148000094, 31.944295062000094 ], [ 35.543960589000164, 31.944169095000063 ], [ 35.543648834000066, 31.944100438000135 ], [ 35.543270320000147, 31.94403195700005 ], [ 35.542891850000103, 31.943976016000136 ], [ 35.542513616000065, 31.943939095000189 ], [ 35.542098057000089, 31.943908614000065 ], [ 35.541601078000099, 31.943846635 ], [ 35.541326120000065, 31.94371475100013 ], [ 35.54121452000004, 31.943607526000051 ], [ 35.541132369000081, 31.943462461000024 ], [ 35.541103821000036, 31.943381228000135 ], [ 35.54109684000008, 31.943361376000098 ], [ 35.541072434000057, 31.943291973000157 ], [ 35.541101684000125, 31.943152958999974 ], [ 35.541227231000164, 31.943000875000052 ], [ 35.541545460000066, 31.94284843000014 ], [ 35.541961037000078, 31.942885255000078 ], [ 35.54251011100007, 31.942959638000104 ], [ 35.54273247000009, 31.942940176000093 ], [ 35.542902696000112, 31.942851241000085 ], [ 35.543022017000112, 31.942669861000184 ], [ 35.543125935000035, 31.942570248000038 ], [ 35.54316422800008, 31.9424907450001 ], [ 35.543175473000019, 31.942467397000144 ], [ 35.543219760000056, 31.942375267000159 ], [ 35.543363344000056, 31.942277521000051 ], [ 35.543596601000047, 31.942209137000077 ], [ 35.543790122000189, 31.942166357000076 ], [ 35.543949017000102, 31.942144807000091 ], [ 35.544112885000175, 31.942127466000159 ], [ 35.544331403000115, 31.942097165000064 ], [ 35.54461421700006, 31.942024419000063 ], [ 35.544745579000107, 31.941974898000126 ], [ 35.544768516000147, 31.941966243000024 ], [ 35.544772239000167, 31.941964176000113 ], [ 35.544908366000186, 31.941888592999987 ], [ 35.544937067000149, 31.94187265700009 ], [ 35.54493878, 31.941869618000112 ], [ 35.545011123000052, 31.941741278000165 ], [ 35.544970627000055, 31.941555099000141 ], [ 35.544826206000096, 31.941420062000077 ], [ 35.544602135000162, 31.941285095000183 ], [ 35.544323458000065, 31.941129273000058 ], [ 35.544099483000139, 31.941019666000159 ], [ 35.543830919000072, 31.940918771000042 ], [ 35.543632032000062, 31.940847427 ], [ 35.543318598000099, 31.940721143000076 ], [ 35.543149396000103, 31.940632670000127 ], [ 35.542880639000145, 31.940476817999979 ], [ 35.542711376000113, 31.940371435000088 ], [ 35.542647265000028, 31.940329485000177 ], [ 35.542621933000078, 31.940312909 ], [ 35.54256778600012, 31.94028247100016 ], [ 35.542542758000025, 31.94026111800008 ], [ 35.542520840000122, 31.940246794000132 ], [ 35.542427643000167, 31.940185890000066 ], [ 35.542128642000193, 31.939936834000093 ], [ 35.541938357000163, 31.939773732000106 ], [ 35.541798886000095, 31.93968095200006 ], [ 35.541519857000026, 31.939423527000145 ], [ 35.541390153000123, 31.939241808000133 ], [ 35.54132983400018, 31.939055679000091 ], [ 35.541244791000167, 31.938886526000033 ], [ 35.541139888000089, 31.938708970000107 ], [ 35.541084709000074, 31.938573696999981 ], [ 35.541076304000171, 31.938419196000098 ], [ 35.541072155000109, 31.938342917000114 ], [ 35.541068798000083, 31.938281631000166 ], [ 35.541054310000106, 31.938111449000132 ], [ 35.541053276000071, 31.938099616000102 ], [ 35.54105502900012, 31.938039066999977 ], [ 35.541057691000162, 31.937947139000016 ], [ 35.541068044000042, 31.937918708000097 ], [ 35.541105147000167, 31.937816813000097 ], [ 35.541135243000156, 31.937730640000154 ], [ 35.541255014000058, 31.937582515000088 ], [ 35.541448180000032, 31.937442372000078 ], [ 35.541661597000029, 31.937374039000019 ], [ 35.541796678000082, 31.937349875000166 ], [ 35.541837138000062, 31.937342582000042 ], [ 35.54192466100011, 31.937326856000141 ], [ 35.541943167000056, 31.937326385000176 ], [ 35.542088566000075, 31.937322202000132 ], [ 35.54233190400015, 31.937304521000158 ], [ 35.542769044000067, 31.937324660000115 ], [ 35.543186461000062, 31.937374300000158 ], [ 35.5433949990001, 31.937373758000092 ], [ 35.543734235000102, 31.937371604000134 ], [ 35.543891094000173, 31.937384016000067 ], [ 35.54413814000003, 31.937523437000152 ], [ 35.544257975000107, 31.937624860000085 ], [ 35.544370445000141, 31.937745607000068 ], [ 35.544587536000108, 31.937872423000044 ], [ 35.544751925000071, 31.937910180000074 ], [ 35.544908669999984, 31.937890605000177 ], [ 35.545102492000069, 31.937750032000167 ], [ 35.545184088000042, 31.937603411 ], [ 35.545256132000134, 31.937420181000107 ], [ 35.54527082900006, 31.937382746000139 ], [ 35.545345973000053, 31.937191353 ], [ 35.545346845000097, 31.937189131000025 ], [ 35.545347768000113, 31.937185874000193 ], [ 35.545435280000049, 31.93687692200001 ], [ 35.545494409000071, 31.936685834000059 ], [ 35.545545958000162, 31.93650110700014 ], [ 35.545590120999975, 31.936284552000075 ], [ 35.545611623000184, 31.936061575000167 ], [ 35.545581003000109, 31.935864380999988 ], [ 35.545498350000116, 31.935718190999978 ], [ 35.545393341000079, 31.935603767000146 ], [ 35.545079281000028, 31.935483689000137 ], [ 35.544892448999974, 31.935452333 ], [ 35.544257169, 31.935333093000111 ], [ 35.543950844000165, 31.935295708000126 ], [ 35.54378641500017, 31.935245127000087 ], [ 35.543621843000039, 31.935201030000087 ], [ 35.543352659000163, 31.93510619400007 ], [ 35.543188138000119, 31.935030250000182 ], [ 35.542925960000105, 31.934814494000079 ], [ 35.542805734000069, 31.93464923900018 ], [ 35.542737714000168, 31.934388449000096 ], [ 35.54273133200013, 31.934236752000061 ], [ 35.542729405999978, 31.934191056000031 ], [ 35.542735309000022, 31.9341683560001 ], [ 35.542744403000086, 31.934133384000063 ], [ 35.542750309000041, 31.934029376000126 ], [ 35.542794763000188, 31.933938797000053 ], [ 35.542803417000187, 31.933905440000046 ], [ 35.542818723000039, 31.933846438000103 ], [ 35.542957148000028, 31.933603850000111 ], [ 35.542962264000096, 31.93359870200004 ], [ 35.542979047000131, 31.93358181300016 ], [ 35.542982011000049, 31.933578705000059 ], [ 35.543016419000026, 31.933543950000114 ], [ 35.543091002000097, 31.933468653000034 ], [ 35.54312137800008, 31.933434910000187 ], [ 35.543264305000093, 31.933276139999975 ], [ 35.543402215000128, 31.933157809000079 ], [ 35.543452425000055, 31.933114727000032 ], [ 35.543504809000126, 31.933069922000186 ], [ 35.543658489000052, 31.932934811999985 ], [ 35.543820110000183, 31.932802919000039 ], [ 35.543865741000161, 31.932763768000086 ], [ 35.543867883000132, 31.932761932000062 ], [ 35.543875460000152, 31.932755429000167 ], [ 35.543993403000059, 31.93265422900015 ], [ 35.544041315000072, 31.932606053000086 ], [ 35.54410766500007, 31.93253936900004 ], [ 35.544111854000164, 31.93253471700001 ], [ 35.544125863000147, 31.932519159000151 ], [ 35.544186004999972, 31.932452365000131 ], [ 35.544213983000191, 31.932421150000152 ], [ 35.544218735000015, 31.932410146000109 ], [ 35.544229, 31.932386407000024 ], [ 35.544276744000115, 31.932275989000118 ], [ 35.544283974, 31.932080527000096 ], [ 35.544255741000086, 31.931949131000067 ], [ 35.544140822000088, 31.931834872000138 ], [ 35.54386777000002, 31.931764848000171 ], [ 35.543587104000096, 31.931782489000113 ], [ 35.543413260000079, 31.93182338400004 ], [ 35.54315276900013, 31.931938624000168 ], [ 35.543006828000046, 31.932019887000081 ], [ 35.542852956000104, 31.932101170000124 ], [ 35.542675350000138, 31.932199284000092 ], [ 35.542454421000059, 31.932334710000077 ], [ 35.542273197000156, 31.93248341900005 ], [ 35.542154930000095, 31.932588140000121 ], [ 35.542036642000028, 31.932686241000113 ], [ 35.54190273100005, 31.932804531000158 ], [ 35.541863551, 31.932845777000182 ], [ 35.541818657000022, 31.932893116000116 ], [ 35.541672924000181, 31.933046788000013 ], [ 35.541626782000094, 31.933099215000027 ], [ 35.541537124000115, 31.9332010870001 ], [ 35.541515434000075, 31.933225731000164 ], [ 35.541421022000122, 31.933347299000104 ], [ 35.541356698000129, 31.933435845000133 ], [ 35.541311182000072, 31.933498500000098 ], [ 35.541251822000106, 31.93358024000014 ], [ 35.541226272000131, 31.933597356000121 ], [ 35.541206693000049, 31.933610496000142 ], [ 35.541034889000059, 31.933725799000172 ], [ 35.540904769000122, 31.933770954000067 ], [ 35.540899068000101, 31.933772933000171 ], [ 35.540869033000149, 31.933783439000138 ], [ 35.540624062000063, 31.933804364000025 ], [ 35.540402467000092, 31.933754350000129 ], [ 35.540259993000063, 31.933697509000126 ], [ 35.539973507000127, 31.933567624000148 ], [ 35.539664584000093, 31.933400033000055 ], [ 35.539343452000139, 31.933144684000126 ], [ 35.539212699000075, 31.933037224000145 ], [ 35.539101479000124, 31.93289265500016 ], [ 35.539049423000051, 31.932703969000158 ], [ 35.53908039900017, 31.93253874300018 ], [ 35.539206477999983, 31.932400324000184 ], [ 35.539260259000116, 31.932365271000037 ], [ 35.539323030000048, 31.93232435800013 ], [ 35.539403642000138, 31.932271731000128 ], [ 35.539541694000036, 31.932200637999983 ], [ 35.539683896000099, 31.932136297000113 ], [ 35.539833806000047, 31.932055028000036 ], [ 35.539983714000186, 31.93197375900013 ], [ 35.540169111000182, 31.931882251000047 ], [ 35.540268714000149, 31.931826053000179 ], [ 35.540307301000041, 31.93180439200006 ], [ 35.540340134000189, 31.931790640000031 ], [ 35.540500665000081, 31.931723009 ], [ 35.540694193000093, 31.931641627000033 ], [ 35.540861502000155, 31.93157468600009 ], [ 35.541023340000038, 31.931503528000064 ], [ 35.54122860200016, 31.931422115000146 ], [ 35.541469372, 31.931337226000153 ], [ 35.541627223000035, 31.931259314000101 ], [ 35.541781058000026, 31.931167888000175 ], [ 35.541834808000033, 31.931135481000069 ], [ 35.541849988000081, 31.931129099000088 ], [ 35.541875203000131, 31.931111140000098 ], [ 35.541927140000041, 31.931079862000161 ], [ 35.542096765000167, 31.930968243000109 ], [ 35.542239601000063, 31.930850776000057 ], [ 35.542289848000053, 31.930809359000079 ], [ 35.542292089000114, 31.930806658000108 ], [ 35.54245519400007, 31.930610103000106 ], [ 35.542644033000101, 31.930373727000131 ], [ 35.542726207000158, 31.930262608000078 ], [ 35.542783311000107, 31.930185390000076 ], [ 35.542785685000126, 31.930168968000146 ], [ 35.542812654000159, 31.929982403000054 ], [ 35.542740572000014, 31.92973994200014 ], [ 35.542641284000183, 31.929605348000052 ], [ 35.542442997000194, 31.929417185000034 ], [ 35.54229649500013, 31.92934006500019 ], [ 35.542041567000183, 31.929299864000143 ], [ 35.541749105000179, 31.929344447 ], [ 35.541599081000186, 31.929391898000119 ], [ 35.541346360000148, 31.929460050000102 ], [ 35.541184426000086, 31.929504293000093 ], [ 35.541018590000192, 31.929565314000115 ], [ 35.540860670000086, 31.929623075000165 ], [ 35.540679124000178, 31.92968075400006 ], [ 35.54046979300017, 31.929731883000102 ], [ 35.54027217099997, 31.929776215000061 ], [ 35.540078657000151, 31.92981377600006 ], [ 35.539881055000137, 31.929817668 ], [ 35.539525248000075, 31.929845498000191 ], [ 35.539180388000148, 31.929932062000091 ], [ 35.538931144000117, 31.930003580000118 ], [ 35.538240548000033, 31.930209112000057 ], [ 35.538053680000189, 31.930258346000073 ], [ 35.537866743999984, 31.93033421400014 ], [ 35.537565739000058, 31.930441233000181 ], [ 35.537352904000102, 31.93053041100012 ], [ 35.537083097999982, 31.930628611000031 ], [ 35.536911563000103, 31.930668927 ], [ 35.536740087000112, 31.930678243000102 ], [ 35.536705852000068, 31.930669595000097 ], [ 35.53669967400009, 31.930668042000036 ], [ 35.536511039000175, 31.930620632 ], [ 35.536503749000133, 31.930618781000135 ], [ 35.536495659000138, 31.930616727000142 ], [ 35.536292441000057, 31.930479997000191 ], [ 35.536191232000078, 31.930339900000035 ], [ 35.53616675, 31.930306012000074 ], [ 35.536135866000166, 31.930263253000192 ], [ 35.536067452000168, 31.930025149000016 ], [ 35.536063090000141, 31.930006277000075 ], [ 35.536061398000186, 31.929994867 ], [ 35.536040736000075, 31.929851475000078 ], [ 35.536029684000084, 31.929621113000167 ], [ 35.536018576, 31.92942175200011 ], [ 35.536044053000069, 31.929241884000135 ], [ 35.536084867000113, 31.929006884000103 ], [ 35.536110293000092, 31.928860694000036 ], [ 35.536125445999971, 31.928705514000171 ], [ 35.536171412000044, 31.928479514000117 ], [ 35.53626374900017, 31.928142502000128 ], [ 35.536294464000093, 31.927996160000134 ], [ 35.536340679000148, 31.927841040000089 ], [ 35.536381787000153, 31.927690303000134 ], [ 35.536458953000135, 31.927503961000184 ], [ 35.53656737200015, 31.927277805000074 ], [ 35.536650029000157, 31.927149084000177 ], [ 35.536758713000097, 31.92699817200014 ], [ 35.536908726000149, 31.926807278000183 ], [ 35.537058773000012, 31.926625258 ], [ 35.537120650000077, 31.926461221000011 ], [ 35.537110056000074, 31.926361626000073 ], [ 35.537107388000038, 31.92633658200009 ], [ 35.537101171000188, 31.926278229000161 ], [ 35.537003499999969, 31.926036956000189 ], [ 35.536899368000093, 31.925884053000061 ], [ 35.536822891000043, 31.925748692000127 ], [ 35.536794463000035, 31.925621337000166 ], [ 35.536789318000046, 31.925598286000138 ], [ 35.536780757000145, 31.925560401000098 ], [ 35.536814521000053, 31.92543603200005 ], [ 35.536835237, 31.925359887000013 ], [ 35.536844130000134, 31.925351129000035 ], [ 35.536899452000057, 31.925296597000113 ], [ 35.536958195000068, 31.925238751000165 ], [ 35.536973050000142, 31.925224122000088 ], [ 35.536980410000012, 31.925219700000071 ], [ 35.537009323, 31.925202327000136 ], [ 35.537108905000082, 31.925142466000068 ], [ 35.537111051000068, 31.92514161600019 ], [ 35.537118476000103, 31.925139061000039 ], [ 35.537283496000043, 31.92508185100013 ], [ 35.53744185700009, 31.92501014700008 ], [ 35.537738903000161, 31.924909902000024 ], [ 35.537897697000176, 31.924868347000029 ], [ 35.538084063000156, 31.924820666000073 ], [ 35.538242923000155, 31.924796726000068 ], [ 35.538401739000108, 31.924760949000017 ], [ 35.53872049600011, 31.924680374000047 ], [ 35.53876238600003, 31.924669792000032 ], [ 35.538802206000128, 31.924659733 ], [ 35.538988550999989, 31.924606271000016 ], [ 35.53914028100013, 31.924529366000172 ], [ 35.539326334000179, 31.9243933300001 ], [ 35.539381116000072, 31.924234100000035 ], [ 35.539318329000139, 31.924092929000039 ], [ 35.539193754, 31.923998979000032 ], [ 35.538916864000043, 31.923864278 ], [ 35.538743816000078, 31.923799903000088 ], [ 35.538460096000051, 31.923694668 ], [ 35.538238764000027, 31.923618581000028 ], [ 35.537850153000136, 31.92352037600017 ], [ 35.537583313000084, 31.923422565000124 ], [ 35.537407159000054, 31.923320150000109 ], [ 35.537195378000035, 31.923140749000083 ], [ 35.536958547000097, 31.922931399 ], [ 35.536827499000083, 31.922828869000057 ], [ 35.536666174000118, 31.922713733000137 ], [ 35.536535127000036, 31.922611202000098 ], [ 35.536399198000083, 31.922530103000042 ], [ 35.53614272599998, 31.922466503000066 ], [ 35.535630033000132, 31.922459214000128 ], [ 35.535328558000117, 31.922472804000165 ], [ 35.535107665000055, 31.922520571000121 ], [ 35.534901822000165, 31.922619590000068 ], [ 35.534671192000076, 31.922765879000167 ], [ 35.534535849000179, 31.922851896000111 ], [ 35.534400523000159, 31.922942282000122 ], [ 35.53421998400006, 31.923049831000014 ], [ 35.53401416700018, 31.923157446000175 ], [ 35.533983722000073, 31.92319176500007 ], [ 35.533941651000021, 31.92323925900007 ], [ 35.533919045000118, 31.923264779000078 ], [ 35.533934811, 31.923427490000108 ], [ 35.534055719000094, 31.923512859000141 ], [ 35.534221200000161, 31.92358839100018 ], [ 35.534477993, 31.923694972000021 ], [ 35.534659144000159, 31.923762995000061 ], [ 35.534925820000012, 31.923860812999976 ], [ 35.535111942000128, 31.923933191000117 ], [ 35.53528818500007, 31.92401419000015 ], [ 35.53544924199997, 31.9240994540001 ], [ 35.535630117000153, 31.924301171000025 ], [ 35.535640986000033, 31.924313292000022 ], [ 35.535656245000155, 31.92433030300009 ], [ 35.535655164000161, 31.924351442000159 ], [ 35.535654339000189, 31.924366553000084 ], [ 35.535650641000075, 31.924434329000178 ], [ 35.535647089000122, 31.924499419000085 ], [ 35.535641975000033, 31.924595955000086 ], [ 35.535607308000124, 31.924745972000153 ], [ 35.535552618, 31.924887587000057 ], [ 35.535472607000088, 31.925016301000028 ], [ 35.535287290000099, 31.925175296000134 ], [ 35.535146762000181, 31.925244136000117 ], [ 35.534955871000136, 31.925274635999983 ], [ 35.534779899000114, 31.925270856000054 ], [ 35.53448494200012, 31.925213690000135 ], [ 35.534453032000158, 31.925207431000047 ], [ 35.534299737000026, 31.925168364000115 ], [ 35.534288394000043, 31.925165482000011 ], [ 35.534136188000048, 31.925126789000103 ], [ 35.533884633000127, 31.925054573000182 ], [ 35.53366318000019, 31.924990879000063 ], [ 35.5331438770001, 31.924843954000096 ], [ 35.532962752000117, 31.924784384000134 ], [ 35.532872021000173, 31.924746791000132 ], [ 35.532868109000049, 31.924745170000051 ], [ 35.532817334000185, 31.924730079000142 ], [ 35.532769329000018, 31.924704131000112 ], [ 35.532751299000154, 31.924696667000035 ], [ 35.532716219000065, 31.924682143000098 ], [ 35.532499712, 31.924567142000058 ], [ 35.532478056000173, 31.924549401000149 ], [ 35.532470218000071, 31.924542980000012 ], [ 35.53234744700012, 31.92444380600017 ], [ 35.532342474000131, 31.924439028000165 ], [ 35.532325914000012, 31.92442331899997 ], [ 35.532207209000092, 31.924310717000083 ], [ 35.532131365000168, 31.924165205000122 ], [ 35.532110025000179, 31.924078125000051 ], [ 35.532103377000169, 31.924050997999984 ], [ 35.532095668000181, 31.924019735000172 ], [ 35.532095624000135, 31.924007195 ], [ 35.532095455000047, 31.923958291000076 ], [ 35.53209514800011, 31.923869668000123 ], [ 35.532117566000181, 31.92381173900003 ], [ 35.53213052000001, 31.923778267000102 ], [ 35.532179811000105, 31.923651041000028 ], [ 35.532254870000031, 31.92352234100008 ], [ 35.532279214000084, 31.923490857000104 ], [ 35.532358689000148, 31.923388636000084 ], [ 35.532434979000072, 31.923290511000062 ], [ 35.532460319000052, 31.923268771000039 ], [ 35.532490494000172, 31.923242883 ], [ 35.53264039600009, 31.923114277000025 ], [ 35.532765619000088, 31.923015466000152 ], [ 35.532955923000031, 31.922817852000094 ], [ 35.533050839000055, 31.922650490000137 ], [ 35.533110293000163, 31.922406141000067 ], [ 35.533092423000141, 31.922255554000117 ], [ 35.533092309000097, 31.922222579000163 ], [ 35.53308731900006, 31.92221287000018 ], [ 35.533084422000059, 31.92218779600006 ], [ 35.533008564, 31.922037916000079 ], [ 35.532975205000184, 31.921994740000059 ], [ 35.532956796000178, 31.921970897000108 ], [ 35.532945004000112, 31.921955624000191 ], [ 35.53292276000019, 31.921926813000027 ], [ 35.532917321000184, 31.921921912000073 ], [ 35.532685762000142, 31.921713227000112 ], [ 35.532457343000146, 31.921591776000128 ], [ 35.53229723700008, 31.921540465000191 ], [ 35.531878057000029, 31.921483887000136 ], [ 35.531603071000177, 31.921608017000096 ], [ 35.53147133900012, 31.921735169000158 ], [ 35.531350396000164, 31.921829459000151 ], [ 35.531147285000145, 31.922050777000152 ], [ 35.531042979000176, 31.922178 ], [ 35.530966308000131, 31.922319103000177 ], [ 35.53086754900005, 31.922474354000144 ], [ 35.530708886000184, 31.922794195000051 ], [ 35.530648884000186, 31.922977671000126 ], [ 35.530457258000126, 31.923321130000033 ], [ 35.530336667000029, 31.923518707000085 ], [ 35.530182971999977, 31.923697624000056 ], [ 35.529985125000053, 31.923867214000097 ], [ 35.529809032000173, 31.923924019000083 ], [ 35.529461858000047, 31.923957859000041 ], [ 35.529246876000173, 31.923948956000118 ], [ 35.529087062000087, 31.923935263000089 ], [ 35.528805866000084, 31.923889041 ], [ 35.528518890000157, 31.923795769000094 ], [ 35.528298170000028, 31.92370233000014 ], [ 35.528022024000109, 31.923538574000077 ], [ 35.528009609000037, 31.923528130000079 ], [ 35.528000815000041, 31.923520731999986 ], [ 35.527870250000149, 31.923411147000081 ], [ 35.527651608000156, 31.923201168000048 ], [ 35.527476094, 31.922992070000134 ], [ 35.527258905999986, 31.922771238000166 ], [ 35.527157390000127, 31.922652420000134 ], [ 35.527144947000068, 31.922637795000071 ], [ 35.527128313000105, 31.922605286000135 ], [ 35.527113694000093, 31.922581790000152 ], [ 35.527108189000046, 31.92256616300017 ], [ 35.5270872050001, 31.922525372000052 ], [ 35.527036008000039, 31.922425854000039 ], [ 35.526970512000105, 31.922259883000038 ], [ 35.526964164000105, 31.921996958000079 ], [ 35.526990144000138, 31.921669415000054 ], [ 35.527005611000106, 31.921457168000131 ], [ 35.527021238000032, 31.921291135 ], [ 35.527035627000089, 31.921226428000068 ], [ 35.527044343999989, 31.921187226000029 ], [ 35.527074608000191, 31.921051031000047 ], [ 35.527057735000142, 31.920898889000057 ], [ 35.527044092000153, 31.920871023000075 ], [ 35.527037077000045, 31.920856695000111 ], [ 35.526959408000096, 31.920698053000137 ], [ 35.526883269999985, 31.920559868000169 ], [ 35.526823, 31.920375423999985 ], [ 35.526757222000072, 31.920126455000116 ], [ 35.526680238000097, 31.919739283000013 ], [ 35.526657765000095, 31.919494858000178 ], [ 35.526668016000144, 31.919351807000112 ], [ 35.526672494000138, 31.91906574799998 ], [ 35.526704176000123, 31.918812028000161 ], [ 35.526721820000148, 31.918774844999973 ], [ 35.526736952000135, 31.918742955000027 ], [ 35.526811618000124, 31.918585600000085 ], [ 35.526886860000104, 31.918460990000028 ], [ 35.526994584000136, 31.918317698000124 ], [ 35.527134932000024, 31.918197434000092 ], [ 35.527264283000193, 31.918049439000185 ], [ 35.527490702000193, 31.917832014000055 ], [ 35.527604059000055, 31.917694205000089 ], [ 35.52779769000017, 31.917357087000084 ], [ 35.527862104000178, 31.917158525000048 ], [ 35.527899400000081, 31.917001597000024 ], [ 35.527925649, 31.916803131000108 ], [ 35.527935987000149, 31.91663711200016 ], [ 35.527924514000176, 31.916471005000176 ], [ 35.527907790000029, 31.916314213000135 ], [ 35.52782055900019, 31.916120678000027 ], [ 35.527727959000174, 31.915950264000173 ], [ 35.527597306000132, 31.915715407000164 ], [ 35.527428664000183, 31.915482196000141 ], [ 35.527298184000074, 31.915298067000094 ], [ 35.527227533000143, 31.91516902800015 ], [ 35.527123857000106, 31.914947913000105 ], [ 35.526987574000088, 31.914611474000026 ], [ 35.526983273000042, 31.914593346000117 ], [ 35.526977016000103, 31.91456697100017 ], [ 35.526976346000083, 31.91456429700014 ], [ 35.526968402000136, 31.914530955000032 ], [ 35.526943664000044, 31.914427131000139 ], [ 35.526916005000146, 31.914261064000186 ], [ 35.526899140000069, 31.914062845000046 ], [ 35.526887531999989, 31.913855311000077 ], [ 35.526865183000041, 31.913647662000074 ], [ 35.526823488000048, 31.91336141700009 ], [ 35.526820864000172, 31.913343405000035 ], [ 35.526816503000077, 31.913323969000032 ], [ 35.526782453000123, 31.913172858000053 ], [ 35.526738556000112, 31.91299302200008 ], [ 35.526640153000073, 31.912814590000039 ], [ 35.526569277000078, 31.912667231 ], [ 35.526482178000037, 31.912510613000052 ], [ 35.526473706000047, 31.912496684000018 ], [ 35.526448819000052, 31.912455522000187 ], [ 35.526367879000077, 31.912321652000117 ], [ 35.526226622000024, 31.912123738999981 ], [ 35.526052525000125, 31.911838120000084 ], [ 35.525954310000088, 31.911616991000187 ], [ 35.525845119000167, 31.911326560000191 ], [ 35.525735990000101, 31.911054730000103 ], [ 35.525556175000077, 31.910640051000144 ], [ 35.525430179000125, 31.910215936000156 ], [ 35.525299011000129, 31.909824950000143 ], [ 35.525233250000099, 31.909576121000043 ], [ 35.525184196000112, 31.909433219000164 ], [ 35.525140401000158, 31.909281142000054 ], [ 35.525053264000121, 31.909110571999975 ], [ 35.52492796000007, 31.908889509000119 ], [ 35.524884759000145, 31.908818007000036 ], [ 35.524819315000059, 31.908709692000059 ], [ 35.524725196000134, 31.908575211000027 ], [ 35.524661457000093, 31.908484199000156 ], [ 35.524558131000106, 31.908313810000152 ], [ 35.524454681000066, 31.908106502000066 ], [ 35.524464935000026, 31.907963452000104 ], [ 35.524659133000114, 31.907796840000174 ], [ 35.524804965999977, 31.907690374000083 ], [ 35.524918289000027, 31.907593289000147 ], [ 35.525101674000041, 31.907454464000125 ], [ 35.525231155000029, 31.90734803800018 ], [ 35.525344413000141, 31.90723249500013 ], [ 35.525446739000074, 31.907107675000077 ], [ 35.525559807000036, 31.906936613000141 ], [ 35.52565131800003, 31.906788853000023 ], [ 35.525728585000138, 31.906630984000174 ], [ 35.525749862, 31.906572170000118 ], [ 35.525763348000055, 31.906534736000026 ], [ 35.525822519000087, 31.906370488000107 ], [ 35.525882595000098, 31.906136925000055 ], [ 35.525892624000107, 31.906097934000115 ], [ 35.525899934000165, 31.9060609980001 ], [ 35.525953685000104, 31.905787635000138 ], [ 35.525941105000129, 31.905634496000175 ], [ 35.525937581, 31.905591442000173 ], [ 35.525935074000074, 31.905560816000104 ], [ 35.525881141000127, 31.90534155000006 ], [ 35.525738167000043, 31.905024148000109 ], [ 35.525614174000168, 31.904851173000111 ], [ 35.525598919000061, 31.90482989200018 ], [ 35.525586636000185, 31.904812732000039 ], [ 35.525426184000082, 31.904601197000034 ], [ 35.525292279999974, 31.904374661000077 ], [ 35.525229505000027, 31.904178101000184 ], [ 35.525281899000106, 31.903943497000114 ], [ 35.52546753300004, 31.90373871800017 ], [ 35.525688936000108, 31.903609520000145 ], [ 35.525954426000055, 31.903427371000078 ], [ 35.526046117000135, 31.903382758000191 ], [ 35.526108130000182, 31.903352521000102 ], [ 35.52628226600018, 31.903267612000093 ], [ 35.526450495000176, 31.903191667000101 ], [ 35.526868597000146, 31.90295658000008 ], [ 35.527151683000113, 31.902897399000096 ], [ 35.527358554000102, 31.902867296000181 ], [ 35.527540190000025, 31.902844451000135 ], [ 35.527549421000174, 31.902843290000135 ], [ 35.527555035999967, 31.902842571000178 ], [ 35.527569496000126, 31.902820270000177 ], [ 35.527651270000149, 31.902726644000097 ], [ 35.527675970000075, 31.902655704000097 ], [ 35.527693552000073, 31.902628604000142 ], [ 35.527698054000098, 31.902592378000179 ], [ 35.527702152000074, 31.902559199000166 ], [ 35.527704336000113, 31.902541521000103 ], [ 35.527711235000027, 31.902485678000062 ], [ 35.527723944000115, 31.902337408000051 ], [ 35.52771027600005, 31.902204562000065 ], [ 35.527701358, 31.902108765000037 ], [ 35.527691762000131, 31.902007049000133 ], [ 35.527687705000062, 31.901882353000133 ], [ 35.527685780000127, 31.901851356000122 ], [ 35.52768356100006, 31.901830086000132 ], [ 35.527659171000153, 31.901604547000034 ], [ 35.527653228000133, 31.901509165000164 ], [ 35.52765305700018, 31.901507474000084 ], [ 35.527645014000143, 31.901376728000116 ], [ 35.5276354720001, 31.901194414000145 ], [ 35.527617365000083, 31.901019587000121 ], [ 35.527617188000136, 31.901015924000092 ], [ 35.52760358300003, 31.900946214000044 ], [ 35.527580876000172, 31.900829871000099 ], [ 35.527577646000111, 31.900773353000034 ], [ 35.527572970000051, 31.900691515000176 ], [ 35.527566642000068, 31.900579223000136 ], [ 35.527567098000077, 31.900326006000057 ], [ 35.527584226000101, 31.900116991000061 ], [ 35.527629247000164, 31.899951025000178 ], [ 35.5276315320001, 31.899942847000034 ], [ 35.52763349900016, 31.899938615000053 ], [ 35.527638424000145, 31.89992986600015 ], [ 35.527716737000162, 31.89979002900003 ], [ 35.527791959000126, 31.899664573000109 ], [ 35.527911468000184, 31.899447694 ], [ 35.52798680300009, 31.899307018000115 ], [ 35.528093216000116, 31.899173734000101 ], [ 35.528342096000074, 31.899017407000031 ], [ 35.528484445000061, 31.898960125000087 ], [ 35.528671444000167, 31.898917949000179 ], [ 35.528938564000043, 31.898879238000063 ], [ 35.529254575000039, 31.898840402000076 ], [ 35.529530718000046, 31.898832104000064 ], [ 35.529820217000122, 31.898816305000082 ], [ 35.529993952000154, 31.898808260000067 ], [ 35.530171904000156, 31.898777378000148 ], [ 35.530465728000138, 31.898723519000043 ], [ 35.530670394000026, 31.89863183600005 ], [ 35.530803507000087, 31.89848340400016 ], [ 35.530834102000028, 31.898350448000031 ], [ 35.530840344000012, 31.898340427000164 ], [ 35.530840287000103, 31.898323659000027 ], [ 35.530842891000134, 31.898312378000071 ], [ 35.530840202000036, 31.89829914 ], [ 35.530833131000065, 31.898264397000105 ], [ 35.53081583900007, 31.898179427000173 ], [ 35.530677195000123, 31.898016460000065 ], [ 35.530560785000091, 31.897883870000157 ], [ 35.530426520000105, 31.897698064000053 ], [ 35.530390232000116, 31.897568236000154 ], [ 35.530389907000142, 31.897474000000159 ], [ 35.530389789000139, 31.897439722000172 ], [ 35.530389657000114, 31.897401115000093 ], [ 35.530432729000154, 31.897246285000051 ], [ 35.530437169000152, 31.897230272000058 ], [ 35.530443988000115, 31.897205675000066 ], [ 35.530476163000174, 31.897180077000087 ], [ 35.53049142600014, 31.897167934000038 ], [ 35.530508164000082, 31.897154603000104 ], [ 35.530649391000111, 31.897042125000041 ], [ 35.530789379000169, 31.897031082000069 ], [ 35.530809896000164, 31.897029463000024 ], [ 35.530975682000019, 31.897016365000013 ], [ 35.530977663000101, 31.897016361000055 ], [ 35.530979647000095, 31.897016497000038 ], [ 35.531248322000067, 31.897058620000053 ], [ 35.531252988000062, 31.897059352000099 ], [ 35.531266709000079, 31.897062700000049 ], [ 35.531270508000091, 31.897062690000041 ], [ 35.531536592000066, 31.897060896000085 ], [ 35.531712906000109, 31.897035368000104 ], [ 35.531874361000064, 31.896963804000052 ], [ 35.532123892000186, 31.896808595000095 ], [ 35.532290145000161, 31.896691080000039 ], [ 35.532490369000072, 31.896510912000053 ], [ 35.532543624000084, 31.89629335300009 ], [ 35.532525254000177, 31.89612292400011 ], [ 35.532522806000145, 31.89610021600015 ], [ 35.532518370000162, 31.896059361000084 ], [ 35.532494810000173, 31.896028703000184 ], [ 35.532477760000177, 31.896006576000048 ], [ 35.532296707000171, 31.895771615000058 ], [ 35.532277103000183, 31.895752415000061 ], [ 35.532261405000099, 31.895737041000075 ], [ 35.532128160000184, 31.895606750000184 ], [ 35.532095115, 31.895555825000145 ], [ 35.532085319000089, 31.895540668000081 ], [ 35.532044469000084, 31.89547746400018 ], [ 35.531985220000081, 31.895347976000096 ], [ 35.531896061000054, 31.895118371000024 ], [ 35.53180034900015, 31.894915841000113 ], [ 35.531787578000092, 31.89488881800014 ], [ 35.531784078000157, 31.894879246000016 ], [ 35.531728231000045, 31.894730160000165 ], [ 35.531654090000018, 31.894592395000188 ], [ 35.531570413000111, 31.894467195000118 ], [ 35.531324501000029, 31.894233758000098 ], [ 35.531206557000075, 31.894133723999971 ], [ 35.530965572000071, 31.893891962000055 ], [ 35.530793563000145, 31.893775294000193 ], [ 35.530641281000158, 31.893679577000171 ], [ 35.530489079000176, 31.893558772 ], [ 35.530399016000104, 31.893448665000051 ], [ 35.530386174000114, 31.893432944000097 ], [ 35.530356058000109, 31.893396073000133 ], [ 35.530316439000103, 31.893258219000131 ], [ 35.53032568000009, 31.893111930000032 ], [ 35.530344847000151, 31.892969700000151 ], [ 35.530350765000094, 31.892960421000168 ], [ 35.530357988000105, 31.89294909500012 ], [ 35.530367188000127, 31.892934699000193 ], [ 35.530451625000126, 31.892802171000028 ], [ 35.530456884000102, 31.892793985000083 ], [ 35.530483095000079, 31.892779829000176 ], [ 35.530603603000088, 31.89271372200011 ], [ 35.530614987000149, 31.89271045300012 ], [ 35.530694389000132, 31.892687922999983 ], [ 35.530765303000123, 31.892667802 ], [ 35.530775477000077, 31.892667534000168 ], [ 35.53078892000002, 31.892667179000057 ], [ 35.531003779000173, 31.892661567000118 ], [ 35.531199899000057, 31.892681930000151 ], [ 35.531499158000031, 31.892773194000029 ], [ 35.531636670000182, 31.89284809500009 ], [ 35.531823289000101, 31.892939501000058 ], [ 35.531960859000094, 31.893031169000153 ], [ 35.53204047100013, 31.893088787000124 ], [ 35.532080571000051, 31.893117809000046 ], [ 35.532127926000157, 31.893151933000013 ], [ 35.532348997000099, 31.893318496000063 ], [ 35.532580038000106, 31.89350194400015 ], [ 35.532707812000183, 31.893626893000089 ], [ 35.532821068000146, 31.893756245000134 ], [ 35.532958827000073, 31.893902163000121 ], [ 35.533062101000098, 31.894010547 ], [ 35.533238962000098, 31.894143824000139 ], [ 35.533430317000182, 31.894218588000115 ], [ 35.533626324000181, 31.894205552000074 ], [ 35.533771646000105, 31.894183338000175 ], [ 35.533783811000148, 31.89418147900011 ], [ 35.533792891000189, 31.894180047000191 ], [ 35.534008203000042, 31.894066772000144 ], [ 35.534049290000155, 31.89400875400014 ], [ 35.534089066999968, 31.893952571 ], [ 35.534159411000132, 31.893853191000119 ], [ 35.534202970000081, 31.893698359000098 ], [ 35.534212005000029, 31.893636899000171 ], [ 35.534227345000033, 31.893535263000103 ], [ 35.53422678600009, 31.893457761000093 ], [ 35.534226380000064, 31.893401539000081 ], [ 35.534211202000051, 31.89326362700001 ], [ 35.534179809000193, 31.893101698000066 ], [ 35.534176388, 31.893084052000177 ], [ 35.534157687000175, 31.893025905000059 ], [ 35.534126797000113, 31.892929599000126 ], [ 35.534084169000096, 31.892829941000059 ], [ 35.534066340000152, 31.892785177000064 ], [ 35.534063179000157, 31.892778984000188 ], [ 35.534056689000124, 31.892764767000131 ], [ 35.533988454999985, 31.892616419000149 ], [ 35.533867574000055, 31.892431568 ], [ 35.533835692000082, 31.892382753000163 ], [ 35.53372742199997, 31.892261844000188 ], [ 35.533727171000066, 31.89226157600018 ], [ 35.533614360000058, 31.892140946000154 ], [ 35.533422449000057, 31.891953314000091 ], [ 35.533211213000186, 31.891811668000059 ], [ 35.533024700000112, 31.891703496000162 ], [ 35.532867581000176, 31.891641186000186 ], [ 35.532705684000177, 31.891583117999971 ], [ 35.532353840000042, 31.891473247000022 ], [ 35.532005545000061, 31.891386337000142 ], [ 35.531859263000058, 31.891353027000036 ], [ 35.53185871800008, 31.89135290300004 ], [ 35.531696618000183, 31.891316095000036 ], [ 35.531466087000013, 31.891279050000037 ], [ 35.531331249000061, 31.891258957000105 ], [ 35.53132957400004, 31.891258708000123 ], [ 35.531245487000092, 31.891246209000087 ], [ 35.531024690000038, 31.891204911000045 ], [ 35.530802269000162, 31.891172214999983 ], [ 35.530789703000039, 31.891170352000131 ], [ 35.53074526100005, 31.891163762000133 ], [ 35.530490291000092, 31.89112692000009 ], [ 35.530363630000011, 31.891084117000162 ], [ 35.530351952000103, 31.891080165 ], [ 35.530342962000077, 31.891077123000116 ], [ 35.53033910400012, 31.891072907000137 ], [ 35.530334341000184, 31.891067704000136 ], [ 35.530227406000108, 31.89094974600016 ], [ 35.530195408000168, 31.890914456000075 ], [ 35.530189243000052, 31.890898550000031 ], [ 35.53017945300013, 31.890885469000068 ], [ 35.530155581000145, 31.890811269000153 ], [ 35.530116254000177, 31.89070977 ], [ 35.530117033000124, 31.890695959000027 ], [ 35.530120268000132, 31.890635036000049 ], [ 35.530130063000172, 31.890450600000065 ], [ 35.530191648000027, 31.890155191000076 ], [ 35.53019928000009, 31.890118580000149 ], [ 35.530209397000135, 31.89008304400005 ], [ 35.530275971000151, 31.889847413000155 ], [ 35.530359698000041, 31.88960511900018 ], [ 35.530423369000061, 31.889437697 ], [ 35.530490391000114, 31.889284781000185 ], [ 35.530574357000148, 31.889111672000126 ], [ 35.530622575000052, 31.889012913000045 ], [ 35.530640790000064, 31.888975694000067 ], [ 35.5306448770001, 31.888967342000115 ], [ 35.530656567, 31.888953118000188 ], [ 35.530709514000023, 31.888888691999966 ], [ 35.53071938100004, 31.888876549000145 ], [ 35.53072234300015, 31.888873019000187 ], [ 35.530735659000186, 31.888856748000023 ], [ 35.530749151000066, 31.888840261000155 ], [ 35.530870513000139, 31.888736245000075 ], [ 35.530985743000087, 31.888626468000155 ], [ 35.531166877000146, 31.88851807500015 ], [ 35.53138593400007, 31.888391551000154 ], [ 35.531605061000164, 31.888286585000174 ], [ 35.531752499000106, 31.888224917000059 ], [ 35.531877629000178, 31.88807827800008 ], [ 35.531878663000043, 31.88807706700004 ], [ 35.53187858900003, 31.888076369000032 ], [ 35.531866946000093, 31.887965923000081 ], [ 35.531866025000056, 31.88795718199998 ], [ 35.531860050000034, 31.887900549000051 ], [ 35.531652347000147, 31.887727328000153 ], [ 35.53150935900004, 31.887594526000044 ], [ 35.531355929000142, 31.887450055000045 ], [ 35.531252230000177, 31.887263605999976 ], [ 35.531246580000072, 31.887253476000069 ], [ 35.531247388000168, 31.887248399000043 ], [ 35.531251650000115, 31.887223743000163 ], [ 35.531286571000123, 31.887021716000049 ], [ 35.531401525000035, 31.886879528000179 ], [ 35.531598391000159, 31.886832674000061 ], [ 35.531754368000179, 31.886806213000057 ], [ 35.531927512000095, 31.886776891000125 ], [ 35.532165016000022, 31.886732751000011 ], [ 35.532368672000189, 31.886691797000026 ], [ 35.532561978000047, 31.886618881 ], [ 35.532771909000076, 31.886482231000116 ], [ 35.533026029000155, 31.88632517700006 ], [ 35.533202225000139, 31.8862234180001 ], [ 35.533393544999967, 31.886101610000139 ], [ 35.533566512000164, 31.886022966000041 ], [ 35.533732639000164, 31.885970409000038 ], [ 35.533909031000178, 31.88592656000003 ], [ 35.534163554000031, 31.885885334000193 ], [ 35.534540375, 31.885869866000121 ], [ 35.534706855000138, 31.885872402000189 ], [ 35.53486986900009, 31.885874806000174 ], [ 35.535117718000095, 31.885862622000047 ], [ 35.535338086000024, 31.885783857000035 ], [ 35.535497144000033, 31.88564733200019 ], [ 35.535559363000118, 31.885496831000069 ], [ 35.535565433000102, 31.885482148000051 ], [ 35.53555096000008, 31.885323905000178 ], [ 35.535547566000162, 31.885286798000038 ], [ 35.53554689200007, 31.885279426000125 ], [ 35.535538609000184, 31.885272259000146 ], [ 35.535494285000084, 31.885234103000187 ], [ 35.535380735000103, 31.885136356000032 ], [ 35.535361363000106, 31.885119680000059 ], [ 35.535322106000137, 31.88508596000014 ], [ 35.535189355000057, 31.884999497000138 ], [ 35.535008997000091, 31.884901457000012 ], [ 35.534675772000128, 31.884771961000183 ], [ 35.534526235000101, 31.884702870000012 ], [ 35.534403724000185, 31.884616381000058 ], [ 35.534277602000031, 31.884489175000056 ], [ 35.534066425000049, 31.884313147000057 ], [ 35.533906408000064, 31.884174472000041 ], [ 35.533696157000179, 31.883883879000052 ], [ 35.533597368000073, 31.883779855000114 ], [ 35.53347136900004, 31.883687453000107 ], [ 35.533321825000087, 31.883615544000122 ], [ 35.533134793000102, 31.883543588000066 ], [ 35.532886560000065, 31.883442758000058 ], [ 35.532590664000111, 31.883313301999976 ], [ 35.532458062000103, 31.883220917000074 ], [ 35.532390238, 31.883093280000082 ], [ 35.532382760000132, 31.88307920799997 ], [ 35.532386596000094, 31.883043126000189 ], [ 35.532387556000174, 31.883033399 ], [ 35.532388195000124, 31.883027480000123 ], [ 35.532390762000091, 31.883003283 ], [ 35.532410905000063, 31.882813379000083 ], [ 35.532495359000109, 31.882688742000028 ], [ 35.532695197000123, 31.882549157000085 ], [ 35.532837475000179, 31.882479328999977 ], [ 35.532973118000086, 31.882400779000079 ], [ 35.533150147000129, 31.882313249000106 ], [ 35.533196837000048, 31.882290164000096 ], [ 35.533220424000149, 31.882275984000159 ], [ 35.533467767000104, 31.882127288000106 ], [ 35.533593110000083, 31.882031433000066 ], [ 35.533714964000012, 31.881929810000088 ], [ 35.533924827000078, 31.881729466000024 ], [ 35.534138060000032, 31.881549404000054 ], [ 35.534365203999982, 31.88142722200007 ], [ 35.534694063000131, 31.881301823000115 ], [ 35.534896514000081, 31.881250438 ], [ 35.535130606999985, 31.881180375000156 ], [ 35.53537473300014, 31.881098590000079 ], [ 35.535584965000112, 31.881005477000087 ], [ 35.535774585000183, 31.88087465000018 ], [ 35.535896631000128, 31.880781618000128 ], [ 35.536021835000042, 31.880694498000025 ], [ 35.536164159000066, 31.880592679000017 ], [ 35.536292832000186, 31.880505548000031 ], [ 35.53646231200014, 31.880424092000055 ], [ 35.536679382000159, 31.880351110000049 ], [ 35.536859203000063, 31.880298513000014 ], [ 35.537059353000075, 31.880251641000086 ], [ 35.537558102000048, 31.880163424000159 ], [ 35.537771824000117, 31.880125251000095 ], [ 35.538039825, 31.880072146000032 ], [ 35.538298943000143, 31.880028645000095 ], [ 35.538565636000101, 31.879932282000027 ], [ 35.538693162000186, 31.87984938000011 ], [ 35.538831980000111, 31.879736857000125 ], [ 35.539013345000114, 31.87956137700013 ], [ 35.539121209000143, 31.879429067000046 ], [ 35.539225204000161, 31.879277038000168 ], [ 35.539278624000133, 31.879065532000084 ], [ 35.53926247000004, 31.878887460000101 ], [ 35.53916904700003, 31.87871268900011 ], [ 35.539059873000042, 31.87852161100011 ], [ 35.538943213000152, 31.878360145000045 ], [ 35.538880798000037, 31.878221648000078 ], [ 35.538853178000068, 31.878069815 ], [ 35.538887473000159, 31.877914726000085 ], [ 35.53905030500016, 31.877776072000131 ], [ 35.539189165999971, 31.87767665299998 ], [ 35.539246825000077, 31.8775444690001 ], [ 35.539265656000111, 31.877405906000092 ], [ 35.539361832000054, 31.877237269000034 ], [ 35.539504697999973, 31.877151084000104 ], [ 35.539682443000061, 31.877074675000131 ], [ 35.539825173000111, 31.876948896999977 ], [ 35.539817569000036, 31.876809878000131 ], [ 35.539817050000067, 31.876800396000078 ], [ 35.539790658000186, 31.876762420000091 ], [ 35.539688088000048, 31.876616135000177 ], [ 35.539686430000131, 31.876614590000145 ], [ 35.53949437, 31.876424993000171 ], [ 35.539284715000178, 31.876257143000146 ], [ 35.539106212000036, 31.87611894600019 ], [ 35.539041900000086, 31.876050345000067 ], [ 35.538998706000029, 31.876004388000126 ], [ 35.538970290000179, 31.875974155000165 ], [ 35.538873129000024, 31.875862098000027 ], [ 35.538854414000184, 31.875832758000115 ], [ 35.538836361000051, 31.875804458000061 ], [ 35.538795415000038, 31.875740269000175 ], [ 35.538725088000149, 31.87555881500009 ], [ 35.538682712000025, 31.875341775999971 ], [ 35.538651130000062, 31.875190097000143 ], [ 35.538631287000101, 31.875041627000087 ], [ 35.538634142000092, 31.874774169000034 ], [ 35.538668273000155, 31.874572719000014 ], [ 35.538760647000174, 31.874404233000121 ], [ 35.538891790000093, 31.874271861000182 ], [ 35.539076997000052, 31.874159078 ], [ 35.539227695000079, 31.874092743000119 ], [ 35.539579680000145, 31.874025750000158 ], [ 35.539827394000042, 31.874031732000105 ], [ 35.54004797000016, 31.874067520000096 ], [ 35.540334773000041, 31.874152595999988 ], [ 35.540524529000095, 31.874204948000056 ], [ 35.540718271000117, 31.874263771000074 ], [ 35.541008707000174, 31.874348835000148 ], [ 35.541171440000028, 31.874417742999981 ], [ 35.541388513000186, 31.874489892000042 ], [ 35.541867535000165, 31.874668736000103 ], [ 35.542030283000145, 31.874740883000072 ], [ 35.542324754000106, 31.874845802000152 ], [ 35.542557187000057, 31.87491776700017 ], [ 35.542762618000097, 31.875012913000035 ], [ 35.543022265000161, 31.875121161000095 ], [ 35.543293502000154, 31.875193165000042 ], [ 35.543494573000146, 31.875176155000077 ], [ 35.543653063000136, 31.875119519000179 ], [ 35.543852507000111, 31.874971322000079 ], [ 35.544026153000061, 31.874858703000086 ], [ 35.544196093000096, 31.874772445000019 ], [ 35.544358424000109, 31.874682824000161 ], [ 35.544508988000132, 31.874580127000115 ], [ 35.544686592000119, 31.874467497000012 ], [ 35.544864222000058, 31.874361349000139 ], [ 35.545088075000024, 31.874205618000133 ], [ 35.545246171000144, 31.874040197000056 ], [ 35.54542321800011, 31.873818643000163 ], [ 35.545535055000073, 31.87369293900008 ], [ 35.545712492000064, 31.87353394600018 ], [ 35.545859250000149, 31.873431257999982 ], [ 35.546013844000129, 31.873394637999979 ], [ 35.546246155000119, 31.873433624000029 ], [ 35.546412736000093, 31.873469401000079 ], [ 35.546691531000192, 31.873531373000048 ], [ 35.546846400000106, 31.873570562000168 ], [ 35.547044026000094, 31.87365261500014 ], [ 35.547361976000161, 31.87381016300003 ], [ 35.547563648000107, 31.873915314000101 ], [ 35.547718649000046, 31.873990856000148 ], [ 35.547889054000052, 31.874033245000192 ], [ 35.548076242000093, 31.874014714000168 ], [ 35.548277413000108, 31.873981207000099 ], [ 35.548501368000075, 31.873855204000108 ], [ 35.548624914000186, 31.873772302000134 ], [ 35.548833333000118, 31.873643098000116 ], [ 35.54903789500014, 31.87349727700007 ], [ 35.54920381300019, 31.873351699000068 ], [ 35.549315383000192, 31.873199499000123 ], [ 35.549281152000106, 31.873075004000043 ], [ 35.549279067000043, 31.873067420000098 ], [ 35.549264510000171, 31.873014758000181 ], [ 35.54896213100011, 31.87287042000014 ], [ 35.548729568000113, 31.872762110000053 ], [ 35.548578305000149, 31.872670073000165 ], [ 35.548316610000086, 31.872451226000123 ], [ 35.548018039000169, 31.872263898000028 ], [ 35.547835714000087, 31.872165317000167 ], [ 35.547576188999983, 31.872090051000157 ], [ 35.547281853000186, 31.872021638999968 ], [ 35.547111515000097, 31.871995596000033 ], [ 35.546933366000189, 31.871956469000111 ], [ 35.546731959000169, 31.871924026000158 ], [ 35.546302111000102, 31.871826095000131 ], [ 35.546135713000183, 31.871793559000139 ], [ 35.545895526000152, 31.871721621000063 ], [ 35.545744387000127, 31.871662552000032 ], [ 35.545500036000078, 31.87153440100019 ], [ 35.545446849000029, 31.871483951000073 ], [ 35.54541225700018, 31.871451039000192 ], [ 35.545340804000034, 31.871383055000081 ], [ 35.545255159000192, 31.871214890000147 ], [ 35.545176674000174, 31.870924677000176 ], [ 35.545179708000035, 31.87066722100019 ], [ 35.545196542000042, 31.870526969000139 ], [ 35.545216632000063, 31.870328373000063 ], [ 35.545277813999974, 31.870030467000106 ], [ 35.545360091000134, 31.869814091000137 ], [ 35.545468756000162, 31.869634002000055 ], [ 35.545559746000038, 31.869499193000024 ], [ 35.545683901000132, 31.869356969000137 ], [ 35.545820491000029, 31.869229085000029 ], [ 35.546044392000169, 31.869090264000192 ], [ 35.546172865000074, 31.869001291000188 ], [ 35.546388584000056, 31.86888376800016 ], [ 35.546645786000056, 31.868776703000094 ], [ 35.546857517000035, 31.868698221000159 ], [ 35.547002768000084, 31.868637528000193 ], [ 35.54718508100018, 31.868506001000071 ], [ 35.547234409000168, 31.868356925000171 ], [ 35.547233742000174, 31.868172614000116 ], [ 35.547173552000174, 31.868095485000026 ], [ 35.547162742000182, 31.868081633000145 ], [ 35.547079298000028, 31.867974478000065 ], [ 35.546639105000111, 31.867750178000165 ], [ 35.546418287000108, 31.867598291000093 ], [ 35.546356309000146, 31.867536029000121 ], [ 35.546348291000186, 31.867527985000152 ], [ 35.546305601000029, 31.867485152000086 ], [ 35.546267734000025, 31.867332786000077 ], [ 35.546308601000135, 31.867173165000111 ], [ 35.546445405000043, 31.867059512000026 ], [ 35.546632007000028, 31.866973911000116 ], [ 35.546893612000133, 31.866898820000074 ], [ 35.547142629000177, 31.86681305400009 ], [ 35.547304404000158, 31.866755841000042 ], [ 35.547453830999984, 31.866709367000112 ], [ 35.547607398000025, 31.866666408000185 ], [ 35.547935198000118, 31.866541540000185 ], [ 35.548134350999987, 31.86645590400019 ], [ 35.548362276000148, 31.866292265000027 ], [ 35.548428160000071, 31.86611130100016 ], [ 35.548377594000158, 31.865952056000083 ], [ 35.548374378000062, 31.865941927 ], [ 35.548365192000176, 31.865913062 ], [ 35.548118854000052, 31.865598214000102 ], [ 35.547997895000094, 31.865481576000036 ], [ 35.547852071000079, 31.865382759000113 ], [ 35.547594253000057, 31.865316083000096 ], [ 35.547354713000175, 31.865327284000045 ], [ 35.547039398000095, 31.86543436200003 ], [ 35.546865221000132, 31.865530499999977 ], [ 35.546653842000183, 31.8657048 ], [ 35.546542075000048, 31.865800772000171 ], [ 35.546343195000134, 31.865960808000068 ], [ 35.546148478000077, 31.866131539999969 ], [ 35.546020060000103, 31.866234604000169 ], [ 35.545796230000064, 31.866391182000143 ], [ 35.545539033000011, 31.866498105 ], [ 35.54538541200003, 31.866526971000098 ], [ 35.545131821000098, 31.86653467900004 ], [ 35.545034030000068, 31.866476318000082 ], [ 35.545026447000055, 31.866471782000076 ], [ 35.544948644000101, 31.866425249000031 ], [ 35.544923088000132, 31.866251713000054 ], [ 35.544951358000162, 31.866031816000088 ], [ 35.544984226000054, 31.865897018000112 ], [ 35.545049892000122, 31.865698442000053 ], [ 35.545200450000152, 31.865507534000074 ], [ 35.54532473900008, 31.865404341000101 ], [ 35.545469796000077, 31.86529052800006 ], [ 35.54560667200019, 31.865198012000178 ], [ 35.545934162000151, 31.864988039000139 ], [ 35.546182792000081, 31.864796028000171 ], [ 35.546307132999971, 31.864707067000154 ], [ 35.546456392000152, 31.864614518000053 ], [ 35.546659448000071, 31.864468564000049 ], [ 35.546816732000138, 31.864312300999984 ], [ 35.546923973000048, 31.864106429 ], [ 35.546923432000085, 31.863956595000047 ], [ 35.546923422000077, 31.863953963000029 ], [ 35.546915071, 31.86392805700018 ], [ 35.546872993000079, 31.863798106 ], [ 35.546752116000107, 31.863702745000182 ], [ 35.54645324500018, 31.863742565000109 ], [ 35.5463038850001, 31.863806791000115 ], [ 35.546121313000071, 31.863909993000107 ], [ 35.545882074000076, 31.864095498000097 ], [ 35.545720622000033, 31.864241204000052 ], [ 35.545604591000142, 31.864344372000062 ], [ 35.545380904000183, 31.86453984100018 ], [ 35.545186354000066, 31.864710571000103 ], [ 35.544995449000169, 31.86479252100014 ], [ 35.544729657, 31.864850003000072 ], [ 35.54448024800007, 31.864825855000049 ], [ 35.544185129000084, 31.864762793000182 ], [ 35.543981357000121, 31.864710199000058 ], [ 35.543806541000038, 31.864629068 ], [ 35.543689820000054, 31.864540739000063 ], [ 35.543641290000153, 31.864452091000032 ], [ 35.543632651000053, 31.864436324000053 ], [ 35.543610375000128, 31.864395666000064 ], [ 35.543566981000083, 31.864173559000051 ], [ 35.543570551000073, 31.864017561000139 ], [ 35.543586707000145, 31.863872238999988 ], [ 35.543635556000027, 31.863588595000181 ], [ 35.54367663000005, 31.863439544000187 ], [ 35.543808160000083, 31.863052822000157 ], [ 35.543869809000114, 31.86284002400015 ], [ 35.543906412000013, 31.862641382000049 ], [ 35.543922441, 31.862460551000083 ], [ 35.543921743000169, 31.862265673000138 ], [ 35.543887832999985, 31.862109771 ], [ 35.543828111000039, 31.862006289000192 ], [ 35.543815563000067, 31.861984546000031 ], [ 35.543791805000069, 31.861943462000056 ], [ 35.543658220000111, 31.861802054000066 ], [ 35.543528956000046, 31.861667678000117 ], [ 35.543345993000116, 31.861615032000032 ], [ 35.543138619, 31.861707728000056 ], [ 35.543031006000092, 31.861856811000052 ], [ 35.54290290400013, 31.862048503000096 ], [ 35.542783148000183, 31.862265115000071 ], [ 35.542708975000153, 31.862438911000083 ], [ 35.542626457000097, 31.862588068999969 ], [ 35.54241159500009, 31.862943023000071 ], [ 35.542208635000179, 31.863117293000073 ], [ 35.542071845, 31.863188528000023 ], [ 35.54190979700013, 31.863213749000067 ], [ 35.541727713000171, 31.863185753000039 ], [ 35.541706103000138, 31.863182430000052 ], [ 35.54162758700005, 31.863110769000059 ], [ 35.541543602000104, 31.863033908000034 ], [ 35.541455804000122, 31.862906610000152 ], [ 35.541367986000125, 31.862726046000148 ], [ 35.541296539000029, 31.862506408000058 ], [ 35.541204186000073, 31.862258501000099 ], [ 35.541153582000163, 31.862049518000106 ], [ 35.54112810800018, 31.861897259000045 ], [ 35.54112759200018, 31.861751837000099 ], [ 35.541171334000069, 31.861515838000173 ], [ 35.541263444000037, 31.861370600000043 ], [ 35.541401981000035, 31.861235249000117 ], [ 35.541629348000129, 31.8610995250001 ], [ 35.541806721000114, 31.861020011999983 ], [ 35.542030356000055, 31.860904168 ], [ 35.542215277000025, 31.860811532000184 ], [ 35.542350144000068, 31.860712260000128 ], [ 35.542438464999975, 31.860570415000041 ], [ 35.542445709000049, 31.860425396000039 ], [ 35.542418009000073, 31.860250879000034 ], [ 35.542384351000123, 31.860005699 ], [ 35.542377497000075, 31.859955772000035 ], [ 35.542376819000026, 31.859950843000092 ], [ 35.542366480000169, 31.859875481000074 ], [ 35.542331148000073, 31.859737197000186 ], [ 35.542230157000176, 31.859566110000173 ], [ 35.542106308000143, 31.859467651999978 ], [ 35.541866405000064, 31.859326658000043 ], [ 35.541650059000119, 31.859310732000154 ], [ 35.541476242000044, 31.859321045000058 ], [ 35.541314407000073, 31.859403899000142 ], [ 35.541210659000171, 31.859526055000117 ], [ 35.541162942000085, 31.859665259999986 ], [ 35.541090539000038, 31.85991923000006 ], [ 35.541040814999974, 31.860051111000018 ], [ 35.54096805800009, 31.860252240000079 ], [ 35.540903062000041, 31.860407271000042 ], [ 35.540818625999975, 31.860575457000095 ], [ 35.540676326000096, 31.860720823 ], [ 35.540463942000144, 31.860750963000044 ], [ 35.540232216000163, 31.860728452000046 ], [ 35.540000249000059, 31.860636894000095 ], [ 35.53983230900019, 31.860536291000017 ], [ 35.539725565000083, 31.860418342000116 ], [ 35.539716318999979, 31.860408092000171 ], [ 35.539704514000164, 31.8603950050001 ], [ 35.539649801000166, 31.860237043000154 ], [ 35.539605903000108, 31.859822028000167 ], [ 35.539601475000097, 31.85964420800002 ], [ 35.53959304, 31.859453153000118 ], [ 35.539584804000071, 31.859318038000026 ], [ 35.53956464800018, 31.859080935000065 ], [ 35.539548452000076, 31.858889899000076 ], [ 35.53953889800016, 31.858868438000172 ], [ 35.539527650000139, 31.858843172000036 ], [ 35.53947838400012, 31.858731978000037 ], [ 35.539342892000093, 31.858607196000037 ], [ 35.539076371000192, 31.858594635000145 ], [ 35.538898942000117, 31.858657657000037 ], [ 35.538721665000139, 31.858763513999975 ], [ 35.538606266999977, 31.858859349 ], [ 35.538482940000165, 31.85895520400004 ], [ 35.538340419, 31.859038005000059 ], [ 35.538124483000104, 31.859137336 ], [ 35.537958484000114, 31.859164114000123 ], [ 35.537742039000079, 31.859072511000079 ], [ 35.537708288000033, 31.858958880000159 ], [ 35.537704380000093, 31.858945733000041 ], [ 35.537687238000046, 31.858888057000115 ], [ 35.537756768000122, 31.858612253 ], [ 35.537841154000034, 31.858476902000064 ], [ 35.537925728000062, 31.858348174000071 ], [ 35.538087315000041, 31.858193039000128 ], [ 35.538222205000181, 31.858100396 ], [ 35.538380224000036, 31.858011073000171 ], [ 35.538526764999972, 31.857944751000048 ], [ 35.538700207000147, 31.857875118000038 ], [ 35.53893546900008, 31.857778975000144 ], [ 35.539085853000074, 31.857725889000051 ], [ 35.539321054000084, 31.857613258000015 ], [ 35.539459473000079, 31.857444934000171 ], [ 35.539458178000075, 31.857427595000047 ], [ 35.53945323500011, 31.857361388000186 ], [ 35.539447170000187, 31.857280240000193 ], [ 35.539269199000159, 31.857142321000083 ], [ 35.53885175400012, 31.857028130000117 ], [ 35.538623757000039, 31.856982635000179 ], [ 35.538218965000112, 31.856898000000172 ], [ 35.537998772000094, 31.856865589000108 ], [ 35.537825020000128, 31.856846306000193 ], [ 35.537655064999967, 31.856827016000182 ], [ 35.537322598000117, 31.856745432000025 ], [ 35.537059885000133, 31.856686920000129 ], [ 35.536820170000112, 31.856595234000167 ], [ 35.536686570000029, 31.856490737000172 ], [ 35.536593542000162, 31.856327516000079 ], [ 35.536585574000071, 31.856313553000064 ], [ 35.536581579000142, 31.856306550999989 ], [ 35.536538630000052, 31.856158421000032 ], [ 35.536560787000042, 31.85588485400001 ], [ 35.536602897000137, 31.85574636900003 ], [ 35.536706533000029, 31.855591384000093 ], [ 35.536887417000059, 31.855432677000181 ], [ 35.537068526000041, 31.855290598000067 ], [ 35.537291992000064, 31.855174761000171 ], [ 35.537561915000083, 31.855078530000128 ], [ 35.537886314000048, 31.855074459000036 ], [ 35.538187147000144, 31.854988014000071 ], [ 35.538360527000066, 31.854855816000168 ], [ 35.538651271000163, 31.854671601000121 ], [ 35.538890193000043, 31.854539096000053 ], [ 35.539036707999969, 31.854466288000083 ], [ 35.539190908000137, 31.854419814000153 ], [ 35.53944949300012, 31.854386177000094 ], [ 35.539723677999973, 31.854375605000143 ], [ 35.540086623000093, 31.854394398000181 ], [ 35.540318615000103, 31.854449883000029 ], [ 35.540500133000194, 31.854472384000019 ], [ 35.540670014000113, 31.854471944000181 ], [ 35.540870698000049, 31.854451698000105 ], [ 35.541036656000074, 31.854415055000175 ], [ 35.541233375000104, 31.854348600000094 ], [ 35.54138358, 31.854246048000164 ], [ 35.541456400000186, 31.854110866000156 ], [ 35.541446791000169, 31.854005324000127 ], [ 35.54144506200015, 31.853986328000133 ], [ 35.541440427, 31.853936317000034 ], [ 35.541320183000039, 31.853781766000111 ], [ 35.541188383000133, 31.853673463000121 ], [ 35.541056783000045, 31.853574882000032 ], [ 35.540878738000174, 31.853460079000058 ], [ 35.540727776000097, 31.853348443000016 ], [ 35.540603865999969, 31.853230255000028 ], [ 35.540452590000086, 31.853029563000121 ], [ 35.540390192000075, 31.852891488000182 ], [ 35.54030483300005, 31.852749952000181 ], [ 35.540223272000105, 31.852608546 ], [ 35.540142929000126, 31.852484468000057 ], [ 35.540028976000031, 31.852286216000152 ], [ 35.539961623000067, 31.852148437000039 ], [ 35.539870455000141, 31.851997473000154 ], [ 35.539824495000062, 31.851839348000169 ], [ 35.539804282000091, 31.851632117000122 ], [ 35.539803254000162, 31.851621410000064 ], [ 35.539807901000131, 31.851597078000168 ], [ 35.539835509999989, 31.851452513000027 ], [ 35.539884577000066, 31.851322326000172 ], [ 35.539970610000182, 31.851188518000129 ], [ 35.540077379000024, 31.851082700000063 ], [ 35.540158069000142, 31.851015293999978 ], [ 35.540186180000092, 31.850991812000188 ], [ 35.540209019000088, 31.850972664000039 ], [ 35.540241816000048, 31.850945168000067 ], [ 35.54037339600012, 31.850853376000089 ], [ 35.540656980000108, 31.850655790000076 ], [ 35.540829829000131, 31.850563891000036 ], [ 35.541047829000036, 31.850447356000075 ], [ 35.541261887000189, 31.850383391000037 ], [ 35.541570727000135, 31.850326368000026 ], [ 35.541764440000065, 31.850297825000041 ], [ 35.541974556000071, 31.850286712000127 ], [ 35.542179809000061, 31.850300270000162 ], [ 35.542446480000024, 31.850361580000083 ], [ 35.542563026000096, 31.850452164000103 ], [ 35.542636461000029, 31.850629666000088 ], [ 35.54263630700018, 31.850632765000057 ], [ 35.542623991000085, 31.850836698000137 ], [ 35.542608874000166, 31.850864715000057 ], [ 35.542546028000118, 31.85098119100013 ], [ 35.542533463000041, 31.851004478000164 ], [ 35.542497547999972, 31.851072350000095 ], [ 35.542294659000163, 31.851258880000103 ], [ 35.542281664000086, 31.851272020000124 ], [ 35.542250624000189, 31.851303328000029 ], [ 35.542101538000111, 31.851453701000139 ], [ 35.542027369000095, 31.85161884900009 ], [ 35.542019806000098, 31.851635689000091 ], [ 35.542020161000039, 31.851642734000052 ], [ 35.542025244000172, 31.851772078000067 ], [ 35.542142041000147, 31.851932978000093 ], [ 35.542321577999985, 31.852002829000071 ], [ 35.542655825000054, 31.851985474000173 ], [ 35.542859128000089, 31.851960145000078 ], [ 35.543120645000101, 31.851918035000153 ], [ 35.543275530000074, 31.851880431999973 ], [ 35.54341581500006, 31.851822294000158 ], [ 35.543457340000032, 31.851793502000078 ], [ 35.543515779000131, 31.851752984000086 ], [ 35.543541468000058, 31.851735162000068 ], [ 35.54354820500015, 31.851726831000178 ], [ 35.543563739000035, 31.851707911000176 ], [ 35.543633190000151, 31.851623321000147 ], [ 35.543715122000037, 31.851499104000084 ], [ 35.543746235000185, 31.851423044000171 ], [ 35.543753091000042, 31.85140628500011 ], [ 35.543801536000046, 31.851288076000174 ], [ 35.543761613000072, 31.850973944000145 ], [ 35.543712549000077, 31.85077989500013 ], [ 35.543668464000064, 31.850639380000132 ], [ 35.543589999000062, 31.850395805000176 ], [ 35.543502392000164, 31.850272030000156 ], [ 35.543414587000086, 31.850139943000158 ], [ 35.543317406000142, 31.850016193000044 ], [ 35.543195759000128, 31.849884193000094 ], [ 35.543074143000183, 31.849760506000109 ], [ 35.543022981000036, 31.849718649000067 ], [ 35.542943010999977, 31.849653471000011 ], [ 35.542800209000063, 31.849546273000044 ], [ 35.54271441700007, 31.849481871000023 ], [ 35.542482097000061, 31.849288168000101 ], [ 35.54247382799997, 31.849281273000145 ], [ 35.542437569000072, 31.849251073000119 ], [ 35.542189877000055, 31.849094596000043 ], [ 35.542039106000061, 31.848942098000066 ], [ 35.541975739000065, 31.848809946000131 ], [ 35.541970827, 31.84877501200009 ], [ 35.541963721000172, 31.848725255000147 ], [ 35.541955759000189, 31.848669508000057 ], [ 35.54196351100012, 31.848651613000072 ], [ 35.541969020000124, 31.848638895000079 ], [ 35.542012089000082, 31.848540286 ], [ 35.542013071000156, 31.848538028000178 ], [ 35.542020838000155, 31.848520108000116 ], [ 35.542027807000125, 31.848504031000118 ], [ 35.542041158000075, 31.848496699000066 ], [ 35.542055651000112, 31.84848874000005 ], [ 35.542201960000057, 31.848408463000055 ], [ 35.542290903000037, 31.84839794700008 ], [ 35.542294534000064, 31.848397513 ], [ 35.542385498000158, 31.848386637000033 ], [ 35.542414995000172, 31.848383110000157 ], [ 35.542417975000092, 31.84838335600017 ], [ 35.542426553000098, 31.848384065000175 ], [ 35.542599121000137, 31.848399118000088 ], [ 35.542759204000163, 31.848431816000129 ], [ 35.543025870000179, 31.848493126000051 ], [ 35.543200419000129, 31.848554671000045 ], [ 35.543365497000138, 31.848645131000069 ], [ 35.543632327000182, 31.848751952000157 ], [ 35.543850475000113, 31.84877209800004 ], [ 35.544019927000079, 31.848746855000172 ], [ 35.544214809000039, 31.848677299000087 ], [ 35.544234597000127, 31.848670260000119 ], [ 35.544269876000101, 31.848657709000065 ], [ 35.544346724000036, 31.848647334000191 ], [ 35.544451877000142, 31.848633138000082 ], [ 35.544550714000081, 31.848619773000109 ], [ 35.544797800000083, 31.848606727000117 ], [ 35.545107827000038, 31.84860591600011 ], [ 35.545369528000151, 31.848617631000138 ], [ 35.545426979000183, 31.848613369000134 ], [ 35.545428611000148, 31.848613248000049 ], [ 35.545520969000108, 31.848606455000095 ], [ 35.545535889000121, 31.8486053580001 ], [ 35.545602071000076, 31.848600535000116 ], [ 35.545663063000177, 31.848575716000141 ], [ 35.545785870000088, 31.848525653000138 ], [ 35.545988792, 31.84839689000006 ], [ 35.546239363000041, 31.848160626000038 ], [ 35.546283293000158, 31.848119223000083 ], [ 35.546442540999976, 31.847920399000145 ], [ 35.546543542999984, 31.847729903000015 ], [ 35.546625189, 31.847527195000112 ], [ 35.546677883000086, 31.847353454000086 ], [ 35.546667457000126, 31.847163389000059 ], [ 35.546608842000182, 31.84702291300016 ], [ 35.54646776200002, 31.846857994000118 ], [ 35.546288158000095, 31.846767576000104 ], [ 35.546055484000021, 31.84674747400004 ], [ 35.545955429, 31.846756746000096 ], [ 35.545955314000082, 31.846756757000151 ], [ 35.545926475000101, 31.846759427000052 ], [ 35.545687476000126, 31.846781556000167 ], [ 35.545601867000073, 31.846801044000188 ], [ 35.54558603400011, 31.846804648000102 ], [ 35.545503561000089, 31.846823325000173 ], [ 35.54533420000007, 31.846873369000036 ], [ 35.5451212910001, 31.846931843000107 ], [ 35.54492762000018, 31.846969549000164 ], [ 35.544728755000108, 31.84698627500012 ], [ 35.544713919000174, 31.846987537000075 ], [ 35.544675781000024, 31.846990782000091 ], [ 35.54459147100016, 31.846992782000086 ], [ 35.544588957000087, 31.846992842000077 ], [ 35.544467465000025, 31.846995553 ], [ 35.544176566000033, 31.846942485000056 ], [ 35.544166380000036, 31.846938037000086 ], [ 35.544165655000086, 31.846937721000018 ], [ 35.544117092000079, 31.846930240000063 ], [ 35.544053721000068, 31.846889258000033 ], [ 35.544037042000184, 31.846882043000051 ], [ 35.543967911000038, 31.846852141000056 ], [ 35.543935902000158, 31.84681662100013 ], [ 35.543928131000143, 31.846807998000031 ], [ 35.543863659000124, 31.846736723000106 ], [ 35.54384545400012, 31.846716439000033 ], [ 35.543841452000152, 31.846711980000123 ], [ 35.543834919000062, 31.846698534000041 ], [ 35.543805694000071, 31.846638378000023 ], [ 35.543789297000046, 31.846604750000097 ], [ 35.543773098000031, 31.846571528000027 ], [ 35.543769131000147, 31.846536500000127 ], [ 35.543765089000146, 31.84650081 ], [ 35.543764063000083, 31.846491654000147 ], [ 35.543762527000126, 31.846477144 ], [ 35.543755377000082, 31.84641367800009 ], [ 35.543753148000121, 31.846393891000162 ], [ 35.54375526900003, 31.846381552000139 ], [ 35.543761558000142, 31.846344970000132 ], [ 35.543776762000164, 31.846257426000136 ], [ 35.543783953000116, 31.846236832000045 ], [ 35.543793686000129, 31.846188896000172 ], [ 35.543832478000127, 31.846096356000146 ], [ 35.543835583000146, 31.846087612000133 ], [ 35.543851459, 31.84604157800004 ], [ 35.543852413000081, 31.846038813000064 ], [ 35.54391482, 31.84590224700014 ], [ 35.543925585000125, 31.845890804000192 ], [ 35.543941133000146, 31.845874277000178 ], [ 35.543943434000084, 31.845871876000047 ], [ 35.543949518000034, 31.845865238000044 ], [ 35.543983517000129, 31.84582895900013 ], [ 35.544093413000155, 31.84571169100019 ], [ 35.544195373000036, 31.845633907000149 ], [ 35.544231868000168, 31.845606066000073 ], [ 35.54426742600009, 31.84557892000015 ], [ 35.544494670000063, 31.845466723000186 ], [ 35.544852503000072, 31.845312898000145 ], [ 35.545200791000127, 31.845167268000182 ], [ 35.545587976999968, 31.845050566000111 ], [ 35.545984871000144, 31.844925521000164 ], [ 35.546245978000172, 31.844821406000165 ], [ 35.546637650000093, 31.84462197 ], [ 35.546807287000149, 31.844559101000073 ], [ 35.546984134000127, 31.844480992000058 ], [ 35.547276246000138, 31.844369043000142 ], [ 35.547497324000119, 31.844288704000121 ], [ 35.547701206000113, 31.844246173000101 ], [ 35.547979026, 31.844199363000143 ], [ 35.548168145000147, 31.844137989000046 ], [ 35.548239528000067, 31.844112014000075 ], [ 35.548253914000043, 31.844106776 ], [ 35.548306266000111, 31.844087716000047 ], [ 35.548326082000131, 31.844080501000064 ], [ 35.548342401000184, 31.844074541000111 ], [ 35.548415678000083, 31.844024181000179 ], [ 35.54846030200008, 31.843993628000078 ], [ 35.548538683000061, 31.843939731000148 ], [ 35.548690445000034, 31.843727540000089 ], [ 35.548734211000067, 31.843597220000106 ], [ 35.548765573000026, 31.843414656000107 ], [ 35.548722935000058, 31.843219604000126 ], [ 35.548639951000098, 31.843096948000152 ], [ 35.548414219000051, 31.842985097 ], [ 35.54833341900013, 31.842963470000086 ], [ 35.548309325000105, 31.842957011000181 ], [ 35.548218911000049, 31.842932771000108 ], [ 35.54795579000006, 31.842889219000085 ], [ 35.547745357000167, 31.842854265000028 ], [ 35.547716625000078, 31.842851521000171 ], [ 35.547705271000041, 31.84285040900005 ], [ 35.547510704, 31.842831351000086 ], [ 35.547048646000121, 31.842826933000083 ], [ 35.546855500000163, 31.842824622000137 ], [ 35.546693398000059, 31.842825189000109 ], [ 35.54655255900002, 31.842840017000071 ], [ 35.546538287000089, 31.84284152000015 ], [ 35.546506924000084, 31.842842307000126 ], [ 35.546286590000136, 31.842853455000125 ], [ 35.546017720000123, 31.842863320000163 ], [ 35.545924255000102, 31.842854548000162 ], [ 35.545915252000157, 31.842853706000085 ], [ 35.545852426000124, 31.842847831000029 ], [ 35.545846720000156, 31.84284729400008 ], [ 35.545741787000111, 31.842837413000041 ], [ 35.545537879000108, 31.842734095000026 ], [ 35.545483313000034, 31.84262412400011 ], [ 35.545458064000172, 31.842573239000046 ], [ 35.545451859000082, 31.842560753999976 ], [ 35.545430296000177, 31.842517369000063 ], [ 35.545401985000069, 31.84226478700009 ], [ 35.545446042000037, 31.842029772000103 ], [ 35.545507508000185, 31.841862911000078 ], [ 35.545546619000106, 31.841821449000179 ], [ 35.545567203000076, 31.841799627000171 ], [ 35.545679355000118, 31.841680966000013 ], [ 35.545746460000032, 31.841613151 ], [ 35.545769053000072, 31.841590385000075 ], [ 35.545827219000046, 31.841531774000146 ], [ 35.546012598000061, 31.841395589000115 ], [ 35.546150266000041, 31.84130293000004 ], [ 35.546277575000033, 31.841222134000077 ], [ 35.546290089000024, 31.841214805000106 ], [ 35.546366032000151, 31.841170328000032 ], [ 35.546435875000157, 31.841129420000073 ], [ 35.546526942000128, 31.841069575000176 ], [ 35.54655915800015, 31.841048434000072 ], [ 35.546604341000091, 31.841018783000038 ], [ 35.546738541000138, 31.840926132000106 ], [ 35.54692194900008, 31.840771916000108 ], [ 35.546949521000045, 31.840748732000179 ], [ 35.546951332000106, 31.840746755999987 ], [ 35.546953137000173, 31.840744214000154 ], [ 35.546976752000035, 31.840708555000106 ], [ 35.547071671000026, 31.840565226000081 ], [ 35.547102091000056, 31.840395626000088 ], [ 35.547080578000134, 31.840151904000152 ], [ 35.547010667000109, 31.83989985300019 ], [ 35.546979065000187, 31.839742397000123 ], [ 35.546982347999972, 31.839671189000114 ], [ 35.546985342000085, 31.839606260000153 ], [ 35.546985494000069, 31.839602595000088 ], [ 35.546986631999971, 31.839598083000112 ], [ 35.547002607000138, 31.839532265000173 ], [ 35.547019487000114, 31.839462721000075 ], [ 35.547063871000091, 31.839319860000046 ], [ 35.547098200000164, 31.839247792000151 ], [ 35.547118914000123, 31.839204306999989 ], [ 35.547139067000103, 31.839161980000142 ], [ 35.547207234000098, 31.838932817000114 ], [ 35.547216274000164, 31.838876005000031 ], [ 35.547228392000079, 31.838800197000126 ], [ 35.547240972000054, 31.838721502000112 ], [ 35.547250299000041, 31.838621746000058 ], [ 35.547254322000128, 31.838578722000193 ], [ 35.547249978000082, 31.838548602 ], [ 35.547226046000105, 31.838382646000127 ], [ 35.547194529000024, 31.838248862000114 ], [ 35.5471562030001, 31.838103399000033 ], [ 35.547055245000081, 31.837846217999981 ], [ 35.546975532000147, 31.837712702000147 ], [ 35.546895806000123, 31.837576226000067 ], [ 35.546819613000139, 31.837457496000184 ], [ 35.546725970000068, 31.837306121000154 ], [ 35.546639347000109, 31.837178681000125 ], [ 35.546539629000051, 31.83701800800003 ], [ 35.546512832000019, 31.836974831000134 ], [ 35.546493905000148, 31.836944164000158 ], [ 35.546417806000193, 31.836759907999976 ], [ 35.546410479000031, 31.836742313000059 ], [ 35.546400948000041, 31.836672806000081 ], [ 35.54638929000015, 31.836587788000145 ], [ 35.546430837000116, 31.83654053500004 ], [ 35.546446661000175, 31.836522537000178 ], [ 35.546580804000143, 31.836370280000096 ], [ 35.546678026000052, 31.836324225999988 ], [ 35.546688912000036, 31.836319057000026 ], [ 35.546747563, 31.836291211000059 ], [ 35.546905650000042, 31.836279521000108 ], [ 35.546959151000124, 31.836284645000035 ], [ 35.546967239000082, 31.836285420000024 ], [ 35.5471341760001, 31.836301326000068 ], [ 35.547371764000047, 31.836364533000051 ], [ 35.547552065000161, 31.836424087000182 ], [ 35.547710549000101, 31.83647608900003 ], [ 35.547877601000096, 31.836524403000169 ], [ 35.548050271000136, 31.836562459999982 ], [ 35.548064603000114, 31.836565619000169 ], [ 35.54814389600017, 31.836590544000046 ], [ 35.548146402000043, 31.836591332000069 ], [ 35.548181727000042, 31.836591379000026 ], [ 35.548247144000186, 31.83660586000002 ], [ 35.548475575000168, 31.836601595000161 ], [ 35.548562783000079, 31.836570925999979 ], [ 35.54856673900008, 31.836569507000149 ], [ 35.548577289000036, 31.836565816000132 ], [ 35.548712635000072, 31.836518392000073 ], [ 35.548839776000193, 31.836439425000037 ], [ 35.548949145999984, 31.836330352000175 ], [ 35.549036429000012, 31.836138903000062 ], [ 35.54902665000003, 31.836082139000155 ], [ 35.549023829000078, 31.83606561400012 ], [ 35.549012358000084, 31.835998428000039 ], [ 35.549001690000068, 31.835935940000013 ], [ 35.548978079000165, 31.835797766000155 ], [ 35.548837692, 31.835638343000028 ], [ 35.548817489000044, 31.835615410000173 ], [ 35.548770565000041, 31.835562145000097 ], [ 35.548638413000162, 31.835442437000154 ], [ 35.548528103000081, 31.835337749000189 ], [ 35.548417983000036, 31.835240530000078 ], [ 35.548215378000066, 31.835128616000191 ], [ 35.547990698000092, 31.834982941000135 ], [ 35.547836690000167, 31.834889642000178 ], [ 35.547704482000029, 31.834799949000114 ], [ 35.547604308000132, 31.83473775900012 ], [ 35.547587853000095, 31.834727543000156 ], [ 35.547572300000127, 31.834717862000161 ], [ 35.547457605000147, 31.834586975000093 ], [ 35.547377797000138, 31.834380889000045 ], [ 35.547310924000158, 31.834054711000078 ], [ 35.547239999000055, 31.833931882000115 ], [ 35.547098528, 31.833790214000146 ], [ 35.546982799000091, 31.833692021000104 ], [ 35.546828776000098, 31.833594069000185 ], [ 35.546708852000108, 31.833523363000154 ], [ 35.546655050000084, 31.833491599000013 ], [ 35.546648976000142, 31.833488013000078 ], [ 35.546647577000101, 31.833486671000173 ], [ 35.54664135600018, 31.833480704000124 ], [ 35.546624129000122, 31.833463842000128 ], [ 35.546542799000122, 31.833384440000145 ], [ 35.546465437000109, 31.833215122000183 ], [ 35.546438849000026, 31.832982827000023 ], [ 35.546457670000109, 31.832845952000184 ], [ 35.546463454000047, 31.832803644000023 ], [ 35.546466997000095, 31.832777725000142 ], [ 35.54655257800016, 31.832526114000188 ], [ 35.54665240900016, 31.832363451000106 ], [ 35.546763763000115, 31.832182013000192 ], [ 35.546803946000125, 31.832110886000123 ], [ 35.546813295000106, 31.832094375000054 ], [ 35.546857909000096, 31.832017179000047 ], [ 35.546962931000053, 31.831801024000015 ], [ 35.546997522000026, 31.831645083000183 ], [ 35.546990563000065, 31.831500243000107 ], [ 35.546957364000036, 31.831448193000085 ], [ 35.546944897000174, 31.831428497000047 ], [ 35.546915677000072, 31.831382332000032 ], [ 35.546907231999967, 31.831368990000158 ], [ 35.546895674000098, 31.831363795000186 ], [ 35.546714301000122, 31.831282272000124 ], [ 35.54655091799998, 31.831241697000053 ], [ 35.54629174400003, 31.831231245000083 ], [ 35.546268967, 31.831230741000184 ], [ 35.546057597000129, 31.831248487000039 ], [ 35.54570854900004, 31.831260395000186 ], [ 35.545474512000112, 31.831217184000025 ], [ 35.545300990000158, 31.83106460800002 ], [ 35.545236617000057, 31.830939317000059 ], [ 35.545236497000019, 31.830939083000032 ], [ 35.545231824000098, 31.830924721000088 ], [ 35.545216801000038, 31.830877836000013 ], [ 35.54520228400014, 31.830832207000071 ], [ 35.545191090000117, 31.830797020000091 ], [ 35.545187260000148, 31.830745282000066 ], [ 35.545182246000081, 31.830677549000086 ], [ 35.545181373000105, 31.830664587000058 ], [ 35.545181028000172, 31.830660361000071 ], [ 35.545208153000033, 31.83054679300011 ], [ 35.545218914000088, 31.830501736000031 ], [ 35.545223806000138, 31.830494404000092 ], [ 35.545236810000176, 31.830474915000025 ], [ 35.545265351000126, 31.830379442000037 ], [ 35.545347293000134, 31.830308629000115 ], [ 35.545357795000143, 31.830292819000022 ], [ 35.545357827000146, 31.83029278500004 ], [ 35.545483489000048, 31.830132697000124 ], [ 35.545511877000081, 31.830114070999969 ], [ 35.545528772000182, 31.830102985000167 ], [ 35.545674167000186, 31.830007208000097 ], [ 35.545820255000024, 31.829920162 ], [ 35.545986872000071, 31.8298502560001 ], [ 35.546279268999967, 31.82973844900016 ], [ 35.54642961899998, 31.829689439000049 ], [ 35.546730294000099, 31.829584513000043 ], [ 35.546896731000118, 31.829511084000103 ], [ 35.546962484000119, 31.829482870000106 ], [ 35.546985223000149, 31.829473084000142 ], [ 35.546990002000086, 31.829470960000151 ], [ 35.54709168100004, 31.829427291000172 ], [ 35.547232271000155, 31.829326731000037 ], [ 35.54723704200012, 31.8293222100001 ], [ 35.547264999, 31.829294376000121 ], [ 35.547335174000068, 31.829224423000085 ], [ 35.54735528600014, 31.829204375000018 ], [ 35.547424002000128, 31.829082728000174 ], [ 35.547459942000046, 31.828888315000029 ], [ 35.547451138000042, 31.828690355000163 ], [ 35.547409683000069, 31.82849952700019 ], [ 35.547315385000104, 31.828301934000081 ], [ 35.547221354000044, 31.828132101000165 ], [ 35.547151735000057, 31.828003913000032 ], [ 35.547069704000137, 31.827820519000113 ], [ 35.546991684000034, 31.827605409000057 ], [ 35.546990857000083, 31.827376427000161 ], [ 35.547035009000183, 31.827216516000135 ], [ 35.54713608600008, 31.827053072000126 ], [ 35.547206121000102, 31.827007913000045 ], [ 35.547236367000153, 31.826988411000173 ], [ 35.547347020000132, 31.826917242000093 ], [ 35.547558319000132, 31.826836787000104 ], [ 35.547716687000104, 31.826770421999981 ], [ 35.547874955000054, 31.82667629700012 ], [ 35.547992635000185, 31.826585661000081 ], [ 35.548136124000052, 31.826375323000093 ], [ 35.548164271000189, 31.826263363000066 ], [ 35.548173307000013, 31.826227646000063 ], [ 35.548184284000115, 31.826184258000183 ], [ 35.548212042000102, 31.82601058 ], [ 35.54823985500019, 31.825805761000026 ], [ 35.548251387000107, 31.825618315000156 ], [ 35.54827101900014, 31.825434231000031 ], [ 35.548294907000127, 31.82528494100012 ], [ 35.548407741000062, 31.82499647700007 ], [ 35.548567264000042, 31.824566974000106 ], [ 35.548592284000165, 31.824502220000113 ], [ 35.548612718000072, 31.824449334000178 ], [ 35.548655214, 31.824334940000085 ], [ 35.548709489000146, 31.824191490000146 ], [ 35.548719461000076, 31.82416539400009 ], [ 35.548746024000081, 31.82402638200017 ], [ 35.548768033000044, 31.823860471000046 ], [ 35.548749371999975, 31.823675360000095 ], [ 35.548644963000129, 31.823556001000043 ], [ 35.548635208000121, 31.823551659000032 ], [ 35.548620773000096, 31.823530560000165 ], [ 35.548491228000159, 31.823487924000176 ], [ 35.548454695000032, 31.823471675000178 ], [ 35.548428266000087, 31.823465544000101 ], [ 35.548273162000044, 31.823429598000189 ], [ 35.548269080000068, 31.823429532000148 ], [ 35.548085336000099, 31.823426571000027 ], [ 35.548074013000189, 31.82342638900019 ], [ 35.548070317000054, 31.823426329000142 ], [ 35.547871502000191, 31.823442214000124 ], [ 35.547809295000093, 31.823458078000044 ], [ 35.547797798000147, 31.823461010000074 ], [ 35.54759597400016, 31.823512409000159 ], [ 35.547465366000154, 31.823541502000182 ], [ 35.547412813000165, 31.82355319300018 ], [ 35.547331165000173, 31.823571357000105 ], [ 35.54732371200015, 31.823573015000022 ], [ 35.547139675000153, 31.823613942000122 ], [ 35.546895653000036, 31.823633889000121 ], [ 35.546687719000033, 31.823638241000083 ], [ 35.546502282000063, 31.823611814000117 ], [ 35.546330158000046, 31.823523491 ], [ 35.546203031000061, 31.823373331000028 ], [ 35.546147160000146, 31.823135062000119 ], [ 35.54614336000003, 31.823118856 ], [ 35.546142598000131, 31.823110397000107 ], [ 35.546110352000142, 31.822752430000094 ], [ 35.546105410000109, 31.822617447000027 ], [ 35.546108907000132, 31.822351254000125 ], [ 35.546103684000116, 31.822297626000136 ], [ 35.546093142000132, 31.822189385000115 ], [ 35.54609263499998, 31.822186005000049 ], [ 35.546088735000012, 31.822157128000015 ], [ 35.546074145999967, 31.822047115000089 ], [ 35.546068491000142, 31.822034869000163 ], [ 35.54605787100013, 31.822011847000169 ], [ 35.546001291999971, 31.821889200000101 ], [ 35.545860677000178, 31.821750630000167 ], [ 35.545692928000051, 31.821639184000162 ], [ 35.545412561000035, 31.821601308000083 ], [ 35.545241423999983, 31.821649244000128 ], [ 35.545231861, 31.821651947000078 ], [ 35.545219514000166, 31.821660857000097 ], [ 35.545128815, 31.821726477000027 ], [ 35.545102692000057, 31.821745396000097 ], [ 35.545060667000087, 31.821775833 ], [ 35.545024306000187, 31.821825238000088 ], [ 35.54500154200008, 31.821856168000181 ], [ 35.544976712000107, 31.821881458000121 ], [ 35.544955064000135, 31.821919418000107 ], [ 35.544922255000131, 31.821963976000063 ], [ 35.544813161000036, 31.822112137000147 ], [ 35.544763985000031, 31.822251206000033 ], [ 35.544656014000054, 31.822425092000174 ], [ 35.544576725000184, 31.822531837000042 ], [ 35.544549254000117, 31.822568821000061 ], [ 35.544536691000076, 31.82257410200009 ], [ 35.544518651000146, 31.82258168400017 ], [ 35.544513494000171, 31.82258385199998 ], [ 35.544385632000058, 31.822641818000193 ], [ 35.544191274000184, 31.822657827000171 ], [ 35.544032783000091, 31.822596521000094 ], [ 35.543874138000035, 31.822492658999977 ], [ 35.543720034000046, 31.822365815000182 ], [ 35.543606515000192, 31.822234920000085 ], [ 35.543465751000099, 31.82205393300012 ], [ 35.543248040000094, 31.821861590000083 ], [ 35.543116576000045, 31.821742296000025 ], [ 35.542971633000036, 31.821684897000125 ], [ 35.542691400000024, 31.821730438000088 ], [ 35.54268249200004, 31.821731869000132 ], [ 35.542674590000104, 31.821737666000161 ], [ 35.542633229000103, 31.821755530000189 ], [ 35.54246817700016, 31.821890107000058 ], [ 35.542461924000065, 31.82189477300011 ], [ 35.542458302000114, 31.82189760100016 ], [ 35.542308466000179, 31.822041581000178 ], [ 35.542168857000092, 31.822184689000096 ], [ 35.542085765000138, 31.822255642000187 ], [ 35.541945085, 31.822375783000098 ], [ 35.541742158000034, 31.822488194000073 ], [ 35.541579321000142, 31.822504116000175 ], [ 35.541421108000122, 31.822473665000189 ], [ 35.541221757000017, 31.82238540600008 ], [ 35.541058445000033, 31.822219974000063 ], [ 35.540922376000026, 31.822058274000028 ], [ 35.540853888000072, 31.821873292000191 ], [ 35.540830498000105, 31.821653387000026 ], [ 35.540879259000121, 31.82139482700012 ], [ 35.54091035700003, 31.821228750000159 ], [ 35.54098205400004, 31.821062710999968 ], [ 35.54103104800015, 31.82091688200012 ], [ 35.541080162000128, 31.82075850700005 ], [ 35.541151504000027, 31.82049213900001 ], [ 35.54122753200005, 31.820244920999983 ], [ 35.541251494000107, 31.820206472000109 ], [ 35.541262979000066, 31.820188041999984 ], [ 35.541291204000174, 31.82014287700008 ], [ 35.541389338000158, 31.819986069000095 ], [ 35.541410671000051, 31.819952335000153 ], [ 35.541444233000163, 31.81989942600012 ], [ 35.541497161000109, 31.81981598800013 ], [ 35.541690596000024, 31.819541554000182 ], [ 35.541803149000032, 31.819402462000028 ], [ 35.541933661000144, 31.819255434000127 ], [ 35.542118335000168, 31.819069794000029 ], [ 35.542275938000159, 31.818884225000033 ], [ 35.542375055000093, 31.818772083000169 ], [ 35.542523677000133, 31.818613453000182 ], [ 35.542705116000093, 31.818401189000042 ], [ 35.54285786500003, 31.818149966000135 ], [ 35.542883491000055, 31.818089961000055 ], [ 35.542938715000162, 31.817960650000089 ], [ 35.542939222000143, 31.817949775000159 ], [ 35.542946994000033, 31.81778322100007 ], [ 35.542919419000157, 31.817640546000064 ], [ 35.542823867999971, 31.817455495000161 ], [ 35.542696990000138, 31.81737099500009 ], [ 35.542497775000129, 31.817317544000161 ], [ 35.542086635000032, 31.817349468000145 ], [ 35.541856215000109, 31.817384731000118 ], [ 35.541607819000035, 31.817470345000118 ], [ 35.541427252000062, 31.81750928200006 ], [ 35.541250932000082, 31.817536791000123 ], [ 35.541061055000057, 31.81751022900005 ], [ 35.540911718000075, 31.817468199000132 ], [ 35.540639962000114, 31.817341656000053 ], [ 35.540409050000051, 31.817237976000172 ], [ 35.540178248000132, 31.817165297000088 ], [ 35.539988356000038, 31.817134925000062 ], [ 35.539799811000137, 31.817111597000121 ], [ 35.539794661000087, 31.817110971000034 ], [ 35.539772569000036, 31.817108287000167 ], [ 35.539670690000037, 31.817092060000164 ], [ 35.539655342, 31.817089634000126 ], [ 35.539532978000182, 31.817070293000086 ], [ 35.53947314200002, 31.81702380400003 ], [ 35.539466454000035, 31.817018608000126 ], [ 35.539415714000086, 31.816996331000155 ], [ 35.539409860000148, 31.816974647000166 ], [ 35.539401282000142, 31.816967995000141 ], [ 35.539369649000093, 31.816943467000044 ], [ 35.539351116000091, 31.816789075000088 ], [ 35.53939112900008, 31.816623116000073 ], [ 35.539449400000024, 31.816487973 ], [ 35.539539357000081, 31.816352606000123 ], [ 35.53972901800006, 31.816084382000099 ], [ 35.539860048000094, 31.815943977000131 ], [ 35.540020188000028, 31.815821958000072 ], [ 35.540227934000143, 31.815721796000105 ], [ 35.540417556000193, 31.815677624000045 ], [ 35.540607256999976, 31.815655434000121 ], [ 35.540797081000051, 31.815667344000076 ], [ 35.541030956000156, 31.815722823000101 ], [ 35.541216953000173, 31.815773776000185 ], [ 35.541224181000075, 31.81577575700004 ], [ 35.541377577000162, 31.815817789000164 ], [ 35.541411048000157, 31.815826961000027 ], [ 35.541455155000165, 31.815838966000058 ], [ 35.541464405000056, 31.815841620000072 ], [ 35.541637281000135, 31.815867663 ], [ 35.541892616000041, 31.815832760000092 ], [ 35.542031071000054, 31.815738974000112 ], [ 35.542066942000076, 31.81557063200006 ], [ 35.542012931000158, 31.815385654000011 ], [ 35.542011480000099, 31.815380684000161 ], [ 35.541820604000122, 31.815072720000046 ], [ 35.541689030000043, 31.814894280000033 ], [ 35.541655609000031, 31.814848954000013 ], [ 35.541534636000108, 31.814705958000104 ], [ 35.541377001000114, 31.814510074000054 ], [ 35.541230160000111, 31.81428612000019 ], [ 35.541169235000154, 31.814176377000081 ], [ 35.541153762000192, 31.814148505000048 ], [ 35.541145623000148, 31.814133729000105 ], [ 35.541101529000059, 31.813984898000115 ], [ 35.541111935000174, 31.813847763000069 ], [ 35.541175797000164, 31.813707389000172 ], [ 35.541184312000041, 31.813688766000155 ], [ 35.541192050000177, 31.813684237000189 ], [ 35.541362818999971, 31.813582339000106 ], [ 35.541698624000162, 31.81357836900014 ], [ 35.541884946000096, 31.813627771000142 ], [ 35.542184649000149, 31.813726618000089 ], [ 35.54236356600012, 31.813782237000169 ], [ 35.542608327000039, 31.813837685000124 ], [ 35.542896871999972, 31.813861879000171 ], [ 35.543137596000179, 31.813848709000126 ], [ 35.543363860000113, 31.813807679000092 ], [ 35.543523024000137, 31.813737936000109 ], [ 35.543694103000121, 31.813631525000119 ], [ 35.543814065000106, 31.813491003000024 ], [ 35.5438375170001, 31.813403858000186 ], [ 35.543840555000031, 31.813392625000063 ], [ 35.543861317000108, 31.813315847000126 ], [ 35.543864553000049, 31.813303880000092 ], [ 35.543866621, 31.813282532000073 ], [ 35.54388206100009, 31.81312318300013 ], [ 35.543880278000188, 31.813047655000105 ], [ 35.543879336000089, 31.813007782000113 ], [ 35.543877794000139, 31.812945644000138 ], [ 35.543859018000035, 31.812771241000178 ], [ 35.543792717000144, 31.812596965000125 ], [ 35.543705319000026, 31.812475442000107 ], [ 35.543701830000145, 31.812469111000041 ], [ 35.54368017000013, 31.812440989000038 ], [ 35.543579974000011, 31.812310901000103 ], [ 35.543477251000127, 31.812195901000166 ], [ 35.543316065000113, 31.812021871000127 ], [ 35.543162343, 31.811903902000097 ], [ 35.543047171000069, 31.81184026800014 ], [ 35.543011050000189, 31.81182031100019 ], [ 35.543003114999976, 31.811815964000061 ], [ 35.542920938, 31.811770522000074 ], [ 35.542903590000037, 31.811764225000161 ], [ 35.542885005000187, 31.81175744900014 ], [ 35.542632275000017, 31.811665305000133 ], [ 35.542248572000176, 31.811516792000191 ], [ 35.542076745000088, 31.811458054000127 ], [ 35.54193919700009, 31.81138767300007 ], [ 35.541814773000056, 31.81129442800011 ], [ 35.541755847000161, 31.811151273000064 ], [ 35.541763685000092, 31.811135055000136 ], [ 35.541767643000071, 31.811126865000176 ], [ 35.541835296000102, 31.810986056000161 ], [ 35.541991594000081, 31.810854744000153 ], [ 35.542007022000064, 31.810841725000046 ], [ 35.542010187000074, 31.810839054000098 ], [ 35.542024456000092, 31.810832081000115 ], [ 35.54205260800012, 31.810818323000035 ], [ 35.542196004000118, 31.810748246 ], [ 35.542352700000095, 31.810682456000109 ], [ 35.542387476000101, 31.810668713000098 ], [ 35.542457503000151, 31.810641038000028 ], [ 35.542574995000109, 31.810594654000113 ], [ 35.542757259000098, 31.81052569600007 ], [ 35.542768623000143, 31.810519186000079 ], [ 35.542781795000167, 31.810511721000069 ], [ 35.542917496000086, 31.810434815000121 ], [ 35.542966778000107, 31.81038162700014 ], [ 35.542986209, 31.810360656000114 ], [ 35.543015800000092, 31.81032873200013 ], [ 35.543054594000068, 31.810240560000125 ], [ 35.54308283600011, 31.810176581000064 ], [ 35.543084548000081, 31.810172703000092 ], [ 35.543105908000086, 31.810007639000105 ], [ 35.543111342000145, 31.809941954000124 ], [ 35.543119829000034, 31.809839352000154 ], [ 35.543119916000137, 31.809817029000158 ], [ 35.543120517000091, 31.809662222000043 ], [ 35.543104860000142, 31.809516183000142 ], [ 35.543097816999989, 31.809450488000095 ], [ 35.543077102000154, 31.809333726000034 ], [ 35.543066689000113, 31.809282459000144 ], [ 35.543060327000092, 31.809256690000041 ], [ 35.543033326000113, 31.80914719000009 ], [ 35.543023657999981, 31.809107981000125 ], [ 35.542993918000036, 31.808958548000078 ], [ 35.542989169000066, 31.808834556000136 ], [ 35.542986638000116, 31.808768475000079 ], [ 35.542986623000047, 31.808763967000061 ], [ 35.542987519000121, 31.808644892000075 ], [ 35.542987833000154, 31.808598452000126 ], [ 35.542988599000012, 31.808484953000061 ], [ 35.543017050000174, 31.80827308500011 ], [ 35.543034702000057, 31.80813283100008 ], [ 35.543074178000097, 31.807911495000042 ], [ 35.543076975000076, 31.807677853000087 ], [ 35.543061787000056, 31.807537684000124 ], [ 35.543023766000033, 31.807333599 ], [ 35.542970593000121, 31.807248555000115 ], [ 35.542959377000102, 31.807230617000187 ], [ 35.54292435900004, 31.807174625000187 ], [ 35.542762391000167, 31.807009755000024 ], [ 35.542614351000168, 31.806863167000188 ], [ 35.542534700000033, 31.806784322000112 ], [ 35.542455246000031, 31.806714352000029 ], [ 35.542372665000073, 31.806641662000061 ], [ 35.542352452000046, 31.80662387000018 ], [ 35.542339021000089, 31.806609094 ], [ 35.542292648000114, 31.806558079000183 ], [ 35.542190605000087, 31.806445895000138 ], [ 35.542074346000163, 31.80628090600004 ], [ 35.541978266, 31.80612882700018 ], [ 35.541939205000062, 31.805956872000081 ], [ 35.541932835000068, 31.805928566000034 ], [ 35.54193534000018, 31.805889807000085 ], [ 35.541940360000069, 31.805810057000087 ], [ 35.541947991000086, 31.805688832999977 ], [ 35.541974965000179, 31.805642409000086 ], [ 35.541987187000132, 31.805621374 ], [ 35.541988976000027, 31.805614042000116 ], [ 35.541994402000114, 31.805608814000038 ], [ 35.542003617999967, 31.805592929000056 ], [ 35.542049343000144, 31.80551411800019 ], [ 35.542201103000082, 31.805360974000166 ], [ 35.542378277000182, 31.805255676000115 ], [ 35.542570435000073, 31.805141602000106 ], [ 35.542732339000167, 31.805058182000153 ], [ 35.542820379000148, 31.805015484000137 ], [ 35.542857364000099, 31.804997547000028 ], [ 35.542904309000164, 31.804974737000066 ], [ 35.543061248000072, 31.804886965000094 ], [ 35.543303906000119, 31.80472921300003 ], [ 35.543440517000136, 31.804632755 ], [ 35.543561932000159, 31.804532108000103 ], [ 35.543724913, 31.804380908000041 ], [ 35.543821037000157, 31.804267221000146 ], [ 35.543913228000065, 31.804162141000177 ], [ 35.543933616000174, 31.804141374000153 ], [ 35.544038464000153, 31.804022454000062 ], [ 35.544054908000078, 31.803999720000149 ], [ 35.544164892000083, 31.803847671000085 ], [ 35.544316490000028, 31.803651125000158 ], [ 35.544452927000066, 31.803506895000112 ], [ 35.544639895000046, 31.803327730000149 ], [ 35.544792341000061, 31.803186463000088 ], [ 35.544839053000032, 31.803143177000038 ], [ 35.544850887000109, 31.803130039000052 ], [ 35.54500390600009, 31.803008454000178 ], [ 35.545281881000051, 31.80276352400017 ], [ 35.545433425000169, 31.802645466000172 ], [ 35.545604536000042, 31.802508049999972 ], [ 35.545641726999975, 31.802480332000187 ], [ 35.545694918000038, 31.802435061999972 ], [ 35.54579717900009, 31.802348030000076 ], [ 35.546009436000134, 31.802181760000167 ], [ 35.546094922000123, 31.802107728000067 ], [ 35.546135599000024, 31.802072501000112 ], [ 35.546283632999973, 31.801942755000027 ], [ 35.546324754000125, 31.801906855000084 ], [ 35.546386364000057, 31.801833278000117 ], [ 35.54644835300013, 31.801759158000038 ], [ 35.546496442000091, 31.801701657000137 ], [ 35.546602512000163, 31.801557646000049 ], [ 35.546819576000189, 31.801260873999979 ], [ 35.546856043000105, 31.801206755000067 ], [ 35.546908037000151, 31.801129595000077 ], [ 35.546925435000162, 31.801103761000036 ], [ 35.547112277000167, 31.800846384000181 ], [ 35.547177804000171, 31.800715586000024 ], [ 35.547212827000124, 31.800636300000178 ], [ 35.547229288000153, 31.800598997000066 ], [ 35.547243268999978, 31.800567313000101 ], [ 35.547328901000128, 31.80038418200013 ], [ 35.547455013000103, 31.800170507000132 ], [ 35.547535719000052, 31.800039667000135 ], [ 35.547580728000128, 31.799992051000117 ], [ 35.547600482000178, 31.799971153000115 ], [ 35.547737567000013, 31.799825790999989 ], [ 35.547863663000157, 31.799699200000134 ], [ 35.547984735000057, 31.799598691000028 ], [ 35.548058232000187, 31.79952747800013 ], [ 35.548097815000176, 31.799489073000018 ], [ 35.548151294000093, 31.799437187000024 ], [ 35.548191664000058, 31.799401670000179 ], [ 35.548220373, 31.799376412000072 ], [ 35.548294716000044, 31.79931097400015 ], [ 35.548483422, 31.799115169000174 ], [ 35.54853914500012, 31.798920421000048 ], [ 35.548519923000129, 31.798806331000037 ], [ 35.548512735000031, 31.798763713000085 ], [ 35.548470013000042, 31.79851040300008 ], [ 35.548357874000089, 31.798207596000168 ], [ 35.548310360000073, 31.798072303000083 ], [ 35.548240688000192, 31.797787277999987 ], [ 35.548248686000136, 31.797626334000029 ], [ 35.548286526000084, 31.797414019000144 ], [ 35.548292599000149, 31.797396958000036 ], [ 35.548299429000167, 31.797377770000082 ], [ 35.548299336000071, 31.797351982000066 ], [ 35.54832785100001, 31.797298079000143 ], [ 35.548342741, 31.797256169000036 ], [ 35.548354309999979, 31.79722360500017 ], [ 35.548503360000097, 31.796967171000119 ], [ 35.548597232000191, 31.796827983000128 ], [ 35.548703715000045, 31.796663115000172 ], [ 35.548797381000156, 31.796512934000077 ], [ 35.548921020000193, 31.796348020000096 ], [ 35.548931687000049, 31.796334560000048 ], [ 35.548971935000054, 31.796283771000049 ], [ 35.548986869000032, 31.796260901000096 ], [ 35.549010038000063, 31.796235759000183 ], [ 35.549055217000159, 31.796178638000129 ], [ 35.549057506000111, 31.796175744000095 ], [ 35.549155553000105, 31.796051058000046 ], [ 35.54937756400011, 31.795760471000108 ], [ 35.5496160940001, 31.795475053000075 ], [ 35.549735234000025, 31.79534340500004 ], [ 35.549884525000039, 31.795200544000011 ], [ 35.549991024000064, 31.795086968000078 ], [ 35.55033601700012, 31.794724468000084 ], [ 35.550451137000039, 31.794621858000141 ], [ 35.550600168000187, 31.794453495000141 ], [ 35.55069393600013, 31.794332762000181 ], [ 35.550834399000109, 31.794167942000058 ], [ 35.55093233100007, 31.794058052000025 ], [ 35.551047380000057, 31.793937123000035 ], [ 35.551196435000065, 31.79377594500005 ], [ 35.551294380000058, 31.793669716000011 ], [ 35.551409292000187, 31.793556115000115 ], [ 35.551568621000115, 31.793362358000024 ], [ 35.551696172000106, 31.79318658 ], [ 35.551810749000083, 31.79298180800015 ], [ 35.551869991, 31.792850177000162 ], [ 35.551926897000101, 31.792682770000056 ], [ 35.551933324000174, 31.792663862000097 ], [ 35.551954539000064, 31.792419602000166 ], [ 35.551952074000155, 31.792358148000062 ], [ 35.551948549000087, 31.792270250000058 ], [ 35.551938719000191, 31.792018886000051 ], [ 35.551903558000049, 31.791833398000165 ], [ 35.551832893000153, 31.791367723000064 ], [ 35.551804933000142, 31.791150945000084 ], [ 35.551801479, 31.79112416900017 ], [ 35.551780643000086, 31.790975135999986 ], [ 35.55174478400005, 31.790779365000049 ], [ 35.551723405000132, 31.790662602000111 ], [ 35.551706594000052, 31.790577394000138 ], [ 35.551701912000055, 31.79056007500003 ], [ 35.551681294000105, 31.790483609000091 ], [ 35.551668462000123, 31.790436019000083 ], [ 35.551654374000179, 31.790397014000121 ], [ 35.551636631000065, 31.790347893000046 ], [ 35.55159429400004, 31.790230203000078 ], [ 35.551439180000159, 31.789905104000127 ], [ 35.551376503000029, 31.789773800000091 ], [ 35.551374772000145, 31.789770360000148 ], [ 35.551174587000048, 31.78937259200012 ], [ 35.550989514999969, 31.789020096000058 ], [ 35.550869474000081, 31.788811863000149 ], [ 35.550559501000123, 31.788183366000112 ], [ 35.550486399000079, 31.788043351000169 ], [ 35.550376498000162, 31.787836680000055 ], [ 35.550341384000092, 31.78777064600007 ], [ 35.550156227000116, 31.787484801000119 ], [ 35.550037587000077, 31.787296997000055 ], [ 35.549981223000032, 31.787220958000091 ], [ 35.549886221000179, 31.787092792000124 ], [ 35.549791858000106, 31.786957483000037 ], [ 35.549701910000124, 31.786811028999978 ], [ 35.54969037900014, 31.786789685000031 ], [ 35.549666866000052, 31.78674616100011 ], [ 35.549624680000136, 31.786668349000081 ], [ 35.549534580000113, 31.786525700000084 ], [ 35.54943601400015, 31.786368561000131 ], [ 35.549337450000166, 31.786211560000027 ], [ 35.549198246000174, 31.785994217999985 ], [ 35.54915179700015, 31.785922616000107 ], [ 35.549060865000115, 31.785782378000079 ], [ 35.549058394000156, 31.785778567000193 ], [ 35.548964202000036, 31.785644103999971 ], [ 35.548874357000102, 31.785480036000081 ], [ 35.54877151200003, 31.785279648000028 ], [ 35.548694491000163, 31.785148941000159 ], [ 35.548617455000169, 31.785014430000103 ], [ 35.54853623300005, 31.784861895000176 ], [ 35.548480483000048, 31.78472733000018 ], [ 35.548420552000152, 31.78457811800007 ], [ 35.548373404000131, 31.784450858000184 ], [ 35.54835281000004, 31.784345939000161 ], [ 35.548346008000181, 31.784311284000182 ], [ 35.548321805000057, 31.784187484000086 ], [ 35.548300219000055, 31.784011681000038 ], [ 35.548268611000083, 31.783620164000013 ], [ 35.548259285000029, 31.783322438000084 ], [ 35.548258649000161, 31.783009471000071 ], [ 35.548236468000027, 31.782623848000185 ], [ 35.548227278000127, 31.782318511000085 ], [ 35.548230620000083, 31.782147575000124 ], [ 35.548231066000085, 31.782134043999974 ], [ 35.54823244500011, 31.782104590000074 ], [ 35.548240391999968, 31.781930542000055 ], [ 35.54824116500015, 31.781915461000096 ], [ 35.548242846, 31.781878961000132 ], [ 35.548293324000099, 31.781559374000039 ], [ 35.548299138000061, 31.781524975000139 ], [ 35.548316743000157, 31.781420796000134 ], [ 35.548324176000165, 31.781377796000129 ], [ 35.548341305000065, 31.781278548000103 ], [ 35.548406965000027, 31.781006691000073 ], [ 35.548420636000174, 31.780943794000109 ], [ 35.548443312000074, 31.780839473000071 ], [ 35.548486904000129, 31.780668710999976 ], [ 35.54854002899998, 31.780534137000075 ], [ 35.548640032000037, 31.780269944000111 ], [ 35.548705531, 31.780136182999968 ], [ 35.548757508000165, 31.780003304000104 ], [ 35.548830340000109, 31.779844019000166 ], [ 35.548894663000056, 31.779658547000054 ], [ 35.54895022300019, 31.779512695999983 ], [ 35.548973413000169, 31.779457782000065 ], [ 35.54902153300003, 31.779343834000088 ], [ 35.549022677000153, 31.779341012000032 ], [ 35.549030856, 31.779322249000131 ], [ 35.549095807000128, 31.779173411999977 ], [ 35.549180974000024, 31.779004796000095 ], [ 35.549236201000042, 31.778858381000134 ], [ 35.54930432499998, 31.778675153000052 ], [ 35.549389346, 31.77846623400012 ], [ 35.549474511000028, 31.778297335000047 ], [ 35.549572352000041, 31.778121074000126 ], [ 35.549648785000102, 31.777999827000144 ], [ 35.549767961000157, 31.777794058999973 ], [ 35.549848793000081, 31.777658003000113 ], [ 35.549946493, 31.777488930000061 ], [ 35.550057064000043, 31.777275856000188 ], [ 35.550180405, 31.777080926000053 ], [ 35.550369035000188, 31.776787183000181 ], [ 35.550496496000164, 31.776592240000127 ], [ 35.550581516000079, 31.776474353000026 ], [ 35.550692118000143, 31.776316095000084 ], [ 35.550840871000105, 31.776124620000132 ], [ 35.550947062000091, 31.775977363000152 ], [ 35.551061981000146, 31.775826422000193 ], [ 35.551236245000155, 31.775620081000056 ], [ 35.551444479000168, 31.775365882000074 ], [ 35.551754799000093, 31.775015588000031 ], [ 35.551924847000123, 31.774875207000093 ], [ 35.552146033000099, 31.774690442000178 ], [ 35.552384114000176, 31.774479986000131 ], [ 35.55255847900014, 31.774346776000129 ], [ 35.552616371000113, 31.7743002630001 ], [ 35.552689613000155, 31.774241542000141 ], [ 35.552814123000132, 31.774141719000113 ], [ 35.552845806, 31.774116318000097 ], [ 35.552867684000034, 31.774099492000119 ], [ 35.553007828000091, 31.773991740000099 ], [ 35.553185027000097, 31.773868106000123 ], [ 35.553362172000107, 31.773730101000183 ], [ 35.553500443000075, 31.773606429000097 ], [ 35.553727378000133, 31.773416293000139 ], [ 35.55387121900003, 31.77328316500018 ], [ 35.554015044000096, 31.773145248000048 ], [ 35.554136836000055, 31.773026412000149 ], [ 35.554297266000049, 31.772874356000159 ], [ 35.554474252000091, 31.772693793000087 ], [ 35.554629074000104, 31.772541611000065 ], [ 35.554750742000067, 31.772389663000126 ], [ 35.554850135000038, 31.772280326000043 ], [ 35.554897517000029, 31.772202414000162 ], [ 35.554915426000036, 31.772183202000178 ], [ 35.55492571700006, 31.772156261000191 ], [ 35.554971626000054, 31.772080889000165 ], [ 35.554976361000172, 31.772023100000069 ], [ 35.554978269000173, 31.771999829000038 ], [ 35.554985102000103, 31.771916516000147 ], [ 35.554987567000012, 31.771886455000072 ], [ 35.554974719000029, 31.771848163000072 ], [ 35.554903344000081, 31.771635432000153 ], [ 35.554735944000072, 31.771417816999985 ], [ 35.554588341000056, 31.771197925000081 ], [ 35.554567266000163, 31.771166528000094 ], [ 35.55451800700007, 31.771093033000113 ], [ 35.554388437, 31.770980156000121 ], [ 35.554225447000192, 31.770839117000094 ], [ 35.554082475000087, 31.770714933000136 ], [ 35.55397879700007, 31.77060022500001 ], [ 35.553962567000156, 31.770582233000141 ], [ 35.553894202000095, 31.770471869000062 ], [ 35.553855872000099, 31.770409827000094 ], [ 35.553817334000087, 31.770336303000022 ], [ 35.55378909600006, 31.770282692000137 ], [ 35.55372557700008, 31.77009882700014 ], [ 35.553674983000121, 31.769886675000123 ], [ 35.553660915000023, 31.769648991 ], [ 35.553660124000089, 31.76943388899997 ], [ 35.55367218900011, 31.769171050000182 ], [ 35.553695767000079, 31.769034091000151 ], [ 35.553699185000028, 31.769021259000112 ], [ 35.553710264000131, 31.76898452 ], [ 35.553780016000019, 31.768754713000078 ], [ 35.553807462000179, 31.768682773000023 ], [ 35.553824373000054, 31.768638220000128 ], [ 35.553852223000035, 31.768564849000029 ], [ 35.553944285000057, 31.768346679000103 ], [ 35.554013370000177, 31.768204945000093 ], [ 35.554082451000113, 31.768063281000082 ], [ 35.554197707000071, 31.767873300000076 ], [ 35.554280008000035, 31.767737240000031 ], [ 35.554319215000135, 31.767589949000183 ], [ 35.554335386000162, 31.76745688200009 ], [ 35.554348008000147, 31.767301138000164 ], [ 35.554357524000011, 31.767063532000066 ], [ 35.554337078000117, 31.766930564000063 ], [ 35.554280052000024, 31.766718429000036 ], [ 35.554186224000091, 31.766455455000084 ], [ 35.554105725000056, 31.766183916000102 ], [ 35.554038577000028, 31.765954830000169 ], [ 35.553978151000024, 31.76575975500009 ], [ 35.553921169000091, 31.765558893000161 ], [ 35.553874168, 31.765425997000193 ], [ 35.553820507000125, 31.765230833000032 ], [ 35.553772983000101, 31.765090046000182 ], [ 35.553692673000171, 31.764869521000151 ], [ 35.553625757000134, 31.764702717000034 ], [ 35.553548973000034, 31.76454439600019 ], [ 35.553481994000094, 31.76436061000004 ], [ 35.553338423000184, 31.764069443000039 ], [ 35.55322472600011, 31.76378390400015 ], [ 35.553140721000148, 31.763589597000134 ], [ 35.552858404000176, 31.762973288000012 ], [ 35.552694793000057, 31.762658006000038 ], [ 35.551689674000102, 31.760769232000087 ], [ 35.55168939400005, 31.760768706000079 ], [ 35.551675700000033, 31.760767262000115 ], [ 35.551666955000087, 31.760766369000123 ], [ 35.551424252000174, 31.760741088000088 ], [ 35.550471874000038, 31.760627508000084 ], [ 35.550166126000136, 31.760591047 ], [ 35.550161211000045, 31.760591060000081 ], [ 35.548728955000172, 31.760594853000157 ], [ 35.546752968000192, 31.760600060000115 ], [ 35.545315798000104, 31.760603827000182 ], [ 35.544834018000074, 31.760781651000173 ], [ 35.544059871000059, 31.761067332000096 ], [ 35.543560079000088, 31.761282400000084 ], [ 35.542983709000168, 31.761530427000082 ], [ 35.542420506000042, 31.761772712000152 ], [ 35.541907367000078, 31.761993446000133 ], [ 35.541902923000066, 31.761992194000015 ], [ 35.54152632600011, 31.76188606900007 ], [ 35.540828468000086, 31.761689393000097 ], [ 35.54082401800008, 31.761689880000063 ], [ 35.540343926000162, 31.761742428000161 ], [ 35.539391819000173, 31.761846548000051 ], [ 35.538690839000083, 31.761933883000097 ], [ 35.538134772000149, 31.762003157000152 ], [ 35.537140990000182, 31.762218054000073 ], [ 35.536698812000168, 31.762313664000146 ], [ 35.53508237300008, 31.762471229000141 ], [ 35.534658614000136, 31.762552764000077 ], [ 35.53346662000007, 31.762782087000119 ], [ 35.532389853000097, 31.763091639000152 ], [ 35.532030115000168, 31.763277210000126 ], [ 35.531493218000037, 31.763554186000135 ], [ 35.530775660000188, 31.763862824000114 ], [ 35.530058097000051, 31.764171459000124 ], [ 35.529412643000114, 31.764587357000096 ], [ 35.529341051000074, 31.764633474000107 ], [ 35.527725244000067, 31.76494432800007 ], [ 35.526827007000065, 31.764946550000047 ], [ 35.526826109000183, 31.764946297000108 ], [ 35.525747960000047, 31.764642370000104 ], [ 35.525207187000149, 31.764413166000168 ], [ 35.525028306000024, 31.764337298999976 ], [ 35.524755115000062, 31.764221506000126 ], [ 35.524308660000145, 31.764032224000061 ], [ 35.523914574000059, 31.763965904000088 ], [ 35.523409921000109, 31.76388103700009 ], [ 35.523048296000127, 31.763804772000071 ], [ 35.522690797000109, 31.763729338000076 ], [ 35.522254133000047, 31.763507052000136 ], [ 35.521791039000107, 31.763271301000088 ], [ 35.52178617900006, 31.763272145000144 ], [ 35.521720652000056, 31.763283522000108 ], [ 35.520893329999979, 31.763426866000088 ], [ 35.51981888600011, 31.764503445000059 ], [ 35.51820355000001, 31.764967564000187 ], [ 35.516407078000043, 31.764971869000078 ], [ 35.514610604000097, 31.764976147000084 ], [ 35.514607319000106, 31.764975899999968 ], [ 35.513845608000054, 31.764918637000164 ], [ 35.512633858000129, 31.764827440000147 ], [ 35.512633421000032, 31.764827665000098 ], [ 35.511808899000187, 31.765252763000092 ], [ 35.511737107000101, 31.765289780000046 ], [ 35.51101996, 31.765751763000139 ], [ 35.510124175000044, 31.766520928000091 ], [ 35.508463287000154, 31.767001307000157 ], [ 35.507684116000064, 31.767003117000115 ], [ 35.507682515, 31.767002848000175 ], [ 35.506904688000077, 31.766871900000183 ], [ 35.506877234000115, 31.766848573000118 ], [ 35.506357761000174, 31.766407441000069 ], [ 35.505888226000138, 31.765743198000052 ], [ 35.505506321999974, 31.765353956000183 ], [ 35.505106715000068, 31.764946647000158 ], [ 35.504402437000067, 31.763950308000062 ], [ 35.504212177000113, 31.763711120000153 ], [ 35.504005524000149, 31.763451536000161 ], [ 35.503769936000026, 31.762853328000062 ], [ 35.503674711000031, 31.762571365000099 ], [ 35.503612782000175, 31.762387966000119 ], [ 35.503376782000032, 31.761656666000135 ], [ 35.503373656000122, 31.760658716000023 ], [ 35.503370947000121, 31.759793859000126 ], [ 35.50321782400016, 31.75877025200009 ], [ 35.503211761000102, 31.758729753000182 ], [ 35.503208845000074, 31.757798314000127 ], [ 35.502817427000025, 31.75720045900016 ], [ 35.502348793000124, 31.75680231900003 ], [ 35.501957177000065, 31.75613788000004 ], [ 35.50187664200007, 31.75527320000009 ], [ 35.501717892000045, 31.754342115000043 ], [ 35.501170818000105, 31.753744609000194 ], [ 35.501167014000146, 31.753741378000029 ], [ 35.499999305000074, 31.752749303000087 ], [ 35.499295589000099, 31.751886027000069 ], [ 35.498435018000066, 31.750690399000064 ], [ 35.497881465000148, 31.749634004000143 ], [ 35.497808145000135, 31.749494242000139 ], [ 35.496945988000107, 31.74776636900009 ], [ 35.496084474000043, 31.746238098000049 ], [ 35.495145152000134, 31.744709992000082 ], [ 35.493815773000051, 31.742983203999984 ], [ 35.492642670000066, 31.741389014000106 ], [ 35.49260874700019, 31.741349561000106 ], [ 35.492234114000155, 31.740913971000111 ], [ 35.492163623000124, 31.740832043000125 ], [ 35.491975977000038, 31.740613897000173 ], [ 35.491955293000103, 31.740589774000057 ], [ 35.491788183000153, 31.74040039800019 ], [ 35.491627495000159, 31.740208683000048 ], [ 35.491616243000124, 31.740195603000188 ], [ 35.491269087000148, 31.739791937000177 ], [ 35.491157729000179, 31.739662469000166 ], [ 35.490575930000091, 31.739036317 ], [ 35.489985538000099, 31.738401023000051 ], [ 35.489048181000101, 31.737471613000082 ], [ 35.488679017000095, 31.73697864900015 ], [ 35.488500892, 31.736740958999974 ], [ 35.488011695000125, 31.736136507000083 ], [ 35.487640996000096, 31.7356783460001 ], [ 35.486314807000042, 31.733822887000144 ], [ 35.486311495000109, 31.733818313000143 ], [ 35.484981267000194, 31.731692219000081 ], [ 35.484667438000088, 31.731106329000056 ], [ 35.484198277000075, 31.730230205000055 ], [ 35.48380515600013, 31.728966962000072 ], [ 35.483567266000193, 31.727503850000176 ], [ 35.483536165000032, 31.727411758000187 ], [ 35.483253114000149, 31.72657306800005 ], [ 35.482897633000107, 31.725883620000047 ], [ 35.482704805000139, 31.72550975900009 ], [ 35.481799505000026, 31.724194045000161 ], [ 35.481674944000133, 31.72405036400005 ], [ 35.480778068000177, 31.72301575299997 ], [ 35.48070578200003, 31.722932271 ], [ 35.479871797000044, 31.722090434000108 ], [ 35.478206519000082, 31.720409348000089 ], [ 35.475706920000164, 31.718011575 ], [ 35.475161426000113, 31.717488282000147 ], [ 35.474603730000183, 31.716902587999982 ], [ 35.473833744000046, 31.716093906000083 ], [ 35.473465875000102, 31.715885402000026 ], [ 35.47289789000007, 31.715563516000032 ], [ 35.471494088999975, 31.71351034800017 ], [ 35.469848001000059, 31.711862857000028 ], [ 35.468401471999982, 31.711371579000058 ], [ 35.467914903000178, 31.711206345000051 ], [ 35.466474689000165, 31.711147719000166 ], [ 35.465983572000141, 31.711127701000123 ], [ 35.465435938000098, 31.710995414000081 ], [ 35.46429152200011, 31.710718881000048 ], [ 35.460942485000032, 31.710112264000031 ], [ 35.459265352999978, 31.708786971000052 ], [ 35.457467526000187, 31.707053019000114 ], [ 35.456815956000128, 31.706433254000103 ], [ 35.455430060000026, 31.705115171000045 ], [ 35.453513668000085, 31.703687951000063 ], [ 35.452434152000137, 31.702259196000057 ], [ 35.452386544000092, 31.701822235000066 ], [ 35.452311758000121, 31.701135268000144 ], [ 35.452307018000056, 31.699295687000074 ], [ 35.452185417000067, 31.698478319000117 ], [ 35.45185848400007, 31.698377336000021 ], [ 35.450869451000074, 31.698071921000064 ], [ 35.450746818000141, 31.69684575600013 ], [ 35.450741847000131, 31.694904008000094 ], [ 35.450411246000044, 31.694006357000148 ], [ 35.450139901000114, 31.693269943000132 ], [ 35.449392857000078, 31.692443167000135 ], [ 35.448941332000118, 31.691943542000104 ], [ 35.44809814100006, 31.689390079000077 ], [ 35.446653585000092, 31.685304755000118 ], [ 35.446537299000056, 31.685131711 ], [ 35.445884086000149, 31.684159036000096 ], [ 35.445430270000031, 31.683445629000119 ], [ 35.445167547000096, 31.683032451000031 ], [ 35.445255182000153, 31.682227162000117 ], [ 35.445302645000083, 31.681437450000146 ], [ 35.445328121000045, 31.681014793000088 ], [ 35.445424391000188, 31.680765970000039 ], [ 35.44604066100004, 31.679173820000074 ], [ 35.446994423000092, 31.678252305000115 ], [ 35.44732816800007, 31.677883614999985 ], [ 35.447828534000053, 31.677330933000121 ], [ 35.447953169000186, 31.676507255000161 ], [ 35.448030386000084, 31.676155806000111 ], [ 35.448064271000135, 31.676001933000123 ], [ 35.448175524000192, 31.675752304000127 ], [ 35.448344943000052, 31.675372291000031 ], [ 35.448438659000033, 31.67516060100013 ], [ 35.448546632000159, 31.674916686000074 ], [ 35.448846870000125, 31.674273056000118 ], [ 35.449038648000169, 31.674005309999984 ], [ 35.44914680800008, 31.673772242999974 ], [ 35.449240220000149, 31.673571335000076 ], [ 35.449213193000162, 31.672921052000163 ], [ 35.449060005000092, 31.672487808000028 ], [ 35.448957462000067, 31.672011064 ], [ 35.448905227000068, 31.671425864000128 ], [ 35.448714421000091, 31.670840637000083 ], [ 35.448573269000121, 31.670407650000072 ], [ 35.448519554000029, 31.669237154000029 ], [ 35.448567172000082, 31.668001362999973 ], [ 35.448502745000155, 31.667675189000192 ], [ 35.448438657, 31.667351270000097 ], [ 35.448406776000127, 31.667189486000041 ], [ 35.448387416000116, 31.667091232000075 ], [ 35.44824660400019, 31.666984748000175 ], [ 35.448158780000028, 31.666918255999974 ], [ 35.448016622000182, 31.666800290000026 ], [ 35.447663619000025, 31.666507273000036 ], [ 35.447329153000055, 31.66637803500015 ], [ 35.447105356000122, 31.66629157 ], [ 35.446719696000173, 31.666048777000071 ], [ 35.44652150200011, 31.665924076000181 ], [ 35.446366190000049, 31.665750049000053 ], [ 35.446038550000139, 31.665383065000071 ], [ 35.446017052000116, 31.665286085000048 ], [ 35.445961725000075, 31.665036339000153 ], [ 35.445898891000184, 31.664749126000117 ], [ 35.445881390000068, 31.66466911700013 ], [ 35.445893389000105, 31.664459903000079 ], [ 35.445908864000046, 31.664191005000191 ], [ 35.445899814000029, 31.664130569000179 ], [ 35.445857249000142, 31.663844233000134 ], [ 35.445679209000161, 31.663606126000047 ], [ 35.44537452600008, 31.663389882999979 ], [ 35.445316327000114, 31.663175935000083 ], [ 35.445297870000104, 31.663108188000081 ], [ 35.445296949000124, 31.662739694000095 ], [ 35.445169171000032, 31.662306394000154 ], [ 35.444763058000092, 31.662112037000156 ], [ 35.444026905000044, 31.661636442000145 ], [ 35.44354420500008, 31.661182085000121 ], [ 35.443238891000192, 31.660705706000044 ], [ 35.443110373000025, 31.659968870000171 ], [ 35.443134323000095, 31.659727226000086 ], [ 35.443159880000167, 31.659470216000159 ], [ 35.443226543000037, 31.659312197000133 ], [ 35.443260611000028, 31.659231601000045 ], [ 35.443295110000122, 31.65919201100013 ], [ 35.443639777000158, 31.658797312000047 ], [ 35.44390530700008, 31.658580099000119 ], [ 35.443955566000056, 31.658384908000073 ], [ 35.443914551000148, 31.658322132000023 ], [ 35.443828226, 31.658190040000079 ], [ 35.443523780000078, 31.65806052500011 ], [ 35.443485767000027, 31.657945325000185 ], [ 35.443455554000082, 31.657853361000036 ], [ 35.443345170000043, 31.657518882000147 ], [ 35.443318995000084, 31.657193764000056 ], [ 35.443358001000092, 31.65697900400005 ], [ 35.443393921000052, 31.65678172700018 ], [ 35.443545174000064, 31.656456285000104 ], [ 35.443671325000082, 31.656239257000038 ], [ 35.443658591000087, 31.656152614000064 ], [ 35.443645690000039, 31.656065903000126 ], [ 35.443552355000179, 31.656029858000068 ], [ 35.443366510000033, 31.655958045000091 ], [ 35.442859599000087, 31.655893928000182 ], [ 35.44275195400013, 31.655867066000098 ], [ 35.44242852800005, 31.655786270000135 ], [ 35.442123985000137, 31.655613422000044 ], [ 35.441810483000154, 31.655346384000154 ], [ 35.441768385000046, 31.655310598000028 ], [ 35.441488446000051, 31.655092891000095 ], [ 35.441338574000099, 31.654976338000097 ], [ 35.441184410000119, 31.654856412000129 ], [ 35.441001941000025, 31.654546087000142 ], [ 35.44098076400013, 31.654509910000058 ], [ 35.440903804000186, 31.654163180000126 ], [ 35.440953483000101, 31.653729560000158 ], [ 35.441053998000143, 31.653404212000055 ], [ 35.441038859000059, 31.653276498000139 ], [ 35.441028262000145, 31.653187459000151 ], [ 35.440691501000117, 31.653038901000116 ], [ 35.440343198000164, 31.652885218000108 ], [ 35.439607193000086, 31.652431299000114 ], [ 35.439403928000047, 31.652236561000166 ], [ 35.439213030000076, 31.651911734 ], [ 35.439172709000047, 31.651656606000074 ], [ 35.439161664999972, 31.651586660000135 ], [ 35.43913771300015, 31.651288592000185 ], [ 35.439135507000117, 31.651261538000028 ], [ 35.439083397000104, 31.650697963000027 ], [ 35.439131768000095, 31.650333606000174 ], [ 35.439158133000035, 31.650134229000116 ], [ 35.439186108000172, 31.65005364700005 ], [ 35.439233551000086, 31.649917295000137 ], [ 35.439178555000126, 31.64979246900009 ], [ 35.43915718500017, 31.649744032000058 ], [ 35.438850557000194, 31.649651009000138 ], [ 35.438446995, 31.649528492000172 ], [ 35.43819306000006, 31.649290509000139 ], [ 35.437989647, 31.649030736000043 ], [ 35.437920194000014, 31.648716896000167 ], [ 35.437912865000044, 31.648684004000131 ], [ 35.437905512000043, 31.64864019100014 ], [ 35.437861397000063, 31.648380630000077 ], [ 35.437783036000042, 31.648197505000098 ], [ 35.437759511000138, 31.648142307000171 ], [ 35.437505425000097, 31.647839291000139 ], [ 35.437400059000083, 31.647797131 ], [ 35.437074077000091, 31.647666651000065 ], [ 35.436861110000166, 31.647404569000059 ], [ 35.436845413000185, 31.647385221000036 ], [ 35.43679135800005, 31.647306330000163 ], [ 35.436489338000115, 31.646865579000064 ], [ 35.436412150000137, 31.64661981200004 ], [ 35.436387251000099, 31.646540591000132 ], [ 35.436384753000084, 31.64550006200011 ], [ 35.436403898000151, 31.645378345999973 ], [ 35.436459546000151, 31.645022994000101 ], [ 35.436523054000077, 31.644785578000153 ], [ 35.436534971000071, 31.644741027000123 ], [ 35.436629157000084, 31.644520043000114 ], [ 35.43667354500019, 31.644415615000185 ], [ 35.436672451000106, 31.643960382999978 ], [ 35.436665813000104, 31.64393982100006 ], [ 35.43659577700015, 31.643722086000082 ], [ 35.436291232000087, 31.643527520000134 ], [ 35.436068271000181, 31.64335211700012 ], [ 35.435961331000044, 31.643267967000099 ], [ 35.435656271000028, 31.64285659900014 ], [ 35.435502989000156, 31.642336600000192 ], [ 35.435447839, 31.642211631000066 ], [ 35.43542647400011, 31.642163333000155 ], [ 35.434760886000106, 31.641836088 ], [ 35.434522138000091, 31.641806629000143 ], [ 35.434243847000062, 31.641772236000065 ], [ 35.433575550000114, 31.641689623000048 ], [ 35.433523164, 31.641687248000153 ], [ 35.433119395000119, 31.641668711000079 ], [ 35.432836677000182, 31.641573095000183 ], [ 35.432827775000135, 31.641570081000111 ], [ 35.432697125000175, 31.641488504000051 ], [ 35.432535958000074, 31.64138795700012 ], [ 35.432307364000167, 31.641193249000025 ], [ 35.432180185, 31.640976669000054 ], [ 35.432002274000126, 31.640760172000171 ], [ 35.431849003000139, 31.640304639000021 ], [ 35.431798247000017, 31.640153592000047 ], [ 35.431619626000099, 31.63963356000005 ], [ 35.431386272000168, 31.639513899000178 ], [ 35.431295571000192, 31.639467341000056 ], [ 35.431273658000066, 31.639465548000146 ], [ 35.430428184000107, 31.639397171000098 ], [ 35.430098601000111, 31.639332700000182 ], [ 35.429819603999988, 31.639203111000029 ], [ 35.429286757000057, 31.638922181000055 ], [ 35.42924997200015, 31.638828394000029 ], [ 35.429184855000187, 31.638662222000107 ], [ 35.429006487000152, 31.63845608000014 ], [ 35.428829108000116, 31.638250993000099 ], [ 35.428730842000164, 31.638066980000076 ], [ 35.428701892000106, 31.63801270600004 ], [ 35.428599840000174, 31.637687713000048 ], [ 35.428573571000015, 31.637297555000089 ], [ 35.428572717000122, 31.636929056000099 ], [ 35.42876063000017, 31.635996568 ], [ 35.428844295000033, 31.635780258000068 ], [ 35.428936800000145, 31.635541033000095 ], [ 35.42900521100006, 31.635281559000077 ], [ 35.429062517000148, 31.635063883000043 ], [ 35.429163159000154, 31.634781948000068 ], [ 35.429175454000188, 31.634685681000178 ], [ 35.429237728000032, 31.634196519 ], [ 35.42926243800008, 31.633914643000139 ], [ 35.429098629000123, 31.633733135000057 ], [ 35.429008467000131, 31.63363323700014 ], [ 35.428757914000073, 31.633190405000107 ], [ 35.428677703000119, 31.633048497000061 ], [ 35.428168958000015, 31.632203920999984 ], [ 35.42813920500015, 31.632015001000184 ], [ 35.428117643000121, 31.631878842 ], [ 35.428243595000083, 31.631575163000036 ], [ 35.428546981000125, 31.631292811000094 ], [ 35.428849960999969, 31.630837062000126 ], [ 35.429809864999982, 31.629578090000052 ], [ 35.429757976000076, 31.629079612000055 ], [ 35.429908727, 31.628537383000037 ], [ 35.429933081000058, 31.628103809000038 ], [ 35.42998088600001, 31.62769893900014 ], [ 35.430185251000182, 31.627266254000119 ], [ 35.430209668000145, 31.627214498000114 ], [ 35.430312337000032, 31.62710116300002 ], [ 35.4303865870001, 31.627019092000069 ], [ 35.430867171999978, 31.626671472000112 ], [ 35.431293869000058, 31.626381928000114 ], [ 35.431385458000079, 31.62631983700004 ], [ 35.431347445000029, 31.626193711000099 ], [ 35.431043276000025, 31.62612919999998 ], [ 35.430511058000036, 31.626086778000058 ], [ 35.430292888999986, 31.625966456000015 ], [ 35.430079836000061, 31.625849011000184 ], [ 35.429749800000081, 31.625567739000189 ], [ 35.429458591000071, 31.62548114700013 ], [ 35.429242697000177, 31.625416905000122 ], [ 35.429046352000171, 31.625189374000058 ], [ 35.428607944000134, 31.624832679000122 ], [ 35.428575160999969, 31.624543924000079 ], [ 35.428556332000142, 31.624377531000107 ], [ 35.428518313000097, 31.624174181000171 ], [ 35.428479292000134, 31.623965757000121 ], [ 35.428174628000136, 31.623684438000055 ], [ 35.427921041000047, 31.623554800000136 ], [ 35.427734414000156, 31.623395806000133 ], [ 35.427565609000112, 31.62325193200013 ], [ 35.427433786000165, 31.623077064000086 ], [ 35.427336984000135, 31.622948851000046 ], [ 35.427032227000041, 31.622624197000164 ], [ 35.426959978000184, 31.622501084000191 ], [ 35.426765052000064, 31.622169409000037 ], [ 35.426758357000097, 31.622170566000193 ], [ 35.426281565000124, 31.62225294100017 ], [ 35.425878742000066, 31.622322596000174 ], [ 35.424955721000174, 31.62262816700013 ], [ 35.424891541000193, 31.622649411000111 ], [ 35.424884865000024, 31.622650238000119 ], [ 35.424291597000149, 31.62272375800012 ], [ 35.424182277000114, 31.622737328000028 ], [ 35.423625033000064, 31.622759953000184 ], [ 35.422991653000054, 31.622761 ], [ 35.422434163000105, 31.622675185000105 ], [ 35.422337604000177, 31.622650543000191 ], [ 35.421927138000171, 31.622545951000063 ], [ 35.421588939000173, 31.622353802000077 ], [ 35.421394529000054, 31.622243358000162 ], [ 35.421201079000014, 31.622121500000048 ], [ 35.420810887000073, 31.621875743000032 ], [ 35.420615625000096, 31.621750924000139 ], [ 35.420303598000089, 31.621551402000136 ], [ 35.419821219000085, 31.621096951000084 ], [ 35.419389566000177, 31.62064241700017 ], [ 35.418902417000083, 31.620111171000076 ], [ 35.418728495999972, 31.619581248000031 ], [ 35.418657698000175, 31.619289732000027 ], [ 35.418549508000126, 31.618844535000051 ], [ 35.41839603, 31.618172743000059 ], [ 35.418369185000188, 31.617500749000101 ], [ 35.418298403000051, 31.617290049000076 ], [ 35.41816529700003, 31.61689407300014 ], [ 35.417251759000123, 31.616180172000156 ], [ 35.416631517000155, 31.61584197600007 ], [ 35.416617667000025, 31.615834388000167 ], [ 35.416581717000099, 31.615811406000034 ], [ 35.415907266000147, 31.61538028800004 ], [ 35.41562793200012, 31.615055566000024 ], [ 35.415442725000162, 31.614850260000082 ], [ 35.415374055000029, 31.61477413200015 ], [ 35.415221265000127, 31.61440580500016 ], [ 35.414983350000114, 31.614042472000051 ], [ 35.414852662000101, 31.613842788 ], [ 35.414368615000114, 31.612586212000167 ], [ 35.414268180000079, 31.612439675000189 ], [ 35.414115215000095, 31.612216560000093 ], [ 35.413734964000184, 31.611587819000079 ], [ 35.413631512000165, 31.61141676900013 ], [ 35.413538295000194, 31.611178834000043 ], [ 35.413504185000193, 31.611091800000111 ], [ 35.413497281000161, 31.611020858000131 ], [ 35.413451979000115, 31.610551882000038 ], [ 35.413451090000137, 31.610138924000182 ], [ 35.413602419000142, 31.609682601000145 ], [ 35.413930386000175, 31.609053376000077 ], [ 35.414044784000055, 31.608881347000136 ], [ 35.414132430000052, 31.608749590000116 ], [ 35.414638009000043, 31.608250219000126 ], [ 35.414940295000179, 31.608009050000135 ], [ 35.414991910000083, 31.607967821000045 ], [ 35.415456114000108, 31.607451179000066 ], [ 35.415775374000077, 31.607142765000162 ], [ 35.415834910000058, 31.607034727000098 ], [ 35.41600252700016, 31.606730568000046 ], [ 35.416166617000044, 31.60647016900009 ], [ 35.416166002000068, 31.60618833500007 ], [ 35.416089346000149, 31.60607079 ], [ 35.416038792000052, 31.605993437000109 ], [ 35.414518786000031, 31.605887488000121 ], [ 35.414162259000079, 31.605865436000045 ], [ 35.413834880000081, 31.605845167000098 ], [ 35.413251957999989, 31.605672685 ], [ 35.412524389000112, 31.605308781000133 ], [ 35.412085443000024, 31.605089213000042 ], [ 35.411840980000136, 31.604880683000033 ], [ 35.411527238000133, 31.60461314600019 ], [ 35.411127584000099, 31.604207431000134 ], [ 35.41099409300017, 31.604072006000024 ], [ 35.41051180300002, 31.603595887000154 ], [ 35.410232018000102, 31.60303264800018 ], [ 35.410153224000112, 31.602599656000052 ], [ 35.410129567000013, 31.60246920100019 ], [ 35.410090210000078, 31.602310871000043 ], [ 35.40992514300018, 31.601645778000147 ], [ 35.409804249000103, 31.601314386000126 ], [ 35.409695942000155, 31.601017426000055 ], [ 35.409568323000144, 31.600540685000112 ], [ 35.409414890000164, 31.599847249000106 ], [ 35.409249104000082, 31.59930553200013 ], [ 35.409192259000122, 31.598816561000092 ], [ 35.409145814000112, 31.598416918000169 ], [ 35.408990928000037, 31.597029741000085 ], [ 35.408967094000047, 31.596421502999988 ], [ 35.408937510999976, 31.595664110000143 ], [ 35.40906243000012, 31.594861808000189 ], [ 35.409060606000139, 31.593994738000049 ], [ 35.409091284, 31.59370848400016 ], [ 35.409135044000095, 31.593300881000062 ], [ 35.409065328000167, 31.591387382000107 ], [ 35.409041044000105, 31.590721366000082 ], [ 35.409022556000025, 31.589994254000146 ], [ 35.409013409000067, 31.589637462000098 ], [ 35.409021123000173, 31.589234985000132 ], [ 35.409036256000093, 31.588445111000112 ], [ 35.409101088000114, 31.588040150000097 ], [ 35.409161210000093, 31.587664511000185 ], [ 35.4093105070001, 31.586407001000055 ], [ 35.409410470000125, 31.585799839000117 ], [ 35.409352597000066, 31.585521472999972 ], [ 35.409333805000074, 31.585431385000163 ], [ 35.409181131000082, 31.585084817999984 ], [ 35.40916422600003, 31.584795960000065 ], [ 35.409141689000194, 31.58441283500008 ], [ 35.409747582000136, 31.583523125 ], [ 35.410176401000172, 31.582741980000151 ], [ 35.410795202000145, 31.581739368000115 ], [ 35.41083260500011, 31.581678785000179 ], [ 35.411967594000146, 31.579509187000099 ], [ 35.412462879000032, 31.578881814000113 ], [ 35.412927128000149, 31.578293664000171 ], [ 35.413356317000193, 31.577707681000049 ], [ 35.413861688, 31.577186611000116 ], [ 35.414430497000069, 31.576773875000072 ], [ 35.415188875000126, 31.576187366000113 ], [ 35.415516529000058, 31.575471398000047 ], [ 35.416087207000032, 31.574489690000178 ], [ 35.416172479000181, 31.574343141000043 ], [ 35.416203578000136, 31.574262626000063 ], [ 35.416424215, 31.573692397 ], [ 35.416599074000032, 31.572586534000095 ], [ 35.416622767000092, 31.571827719000112 ], [ 35.416621868000107, 31.571415813000101 ], [ 35.416899128000182, 31.570851762000075 ], [ 35.417323544000112, 31.570066656000165 ], [ 35.417403541000056, 31.569918771000061 ], [ 35.417404856000076, 31.569917149000105 ], [ 35.417782255000134, 31.569462924000106 ], [ 35.418095861000154, 31.569039308000072 ], [ 35.418135737000057, 31.56898548300012 ], [ 35.418350448000183, 31.56872499900004 ], [ 35.418375589, 31.568481875000032 ], [ 35.418399927000053, 31.568247979000034 ], [ 35.418349333000151, 31.567920070000184 ], [ 35.418322954000189, 31.567749460000073 ], [ 35.4182016580001, 31.567452880000076 ], [ 35.418119248000039, 31.567251215000169 ], [ 35.417940752, 31.566687897000065 ], [ 35.417903862000173, 31.566377934000116 ], [ 35.417876360000037, 31.566146025000023 ], [ 35.417417489000172, 31.564716008000119 ], [ 35.417112103000079, 31.564001121 ], [ 35.416296683000155, 31.563359975000083 ], [ 35.415488858000174, 31.562724661000061 ], [ 35.414550573000099, 31.562032472000112 ], [ 35.413789831000031, 31.561470069 ], [ 35.413279619999969, 31.561001258000033 ], [ 35.413130385000159, 31.560864097000149 ], [ 35.413005394000038, 31.560674685000095 ], [ 35.412901704000149, 31.560517582000159 ], [ 35.41286192300015, 31.55969390000007 ], [ 35.412911636000103, 31.559238582000035 ], [ 35.412632064000036, 31.558718746000181 ], [ 35.412370697000028, 31.558476562000067 ], [ 35.411744252000119, 31.557896320000168 ], [ 35.411315967000121, 31.557475637000096 ], [ 35.410906977000081, 31.557073880000189 ], [ 35.410475943000108, 31.556749377000074 ], [ 35.409614698000155, 31.556490573000133 ], [ 35.409500599000069, 31.556466298000146 ], [ 35.409108090000188, 31.556382918 ], [ 35.408550649000119, 31.556123637000155 ], [ 35.408043773000145, 31.555885979000038 ], [ 35.40763805000006, 31.555539727000166 ], [ 35.407501435000029, 31.555370338000102 ], [ 35.407358714, 31.555193352000174 ], [ 35.407231532000139, 31.554890004000129 ], [ 35.40702595, 31.554316634000088 ], [ 35.406982084000106, 31.554194099000028 ], [ 35.406955353000114, 31.554158910000012 ], [ 35.406672347000153, 31.553785272000027 ], [ 35.406503585000053, 31.553586408000115 ], [ 35.405974377000121, 31.552962586000149 ], [ 35.405139474000066, 31.552287576000083 ], [ 35.405010902000072, 31.552183629000126 ], [ 35.404869920000124, 31.552126418000057 ], [ 35.403946786000176, 31.551751622000154 ], [ 35.403378747000147, 31.551440194000122 ], [ 35.403237064000052, 31.551362477 ], [ 35.402701872000193, 31.551179024000191 ], [ 35.401033235000057, 31.550607041000035 ], [ 35.400703336, 31.550217321000105 ], [ 35.400660717000108, 31.55013649700004 ], [ 35.400474551000173, 31.549784049000152 ], [ 35.400405856000077, 31.549583478000159 ], [ 35.400296444000105, 31.549264035000135 ], [ 35.400244758999975, 31.54876553600019 ], [ 35.400319220000029, 31.548560037000129 ], [ 35.400370605000091, 31.548418477000155 ], [ 35.400623255000028, 31.548201370000015 ], [ 35.400926585000093, 31.547984117999988 ], [ 35.401255257000116, 31.547766826000156 ], [ 35.401357350000126, 31.547640059000059 ], [ 35.401482591000104, 31.547484720000057 ], [ 35.401658939000129, 31.547050849000129 ], [ 35.401407931000165, 31.546773328000029 ], [ 35.401329048000093, 31.546661132000168 ], [ 35.401087180000161, 31.546427561000087 ], [ 35.40087257800019, 31.546249897000109 ], [ 35.400885541999969, 31.54598819000006 ], [ 35.400908941000068, 31.545512832000156 ], [ 35.400866645000121, 31.544774404000179 ], [ 35.400864764000062, 31.544740093000087 ], [ 35.400889274000122, 31.544653462000099 ], [ 35.401007725000056, 31.544233629000132 ], [ 35.401082092000081, 31.543903061000094 ], [ 35.400900870000044, 31.543629522000117 ], [ 35.400862412000038, 31.543571590000113 ], [ 35.400527992000093, 31.543376344000137 ], [ 35.400221579000061, 31.543197476000103 ], [ 35.400162744000056, 31.543152326000097 ], [ 35.399546728000075, 31.542679176000036 ], [ 35.399348966000048, 31.542442651000044 ], [ 35.399054387000092, 31.542090359000042 ], [ 35.398584452000193, 31.541512145000183 ], [ 35.398140394000052, 31.540704265000102 ], [ 35.397987191000084, 31.54003251000006 ], [ 35.397960906000151, 31.539555604000043 ], [ 35.39804237300001, 31.539149708000025 ], [ 35.398061110000071, 31.539056813000059 ], [ 35.398339034000173, 31.538817973 ], [ 35.398718357000178, 31.538600613000142 ], [ 35.399261660000093, 31.538187981000135 ], [ 35.399489238000115, 31.538035876000038 ], [ 35.399284364000039, 31.537774842000147 ], [ 35.398086944000056, 31.536983209000084 ], [ 35.398110880000104, 31.536939910000115 ], [ 35.398254827000187, 31.536679985000035 ], [ 35.39847389200014, 31.536549809000121 ], [ 35.398524345000112, 31.536519789000124 ], [ 35.39875141300007, 31.536194286000068 ], [ 35.398826393000036, 31.535922624000193 ], [ 35.398877198000093, 31.535738858000059 ], [ 35.398876421000125, 31.535348653000028 ], [ 35.398875859000043, 31.535066815000164 ], [ 35.398929496000164, 31.534819280000193 ], [ 35.398951017000059, 31.534719899000038 ], [ 35.399102445000153, 31.534502873 ], [ 35.399229828000159, 31.534437158000173 ], [ 35.399481790000038, 31.53430721400008 ], [ 35.399709284000039, 31.534198514000138 ], [ 35.399885788000063, 31.533851377000133 ], [ 35.399889470000176, 31.533799585000111 ], [ 35.399910429000045, 31.533504466000124 ], [ 35.399830150000071, 31.532768419000035 ], [ 35.399863396000171, 31.532691710000165 ], [ 35.400009315000034, 31.532355400000085 ], [ 35.400276747000134, 31.531983895000167 ], [ 35.400337454000123, 31.531899676000023 ], [ 35.400234771000044, 31.531808933000036 ], [ 35.400046879000172, 31.531642853000164 ], [ 35.399707898000088, 31.531448388000172 ], [ 35.399551750000114, 31.531358851000107 ], [ 35.399146508000172, 31.531186042000115 ], [ 35.398731858000133, 31.53099563100011 ], [ 35.39806930200001, 31.530407196000169 ], [ 35.397689326000034, 31.530277680000097 ], [ 35.397404702000131, 31.530111383000133 ], [ 35.397208035000119, 31.529996536000112 ], [ 35.397065753000049, 31.529844829000069 ], [ 35.396903524000038, 31.529671803000156 ], [ 35.396574393000094, 31.52921020000008 ], [ 35.396548329000041, 31.529173739000157 ], [ 35.396370033000039, 31.528610317000073 ], [ 35.396267278000153, 31.527808346000086 ], [ 35.396277772000133, 31.527454197000168 ], [ 35.396290877000069, 31.527006265000068 ], [ 35.39622003900007, 31.525784024000075 ], [ 35.396177125000065, 31.525041646000147 ], [ 35.396124384000075, 31.52390202800018 ], [ 35.396139848000075, 31.52364933500013 ], [ 35.39615722100018, 31.523364441000183 ], [ 35.396199043000081, 31.522963532000119 ], [ 35.396206953000046, 31.522887496000067 ], [ 35.39608950100012, 31.521044989000131 ], [ 35.396151408000151, 31.520483122000087 ], [ 35.39623504400015, 31.520349548000013 ], [ 35.396315562000041, 31.520220843000118 ], [ 35.396472337000148, 31.519970483 ], [ 35.396492181000042, 31.51993881900006 ], [ 35.396617919000107, 31.51954842900011 ], [ 35.396642186000065, 31.519006412000124 ], [ 35.396651655000085, 31.518886828000177 ], [ 35.396691616000112, 31.518377625000028 ], [ 35.396764856000118, 31.518061225000167 ], [ 35.396791934000021, 31.517943937000041 ], [ 35.396802607000097, 31.517851197000027 ], [ 35.396841744000085, 31.517510326000149 ], [ 35.39684055000015, 31.516903312000181 ], [ 35.39648044400019, 31.516558858999986 ], [ 35.396105488000103, 31.516275725000014 ], [ 35.395649526, 31.51603787200014 ], [ 35.395345355000188, 31.5157781690001 ], [ 35.395263896000074, 31.515423730000123 ], [ 35.395212797000056, 31.515201711000145 ], [ 35.395391314000165, 31.514798775000031 ], [ 35.395456987000159, 31.514650713000037 ], [ 35.396062943, 31.513956164000035 ], [ 35.397326394, 31.51302215000004 ], [ 35.397837098000025, 31.51266671400009 ], [ 35.397856974000035, 31.512652874000025 ], [ 35.397874051000144, 31.512637207000068 ], [ 35.398235936000162, 31.512305447000131 ], [ 35.398497599000052, 31.512035485000183 ], [ 35.398614641000108, 31.511914687000171 ], [ 35.398979041000075, 31.511362028000178 ], [ 35.399169636000124, 31.511090125000123 ], [ 35.399067136000156, 31.510418224000034 ], [ 35.398558210000147, 31.509009902000059 ], [ 35.398006212000155, 31.507522230000063 ], [ 35.39785870500009, 31.50712483600006 ], [ 35.397605914000053, 31.506218166000167 ], [ 35.397043198000063, 31.504199447000019 ], [ 35.39639085400006, 31.502844587000027 ], [ 35.396318520000136, 31.502694330000111 ], [ 35.396070826000084, 31.501773700000172 ], [ 35.396000579000031, 31.501512813000147 ], [ 35.395631524000123, 31.500429449000023 ], [ 35.395134053999982, 31.499022362000062 ], [ 35.395020605000127, 31.498701226000151 ], [ 35.394945737000114, 31.498514473000057 ], [ 35.394580328000188, 31.497602672000028 ], [ 35.394358510000131, 31.496609142000068 ], [ 35.394233253000152, 31.496048171999973 ], [ 35.394347242000094, 31.494699398000137 ], [ 35.394416692000163, 31.493876249000152 ], [ 35.394569447000094, 31.491999317000079 ], [ 35.395036144000073, 31.490631363000091 ], [ 35.395062303000032, 31.490553396000109 ], [ 35.395133022135489, 31.490342259490124 ], [ 35.3952076, 31.4903886 ], [ 35.3971708, 31.4916084 ], [ 35.3975686, 31.491844 ], [ 35.398215275904427, 31.492251444664252 ], [ 35.399304039590291, 31.486959475749021 ], [ 35.401014113231952, 31.483247414621683 ], [ 35.399459500830439, 31.480728432117797 ], [ 35.398060349669088, 31.478872296351764 ], [ 35.398215810909235, 31.475159914365637 ], [ 35.398371272149383, 31.472905896311598 ], [ 35.398993117109995, 31.471447385115528 ], [ 35.399614962070594, 31.470519229794153 ], [ 35.399614962070594, 31.46919327765599 ], [ 35.399459500830439, 31.467867306736167 ], [ 35.399148578350143, 31.466541317035102 ], [ 35.399148578350143, 31.465613113069775 ], [ 35.398526733389531, 31.464552297269694 ], [ 35.398526733389531, 31.46335886512783 ], [ 35.399614962070594, 31.461900205185664 ], [ 35.400081345791051, 31.460574130974582 ], [ 35.400236807031199, 31.458452373177167 ], [ 35.399614962070594, 31.456728409570008 ], [ 35.398993117109995, 31.45526964634686 ], [ 35.398060349669088, 31.453810860403529 ], [ 35.396972120988025, 31.452617291369197 ], [ 35.396350276027427, 31.451954190889559 ], [ 35.39654460257762, 31.451921035742359 ], [ 35.39654460257762, 31.450992686856431 ], [ 35.396078218857163, 31.450196951917448 ], [ 35.395611835136705, 31.449732770081649 ], [ 35.394989990176107, 31.449003336835688 ], [ 35.394756798315882, 31.448340210774575 ], [ 35.394756798315882, 31.447743393306485 ], [ 35.394912259556023, 31.446881316918489 ], [ 35.394912259556023, 31.446284490157112 ], [ 35.394912259556023, 31.445753974288735 ], [ 35.395067720796185, 31.445090825229162 ], [ 35.39537864327648, 31.444759248939359 ], [ 35.395145451416262, 31.44416240866088 ], [ 35.39452360645565, 31.443035033318225 ], [ 35.394290414595424, 31.442305547927745 ], [ 35.394368145215502, 31.441708692020782 ], [ 35.394445875835572, 31.440780241942896 ], [ 35.394445875835572, 31.440249694911397 ], [ 35.394445875835572, 31.439652825910798 ], [ 35.394290414595424, 31.438724355465379 ], [ 35.393824030874974, 31.437862196101484 ], [ 35.393357647154509, 31.437331632551 ], [ 35.392424879713616, 31.437132670445269 ], [ 35.391569842892778, 31.437066349649498 ], [ 35.39048161421173, 31.436535781593978 ], [ 35.389393385530674, 31.435607280270109 ], [ 35.389004732430294, 31.434877737063307 ], [ 35.389160193670449, 31.434280833852622 ], [ 35.38970430801097, 31.433816573172095 ], [ 35.390170691731427, 31.433352310192234 ], [ 35.390326152971582, 31.433020692370334 ], [ 35.389937499871195, 31.432357453207246 ], [ 35.389859769251117, 31.432025831866078 ], [ 35.390015230491265, 31.431428910495832 ], [ 35.39024842235149, 31.431030960804136 ], [ 35.390714806071955, 31.430699334770708 ], [ 35.391025728552258, 31.430235056353204 ], [ 35.391492112272701, 31.429704449632176 ], [ 35.391803034753003, 31.429306492620714 ], [ 35.391880765373088, 31.428576900379298 ], [ 35.391647573512863, 31.427913629778676 ], [ 35.391647573512863, 31.426985043055311 ], [ 35.391492112272701, 31.426122775720799 ], [ 35.39024842235149, 31.425061512731812 ], [ 35.389782038631047, 31.424265557607988 ], [ 35.389859769251117, 31.423137942950984 ], [ 35.39024842235149, 31.422408302712622 ], [ 35.390403883591652, 31.421877651700999 ], [ 35.389937499871195, 31.421015337403308 ], [ 35.38970430801097, 31.420219347937568 ], [ 35.389782038631047, 31.419556018222369 ], [ 35.390326152971582, 31.418030342074172 ], [ 35.390714806071955, 31.417035322520807 ], [ 35.391647573512863, 31.416305634806818 ], [ 35.392735802193918, 31.415708613364384 ], [ 35.394057222735199, 31.415244260726659 ], [ 35.395534104516635, 31.415045251749742 ], [ 35.39654460257762, 31.415045251749742 ], [ 35.397088716918141, 31.41484624235062 ], [ 35.396466871957536, 31.414050200532404 ], [ 35.396078218857163, 31.413453164735941 ], [ 35.396311410717388, 31.412590772988839 ], [ 35.396622333197698, 31.411927389327566 ], [ 35.397010986298071, 31.411131322742442 ], [ 35.397399639398444, 31.410666947448561 ], [ 35.397555100638591, 31.410335249402927 ], [ 35.398254676219281, 31.409472828996428 ], [ 35.399653827380632, 31.408743082461111 ], [ 35.40097524792192, 31.408477718677545 ], [ 35.401830284742751, 31.408079671595079 ], [ 35.401674823502596, 31.407283572364637 ], [ 35.401286170402209, 31.406553808803601 ], [ 35.401052978541998, 31.405956725305234 ], [ 35.40012021110109, 31.405226951425913 ], [ 35.398876521179879, 31.404364484070214 ], [ 35.397632831258676, 31.402838560870642 ], [ 35.397477370018528, 31.401511650965503 ], [ 35.397399639398444, 31.400516456226075 ], [ 35.397399639398444, 31.399720292837262 ], [ 35.397321908778366, 31.399056818188061 ], [ 35.398565598699577, 31.397928900521961 ], [ 35.399653827380632, 31.397265413211144 ], [ 35.40097524792192, 31.396137474020652 ], [ 35.401363901022293, 31.395673024532606 ], [ 35.401208439782145, 31.394876820064525 ], [ 35.400819786681772, 31.39414696003697 ], [ 35.400819786681772, 31.393417094335565 ], [ 35.400819786681772, 31.392488166146148 ], [ 35.400819786681772, 31.39189099317127 ], [ 35.401519362262441, 31.391028403280181 ], [ 35.40338489714425, 31.390232159424357 ], [ 35.404084472724939, 31.389966743305322 ], [ 35.405094970785925, 31.389303199725639 ], [ 35.406027738226825, 31.388307875564756 ], [ 35.406805044427585, 31.387777031698771 ], [ 35.407971003728704, 31.387312540854502 ], [ 35.409447885510147, 31.386648978520309 ], [ 35.41100249791166, 31.386051768410862 ], [ 35.411857534732484, 31.385587269033554 ], [ 35.412323918452934, 31.385122767358922 ], [ 35.412790302173391, 31.384658263387003 ], [ 35.413101224653701, 31.383729248551347 ], [ 35.412868032793476, 31.38286658369038 ], [ 35.412168457212786, 31.381804831446491 ], [ 35.411857534732484, 31.38074306720112 ], [ 35.411779804112413, 31.379482206572199 ], [ 35.411779804112413, 31.378354053769801 ], [ 35.411857534732484, 31.377690428145758 ], [ 35.411546612252188, 31.377159524271345 ], [ 35.411080228531731, 31.376495890209416 ], [ 35.41069157543135, 31.375566794647497 ], [ 35.410613844811273, 31.374969514077499 ], [ 35.410847036671498, 31.374305864546585 ], [ 35.411468881632111, 31.373642210328249 ], [ 35.412012995972624, 31.373376747328443 ], [ 35.412712571553321, 31.373111283578641 ], [ 35.41348987775406, 31.372845819078879 ], [ 35.413567608374144, 31.372580353829143 ], [ 35.413101224653701, 31.371783953580135 ], [ 35.412323918452934, 31.371253016330996 ], [ 35.411857534732484, 31.370788443777229 ], [ 35.411546612252188, 31.370257500903495 ], [ 35.410924767291583, 31.369394712335776 ], [ 35.410769306051421, 31.368531915846987 ], [ 35.410847036671498, 31.367934590560793 ], [ 35.410924767291583, 31.367071780667374 ], [ 35.411157959151808, 31.366142591924007 ], [ 35.41139115101204, 31.365611622803456 ], [ 35.411779804112413, 31.364350559120769 ], [ 35.412012995972624, 31.363819579877024 ], [ 35.412246187832856, 31.362956732208794 ], [ 35.411702073492336, 31.361828380999793 ], [ 35.410924767291576, 31.36109826417692 ], [ 35.410536114191189, 31.360301766630286 ], [ 35.410458383571125, 31.359704389041774 ], [ 35.41069157543135, 31.358775127470409 ], [ 35.410924767291576, 31.358111363581781 ], [ 35.411779804112413, 31.357580349096899 ], [ 35.412479379693082, 31.357248463520897 ], [ 35.412945763413539, 31.356850199283286 ], [ 35.413101224653701, 31.356385555540619 ], [ 35.413101224653701, 31.355589018068397 ], [ 35.413178955273771, 31.354991610536089 ], [ 35.413567608374144, 31.354460578432111 ], [ 35.414344914574905, 31.353929543329244 ], [ 35.414733567675285, 31.35386316373053 ], [ 35.415199951395728, 31.353796784084956 ], [ 35.415433143255953, 31.353730404392529 ], [ 35.415277682015805, 31.353398505227506 ], [ 35.415355412635876, 31.352668322941099 ], [ 35.415666335116178, 31.352203658534162 ], [ 35.416365910696861, 31.351539848255797 ], [ 35.416832294417311, 31.351075178273039 ], [ 35.417454139377924, 31.350477742064523 ], [ 35.417842792478297, 31.350013066834055 ], [ 35.418153714958592, 31.349415623878539 ], [ 35.418464637438902, 31.348419877185737 ], [ 35.418697829299127, 31.347689656244437 ], [ 35.419241943639655, 31.346959429634023 ], [ 35.419630596740028, 31.346561121820738 ], [ 35.419786057980183, 31.346030042112698 ], [ 35.419863788600253, 31.345366188261096 ], [ 35.419708327360105, 31.344768715788966 ], [ 35.41939740487981, 31.344038466502923 ], [ 35.419164213019585, 31.343374598596469 ], [ 35.418853290539282, 31.342843500898226 ], [ 35.417298678137762, 31.341781296506966 ], [ 35.416521371937016, 31.341316578314579 ], [ 35.415744065736249, 31.340519913215715 ], [ 35.415588604496101, 31.339856020480273 ], [ 35.416210449456713, 31.339324902919024 ], [ 35.416599102557093, 31.338793782359726 ], [ 35.416754563797241, 31.338528220955808 ], [ 35.416210449456713, 31.338395439972775 ], [ 35.415510873876038, 31.338461830487724 ], [ 35.414889028915432, 31.338196268146906 ], [ 35.414344914574905, 31.33753235901581 ], [ 35.414189453334757, 31.336071742438584 ], [ 35.413256685893849, 31.335938957989168 ], [ 35.411624342872265, 31.336138134593046 ], [ 35.410769306051421, 31.336270918761404 ], [ 35.41014746109083, 31.336138134593046 ], [ 35.41014746109083, 31.335606996045868 ], [ 35.409758807990443, 31.335341425648075 ], [ 35.408826040549542, 31.334943068646147 ], [ 35.408592848689317, 31.334146349583445 ], [ 35.408359656829091, 31.333283229653929 ], [ 35.407893273108634, 31.33255289122301 ], [ 35.406805044427585, 31.33188894227678 ], [ 35.406338660707121, 31.331689756679552 ], [ 35.4057945463666, 31.331822547124546 ], [ 35.405017240165833, 31.331092197358604 ], [ 35.40455085644539, 31.330229049419408 ], [ 35.404317664585164, 31.329631480824617 ], [ 35.403307166524186, 31.329100305555443 ], [ 35.403462627764334, 31.328834716796784 ], [ 35.403929011484784, 31.327905150240156 ], [ 35.403695819624559, 31.327307566892014 ], [ 35.403462627764334, 31.326643580944776 ], [ 35.403229435904102, 31.326112388814902 ], [ 35.403618089004489, 31.32564759324249 ], [ 35.404084472724939, 31.325249195211061 ], [ 35.40455085644539, 31.324917195563636 ], [ 35.40462858706546, 31.324784395376835 ], [ 35.404395395205242, 31.3243195932478 ], [ 35.403695819624559, 31.323987590322094 ], [ 35.403151705284024, 31.323522784259168 ], [ 35.403151705284024, 31.322925173092102 ], [ 35.403151705284024, 31.322593165249085 ], [ 35.403307166524186, 31.322194754292042 ], [ 35.403695819624559, 31.321929146050746 ], [ 35.403773550244637, 31.32166353706015 ], [ 35.403307166524186, 31.321132316831147 ], [ 35.403695819624559, 31.320667496672215 ], [ 35.404239933965087, 31.320468287330232 ], [ 35.404784048305615, 31.320269077566781 ], [ 35.405017240165833, 31.320069867381875 ], [ 35.404706317685537, 31.319671445747705 ], [ 35.404861778925685, 31.319405830388348 ], [ 35.405716815746523, 31.318874597421885 ], [ 35.406805044427585, 31.318542575295954 ], [ 35.408748309929464, 31.318409766117792 ], [ 35.409758807990443, 31.318675384286816 ], [ 35.411235689771885, 31.319206618377137 ], [ 35.41348987775406, 31.320866705592735 ], [ 35.414422645194975, 31.321862743873346 ], [ 35.415277682015805, 31.322925173092102 ], [ 35.416599102557093, 31.324120391632885 ], [ 35.417765061858219, 31.325249195211061 ], [ 35.419086482399507, 31.326510783193303 ], [ 35.419630596740028, 31.326776378508892 ], [ 35.420174711080563, 31.326842777220708 ], [ 35.420874286661245, 31.326643580944776 ], [ 35.42141840100178, 31.325780392211637 ], [ 35.421729323482076, 31.325049995563106 ], [ 35.422040245962371, 31.3243195932478 ], [ 35.422506629682836, 31.322925173092102 ], [ 35.422662090922991, 31.322061950265045 ], [ 35.422895282783216, 31.321265122169379 ], [ 35.423128474643434, 31.320468287330232 ], [ 35.423594858363884, 31.320069867381875 ], [ 35.424683087044947, 31.319206618377137 ], [ 35.425304932005552, 31.318343361458467 ], [ 35.426004507586235, 31.317878527532038 ], [ 35.427015005647213, 31.317679312289734 ], [ 35.428025503708191, 31.317745717417324 ], [ 35.428802809908952, 31.317745717417324 ], [ 35.429044738523856, 31.317781886171179 ], [ 35.428889, 31.3175 ], [ 35.4269373, 31.3139961 ], [ 35.4244225, 31.3100803 ], [ 35.4218046, 31.3054824 ], [ 35.4186804, 31.3008842 ], [ 35.4137966, 31.2927433 ], [ 35.4099514, 31.2866115 ], [ 35.4066383, 31.2814696 ], [ 35.4034798, 31.2738699 ], [ 35.4013769, 31.266519 ], [ 35.3992998, 31.2529455 ], [ 35.3992311, 31.2452261 ], [ 35.4001066, 31.239216 ], [ 35.4019949, 31.2327358 ], [ 35.4041214, 31.2258995 ], [ 35.405471, 31.2223284 ], [ 35.4081318, 31.2169774 ], [ 35.4109642, 31.210202 ], [ 35.4140112, 31.2069206 ], [ 35.4184658, 31.2036024 ], [ 35.4228174, 31.1995058 ], [ 35.4258816, 31.1930963 ], [ 35.430216, 31.1861944 ], [ 35.4348852, 31.1798427 ], [ 35.4383013, 31.1733511 ], [ 35.4417088, 31.1694295 ], [ 35.4447643, 31.1650083 ], [ 35.4492533, 31.1573772 ], [ 35.4516308, 31.1478797 ], [ 35.4535448, 31.1437513 ], [ 35.4540941, 31.1372425 ], [ 35.456197, 31.128294 ], [ 35.4561712, 31.1225263 ], [ 35.4552013, 31.1137307 ], [ 35.4550726, 31.1081899 ], [ 35.4547379, 31.1044493 ], [ 35.4535362, 31.1000913 ], [ 35.4518196, 31.0946158 ], [ 35.4503262, 31.0895222 ], [ 35.448558, 31.0855457 ], [ 35.4453726, 31.077672 ], [ 35.4426855, 31.0727294 ], [ 35.4381296, 31.0661678 ], [ 35.4329884, 31.0580067 ], [ 35.4273669, 31.0501866 ], [ 35.4259502, 31.0448151 ], [ 35.4210154, 31.0167234 ], [ 35.4182083, 31.0041039 ], [ 35.4180972, 30.9682362 ], [ 35.4175822, 30.9602139 ], [ 35.4164664, 30.9509396 ], [ 35.4047076, 30.9363639 ], [ 35.4020014, 30.9332078 ], [ 35.3978815, 30.931404 ], [ 35.3940835, 30.9265815 ], [ 35.3816166, 30.927281 ], [ 35.3711667, 30.926784 ], [ 35.3589573, 30.9134748 ], [ 35.355567, 30.910069 ], [ 35.3542795, 30.9083016 ], [ 35.3511682, 30.902539 ], [ 35.348207, 30.8970522 ], [ 35.3458038, 30.8930565 ], [ 35.3434245, 30.8884987 ], [ 35.341641, 30.8849911 ], [ 35.333056, 30.867222 ], [ 35.3317061, 30.8622091 ], [ 35.3314915, 30.8608645 ], [ 35.3313413, 30.8590041 ], [ 35.3311696, 30.8555779 ], [ 35.3298607, 30.8414667 ], [ 35.3331632, 30.8297206 ], [ 35.335556, 30.824444 ], [ 35.3358689, 30.8231706 ], [ 35.3373924, 30.8189692 ], [ 35.3411045, 30.8154863 ], [ 35.3403693, 30.8125578 ], [ 35.3369014, 30.7987423 ], [ 35.3222003, 30.7969088 ], [ 35.3156557, 30.7901625 ], [ 35.3138129, 30.7696161 ], [ 35.3082099, 30.762269 ], [ 35.2958074, 30.7620109 ], [ 35.2949276, 30.7508365 ], [ 35.2945414, 30.734884 ], [ 35.2896061, 30.7275062 ], [ 35.2863446, 30.7228763 ], [ 35.2939191, 30.7187259 ], [ 35.2936616, 30.7122508 ], [ 35.2904001, 30.7096865 ], [ 35.281817, 30.7103691 ], [ 35.2766886, 30.7014765 ], [ 35.2747145, 30.6952217 ], [ 35.2738133, 30.6900368 ], [ 35.2681055, 30.6845194 ], [ 35.2708092, 30.6801089 ], [ 35.2626767, 30.6725239 ], [ 35.2660241, 30.6679283 ], [ 35.2638594, 30.6601851 ], [ 35.2612845, 30.6567887 ], [ 35.2484932, 30.6453164 ], [ 35.2410903, 30.6383564 ], [ 35.233666, 30.6313036 ], [ 35.2277007, 30.624638 ], [ 35.2221861, 30.6190984 ], [ 35.2201476, 30.6128567 ], [ 35.218946, 30.6079628 ], [ 35.2116075, 30.5939261 ], [ 35.2058568, 30.5850229 ], [ 35.2040329, 30.5819564 ], [ 35.203754, 30.5752135 ], [ 35.2036467, 30.5664009 ], [ 35.2039042, 30.5484961 ], [ 35.1983466, 30.5390527 ], [ 35.1950851, 30.5340072 ], [ 35.1943555, 30.5216604 ], [ 35.1931539, 30.4989034 ], [ 35.1863463, 30.4877958 ], [ 35.1815024, 30.4714252 ], [ 35.1781764, 30.4663762 ], [ 35.1713314, 30.4554081 ], [ 35.1619544, 30.4413124 ], [ 35.161933, 30.4186476 ], [ 35.1650482, 30.4038938 ], [ 35.165731, 30.40066 ], [ 35.1679243, 30.3964328 ], [ 35.1691662, 30.3940392 ], [ 35.1707726, 30.390943 ], [ 35.1781764, 30.3766715 ], [ 35.1787343, 30.3756718 ], [ 35.1798501, 30.3727099 ], [ 35.1884332, 30.3556952 ], [ 35.1920381, 30.346085 ], [ 35.1735201, 30.3246391 ], [ 35.1691213, 30.3201567 ], [ 35.1652375, 30.315211 ], [ 35.1612954, 30.3119954 ], [ 35.1546803, 30.3067269 ], [ 35.1512953, 30.2973857 ], [ 35.1460114, 30.2820482 ], [ 35.1488009, 30.2668525 ], [ 35.1501527, 30.2530447 ], [ 35.1452389, 30.2413853 ], [ 35.1510968, 30.2145393 ], [ 35.1513973, 30.2025044 ], [ 35.1465478, 30.1841618 ], [ 35.1445952, 30.1625878 ], [ 35.1549592, 30.1549996 ], [ 35.151011, 30.1435883 ], [ 35.1609245, 30.1344398 ], [ 35.1577702, 30.1286497 ], [ 35.1621905, 30.122488 ], [ 35.1574912, 30.1142099 ], [ 35.1570632, 30.1122061 ], [ 35.1532212, 30.0942172 ], [ 35.1515689, 30.0826132 ], [ 35.1487794, 30.0736262 ], [ 35.1469984, 30.0679068 ], [ 35.1458397, 30.0627627 ], [ 35.1307121, 30.0615556 ], [ 35.1182881, 30.0459173 ], [ 35.1127091, 30.0391931 ], [ 35.1038685, 30.0188323 ], [ 35.1008644, 30.0122549 ], [ 35.1103916, 30.0092077 ], [ 35.1102414, 30.0031129 ], [ 35.1167646, 30.0012546 ], [ 35.1162281, 29.9952337 ], [ 35.0988903, 29.9914797 ], [ 35.0943842, 29.9814435 ], [ 35.088183, 29.9726332 ], [ 35.0920024, 29.9696219 ], [ 35.0889983, 29.9634131 ], [ 35.0782695, 29.9571854 ], [ 35.0752869, 29.9503437 ], [ 35.0836125, 29.9470528 ], [ 35.0844064, 29.9398943 ], [ 35.080544, 29.9332374 ], [ 35.0778189, 29.9300389 ], [ 35.0772825, 29.9249063 ], [ 35.0817242, 29.9221911 ], [ 35.0836554, 29.9001507 ], [ 35.0846639, 29.8901426 ], [ 35.0845351, 29.8855474 ], [ 35.0788274, 29.8774915 ], [ 35.0788274, 29.8717793 ], [ 35.0690213, 29.8632012 ], [ 35.0671974, 29.8562228 ], [ 35.0621119, 29.8487972 ], [ 35.0586143, 29.8406638 ], [ 35.049881, 29.8191453 ], [ 35.0507179, 29.8108791 ], [ 35.0453749, 29.8023144 ], [ 35.0439372, 29.7880878 ], [ 35.0323715, 29.7769883 ], [ 35.0299897, 29.7719223 ], [ 35.025548, 29.755605 ], [ 35.0190892, 29.7314596 ], [ 35.0183382, 29.7291677 ], [ 35.0153985, 29.7176516 ], [ 35.0132742, 29.7108681 ], [ 35.0129309, 29.7053328 ], [ 35.0119438, 29.6967963 ], [ 35.0210848, 29.6725249 ], [ 35.0196686, 29.6560237 ], [ 35.0146046, 29.6390908 ], [ 35.0006709, 29.6217931 ], [ 34.9977174, 29.6146562 ], [ 34.9952131, 29.6105243 ], [ 34.9915291, 29.603697 ], [ 34.9905821, 29.601943 ], [ 34.9903474, 29.6013663 ], [ 34.9886973, 29.5972348 ], [ 34.9870223, 29.5930318 ], [ 34.9822858, 29.5857309 ], [ 34.9804574, 29.5812819 ], [ 34.978647, 29.576841 ], [ 34.9786454, 29.5768077 ], [ 34.9786272, 29.5751873 ], [ 34.9786272, 29.575104 ], [ 34.9786223, 29.5749801 ], [ 34.9786214, 29.5749163 ], [ 34.9785234, 29.5681636 ], [ 34.978503, 29.5657453 ], [ 34.9784043, 29.5580911 ], [ 34.9783807, 29.5558153 ], [ 34.9783024, 29.5528166 ], [ 34.9782031, 29.5495659 ], [ 34.9781565, 29.5473627 ], [ 34.9780588, 29.5441954 ], [ 34.9778668, 29.5437221 ], [ 34.9777214, 29.5434874 ], [ 34.9775583, 29.5432204 ], [ 34.9773801, 29.5429571 ], [ 34.9759867, 29.5398892 ], [ 34.9711982, 29.5419594 ], [ 34.9619919, 29.5452152 ], [ 34.9569663, 29.5463594 ], [ 34.9562974, 29.5439949 ], [ 34.9539382, 29.5406205 ], [ 34.9517912, 29.5389248 ], [ 34.949959, 29.5379822 ], [ 34.948035, 29.5363083 ], [ 34.9462786, 29.5318238 ], [ 34.9438024, 29.5287043 ], [ 34.9396121, 29.5249944 ], [ 34.9379599, 29.522997 ], [ 34.9353747, 29.5214409 ], [ 34.9337029, 29.5186502 ], [ 34.9300445, 29.5154045 ], [ 34.9303164, 29.5138217 ], [ 34.9295894, 29.5115083 ], [ 34.9283195, 29.5100486 ], [ 34.9267936, 29.509303 ], [ 34.9260283, 29.5075974 ], [ 34.9223185, 29.5040866 ], [ 34.9215083, 29.5013469 ], [ 34.9208438, 29.5004346 ], [ 34.9179803, 29.4981413 ], [ 34.9158438, 29.4959319 ], [ 34.9125926, 29.4946676 ], [ 34.9108281, 29.4933427 ], [ 34.9095351, 29.4928699 ], [ 34.9057062, 29.4886212 ], [ 34.9041103, 29.4877892 ], [ 34.9037772, 29.4884613 ], [ 34.9025753, 29.4906263 ], [ 34.90283, 29.4909641 ], [ 34.9029679, 29.4920805 ], [ 34.9036851, 29.4934913 ], [ 34.8972773, 29.5082592 ], [ 34.8954273, 29.5125318 ], [ 34.8849419, 29.5275616 ], [ 34.8784986, 29.5433853 ], [ 34.8759804, 29.5588899 ], [ 34.8742088, 29.5698125 ], [ 34.8726617, 29.5794001 ], [ 34.8663724, 29.5972113 ], [ 34.8670234, 29.5982112 ], [ 34.8674663, 29.5990833 ], [ 34.8679737, 29.5998322 ], [ 34.8770958, 29.6132945 ], [ 34.8771786, 29.6170214 ], [ 34.8774653, 29.6206737 ], [ 34.8785854, 29.6436292 ], [ 34.8566397, 29.6879139 ], [ 34.8526372, 29.7223321 ], [ 34.8523257, 29.7259828 ], [ 34.850787, 29.738759 ], [ 34.8486244, 29.7588365 ], [ 34.8299456, 29.7986906 ], [ 34.8260262, 29.8072865 ], [ 34.8236074, 29.8143217 ], [ 34.8166489, 29.835167 ], [ 34.8142297, 29.8419411 ], [ 34.8111136, 29.8496598 ], [ 34.8054022, 29.8625495 ], [ 34.8013443, 29.8724311 ], [ 34.7967828, 29.884333 ], [ 34.7934673, 29.8932249 ], [ 34.7893262, 29.9039996 ], [ 34.7880631, 29.9070131 ], [ 34.7843918, 29.9164093 ], [ 34.7812225, 29.924765 ], [ 34.7782109, 29.9340896 ], [ 34.7747437, 29.9444537 ], [ 34.7705141, 29.9560555 ], [ 34.7666524, 29.966648 ], [ 34.7633186, 29.9757578 ], [ 34.7610498, 29.9816297 ], [ 34.7586663, 29.9883757 ], [ 34.7475322, 30.0207918 ], [ 34.7068943, 30.1174043 ], [ 34.6994877, 30.1372057 ], [ 34.6909733, 30.1604644 ], [ 34.6750152, 30.2020296 ], [ 34.6726304, 30.208055 ], [ 34.668947, 30.2181058 ], [ 34.638034, 30.2997759 ], [ 34.636533, 30.3036487 ], [ 34.6292136, 30.3225979 ], [ 34.6114884, 30.3710267 ], [ 34.5435437, 30.4129491 ], [ 34.5418439, 30.4418882 ], [ 34.5577462, 30.4946473 ], [ 34.5186383, 30.5325223 ] ] ], [ [ [ 35.0819421, 33.0420732 ], [ 35.0826703, 33.042315 ], [ 35.0839638, 33.042144 ], [ 35.084161, 33.0416 ], [ 35.0817473, 33.0408882 ], [ 35.0819421, 33.0420732 ] ] ] ] } }
]
}
