{
"type": "FeatureCollection",
"name": "israel_east_jerussalem_19670628",
"crs": { "type": "name", "properties": { "name": "urn:ogc:def:crs:OGC:1.3:CRS84" } },
"features": [
{ "type": "Feature", "properties": { "OBJECTID": 6, "CLASS": "Israeli Declared East Jerusalem" }, "geometry": { "type": "MultiPolygon", "coordinates": [ [ [ [ 35.252651940377525, 31.767695508218228 ], [ 35.252539750775874, 31.767745877074432 ], [ 35.25289513969998, 31.765829250102978 ], [ 35.253002688281249, 31.764449582298127 ], [ 35.253014228411779, 31.764311586384746 ], [ 35.253049776662394, 31.764183187461029 ], [ 35.253108402593618, 31.764061121106817 ], [ 35.253188650755263, 31.763948390923989 ], [ 35.253290732592056, 31.763845862580737 ], [ 35.253409731422742, 31.763758813448508 ], [ 35.253493461319252, 31.763714857997758 ], [ 35.2535163577029, 31.763318962305831 ], [ 35.253520287521951, 31.76325246845148 ], [ 35.253526780331548, 31.763186134291985 ], [ 35.253535840373843, 31.763120016642244 ], [ 35.253547443397139, 31.763054186755802 ], [ 35.253561579932601, 31.762988726703533 ], [ 35.253578249998021, 31.762923687890126 ], [ 35.25359742196315, 31.76285916411738 ], [ 35.253619073683225, 31.762795215815494 ], [ 35.253643175629954, 31.76273191514089 ], [ 35.253669727828289, 31.762669327927345 ], [ 35.253698675411187, 31.762607513713451 ], [ 35.253729985693759, 31.762546565398967 ], [ 35.253763654470205, 31.762486528076085 ], [ 35.253799599434274, 31.762427471212465 ], [ 35.259270122135881, 31.757369702548552 ], [ 35.259283014140614, 31.75735736855621 ], [ 35.25929539930322, 31.757344646954042 ], [ 35.259307278707603, 31.757331593656666 ], [ 35.259318629122262, 31.757318187930181 ], [ 35.259329449511007, 31.757304467652943 ], [ 35.259339703985511, 31.757290430132787 ], [ 35.259349386232579, 31.757276114151846 ], [ 35.25935849730287, 31.757261509789501 ], [ 35.259367018215848, 31.757246653126977 ], [ 35.25937494898043, 31.757231561299577 ], [ 35.259382265326735, 31.757216246942335 ], [ 35.259388959872901, 31.75720072268405 ], [ 35.259395031579302, 31.757185019188142 ], [ 35.259400469891183, 31.757169136458611 ], [ 35.259405274830868, 31.757153117784448 ], [ 35.259409447450025, 31.757136955048647 ], [ 35.259412964550449, 31.757120692450634 ], [ 35.259415827189322, 31.757104332695647 ], [ 35.259418024819318, 31.757087890217235 ], [ 35.25941956696051, 31.757071404693402 ], [ 35.25942046627739, 31.757054872512075 ], [ 35.259420690069085, 31.757038331563159 ], [ 35.259420270006451, 31.757021792657167 ], [ 35.259419175497314, 31.757005289173904 ], [ 35.259417424476823, 31.756988803971556 ], [ 35.259415010644446, 31.756972400182072 ], [ 35.259411951934375, 31.756956058859849 ], [ 35.259389891688642, 31.756874531522683 ], [ 35.259371083166918, 31.756792406849584 ], [ 35.259355558076287, 31.756709784033983 ], [ 35.259343313293542, 31.756626764987427 ], [ 35.259334394236184, 31.756543428155155 ], [ 35.259328757680137, 31.756459891696533 ], [ 35.259326466987403, 31.75637623675512 ], [ 35.259327502145453, 31.75629256344412 ], [ 35.259331860027864, 31.756208968262772 ], [ 35.259339534339929, 31.756125544103867 ], [ 35.259350510346344, 31.756042390175985 ], [ 35.259364791254328, 31.755959603877098 ], [ 35.259382356000948, 31.75587729433807 ], [ 35.259403169773798, 31.755795514779756 ], [ 35.25941697015093, 31.755741372374583 ], [ 35.259428646691447, 31.755686868212205 ], [ 35.259438170925627, 31.75563205100374 ], [ 35.259445552400649, 31.755577007323947 ], [ 35.259450771081212, 31.755521766941765 ], [ 35.259453823849725, 31.755466418240118 ], [ 35.259454703345988, 31.75541100902004 ], [ 35.259453420164064, 31.755355608720254 ], [ 35.259449950064393, 31.755300281381196 ], [ 35.259444327904653, 31.755245072082353 ], [ 35.259436542119694, 31.755190061994451 ], [ 35.259426604351106, 31.755135305223877 ], [ 35.259414533633837, 31.755080865794572 ], [ 35.259400320498798, 31.755026796016843 ], [ 35.259384006145694, 31.754973159906264 ], [ 35.259365603279882, 31.754920028703594 ], [ 35.259345131982052, 31.754867448394947 ], [ 35.259322592292925, 31.75481549293124 ], [ 35.259298049671358, 31.754764194753804 ], [ 35.259271509446059, 31.75471364945583 ], [ 35.259238919324375, 31.754636136499872 ], [ 35.259209451953254, 31.75455774126992 ], [ 35.259183141129995, 31.754478521474191 ], [ 35.259160017508819, 31.754398581718071 ], [ 35.259140090630098, 31.754318018498033 ], [ 35.259123395356056, 31.754236910263838 ], [ 35.259109971843756, 31.754155370635228 ], [ 35.25909981801761, 31.754073486191878 ], [ 35.25909292652689, 31.753991348024378 ], [ 35.259089338576246, 31.753909055321756 ], [ 35.259089033102811, 31.753826717216203 ], [ 35.259092021747612, 31.753744412164643 ], [ 35.259098311937997, 31.753662234858588 ], [ 35.259107875224309, 31.753580297137759 ], [ 35.259120710585421, 31.753498683775941 ], [ 35.259136807507936, 31.75341749307794 ], [ 35.259156134364979, 31.753336814337619 ], [ 35.259178680654173, 31.753256766601979 ], [ 35.259204414730902, 31.753177403090309 ], [ 35.259233316593786, 31.753098841950781 ], [ 35.259265330345848, 31.75302118060203 ], [ 35.259300438070007, 31.752944483079926 ], [ 35.25933858599528, 31.752868874759393 ], [ 35.25937974142083, 31.75279440344805 ], [ 35.259423845302692, 31.752721200835456 ], [ 35.259470860719283, 31.752649314730512 ], [ 35.259520726499893, 31.7525788434547 ], [ 35.259573367744387, 31.752509867297555 ], [ 35.259628734890072, 31.752442478263152 ], [ 35.259686782577759, 31.752376731377915 ], [ 35.259747404258306, 31.752312731292989 ], [ 35.259810561961977, 31.752250533032029 ], [ 35.259876169179286, 31.752190211477497 ], [ 35.259944153123634, 31.752131844212325 ], [ 35.260014426227357, 31.752075498002814 ], [ 35.260086930472674, 31.752021233291192 ], [ 35.260161532907773, 31.751969114155422 ], [ 35.260238183965889, 31.751919212758818 ], [ 35.260413657896869, 31.751828311722086 ], [ 35.260585327103378, 31.75173226050866 ], [ 35.260753005884524, 31.751631198991788 ], [ 35.260916501135569, 31.751525230974096 ], [ 35.261075602886237, 31.751414495437466 ], [ 35.261230111720955, 31.751299125949227 ], [ 35.261379856719458, 31.751179247047673 ], [ 35.261524660648639, 31.751055014838649 ], [ 35.261664350493703, 31.750926572800648 ], [ 35.26179874164346, 31.750794083355736 ], [ 35.261927695919773, 31.75065769177278 ], [ 35.262051030832147, 31.750517566786154 ], [ 35.262168633549052, 31.750373872593389 ], [ 35.262280334263096, 31.750226799568011 ], [ 35.262386016982006, 31.750076511006448 ], [ 35.26248554567065, 31.749923183740407 ], [ 35.262578811735608, 31.749766990982877 ], [ 35.262665682334145, 31.749608147441126 ], [ 35.262746068927157, 31.749446819104168 ], [ 35.262819879839071, 31.749283222465255 ], [ 35.262887008599286, 31.74911753434132 ], [ 35.262947403637838, 31.74894996309132 ], [ 35.263000956385206, 31.748780699960903 ], [ 35.263047639557783, 31.74860996862904 ], [ 35.263053672695733, 31.748583805261706 ], [ 35.263058660895148, 31.748557487193306 ], [ 35.263062572510584, 31.748531043295877 ], [ 35.263065417050925, 31.748504490700942 ], [ 35.263067186100081, 31.748477877210178 ], [ 35.263067879671787, 31.748451226271758 ], [ 35.263067484063086, 31.748424567652371 ], [ 35.263066034122907, 31.748397937412157 ], [ 35.263063497148572, 31.748371360816058 ], [ 35.263059896385009, 31.74834488384926 ], [ 35.263055204407507, 31.748318533578161 ], [ 35.263049468714009, 31.748292317198505 ], [ 35.263042669290257, 31.748266303259037 ], [ 35.263034846249255, 31.748240504369452 ], [ 35.263025956336193, 31.748214949406147 ], [ 35.263016053392079, 31.748189665402986 ], [ 35.263005125832457, 31.748164696555154 ], [ 35.262993197943565, 31.748140063595333 ], [ 35.262980286625265, 31.74811578996469 ], [ 35.262966406679936, 31.748091923455203 ], [ 35.26295156444003, 31.748068463162198 ], [ 35.262935785270621, 31.748045473106771 ], [ 35.262919075508023, 31.748022959599066 ], [ 35.262901480546077, 31.74800094336317 ], [ 35.26288299829897, 31.747979469492282 ], [ 35.26286366359902, 31.747958545186957 ], [ 35.262843495463315, 31.747938206513325 ], [ 35.26282251290489, 31.747918482322749 ], [ 35.26280075075195, 31.747899372600955 ], [ 35.262778229085555, 31.74788092964706 ], [ 35.262754970069018, 31.74786315345186 ], [ 35.26273101277252, 31.747846081877245 ], [ 35.26270637092049, 31.747829723034066 ], [ 35.262681096241316, 31.747814103055116 ], [ 35.262655198239656, 31.747799233660349 ], [ 35.262628711761849, 31.747785149106022 ], [ 35.26260167480072, 31.747771847572956 ], [ 35.262574122195161, 31.747759349789654 ], [ 35.261345984915216, 31.747211089790472 ], [ 35.261305871300074, 31.747192409873616 ], [ 35.261266548617478, 31.747172547309116 ], [ 35.26122804643024, 31.747151522828883 ], [ 35.261190441790681, 31.747129351735524 ], [ 35.261153745282428, 31.747106089038766 ], [ 35.261118039225373, 31.747081732903986 ], [ 35.261083343697997, 31.747056332024378 ], [ 35.261049707262202, 31.747029912535854 ], [ 35.261017175317377, 31.74700250779037 ], [ 35.260985774263879, 31.74697414753977 ], [ 35.260955564273296, 31.746944859719239 ], [ 35.260926556985467, 31.746914702945663 ], [ 35.260898803065579, 31.746883690728215 ], [ 35.26087232891954, 31.74685186454284 ], [ 35.260847183119495, 31.746819272169944 ], [ 35.260823378352868, 31.746785958698197 ], [ 35.260800953676011, 31.746751939444817 ], [ 35.260779922842822, 31.74671728114247 ], [ 35.260760328084963, 31.74668201714427 ], [ 35.260742186311354, 31.746646193438934 ], [ 35.260725514420443, 31.746609836174351 ], [ 35.260710341995406, 31.746573010273288 ], [ 35.260696674334689, 31.74653575992501 ], [ 35.26042161896666, 31.745859772097909 ], [ 35.260119900699067, 31.745192135802313 ], [ 35.259791904572332, 31.744533626301209 ], [ 35.259437976523564, 31.743884982785797 ], [ 35.259058539502014, 31.743246962444186 ], [ 35.258654018517461, 31.742620304416441 ], [ 35.258595521469104, 31.742536417288377 ], [ 35.258533859363496, 31.742454218654821 ], [ 35.258469095556272, 31.742373769814215 ], [ 35.258401282876392, 31.742295187081918 ], [ 35.258330517387371, 31.742218520020195 ], [ 35.258256849804432, 31.742143882239436 ], [ 35.258180364588334, 31.742071338637579 ], [ 35.258101170473815, 31.742000958613207 ], [ 35.258019317107831, 31.741932835034323 ], [ 35.257934901611563, 31.741867030990772 ], [ 35.25784801477289, 31.741803608672853 ], [ 35.253917206558803, 31.739957916238847 ], [ 35.252453664949392, 31.739369602698282 ], [ 35.252358600885387, 31.739314772970943 ], [ 35.252261438064473, 31.739262667434279 ], [ 35.252162313705753, 31.739213368109247 ], [ 35.252061311190097, 31.739166917352311 ], [ 35.251958559278172, 31.739123363818976 ], [ 35.25185415296113, 31.739082757979201 ], [ 35.251748236827176, 31.739045147582331 ], [ 35.251640920641321, 31.739010585799932 ], [ 35.251856922372824, 31.738527846022258 ], [ 35.252052425504864, 31.738038764118766 ], [ 35.252227168886847, 31.737543978777488 ], [ 35.252249606137333, 31.737475267514096 ], [ 35.25226922654219, 31.737405917719276 ], [ 35.252285995329913, 31.737336037627841 ], [ 35.252299885095987, 31.737265688575658 ], [ 35.25231088006003, 31.737194968870803 ], [ 35.252318974988803, 31.737123963290024 ], [ 35.25232417098313, 31.737052762019001 ], [ 35.252326427986702, 31.736981451648731 ], [ 35.252325765032737, 31.736910105223625 ], [ 35.252322188507137, 31.736838832767891 ], [ 35.252315688953836, 31.736767714549394 ], [ 35.252306286461213, 31.736696823611528 ], [ 35.252293972635741, 31.736626257356676 ], [ 35.252278789737858, 31.73655611587651 ], [ 35.252260734634916, 31.736486461399029 ], [ 35.252239842200439, 31.736417394919751 ], [ 35.252216131465858, 31.736348987677871 ], [ 35.252189638358615, 31.736281338864558 ], [ 35.252160388241947, 31.736214521520349 ], [ 35.252092837719985, 31.736057674101833 ], [ 35.252031489459092, 31.735898984915504 ], [ 35.251976408930318, 31.735738624400316 ], [ 35.251927662660336, 31.735576767503332 ], [ 35.251885287638352, 31.735413615333819 ], [ 35.251849349322363, 31.735249317585602 ], [ 35.251819889989328, 31.735084107831291 ], [ 35.251796920222425, 31.734918136681848 ], [ 35.251780491772678, 31.734751587201224 ], [ 35.251770596259469, 31.734584684858294 ], [ 35.251767273807793, 31.734417572135179 ], [ 35.251770506535429, 31.734250465483207 ], [ 35.251780302927074, 31.734083547975889 ], [ 35.251796651419106, 31.733917005397473 ], [ 35.251806179242728, 31.733791059246897 ], [ 35.251810631272996, 31.733664914463503 ], [ 35.251809973825381, 31.733538717158865 ], [ 35.251804243912268, 31.733412604403334 ], [ 35.251793437405681, 31.73328674574633 ], [ 35.251776342170928, 31.733236101975027 ], [ 35.251761220046909, 31.733185016579561 ], [ 35.251748122747571, 31.733133514796396 ], [ 35.251737042915018, 31.733081671482502 ], [ 35.25172798795451, 31.73302953804183 ], [ 35.251720980049747, 31.732977178499613 ], [ 35.251716030831709, 31.732924655982465 ], [ 35.25171313820222, 31.73287200746735 ], [ 35.25171230219123, 31.732819311415792 ], [ 35.251713514373733, 31.732766615628833 ], [ 35.251718953188075, 31.732749695130501 ], [ 35.251723692325285, 31.7327326314545 ], [ 35.251727759224295, 31.732715430905355 ], [ 35.251731118020508, 31.732698123255524 ], [ 35.251733781388502, 31.732680735556762 ], [ 35.251735757773517, 31.732663275021348 ], [ 35.251737026079546, 31.732645760594835 ], [ 35.251737588432796, 31.732628228350794 ], [ 35.251737454334503, 31.732610687304831 ], [ 35.251736613239757, 31.732593153693603 ], [ 35.251735076773677, 31.732575668097013 ], [ 35.25173283121687, 31.732558226009992 ], [ 35.251729879752261, 31.732540867113187 ], [ 35.251726243487781, 31.732523598614815 ], [ 35.251721919272718, 31.732506454786257 ], [ 35.251716910274254, 31.732489438332099 ], [ 35.251711215449021, 31.732472576308201 ], [ 35.251704856971266, 31.732455902076218 ], [ 35.25169782112453, 31.732439418345944 ], [ 35.251508990586075, 31.732019067953534 ], [ 35.251460003971026, 31.731883678511675 ], [ 35.251416660195076, 31.731746899351108 ], [ 35.251336413568048, 31.731474743182368 ], [ 35.251199813275349, 31.731168100164652 ], [ 35.251173622815301, 31.73104443673785 ], [ 35.251143077907074, 31.730921514159366 ], [ 35.25110820288635, 31.730799450561761 ], [ 35.251069026289095, 31.730678316277512 ], [ 35.251025586186032, 31.730558273625107 ], [ 35.250822629562592, 31.729948545708492 ], [ 35.250666613297618, 31.729554859915801 ], [ 35.250526204876735, 31.729156896207432 ], [ 35.250401558371408, 31.72875513076788 ], [ 35.250292815166624, 31.728350002804294 ], [ 35.250265229826418, 31.728293654989397 ], [ 35.250239819981118, 31.728236557074439 ], [ 35.250216582495781, 31.728178792032381 ], [ 35.250195581749757, 31.728120402232403 ], [ 35.250176807218182, 31.728061462532754 ], [ 35.250160309567093, 31.728002026128785 ], [ 35.250084871896497, 31.727729806245716 ], [ 35.249999472668797, 31.72745972486506 ], [ 35.249904166959197, 31.727192092189231 ], [ 35.249799059403458, 31.726927148059097 ], [ 35.249724132030003, 31.726688322600097 ], [ 35.249639613585366, 31.726451844740499 ], [ 35.249545620315665, 31.726217994904577 ], [ 35.249442270571976, 31.725987049906898 ], [ 35.249329668986519, 31.725759291975432 ], [ 35.249207963439602, 31.72553498167942 ], [ 35.249077281759341, 31.725314380494385 ], [ 35.24893780136459, 31.72509775980064 ], [ 35.248789660620417, 31.724885370245943 ], [ 35.248633059091944, 31.724677481398356 ], [ 35.248468168886156, 31.724474315034762 ], [ 35.248295196932844, 31.724276116369669 ], [ 35.248114335385992, 31.724083136032423 ], [ 35.247925818586559, 31.723895593977076 ], [ 35.245959299609055, 31.72198256295988 ], [ 35.243756178957547, 31.719898025854643 ], [ 35.243218082647196, 31.712437333421388 ], [ 35.239097761803841, 31.709647471848118 ], [ 35.232439521337731, 31.712751940761198 ], [ 35.2319184594974, 31.713003966022931 ], [ 35.23140684842496, 31.713269767205766 ], [ 35.230905186944113, 31.713549102650116 ], [ 35.229545487865231, 31.714753592362992 ], [ 35.229501834110302, 31.71539605489972 ], [ 35.229494580536084, 31.715479368623608 ], [ 35.229484140710483, 31.715562432966294 ], [ 35.229470525160927, 31.715645170365832 ], [ 35.229453756015417, 31.715727477104505 ], [ 35.229433861736112, 31.715809269304458 ], [ 35.229410845465097, 31.715890465796647 ], [ 35.229384728278959, 31.715970978194388 ], [ 35.229355550244847, 31.716050716304657 ], [ 35.229323342991059, 31.716129595346469 ], [ 35.229288129705964, 31.716207530539776 ], [ 35.229249971561515, 31.716284447019696 ], [ 35.229208892799008, 31.716360243772293 ], [ 35.229164933493259, 31.716434860364945 ], [ 35.229118134772399, 31.716508224640574 ], [ 35.22901980980776, 31.716651046918276 ], [ 35.228916061105409, 31.716791056037174 ], [ 35.228807025776767, 31.716928087828098 ], [ 35.228692808232118, 31.717061993457602 ], [ 35.228573527658149, 31.717192643029051 ], [ 35.22844930640666, 31.717319893117306 ], [ 35.228320296373319, 31.717443599391579 ], [ 35.228186620971705, 31.717563627445184 ], [ 35.228087227147434, 31.717647034736327 ], [ 35.227984490212151, 31.717727402204044 ], [ 35.227878501943827, 31.717804651367356 ], [ 35.22776942058465, 31.717878670368467 ], [ 35.227657364292071, 31.717949381625328 ], [ 35.227542479708752, 31.718016691319274 ], [ 35.227424915590035, 31.71808051194466 ], [ 35.227304796428882, 31.718140771330752 ], [ 35.227182280480989, 31.71819739459745 ], [ 35.22579167019601, 31.718851524672171 ], [ 35.225702091348062, 31.718819661730244 ], [ 35.225611264809316, 31.718790498117009 ], [ 35.22551931401896, 31.718764055461389 ], [ 35.225426337096863, 31.718740374334267 ], [ 35.225332433216259, 31.718719486288208 ], [ 35.225237738476139, 31.718701414755369 ], [ 35.225142369982827, 31.718686175053641 ], [ 35.225046441679673, 31.718673800538653 ], [ 35.224950059064, 31.718664286689222 ], [ 35.224853350848612, 31.718657659645309 ], [ 35.224756422533353, 31.718653935629124 ], [ 35.224659396495682, 31.718653106511372 ], [ 35.224562417268189, 31.718655155142404 ], [ 35.224465561866275, 31.718660115785465 ], [ 35.224368982205405, 31.718667951449945 ], [ 35.224272773234389, 31.718678675655326 ], [ 35.22417705944067, 31.718692276666424 ], [ 35.224081957921989, 31.718708708478605 ], [ 35.223987593167813, 31.718727971081584 ], [ 35.223961429262324, 31.71873332243905 ], [ 35.223935075343952, 31.718737904524382 ], [ 35.223908550405262, 31.718741722746898 ], [ 35.223881888205213, 31.718744747341994 ], [ 35.223855122508667, 31.718746994539941 ], [ 35.223828281804543, 31.718748476062203 ], [ 35.223801398795914, 31.718749154929576 ], [ 35.223774505137854, 31.718749050078102 ], [ 35.223747633537741, 31.718748158799226 ], [ 35.223720801933986, 31.718746493717326 ], [ 35.223694067298133, 31.718744033182684 ], [ 35.223667437020033, 31.71874080695595 ], [ 35.223640954354579, 31.718736787075699 ], [ 35.223614640408329, 31.718732010516248 ], [ 35.223588536328023, 31.718726465549874 ], [ 35.223562665325979, 31.718720153978339 ], [ 35.223537068552773, 31.718713095638897 ], [ 35.22351176711107, 31.718705296842845 ], [ 35.223486803203023, 31.718696749469832 ], [ 35.223462187384349, 31.718687490495338 ], [ 35.223437951307012, 31.71867751630927 ], [ 35.223414126625173, 31.718666841338749 ], [ 35.223390755543498, 31.718655479108126 ], [ 35.22336784966739, 31.718643424205478 ], [ 35.223345425883473, 31.718630719918682 ], [ 35.223323532725857, 31.718617373458606 ], [ 35.22330217758055, 31.718603387530443 ], [ 35.223281400543264, 31.718588787382906 ], [ 35.223261225882133, 31.718573585640232 ], [ 35.223241664150457, 31.718557803946247 ], [ 35.223222743838846, 31.718541473863855 ], [ 35.223204490266184, 31.7185245737465 ], [ 35.223186920321368, 31.718507169428573 ], [ 35.223170059325597, 31.718489259104455 ], [ 35.22315392521844, 31.718470873436029 ], [ 35.219163683521025, 31.715812714653648 ], [ 35.20592559094144, 31.723633543355238 ], [ 35.179564353330157, 31.720577175152208 ], [ 35.172368079240286, 31.726641726359137 ], [ 35.165433807055955, 31.732451387287689 ], [ 35.153863112597975, 31.73374562569332 ], [ 35.152080324237801, 31.735558068593441 ], [ 35.151338661881177, 31.736312053911202 ], [ 35.151302144447222, 31.736349175783214 ], [ 35.151813589839612, 31.736502194642409 ], [ 35.152465370487207, 31.736757987592952 ], [ 35.153055288469361, 31.737106621561466 ], [ 35.153541345374641, 31.737513501004127 ], [ 35.153990289668187, 31.738044483900243 ], [ 35.154511286011086, 31.738807382554217 ], [ 35.155149991384867, 31.739757538544659 ], [ 35.155700845803942, 31.740619703549779 ], [ 35.156528694433881, 31.742075190602872 ], [ 35.157251094556585, 31.743105745275631 ], [ 35.157529395442836, 31.743524063334913 ], [ 35.157762578073431, 31.743863214855196 ], [ 35.158019051571088, 31.744312068276884 ], [ 35.158272079084291, 31.744557515632167 ], [ 35.158490102163007, 31.744637006696372 ], [ 35.158650956625181, 31.744661505452914 ], [ 35.158820829004348, 31.744714055423092 ], [ 35.158999540600128, 31.74477520351348 ], [ 35.159171124851824, 31.744787494984191 ], [ 35.159356992003104, 31.744830319878339 ], [ 35.159514273005541, 31.74486702716408 ], [ 35.159768057813437, 31.744922099571863 ], [ 35.159907453090746, 31.744952693479892 ], [ 35.160028987332737, 31.744974117108782 ], [ 35.160193393221803, 31.745047477795314 ], [ 35.160364992459364, 31.745071969743442 ], [ 35.160532998710892, 31.745068989547288 ], [ 35.160672429688589, 31.74505682575456 ], [ 35.160776124024949, 31.745008014134502 ], [ 35.160908436453468, 31.744928668143114 ], [ 35.161008572832564, 31.744864586522432 ], [ 35.161101553107322, 31.744803550225065 ], [ 35.16119095681934, 31.744736397863388 ], [ 35.161323292381638, 31.744632629250077 ], [ 35.161446111194898, 31.74452356283555 ], [ 35.161553457258741, 31.744340384849867 ], [ 35.161657195635399, 31.744227441707555 ], [ 35.161782424572948, 31.744013733827124 ], [ 35.161879019609501, 31.743879413744509 ], [ 35.161982765300458, 31.743751192928436 ], [ 35.162086518661965, 31.743592444277219 ], [ 35.162168782672431, 31.74349476066314 ], [ 35.162240333118532, 31.743400121070728 ], [ 35.162340493623269, 31.743284127689023 ], [ 35.162444213284267, 31.743186443245879 ], [ 35.162555097206393, 31.743067396582816 ], [ 35.162676707401872, 31.742942248428662 ], [ 35.162812615501792, 31.742820153950326 ], [ 35.163041500636346, 31.742633964302581 ], [ 35.163204973770995, 31.742512754801592 ], [ 35.163312259131999, 31.742430348412668 ], [ 35.163480339576118, 31.742314371070265 ], [ 35.163637670978865, 31.742228926194798 ], [ 35.163795001552224, 31.742164864082 ], [ 35.163955897850343, 31.742082477447056 ], [ 35.164059590883582, 31.742048922498942 ], [ 35.164309854256722, 31.741984885713425 ], [ 35.164485040252096, 31.74193914609311 ], [ 35.164603015853196, 31.741917816157443 ], [ 35.164721003509221, 31.741893428831734 ], [ 35.164899738614977, 31.741884341308189 ], [ 35.165182147138552, 31.741881388260875 ], [ 35.16542882333092, 31.741850942019379 ], [ 35.165582563793507, 31.74180825032208 ], [ 35.16594720975197, 31.74176868322624 ], [ 35.16624619307715, 31.741750294077782 ], [ 35.167004073703673, 31.741692548118973 ], [ 35.167143502140448, 31.741671223416208 ], [ 35.167418766970194, 31.741640774379999 ], [ 35.167547487330175, 31.7415919659873 ], [ 35.167726237560352, 31.741573702647703 ], [ 35.167987193967903, 31.741558524811243 ], [ 35.168137345132379, 31.741537202729898 ], [ 35.168298212575564, 31.741528104276917 ], [ 35.168720043101082, 31.741516028372118 ], [ 35.168838006209036, 31.741516068452412 ], [ 35.169048934284667, 31.741494765904324 ], [ 35.169581579839111, 31.741464407858839 ], [ 35.169738872249503, 31.741449191823804 ], [ 35.169949785088995, 31.741458424560591 ], [ 35.170398404349712, 31.741529106089139 ], [ 35.170746055118492, 31.741561424529877 ], [ 35.170913597981468, 31.741586523249044 ], [ 35.171432978260768, 31.741654671725545 ], [ 35.171893788950314, 31.741551050529758 ], [ 35.172111604919095, 31.741558279749338 ], [ 35.172605891539007, 31.741551273087328 ], [ 35.172765069661203, 31.741540590227771 ], [ 35.172978700546331, 31.741537075591385 ], [ 35.173530274422973, 31.741544900371554 ], [ 35.173702002995853, 31.741555684266196 ], [ 35.173873755650853, 31.741559316233243 ], [ 35.174078988346857, 31.74157368100223 ], [ 35.174238158662739, 31.741584469447627 ], [ 35.174506240039058, 31.74159170047167 ], [ 35.174899986742332, 31.741606128377459 ], [ 35.175276935375862, 31.741720746211605 ], [ 35.175611991219498, 31.741828190226514 ], [ 35.17583815538427, 31.741917709653396 ], [ 35.175942859008607, 31.741960676660018 ], [ 35.176081069456153, 31.742003653049633 ], [ 35.176177398997517, 31.742060929921724 ], [ 35.176349094482021, 31.742161174164515 ], [ 35.176449603467603, 31.742218452001318 ], [ 35.176550113943712, 31.74227214939819 ], [ 35.176650637504011, 31.742322275376985 ], [ 35.176784649640901, 31.742390294321094 ], [ 35.176885158086492, 31.742447571812413 ], [ 35.17697882901701, 31.742505162989794 ], [ 35.177096081568571, 31.742576757347916 ], [ 35.177196588778415, 31.74264119531259 ], [ 35.177343158697191, 31.742770047155194 ], [ 35.177472967372594, 31.742881010511908 ], [ 35.177586033672682, 31.742974067402887 ], [ 35.177688758047175, 31.743006607001355 ], [ 35.177801858979414, 31.74300663747324 ], [ 35.17795685428316, 31.742985205926484 ], [ 35.178145359311507, 31.742985256261502 ], [ 35.178451170466062, 31.742942400059334 ], [ 35.178597769119939, 31.742938858299613 ], [ 35.17870668260403, 31.742935315526431 ], [ 35.178874242854349, 31.742924618215742 ], [ 35.17899152432274, 31.742917497018951 ], [ 35.179113000747712, 31.74292826056384 ], [ 35.179251232220359, 31.74294976939106 ], [ 35.179443912563258, 31.742960550943078 ], [ 35.179661737405048, 31.742953445819801 ], [ 35.179875363841504, 31.742971392766695 ], [ 35.180001015887285, 31.742992897601056 ], [ 35.180181129260369, 31.743028719359174 ], [ 35.180315152320262, 31.743075270463262 ], [ 35.180375103707618, 31.743082915076982 ], [ 35.180512028453542, 31.743100363868404 ], [ 35.180700512304007, 31.743132615623598 ], [ 35.180826173962053, 31.743161280366742 ], [ 35.180951821841873, 31.743193507305584 ], [ 35.181127741490648, 31.743243648141178 ], [ 35.181256112459366, 31.743310668965794 ], [ 35.181432013568575, 31.743389434219562 ], [ 35.18155347457769, 31.743446713059029 ], [ 35.181729385693714, 31.74352547790328 ], [ 35.181846658387528, 31.743582755464661 ], [ 35.182026741001273, 31.743690145728742 ], [ 35.182173322595254, 31.74377248339724 ], [ 35.182315719449058, 31.743876284040617 ], [ 35.182470674174809, 31.743983667801452 ], [ 35.182571180873602, 31.74406956563632 ], [ 35.18265074138867, 31.744141146135256 ], [ 35.182730315819541, 31.744209146227362 ], [ 35.182860130744139, 31.744323684436097 ], [ 35.182943896500916, 31.744380953293948 ], [ 35.183036029049553, 31.744448965081897 ], [ 35.183119791628584, 31.744520546241635 ], [ 35.183224473236237, 31.744620756922195 ], [ 35.183308220625491, 31.744742435928028 ], [ 35.183358462070103, 31.744824750432883 ], [ 35.183408695890051, 31.744932100374186 ], [ 35.183450553531316, 31.745028725371963 ], [ 35.183497349861966, 31.745195723104754 ], [ 35.183698319612176, 31.745557167834715 ], [ 35.183865780971395, 31.745882819263404 ], [ 35.183869929849891, 31.745986587453491 ], [ 35.184037455121342, 31.746104713133441 ], [ 35.184179847067277, 31.746208511656782 ], [ 35.184355761352002, 31.746305156600169 ], [ 35.184682451833879, 31.746487717314114 ], [ 35.18490443782683, 31.74660942488293 ], [ 35.185143169157101, 31.746738287301685 ], [ 35.185254600834661, 31.746796723856313 ], [ 35.185401191233737, 31.746879048757879 ], [ 35.185522639526845, 31.746972109326798 ], [ 35.185618973912888, 31.747050852152505 ], [ 35.185744619630185, 31.747118859891462 ], [ 35.185878649822797, 31.747208351378017 ], [ 35.185974973198689, 31.747290665268977 ], [ 35.186142502550638, 31.747415939857138 ], [ 35.186226260629049, 31.747483938584605 ], [ 35.186330949564251, 31.747619932211006 ], [ 35.186477536303457, 31.747723728991417 ], [ 35.186603192149754, 31.747798896594482 ], [ 35.186745597342622, 31.747874067403949 ], [ 35.186883835988247, 31.747902719636656 ], [ 35.186992748123785, 31.7479206338948 ], [ 35.187114217607835, 31.747945711235854 ], [ 35.187302728981983, 31.747963631780848 ], [ 35.187533127053896, 31.747981569141231 ], [ 35.187667181577318, 31.747949389713259 ], [ 35.187767743165459, 31.747859954110531 ], [ 35.187876702766154, 31.747691797245622 ], [ 35.18797726930638, 31.747577317007273 ], [ 35.188136478338357, 31.747487892187657 ], [ 35.188249618488022, 31.747351940963494 ], [ 35.188329227416688, 31.747266081346758 ], [ 35.188404654128462, 31.74719095295767 ], [ 35.188492643463384, 31.74710151443529 ], [ 35.188584837586497, 31.746994183854088 ], [ 35.188731481680691, 31.74687970247631 ], [ 35.188861354873588, 31.746801012436897 ], [ 35.189006797070235, 31.746717238630477 ], [ 35.189212080582664, 31.746627820788419 ], [ 35.189413177322656, 31.746524089454564 ], [ 35.189589141554983, 31.746434665783564 ], [ 35.189769281516107, 31.746363135373361 ], [ 35.189957806153316, 31.746309489919106 ], [ 35.19006672781007, 31.746277312610406 ], [ 35.190255242387856, 31.74622008635497 ], [ 35.190510780418187, 31.746177192616766 ], [ 35.190674157766978, 31.746155756051138 ], [ 35.190804025190396, 31.746141465384223 ], [ 35.190929688351119, 31.746148638001923 ], [ 35.191097244661577, 31.746170138835275 ], [ 35.191210347034946, 31.746180889465933 ], [ 35.191373716267968, 31.746195228532638 ], [ 35.191574785487205, 31.746205993103324 ], [ 35.191708835369106, 31.746220327019142 ], [ 35.191813556613639, 31.746238236491447 ], [ 35.191922455643109, 31.746263316274309 ], [ 35.192098376453835, 31.746313423908212 ], [ 35.192194724133124, 31.74635280488647 ], [ 35.192349705002222, 31.746410078638934 ], [ 35.192492136071124, 31.746424413027839 ], [ 35.192588471230103, 31.746474525762721 ], [ 35.192697378630761, 31.746517479620454 ], [ 35.192890054315917, 31.746589070857532 ], [ 35.193045036329337, 31.746649924120973 ], [ 35.193205868253251, 31.746738185389347 ], [ 35.193335710409926, 31.746799034571897 ], [ 35.193469751361881, 31.746874196649333 ], [ 35.193599592718357, 31.746988723879031 ], [ 35.193687546455052, 31.747053146977162 ], [ 35.193813193155293, 31.74714619123208 ], [ 35.19388857610501, 31.747217773103372 ], [ 35.194064501155871, 31.747375234645649 ], [ 35.194131499478232, 31.747468279295529 ], [ 35.194194320321728, 31.747557742964762 ], [ 35.194244573284969, 31.747643624485459 ], [ 35.194349264880707, 31.747822548761967 ], [ 35.194403700202123, 31.747944216337867 ], [ 35.19445813837644, 31.748051571476786 ], [ 35.194495831539356, 31.748137451154332 ], [ 35.194525132310922, 31.748234070736164 ], [ 35.194562815436825, 31.748323530747506 ], [ 35.194621426698873, 31.748466662902082 ], [ 35.194696821751819, 31.748595493925201 ], [ 35.19475126092324, 31.74869568821374 ], [ 35.194819946823067, 31.748809033427598 ], [ 35.194912086878013, 31.748970062741829 ], [ 35.195000014051665, 31.749131091420772 ], [ 35.195159168623277, 31.749370852272136 ], [ 35.195305745152034, 31.749607039922484 ], [ 35.195418824220994, 31.74976807160521 ], [ 35.195502594734641, 31.74987543009966 ], [ 35.195598926848291, 31.749972049093095 ], [ 35.195670123438006, 31.750043629337945 ], [ 35.195758090794534, 31.750115202673062 ], [ 35.195959143134857, 31.750269093408136 ], [ 35.196105750315695, 31.750340673906248 ], [ 35.196277497954604, 31.750412257355336 ], [ 35.196449250065399, 31.75045879611605 ], [ 35.196562352489892, 31.750440917177521 ], [ 35.196734116475703, 31.750423045217008 ], [ 35.196922643683749, 31.750372978869013 ], [ 35.19711535640635, 31.750290698544713 ], [ 35.197211716840059, 31.750229879840987 ], [ 35.197389925188915, 31.750088751497245 ], [ 35.19747790694386, 31.750010038859983 ], [ 35.197549139035708, 31.74993132425195 ], [ 35.197624549353804, 31.749859770790376 ], [ 35.197683211729533, 31.749777474322244 ], [ 35.197729303980658, 31.749695185429466 ], [ 35.197829874265736, 31.749491242641049 ], [ 35.197863412288122, 31.749373157741275 ], [ 35.197909516679424, 31.749215726376189 ], [ 35.197926302779933, 31.749036818613487 ], [ 35.197976599829175, 31.748929476607231 ], [ 35.198022679792317, 31.74884717857735 ], [ 35.198060399979298, 31.748707638987135 ], [ 35.198093923086567, 31.74862175918911 ], [ 35.198165163240894, 31.748471482165467 ], [ 35.198279735660421, 31.748279769641027 ], [ 35.198371911743614, 31.748147378510133 ], [ 35.198552083274322, 31.747907658100129 ], [ 35.198749003434699, 31.747650055427339 ], [ 35.198857936919119, 31.747539138812559 ], [ 35.198945910934057, 31.747481898257906 ], [ 35.199130248618182, 31.747385301570628 ], [ 35.199335522404198, 31.747306608501095 ], [ 35.199536608360901, 31.747210012897195 ], [ 35.199624581745141, 31.747159923568582 ], [ 35.199720943941969, 31.74712057606725 ], [ 35.199838245418285, 31.747077650147936 ], [ 35.200043514688204, 31.74702399138539 ], [ 35.200160803048057, 31.74699895793988 ], [ 35.200328370404215, 31.746970348674839 ], [ 35.200491749111428, 31.746931006752209 ], [ 35.200588100151705, 31.746891649574071 ], [ 35.200686543744439, 31.746828023632766 ], [ 35.200812226757634, 31.746763624432347 ], [ 35.200937906596828, 31.74672427859722 ], [ 35.201155737977537, 31.746731449156371 ], [ 35.201268830169269, 31.746745771216599 ], [ 35.201440580291646, 31.746781571219252 ], [ 35.201599759611248, 31.746810209240262 ], [ 35.201717056242749, 31.746799486776947 ], [ 35.201867864047848, 31.746763713405752 ], [ 35.202035428523907, 31.746752994667954 ], [ 35.202228120133206, 31.746756590069989 ], [ 35.202349604628182, 31.746763751102868 ], [ 35.202517167577881, 31.746767344146473 ], [ 35.202693099014773, 31.746778089284682 ], [ 35.202818772379956, 31.746795991253869 ], [ 35.20291930653184, 31.746824623350758 ], [ 35.20305334224895, 31.746903355706579 ], [ 35.203204149339363, 31.746982089089794 ], [ 35.203329806468084, 31.747064391908694 ], [ 35.203459660346951, 31.747200373203221 ], [ 35.203547615132671, 31.747318458792076 ], [ 35.203656520156386, 31.74745443847614 ], [ 35.203786371988663, 31.747601160503095 ], [ 35.20390783720751, 31.747733560425498 ], [ 35.204025123275528, 31.74785522791051 ], [ 35.204129842920672, 31.747941108961868 ], [ 35.204241686790425, 31.748013363360837 ], [ 35.204379918697185, 31.748063469740906 ], [ 35.20451815781712, 31.748156513206762 ], [ 35.204715035285631, 31.748249550905644 ], [ 35.204916101990676, 31.74835690996461 ], [ 35.205100421519667, 31.748442803680732 ], [ 35.205288922878886, 31.748500063511429 ], [ 35.20550256369598, 31.748564476059208 ], [ 35.205678508268299, 31.748607431271438 ], [ 35.205858642147099, 31.748646797069203 ], [ 35.206026196548287, 31.74865753719363 ], [ 35.206143491573762, 31.748700479944659 ], [ 35.206277547008071, 31.74873627165578 ], [ 35.206449292204525, 31.748754172129061 ], [ 35.206570778572669, 31.748779221903582 ], [ 35.206683886526065, 31.748779226743991 ], [ 35.206780238119812, 31.748736293556536 ], [ 35.206884972487927, 31.748621798584239 ], [ 35.206989704444915, 31.748546660399423 ], [ 35.207186590929759, 31.748510882576177 ], [ 35.207303888646983, 31.748528779795571 ], [ 35.207618070986449, 31.748525210827996 ], [ 35.207735369473113, 31.748528795239135 ], [ 35.207886175421159, 31.748521639577437 ], [ 35.208162661701422, 31.748496603913395 ], [ 35.208309277902082, 31.748482295925729 ], [ 35.208460085481875, 31.748457255834705 ], [ 35.208564814494594, 31.748421473229786 ], [ 35.208694684948334, 31.748364227101263 ], [ 35.209834305980188, 31.747581651023317 ], [ 35.209921155963535, 31.747464195138875 ], [ 35.209950107487714, 31.747371467058908 ], [ 35.210036958967912, 31.747266375502189 ], [ 35.210152746894124, 31.7471612843256 ], [ 35.210239596404648, 31.747080921449015 ], [ 35.210340928328542, 31.746858381510272 ], [ 35.210456729039372, 31.746697645689594 ], [ 35.210586996320174, 31.746549283360448 ], [ 35.210644895983741, 31.74645655544526 ], [ 35.210754953755547, 31.746267627336042 ], [ 35.210834562353597, 31.746162535141899 ], [ 35.21090693112636, 31.746038900719764 ], [ 35.211015490257253, 31.745853444495783 ], [ 35.21121089458471, 31.745538175979689 ], [ 35.211449727688532, 31.745117805337522 ], [ 35.211514855110096, 31.744981806098828 ], [ 35.21155104409732, 31.744882899952533 ], [ 35.211594472820224, 31.744777798086766 ], [ 35.211666839671388, 31.744617069959279 ], [ 35.211717497248415, 31.744536705920666 ], [ 35.211768154737953, 31.744456341860879 ], [ 35.211826051939184, 31.744357435679667 ], [ 35.211883949004303, 31.744264707169528 ], [ 35.211941845944828, 31.744178156330737 ], [ 35.211992503080538, 31.744060707945668 ], [ 35.212028691205376, 31.743955614931647 ], [ 35.21207934811035, 31.74383815748941 ], [ 35.212130005936224, 31.74370833560749 ], [ 35.212209609642386, 31.743535242723997 ], [ 35.212274755914159, 31.743380700945313 ], [ 35.212347109915143, 31.743207598959323 ], [ 35.212419484731335, 31.743028328245906 ], [ 35.212515551536271, 31.742826249518579 ], [ 35.212631341979289, 31.742591334121339 ], [ 35.212783308361338, 31.742313156473351 ], [ 35.21287738970473, 31.74212151191411 ], [ 35.212978700422745, 31.741898969704458 ], [ 35.213051071820402, 31.741707325155684 ], [ 35.213137901850644, 31.741509502739341 ], [ 35.213239230868943, 31.741249867034529 ], [ 35.213326059576133, 31.741014951207902 ], [ 35.213376713071085, 31.740885128772845 ], [ 35.213420126780065, 31.740742950986668 ], [ 35.213449073691351, 31.74064403529286 ], [ 35.213420124632357, 31.740520400384003 ], [ 35.213492494143111, 31.740334942264337 ], [ 35.213535907321919, 31.740186577705018 ], [ 35.213601037989562, 31.740001119596464 ], [ 35.213651690340576, 31.739858932606566 ], [ 35.21371682076564, 31.739685838854541 ], [ 35.213760233284162, 31.739537474203711 ], [ 35.21378917866484, 31.739395287433041 ], [ 35.213825361891821, 31.739290193831891 ], [ 35.213861894381154, 31.739187210553528 ], [ 35.213955959915957, 31.739001751826777 ], [ 35.213992143475991, 31.738878107022312 ], [ 35.214035555974803, 31.738717386850293 ], [ 35.214071738659932, 31.738612284149458 ], [ 35.214129629642109, 31.738507199126541 ], [ 35.214259876896463, 31.738198095288727 ], [ 35.214339474640127, 31.738049729782055 ], [ 35.214419081504211, 31.737938457508044 ], [ 35.214484200840559, 31.737851905295546 ], [ 35.214563798920217, 31.737740632927881 ], [ 35.214672340696815, 31.737616995493994 ], [ 35.214766414653376, 31.737468629411975 ], [ 35.21483877126046, 31.737338805864358 ], [ 35.214903899589864, 31.737227524569107 ], [ 35.2149834955787, 31.737116251928466 ], [ 35.215048624831923, 31.737011157279863 ], [ 35.215113753688598, 31.736930791457471 ], [ 35.215265708064891, 31.736788619343599 ], [ 35.215345303274027, 31.736708235000659 ], [ 35.215417671251728, 31.736640233264691 ], [ 35.21549726748578, 31.736566053586984 ], [ 35.215663698464326, 31.736411498132938 ], [ 35.215808412777342, 31.736287858683784 ], [ 35.215954033822676, 31.736154361765244 ], [ 35.216171114491146, 31.73594416865259 ], [ 35.216301357613865, 31.735795800232822 ], [ 35.216453321779539, 31.735715430805488 ], [ 35.216554623349303, 31.73564742741749 ], [ 35.216699347070389, 31.735548506789762 ], [ 35.216880254246831, 31.735431051516358 ], [ 35.217053911370151, 31.735313587248577 ], [ 35.217271000215007, 31.735140476518517 ], [ 35.217394004967375, 31.735035387287553 ], [ 35.217495312449834, 31.734930289841195 ], [ 35.217589371932334, 31.734837557060739 ], [ 35.217741331918276, 31.734732457216339 ], [ 35.217878814736039, 31.734645909010258 ], [ 35.218052470721254, 31.734553172238162 ], [ 35.218175485581362, 31.73446661536817 ], [ 35.218370857848264, 31.734373877119445 ], [ 35.218493863752734, 31.734318235538709 ], [ 35.218631358856385, 31.734274957530658 ], [ 35.218790560603509, 31.734237855941757 ], [ 35.218918897454849, 31.73421500512686 ], [ 35.219121512667066, 31.734177900787689 ], [ 35.219251754807303, 31.734109893637928 ], [ 35.219425425805071, 31.734103697021165 ], [ 35.219714862640963, 31.734041866851804 ], [ 35.220076676345037, 31.733961471322363 ], [ 35.220358875021311, 31.733918182288505 ], [ 35.220597675460496, 31.733918166555135 ], [ 35.220735162465402, 31.733918157293882 ], [ 35.220858174403531, 31.733936691027253 ], [ 35.22102460735649, 31.733955230620882 ], [ 35.221147628898365, 31.733973764074111 ], [ 35.221328533871443, 31.734017031112838 ], [ 35.221466023705553, 31.734054105352925 ], [ 35.22163246290566, 31.734109737460123 ], [ 35.221835088705916, 31.734196264147062 ], [ 35.222073888867143, 31.734295152115227 ], [ 35.222298224557221, 31.734406414248731 ], [ 35.222450201245678, 31.734505308439015 ], [ 35.222609407049575, 31.734598024141331 ], [ 35.222746905682378, 31.734690741461804 ], [ 35.22288440496871, 31.734795823067174 ], [ 35.223036386553893, 31.734925632147228 ], [ 35.22314494130012, 31.73502452922585 ], [ 35.22330508236297, 31.735255462288031 ], [ 35.223406403998013, 31.735397639802088 ], [ 35.2234787933711, 31.735552175237672 ], [ 35.223558407109508, 31.735688167837917 ], [ 35.223659733733712, 31.735855074005553 ], [ 35.223746591739179, 31.736028150101639 ], [ 35.223818986067066, 31.736213609935636 ], [ 35.223869654924528, 31.736349604989673 ], [ 35.223934784511762, 31.736504149832779 ], [ 35.224021660001902, 31.736714328033283 ], [ 35.224115775146139, 31.736998683048128 ], [ 35.224195399348766, 31.73719031064407 ], [ 35.224267791714801, 31.737443770042407 ], [ 35.224354667487468, 31.737715761111101 ], [ 35.224427069842655, 31.737950660226399 ], [ 35.224499458712579, 31.738160839455588 ], [ 35.224586333722776, 31.738432839354125 ], [ 35.224673204659446, 31.738655372455316 ], [ 35.224738367334275, 31.738884103388447 ], [ 35.224775067773678, 31.739018999148932 ], [ 35.224804034194314, 31.739155004949421 ], [ 35.224825768094924, 31.739278638019446 ], [ 35.224876428895733, 31.739402268182367 ], [ 35.224919869008396, 31.739507356921489 ], [ 35.224992259346003, 31.739711358115564 ], [ 35.225035705756518, 31.739859717786931 ], [ 35.22510810700458, 31.740137896429939 ], [ 35.225166035143161, 31.740378983235264 ], [ 35.225223964454443, 31.740626247707322 ], [ 35.225274652846302, 31.740861157488975 ], [ 35.225303627596425, 31.741046611806883 ], [ 35.225339841616822, 31.741244429781897 ], [ 35.225390527985454, 31.741460788353013 ], [ 35.225448455904292, 31.741689510558416 ], [ 35.225506380705013, 31.74188732618687 ], [ 35.225571533354746, 31.742017141214415 ], [ 35.225712873797377, 31.742298621907018 ], [ 35.225770781970027, 31.742391344339563 ], [ 35.225886591601345, 31.742514967024754 ], [ 35.225987922313884, 31.742638591183134 ], [ 35.226060316840304, 31.742768405154749 ], [ 35.226176133877907, 31.742935289506534 ], [ 35.226270226731607, 31.743065109969521 ], [ 35.226371559503036, 31.743194920530136 ], [ 35.226494611557101, 31.743324728552757 ], [ 35.226653848974472, 31.743503980973237 ], [ 35.226813098536851, 31.74368941088753 ], [ 35.226972332247783, 31.743837765385418 ], [ 35.227073662856299, 31.743942846538381 ], [ 35.227138816242125, 31.744041754189876 ], [ 35.227211197835267, 31.744146829628896 ], [ 35.227290819377792, 31.744245735480778 ], [ 35.227421119967019, 31.744412634969194 ], [ 35.22747902574995, 31.744530076407187 ], [ 35.227612301605234, 31.744655852604232 ], [ 35.229173058476121, 31.744659349523289 ], [ 35.229638080749879, 31.744659286303548 ], [ 35.22995864746693, 31.744653883821158 ], [ 35.23017236947328, 31.744659210670338 ], [ 35.230473959733693, 31.744659168399451 ], [ 35.230756933495002, 31.744669912511977 ], [ 35.231133898616775, 31.744664427548916 ], [ 35.231404161412911, 31.744648324839023 ], [ 35.232629700562967, 31.744658838118351 ], [ 35.233679292648354, 31.744674798713497 ], [ 35.23426386493356, 31.744669350303084 ], [ 35.235268429052788, 31.744658457453365 ], [ 35.23549468311127, 31.744728248424554 ], [ 35.235633073836155, 31.744862435895101 ], [ 35.235765033133212, 31.745007338429986 ], [ 35.23587192305876, 31.745141541406099 ], [ 35.235997614903944, 31.745297231033451 ], [ 35.2362869260255, 31.745597820143711 ], [ 35.236557291185441, 31.745919828539876 ], [ 35.236953321585155, 31.746279438111067 ], [ 35.237356779763203, 31.746658840640926 ], [ 35.237658410431727, 31.746782226157819 ], [ 35.237966531696458, 31.747050601517287 ], [ 35.238293450208779, 31.747356523625424 ], [ 35.238683223627575, 31.747683924741676 ], [ 35.238909538754022, 31.747920125885244 ], [ 35.239135863470999, 31.748156319400877 ], [ 35.239324391829541, 31.748311921066794 ], [ 35.239456510094705, 31.748430052659653 ], [ 35.239550725955979, 31.748569613106778 ], [ 35.239770776339064, 31.748816510015228 ], [ 35.239936698367977, 31.748927095159825 ], [ 35.240075106894054, 31.749039796470065 ], [ 35.240402048831847, 31.749345713964829 ], [ 35.24074777755807, 31.749635573396006 ], [ 35.240879739518334, 31.749748275269113 ], [ 35.241005438842222, 31.74988781847253 ], [ 35.241118614920275, 31.750027371618021 ], [ 35.241401681717207, 31.750274261195106 ], [ 35.241590218570714, 31.750424501543794 ], [ 35.241753678334582, 31.750542616236554 ], [ 35.241898355092893, 31.750703653391128 ], [ 35.242105718332155, 31.750912933768003 ], [ 35.242382367719117, 31.751197447941692 ], [ 35.242589909063163, 31.751428209604462 ], [ 35.242803682992275, 31.75160536419213 ], [ 35.242975246930754, 31.751774492247534 ], [ 35.243069634068739, 31.751930102051023 ], [ 35.243145066699135, 31.752123350715568 ], [ 35.243189161954916, 31.752305901993097 ], [ 35.243170545125615, 31.752874983652902 ], [ 35.243170607923673, 31.753062893636994 ], [ 35.243158212367604, 31.753460126621292 ], [ 35.2431142903717, 31.753798413168226 ], [ 35.243108100742546, 31.754034583672286 ], [ 35.243095664393628, 31.754313808316557 ], [ 35.243089345574681, 31.754672441359592 ], [ 35.243102018149081, 31.755069739381113 ], [ 35.243045543353283, 31.755338126309198 ], [ 35.243064414983998, 31.755590505963347 ], [ 35.243095981296719, 31.755767621148767 ], [ 35.243102462149089, 31.756401098536099 ], [ 35.243134086203327, 31.757265462776822 ], [ 35.24300229499417, 31.757700357906028 ], [ 35.242732043019735, 31.757861485838134 ], [ 35.242600143734194, 31.757984953064121 ], [ 35.242487246666194, 31.758761142572972 ], [ 35.242273532890998, 31.758814879730885 ], [ 35.242028479201103, 31.758900829927498 ], [ 35.241821029900855, 31.758976047862422 ], [ 35.241594757510654, 31.759045857808591 ], [ 35.241117042435164, 31.759228521300283 ], [ 35.24085945748611, 31.759314462178601 ], [ 35.240557654968846, 31.759400422346598 ], [ 35.240339977988974, 31.759477552076039 ], [ 35.239918979203743, 31.759649421345021 ], [ 35.239636142051438, 31.759697813060995 ], [ 35.239214942867818, 31.759762304687982 ], [ 35.238825229557214, 31.759837565443018 ], [ 35.238586444282333, 31.759902007549432 ], [ 35.238272109624717, 31.759987964001553 ], [ 35.238008083218702, 31.760047134377587 ], [ 35.237838394726509, 31.760116917998037 ], [ 35.237543026639187, 31.760202861598053 ], [ 35.2371155705099, 31.760337168877225 ], [ 35.236700814371666, 31.760439267148346 ], [ 35.236493344300598, 31.760509064385829 ], [ 35.23604081818457, 31.76065950697819 ], [ 35.23580812452397, 31.760740085866061 ], [ 35.235534196297081, 31.760810661374347 ], [ 35.235263911079038, 31.760918086182688 ], [ 35.234924506247403, 31.761030878022339 ], [ 35.234616450100333, 31.761138309122636 ], [ 35.234314817393127, 31.761272582864756 ], [ 35.234044527315248, 31.761380013196639 ], [ 35.233575675417228, 31.761522126641808 ], [ 35.233304046704433, 31.761598621221065 ], [ 35.233044300697578, 31.76165989091653 ], [ 35.232644354784675, 31.761731328616762 ], [ 35.232226440898238, 31.761833349682316 ], [ 35.232005622418455, 31.761894611096551 ], [ 35.231772744906117, 31.761945592886985 ], [ 35.231542851270468, 31.76202214128034 ], [ 35.231327961481156, 31.762075716839412 ], [ 35.231133998980631, 31.762108861975584 ], [ 35.23092503892493, 31.762152218894101 ], [ 35.230674859279205, 31.762201794345998 ], [ 35.230447927156398, 31.762268121451719 ], [ 35.230110651839141, 31.762362521311637 ], [ 35.22977636257837, 31.762454295475514 ], [ 35.229573340674747, 31.762530845592501 ], [ 35.229388304545537, 31.762614987432158 ], [ 35.229161390169253, 31.76278841609038 ], [ 35.229095779042389, 31.762977038029458 ], [ 35.22904797963033, 31.76313254158363 ], [ 35.229012232151888, 31.763326309058598 ], [ 35.22897827127985, 31.763489205015414 ], [ 35.228971548120271, 31.763662389275158 ], [ 35.228991887702186, 31.763950916689826 ], [ 35.229018804831426, 31.764124022517567 ], [ 35.22906620033843, 31.764470318872583 ], [ 35.229045949905711, 31.76467231724639 ], [ 35.229045981488696, 31.764851209294395 ], [ 35.229073069986612, 31.765030095927461 ], [ 35.229188104575279, 31.765474459425704 ], [ 35.229235474770576, 31.765670676853713 ], [ 35.229302984031953, 31.765918803870871 ], [ 35.22946536020131, 31.766276635286374 ], [ 35.229539620166967, 31.766542111937955 ], [ 35.229593759253333, 31.766755589693005 ], [ 35.229708776162745, 31.767021053401219 ], [ 35.229769501455372, 31.767171121941232 ], [ 35.229918319773674, 31.767378877640621 ], [ 35.230256170446658, 31.767644244496857 ], [ 35.230391436093342, 31.767753926221172 ], [ 35.230603095077541, 31.767936087456459 ], [ 35.230832903088348, 31.768143768031869 ], [ 35.230995057919003, 31.768247665185655 ], [ 35.231184262816463, 31.768316899064061 ], [ 35.231501952703731, 31.768420709019701 ], [ 35.231677632048125, 31.768472600739699 ], [ 35.231889759008951, 31.768512941967401 ], [ 35.232112610950637, 31.768546447835103 ], [ 35.232488531380049, 31.768636005036367 ], [ 35.232711410697831, 31.768852422238165 ], [ 35.232755169720747, 31.769012918348423 ], [ 35.232777011330008, 31.769337580907678 ], [ 35.232694123261382, 31.769722072046068 ], [ 35.232558750391249, 31.769927336048266 ], [ 35.232423202314905, 31.770106528341778 ], [ 35.23229211699244, 31.77028564672824 ], [ 35.232043101464605, 31.770535741979508 ], [ 35.231938221685688, 31.77068131697785 ], [ 35.231833359278617, 31.770860512854085 ], [ 35.231767913209161, 31.77103222621632 ], [ 35.23167163068991, 31.7712474134571 ], [ 35.231588516254639, 31.771392994722454 ], [ 35.231387669521105, 31.771665483216534 ], [ 35.23069813607276, 31.773017585050582 ], [ 35.230379437403897, 31.772969860252548 ], [ 35.229983714387636, 31.772910727186204 ], [ 35.229530440002137, 31.772978717414269 ], [ 35.229222148093918, 31.772977767241464 ], [ 35.22883401938622, 31.772995298535221 ], [ 35.228631456788321, 31.77300434171098 ], [ 35.228295794267062, 31.773004106212834 ], [ 35.228021819058391, 31.773050783563953 ], [ 35.227856412944149, 31.773282750892108 ], [ 35.227796233198326, 31.773436352355937 ], [ 35.227864238475235, 31.773685335626219 ], [ 35.227850904386422, 31.773861487453999 ], [ 35.22778745297051, 31.774204332524238 ], [ 35.227803829401154, 31.774481793543238 ], [ 35.227798592924543, 31.77472402285823 ], [ 35.227837924640198, 31.775138020123123 ], [ 35.2278523157526, 31.77539772572926 ], [ 35.227862567797445, 31.77558457683487 ], [ 35.227670414264757, 31.775632642016483 ], [ 35.227543433808016, 31.775819936439007 ], [ 35.227570849460541, 31.776002566619717 ], [ 35.227617224969009, 31.776249008433002 ], [ 35.227652074552459, 31.776433603708195 ], [ 35.227633324212547, 31.77675094961652 ], [ 35.227262371439451, 31.777056350595949 ], [ 35.227093320173829, 31.777195598110765 ], [ 35.226907926808792, 31.777348502199747 ], [ 35.226692363912576, 31.777526370860144 ], [ 35.226550184830089, 31.77763954300255 ], [ 35.226294854858928, 31.777842766471622 ], [ 35.226132230765394, 31.777992997399991 ], [ 35.225869323510501, 31.778235821933414 ], [ 35.225562875533619, 31.778540931320727 ], [ 35.225915586949895, 31.778738029562376 ], [ 35.226061462103615, 31.779029004209029 ], [ 35.225991035363663, 31.779192886884104 ], [ 35.226061181224019, 31.779407644592002 ], [ 35.226271180689793, 31.779403246497967 ], [ 35.22655906277172, 31.779532008032263 ], [ 35.226850748947875, 31.77973672217913 ], [ 35.227282319769238, 31.779930712282415 ], [ 35.227459836163426, 31.780063289794906 ], [ 35.227648686704342, 31.779849357338833 ], [ 35.228078791323398, 31.780148610508999 ], [ 35.22827360767505, 31.780121954294437 ], [ 35.228425743653645, 31.780311323095201 ], [ 35.228594016792073, 31.780394856769711 ], [ 35.22879512900775, 31.780514759276826 ], [ 35.229054328026798, 31.780727218581362 ], [ 35.229268806451614, 31.780892200161833 ], [ 35.229473556823471, 31.78102970518184 ], [ 35.229557230578102, 31.78127417586488 ], [ 35.229824840820534, 31.781454508574885 ], [ 35.230346689056582, 31.781720200543518 ], [ 35.230163430491743, 31.781848603929649 ], [ 35.229970433537282, 31.781958530444349 ], [ 35.229793450808351, 31.782054665175295 ], [ 35.229509253045983, 31.782265367167195 ], [ 35.229305536929445, 31.782379822314901 ], [ 35.229085656605235, 31.782485105692089 ], [ 35.228897940178967, 31.78255390648054 ], [ 35.228662052379377, 31.782654691013022 ], [ 35.228404723057992, 31.782773651003946 ], [ 35.228222462983148, 31.78289738889287 ], [ 35.228082925921996, 31.783062148943877 ], [ 35.227911385326664, 31.783222518113362 ], [ 35.227788173489699, 31.783346113643045 ], [ 35.2275897385855, 31.783488044693112 ], [ 35.227600509889719, 31.783753672864567 ], [ 35.227825692116156, 31.783799440174491 ], [ 35.227922253784172, 31.784046590524383 ], [ 35.227863380357981, 31.784229780335352 ], [ 35.227836518405141, 31.784403813300536 ], [ 35.227890183429714, 31.784696908191876 ], [ 35.227955049514804, 31.784869945832448 ], [ 35.228030147406493, 31.785034659900305 ], [ 35.228250097906397, 31.785291089787155 ], [ 35.228121461033929, 31.785561236586737 ], [ 35.228067875414879, 31.785730629312507 ], [ 35.22807318530301, 31.785909310877013 ], [ 35.227992890445535, 31.78616112589134 ], [ 35.227831895310253, 31.786280225901617 ], [ 35.227676504975904, 31.786385500594008 ], [ 35.227461911758041, 31.786600706689484 ], [ 35.227236764837215, 31.786857192148442 ], [ 35.22712956230211, 31.787026581796951 ], [ 35.226943809932088, 31.787110168827287 ], [ 35.226940969275383, 31.786909376358661 ], [ 35.226926530855785, 31.787082356955988 ], [ 35.226941028199114, 31.787218353906781 ], [ 35.226977248990629, 31.787311086677981 ], [ 35.227172782701793, 31.787589238581539 ], [ 35.227172783768047, 31.787589302612623 ], [ 35.227488832004006, 31.787795093459113 ], [ 35.227783868730477, 31.788110982763538 ], [ 35.227987654822165, 31.788394886149693 ], [ 35.228094925802658, 31.788555103961659 ], [ 35.228245101593487, 31.788797727067017 ], [ 35.228347093804942, 31.789022201960066 ], [ 35.228507990472963, 31.789278495374695 ], [ 35.228561632096991, 31.78942969308715 ], [ 35.228685080682133, 31.789640204310292 ], [ 35.228894330301102, 31.789974418625452 ], [ 35.228872937030836, 31.790253715450792 ], [ 35.228524340603691, 31.790262913792862 ], [ 35.228325867893354, 31.790327060611872 ], [ 35.228148862517813, 31.790400350047246 ], [ 35.227977281466508, 31.790464492023563 ], [ 35.227671628676262, 31.790730150890074 ], [ 35.227548236851383, 31.790849092533993 ], [ 35.227295040337047, 31.791141519941299 ], [ 35.22716094286109, 31.791338401015203 ], [ 35.226886262457946, 31.791457081163269 ], [ 35.226886331053805, 31.791456848478742 ], [ 35.226854586994179, 31.791538159096625 ], [ 35.226789444515205, 31.791643249865448 ], [ 35.226659126359799, 31.791779281433602 ], [ 35.226601223073764, 31.791859642626051 ], [ 35.226507092824214, 31.791946194571739 ], [ 35.226420226978917, 31.792032754647252 ], [ 35.226333349463481, 31.792113127992884 ], [ 35.226260958967892, 31.792181137146464 ], [ 35.226420281887144, 31.792032764561384 ], [ 35.226601233641176, 31.791859696735685 ], [ 35.226930511901188, 31.791709311830029 ], [ 35.226919843173754, 31.792006923515025 ], [ 35.226876972689269, 31.792199274443664 ], [ 35.22679649626334, 31.792359495090938 ], [ 35.226705283584863, 31.79254270770236 ], [ 35.226635680957834, 31.792693766028549 ], [ 35.226549915744542, 31.792867806112895 ], [ 35.22646415126561, 31.793041844331 ], [ 35.226378228409899, 31.793224893758605 ], [ 35.226324627468976, 31.793412745453299 ], [ 35.226201424369364, 31.793696561361237 ], [ 35.226137118176887, 31.793907229972159 ], [ 35.22604591923777, 31.794186524820159 ], [ 35.225954401669725, 31.794541923764147 ], [ 35.22590080965071, 31.794729632749036 ], [ 35.22583105858201, 31.79496778102974 ], [ 35.225788200149609, 31.79518761166991 ], [ 35.225750784586367, 31.795448583043125 ], [ 35.225740087230911, 31.79565911035186 ], [ 35.225740111480185, 31.795823987737361 ], [ 35.22572398163863, 31.796080436736705 ], [ 35.225702572912816, 31.796400884018237 ], [ 35.225509536061296, 31.796414710891749 ], [ 35.225030182247522, 31.796445298871987 ], [ 35.224935513366837, 31.796575289787882 ], [ 35.224819657579047, 31.796674206928845 ], [ 35.224696590233464, 31.796779311343929 ], [ 35.224544539183611, 31.796902960440548 ], [ 35.224406977305549, 31.797032794617326 ], [ 35.224320094761325, 31.797131717506964 ], [ 35.224247704058001, 31.797255358559614 ], [ 35.224189788744695, 31.797366633879903 ], [ 35.224146348093981, 31.797459365841156 ], [ 35.224117399145051, 31.797583011707605 ], [ 35.224088461733508, 31.797706648545539 ], [ 35.224066743330404, 31.797817920383043 ], [ 35.224045037287965, 31.797935378878897 ], [ 35.224022872036556, 31.798087170697247 ], [ 35.223993926429173, 31.798247900438504 ], [ 35.223979454381521, 31.798371544902839 ], [ 35.223972227049629, 31.798501357314418 ], [ 35.223965007885539, 31.798612636784096 ], [ 35.223950537321969, 31.798748636529744 ], [ 35.223943305183241, 31.798841365020763 ], [ 35.223936090959867, 31.798983550747742 ], [ 35.223943342299158, 31.799131912769614 ], [ 35.223950616605897, 31.799360638285627 ], [ 35.22395788172075, 31.799533728914081 ], [ 35.223965146336376, 31.799694455229044 ], [ 35.223957925999322, 31.799879911507787 ], [ 35.223964050680785, 31.800044597024034 ], [ 35.223935106475714, 31.800205335720811 ], [ 35.223906158482791, 31.80035370108174 ], [ 35.223891695764038, 31.800471158831677 ], [ 35.223869966975755, 31.800582430588292 ], [ 35.223804831583656, 31.800736976907235 ], [ 35.223739668646097, 31.800842074985582 ], [ 35.223652785195142, 31.800959539310984 ], [ 35.223558666390304, 31.801064639921726 ], [ 35.22346453832828, 31.801182104767559 ], [ 35.223355928467932, 31.801268655552498 ], [ 35.223232839848301, 31.801349029869407 ], [ 35.223080777172214, 31.801454135183146 ], [ 35.222950446761992, 31.801559238459923 ], [ 35.222820104066621, 31.801651977297976 ], [ 35.222682526041389, 31.801732352299574 ], [ 35.2225159835304, 31.801831280494607 ], [ 35.222356684895864, 31.801930198867378 ], [ 35.222124969324646, 31.802072411364559 ], [ 35.221965669858967, 31.802171320226027 ], [ 35.221762916352191, 31.802282614539223 ], [ 35.221639825009746, 31.802362987303688 ], [ 35.221509489810103, 31.802449547145638 ], [ 35.221393632985198, 31.802542274418492 ], [ 35.221277775929792, 31.802635010603016 ], [ 35.221198128341392, 31.802715379790133 ], [ 35.221125713150251, 31.802783384110334 ], [ 35.220953974188845, 31.802910754823248 ], [ 35.220794671458705, 31.803003493583624 ], [ 35.220512263330313, 31.803164239506795 ], [ 35.220316752951561, 31.803294072962952 ], [ 35.220019864970979, 31.803467183023759 ], [ 35.219824351203371, 31.803572287116072 ], [ 35.219650556922296, 31.803671202957197 ], [ 35.219462284644372, 31.803763941758806 ], [ 35.219302976650596, 31.803813408098467 ], [ 35.219165388491973, 31.803856686372129 ], [ 35.219035037068984, 31.803912328401942 ], [ 35.218933660487018, 31.803961791100512 ], [ 35.218832283953923, 31.803998889417855 ], [ 35.218658487559814, 31.804079261957593 ], [ 35.21855710128419, 31.804116360055648 ], [ 35.218397791773356, 31.804190544841099 ], [ 35.218281928018129, 31.804258558695299 ], [ 35.218166064497488, 31.804332741065377 ], [ 35.218050209762666, 31.804382203748499 ], [ 35.217876412359686, 31.804468752856231 ], [ 35.217702615689269, 31.804555310743979 ], [ 35.217557783797439, 31.804641858131944 ], [ 35.217441930494836, 31.804728413155306 ], [ 35.217311578197098, 31.804827323948739 ], [ 35.217224680859111, 31.804889148982046 ], [ 35.217058124219399, 31.804938612796743 ], [ 35.216891574663883, 31.804944796839759 ], [ 35.216732252277325, 31.805006624252254 ], [ 35.21659466100585, 31.805025171143519 ], [ 35.216362935654338, 31.805062272043759 ], [ 35.216232578144329, 31.805080818299945 ], [ 35.21612395296544, 31.805099372752665 ], [ 35.215986361694874, 31.805124096625963 ], [ 35.215877738781273, 31.805148837526591 ], [ 35.215736451198346, 31.805173371852309 ], [ 35.215526435365454, 31.805210461585297 ], [ 35.215316431822025, 31.805241373331675 ], [ 35.215113661419565, 31.805284657875454 ], [ 35.215005035194189, 31.805284660417222 ], [ 35.214802264882827, 31.805303206851104 ], [ 35.214512600656562, 31.805321754651668 ], [ 35.214403975598643, 31.805327943338551 ], [ 35.214230171022443, 31.805327946392037 ], [ 35.214041888011792, 31.805327949432112 ], [ 35.213904295362404, 31.805327951477622 ], [ 35.213773937706016, 31.805327953278368 ], [ 35.213513240250613, 31.805321769821216 ], [ 35.213382881373541, 31.805309415942432 ], [ 35.213267022081638, 31.805297052777334 ], [ 35.213100462842668, 31.805272325625435 ], [ 35.212962869981872, 31.805241411399951 ], [ 35.212651471762307, 31.805204329302473 ], [ 35.212426977100563, 31.805198143453214 ], [ 35.212253172744283, 31.805185779509703 ], [ 35.212072134508794, 31.805179601986779 ], [ 35.211623145442374, 31.8051610502093 ], [ 35.211318994367552, 31.805154871113444 ], [ 35.21101484107929, 31.805161046570319 ], [ 35.210667232175069, 31.805185771781503 ], [ 35.210261698860698, 31.805210495229012 ], [ 35.210066170794981, 31.805247585178524 ], [ 35.209899610899861, 31.805290852966657 ], [ 35.209660634633515, 31.805365034433624 ], [ 35.209486827742595, 31.805445394435012 ], [ 35.209285986765586, 31.805523237459468 ], [ 35.209061498246832, 31.805603595755464 ], [ 35.208931135582219, 31.805708684611684 ], [ 35.208800784894414, 31.805795222378787 ], [ 35.208641464618147, 31.805900310185812 ], [ 35.20840247154333, 31.806067216995583 ], [ 35.208105552478571, 31.806265018768379 ], [ 35.207902772305665, 31.806401019526568 ], [ 35.207591363708488, 31.806561735746349 ], [ 35.207156842955612, 31.806827538493991 ], [ 35.206881647672816, 31.806926432890332 ], [ 35.206765773128787, 31.806975885282839 ], [ 35.206439879593809, 31.807192232879046 ], [ 35.206077768889671, 31.807420942224269 ], [ 35.205867739790975, 31.807538388424607 ], [ 35.205607026502584, 31.807692924587776 ], [ 35.205302844786672, 31.807853635543271 ], [ 35.205034886256122, 31.807977254900806 ], [ 35.204875565648855, 31.80798342361998 ], [ 35.204708997860301, 31.808020506960283 ], [ 35.204549675652203, 31.808045226219068 ], [ 35.204310692698769, 31.808076118077857 ], [ 35.204129635088577, 31.808113199774258 ], [ 35.204013759745919, 31.808137921068138 ], [ 35.203854436015881, 31.808187368040105 ], [ 35.203579233825536, 31.808267713346588 ], [ 35.203325758075579, 31.808335695261448 ], [ 35.203088416571639, 31.808417025113837 ], [ 35.202813215506062, 31.808472640178579 ], [ 35.202436619103111, 31.808540620316258 ], [ 35.202255568436634, 31.808596241272234 ], [ 35.202052783282632, 31.808651860259932 ], [ 35.201683440227768, 31.80872600735621 ], [ 35.201263392322964, 31.808812522390479 ], [ 35.200915763432057, 31.808868127174094 ], [ 35.200582620617794, 31.80894846089797 ], [ 35.200046702089658, 31.809072045247486 ], [ 35.19964837326566, 31.809170921288686 ], [ 35.199293506326164, 31.809245062857027 ], [ 35.199025533908369, 31.809306857105234 ], [ 35.198583753420372, 31.809418080618361 ], [ 35.198185432245303, 31.80952312971208 ], [ 35.19746119213746, 31.809720868201595 ], [ 35.197207713815608, 31.809745567415494 ], [ 35.197048377088592, 31.809764099641434 ], [ 35.196758694413383, 31.809794971315618 ], [ 35.196420182829918, 31.809794037294044 ], [ 35.196159460242932, 31.809812555893689 ], [ 35.195898739708916, 31.809818700652482 ], [ 35.195464221132113, 31.809800102750316 ], [ 35.195145578006411, 31.809781509815103 ], [ 35.194631389922236, 31.80975053415731 ], [ 35.193393012028316, 31.809676181665303 ], [ 35.192965728896766, 31.809657567277903 ], [ 35.192589144019664, 31.809663687806992 ], [ 35.192060476724912, 31.809645063834989 ], [ 35.191662166852673, 31.809607907701359 ], [ 35.191524575019535, 31.809570792690078 ], [ 35.191242135092395, 31.809558391496697 ], [ 35.190858311329599, 31.809539777142319 ], [ 35.190568626762833, 31.809527364228064 ], [ 35.190278952834497, 31.8095149506564 ], [ 35.189837191556627, 31.809502518959139 ], [ 35.18956923414666, 31.809477743276265 ], [ 35.189158003947369, 31.809464827621497 ], [ 35.188955221853057, 31.809464790943963 ], [ 35.188593124394131, 31.809439996069248 ], [ 35.18816584171612, 31.809427561242444 ], [ 35.187941341693062, 31.809408967924938 ], [ 35.187782032057349, 31.809359480458205 ], [ 35.187514105800659, 31.80926052373739 ], [ 35.187086849062908, 31.809155348613267 ], [ 35.186703046389944, 31.809068722649481 ], [ 35.186246822224938, 31.808969725579239 ], [ 35.18584853862059, 31.80889545838745 ], [ 35.185450240486851, 31.808833563254417 ], [ 35.185138844068454, 31.808790227222936 ], [ 35.184914348000845, 31.808765450930725 ], [ 35.184704337933859, 31.808753041649023 ], [ 35.184494315526294, 31.808746809654064 ], [ 35.184233613337653, 31.808734388600204 ], [ 35.184088783928082, 31.808691086328409 ], [ 35.183951190044532, 31.808678691707499 ], [ 35.183712214776286, 31.808660096749058 ], [ 35.183321154256774, 31.808629093764061 ], [ 35.183091744240322, 31.808617191488917 ], [ 35.182954146719901, 31.808617160079844 ], [ 35.182729652709973, 31.8085923799349 ], [ 35.182519646207815, 31.808567602759176 ], [ 35.18225894322314, 31.808530458098261 ], [ 35.181911357716046, 31.808450003796796 ], [ 35.181505839144229, 31.808363366026256 ], [ 35.181223420672822, 31.808301476425836 ], [ 35.180868584936007, 31.808245755117795 ], [ 35.180173387238611, 31.808152855089734 ], [ 35.179934413166336, 31.808103346819863 ], [ 35.179536125325058, 31.808066152744033 ], [ 35.179326110237241, 31.808047547932812 ], [ 35.179014711653721, 31.80802273884435 ], [ 35.17865263137702, 31.807973196130906 ], [ 35.17842815287279, 31.807942230766198 ], [ 35.178192712417932, 31.807905490281414 ], [ 35.178084083737922, 31.807880732733917 ], [ 35.177859587194774, 31.807868308289756 ], [ 35.177569921388127, 31.807849679143832 ], [ 35.177236795571524, 31.807843410760508 ], [ 35.176990567650492, 31.807849520761884 ], [ 35.176585010277151, 31.807855594977958 ], [ 35.176244632612693, 31.8078925924871 ], [ 35.176070823243265, 31.807892543438932 ], [ 35.175911497103726, 31.807911031178904 ], [ 35.175621801566308, 31.807941863775874 ], [ 35.175419031978905, 31.807947992194986 ], [ 35.175187284616214, 31.807954102877599 ], [ 35.174846911772015, 31.807947826139642 ], [ 35.174325478830944, 31.80798476543006 ], [ 35.174129943211994, 31.807990884922514 ], [ 35.174021312345488, 31.807997039145395 ], [ 35.173804040380418, 31.808034057855153 ], [ 35.173557789393769, 31.808071076445902 ], [ 35.173304325179132, 31.808108092362943 ], [ 35.172985650354924, 31.808138901109913 ], [ 35.172688720032568, 31.808169724807961 ], [ 35.172543862666309, 31.808206763753326 ], [ 35.172414645944293, 31.808255741518845 ], [ 35.173328364129162, 31.808223417662585 ], [ 35.176400394223926, 31.807910256483293 ], [ 35.182343747464067, 31.808947389897554 ], [ 35.184338294210733, 31.809075903044732 ], [ 35.187619036511421, 31.809619755851614 ], [ 35.187614012680427, 31.809695780380757 ], [ 35.187606008580048, 31.809771605930038 ], [ 35.187595035839166, 31.809847160353542 ], [ 35.187581096581646, 31.809922372405222 ], [ 35.187564221459056, 31.809997122144686 ], [ 35.187544431600472, 31.810071357267873 ], [ 35.187521737583637, 31.81014498939475 ], [ 35.187496171109608, 31.810217926541739 ], [ 35.1874677638747, 31.810290095663873 ], [ 35.18743652751413, 31.810361406577076 ], [ 35.187402522238806, 31.810431789848948 ], [ 35.187365773412637, 31.810501160708839 ], [ 35.187326330688684, 31.810569440703638 ], [ 35.187284226821092, 31.810636557689648 ], [ 35.18723951358016, 31.810702417882592 ], [ 35.18719224589298, 31.810766972590869 ], [ 35.187142475526066, 31.810830146066916 ], [ 35.187122329739672, 31.810851470737841 ], [ 35.187103059308441, 31.810873362837381 ], [ 35.187084679019634, 31.810895816957753 ], [ 35.187067193111417, 31.810918783498746 ], [ 35.187050638552726, 31.810942245332921 ], [ 35.187035022743359, 31.810966178112309 ], [ 35.187020376321819, 31.810990542162166 ], [ 35.187006704570955, 31.811015331170911 ], [ 35.186994034965174, 31.811040490131798 ], [ 35.18698236856126, 31.81106601904531 ], [ 35.186971727555395, 31.811091854786952 ], [ 35.186962128846162, 31.811117997360366 ], [ 35.186953578783253, 31.811144401674802 ], [ 35.186946074208656, 31.811171032557937 ], [ 35.18693964470009, 31.811197869273347 ], [ 35.186934294489504, 31.811224887472246 ], [ 35.186930020424363, 31.811252032141674 ], [ 35.186926834128016, 31.811279284345247 ], [ 35.186924735608002, 31.811306619733251 ], [ 35.186923722763325, 31.811334000427919 ], [ 35.186923811444764, 31.81136139667149 ], [ 35.186924986878644, 31.811388767878107 ], [ 35.186927251183022, 31.811416096011232 ], [ 35.186930611760296, 31.811443349507712 ], [ 35.186935040109603, 31.81147047876042 ], [ 35.186940556304002, 31.811497462128955 ], [ 35.18694715084839, 31.811524266243044 ], [ 35.18695481001896, 31.811550873062956 ], [ 35.186963527492338, 31.811577236593156 ], [ 35.186991352952056, 31.81177702583383 ], [ 35.186994187336516, 31.811805298307384 ], [ 35.186995880030871, 31.811833654427243 ], [ 35.186996432111151, 31.811862016635143 ], [ 35.186995833011672, 31.811890397554752 ], [ 35.186994093307504, 31.811918742175692 ], [ 35.18699121406344, 31.811947014424305 ], [ 35.186987192115232, 31.811975195361249 ], [ 35.186982031702414, 31.812003225465443 ], [ 35.186975749723459, 31.812031099329079 ], [ 35.186968349357244, 31.812058774565926 ], [ 35.186959829558404, 31.812086207887042 ], [ 35.186950232576677, 31.812113378558145 ], [ 35.186939516177873, 31.812140243282141 ], [ 35.18692773422918, 31.81216678132698 ], [ 35.186914895190142, 31.812192951209191 ], [ 35.18690099906339, 31.812218740302669 ], [ 35.186886069096758, 31.812244098108348 ], [ 35.186870135922945, 31.812269003889597 ], [ 35.186853200607082, 31.812293422474269 ], [ 35.186420431362976, 31.812898932409784 ], [ 35.186414131819674, 31.812913109030372 ], [ 35.186407286307706, 31.81292708533114 ], [ 35.186399877927691, 31.81294086491592 ], [ 35.186391932037672, 31.812954408108624 ], [ 35.186383469754233, 31.812967736557638 ], [ 35.186374466801787, 31.812980793441852 ], [ 35.186364969644941, 31.81299359770918 ], [ 35.186354963507654, 31.813006113282835 ], [ 35.186344471624828, 31.813018340167346 ], [ 35.18633350561938, 31.813030258524403 ], [ 35.186322077114994, 31.813041845810154 ], [ 35.186310192446683, 31.813053108338629 ], [ 35.186297872745165, 31.813064017254955 ], [ 35.186285134910143, 31.813074567151439 ], [ 35.186271982115791, 31.813084737286129 ], [ 35.186258429145312, 31.81309453758222 ], [ 35.186244507693146, 31.813103931070383 ], [ 35.186230215646603, 31.813112919553767 ], [ 35.18621558469291, 31.813121492216574 ], [ 35.186200606384816, 31.813129642744038 ], [ 35.186185332478985, 31.813137350404183 ], [ 35.186169764031469, 31.813144616098921 ], [ 35.186153920052881, 31.813151439832072 ], [ 35.186137801606584, 31.81315779635208 ], [ 35.186121439322591, 31.813163679352193 ], [ 35.186097314488798, 31.813169312758756 ], [ 35.186073435540784, 31.813175629808732 ], [ 35.1860498066996, 31.813182641325284 ], [ 35.186026474437639, 31.813190337397767 ], [ 35.186003469389831, 31.813198691879148 ], [ 35.185980804226155, 31.813207716496162 ], [ 35.185958515917662, 31.813217387808635 ], [ 35.185936607633707, 31.813227701308197 ], [ 35.185915134296749, 31.813238644380498 ], [ 35.185894112811347, 31.8132501935813 ], [ 35.185873547400547, 31.813262353420917 ], [ 35.185853486652412, 31.813275103167172 ], [ 35.185833944303724, 31.813288417571478 ], [ 35.185814941475073, 31.813302303853181 ], [ 35.18579648557138, 31.813316719627416 ], [ 35.185778632566972, 31.813331668513317 ], [ 35.185761369795813, 31.813347123453205 ], [ 35.18574474161916, 31.813363072732557 ], [ 35.185728749100129, 31.813379492001989 ], [ 35.18571341865001, 31.813396354211928 ], [ 35.185698765053402, 31.813413664776757 ], [ 35.185684818949582, 31.813431384923739 ], [ 35.18567156978429, 31.81344949030111 ], [ 35.185659050296884, 31.813467985425124 ], [ 35.185647278458504, 31.813486812581708 ], [ 35.185636247926425, 31.813505993413987 ], [ 35.185625995684767, 31.813525462095239 ], [ 35.185616518562625, 31.813545228545337 ], [ 35.185547669542181, 31.813689770782286 ], [ 35.185541919902015, 31.813700817172126 ], [ 35.185535717228895, 31.813711673178137 ], [ 35.185529081588633, 31.813722341509987 ], [ 35.185522011928676, 31.813732809541541 ], [ 35.185514523039018, 31.813743062846324 ], [ 35.185506619150111, 31.813753080682751 ], [ 35.185498293924987, 31.813762863049405 ], [ 35.185489599122214, 31.813772383803535 ], [ 35.185480504110167, 31.813781654662634 ], [ 35.185471049033957, 31.813790635052069 ], [ 35.185461233890479, 31.813799335793881 ], [ 35.185451050238044, 31.813807730732695 ], [ 35.185440540323533, 31.813815816269951 ], [ 35.185429712597397, 31.813823587898074 ], [ 35.185418568118699, 31.813831035696943 ], [ 35.185407126957344, 31.813838148848568 ], [ 35.185395401792057, 31.813844910220478 ], [ 35.185383413743786, 31.813851327031784 ], [ 35.185371159652973, 31.813857368619033 ], [ 35.185358662748719, 31.813863056631316 ], [ 35.185345955781756, 31.813868355903505 ], [ 35.18533302924407, 31.813873276353817 ], [ 35.185319921156527, 31.813877819793859 ], [ 35.185306623076059, 31.81388196547945 ], [ 35.185293166689299, 31.813885706202402 ], [ 35.185251961204038, 31.813900063897734 ], [ 35.185211338357583, 31.813915601314552 ], [ 35.185171367850174, 31.813932332897622 ], [ 35.185132084545579, 31.813950217170152 ], [ 35.185093563428914, 31.813969255050459 ], [ 35.185055797121393, 31.81398939423072 ], [ 35.185018890181084, 31.814010633831987 ], [ 35.184982848952053, 31.814032946801042 ], [ 35.184947725195229, 31.814056297977732 ], [ 35.184913561164784, 31.814080657610937 ], [ 35.184880389608125, 31.814106001358684 ], [ 35.184848244329736, 31.814132302173636 ], [ 35.184817197153471, 31.814159540231348 ], [ 35.184787256544475, 31.814187661423816 ], [ 35.184758447855032, 31.814216650425891 ], [ 35.18473083024444, 31.814246457649659 ], [ 35.184704418508005, 31.814277053338209 ], [ 35.184679261236411, 31.814308413152919 ], [ 35.184661131097485, 31.814327112588604 ], [ 35.184643742211946, 31.814346346073016 ], [ 35.184627135789619, 31.814366046878863 ], [ 35.184611307605095, 31.81438621861292 ], [ 35.184596292515138, 31.81440684955907 ], [ 35.184582103206999, 31.814427895529924 ], [ 35.184568746025697, 31.814449330373701 ], [ 35.184556245264247, 31.814471150488522 ], [ 35.184544621001805, 31.814493316197858 ], [ 35.184533883809216, 31.814515797743386 ], [ 35.184524034746389, 31.814538584303413 ], [ 35.184515102342623, 31.814561633497657 ], [ 35.184507080264289, 31.814584936306542 ], [ 35.184499974860479, 31.814608453952289 ], [ 35.184493822050726, 31.814632153976454 ], [ 35.184488605997153, 31.814656023749947 ], [ 35.184484322483115, 31.814680038922198 ], [ 35.184481009544555, 31.814704153507481 ], [ 35.18447865767925, 31.814728359387207 ], [ 35.18447724683223, 31.814752618679677 ], [ 35.184476806587618, 31.814776894415733 ], [ 35.184477326388638, 31.814801173065419 ], [ 35.184478797796167, 31.81482542306237 ], [ 35.184481241938101, 31.814849630883483 ], [ 35.184484645102899, 31.814873737004028 ], [ 35.184488979835152, 31.814897727890344 ], [ 35.184494273599483, 31.814921590922452 ], [ 35.184500509510627, 31.814945283709946 ], [ 35.184507906140126, 31.814965433404296 ], [ 35.184514502143472, 31.814985787643284 ], [ 35.184520252111483, 31.815006325674794 ], [ 35.184525188794211, 31.815027015039707 ], [ 35.184529268893712, 31.815047838593642 ], [ 35.184532526213729, 31.815068771994259 ], [ 35.184534928024, 31.815089777357066 ], [ 35.184536484883701, 31.815110860997329 ], [ 35.184537197865815, 31.815131964295436 ], [ 35.184537053245279, 31.815153068309773 ], [ 35.184536054190801, 31.815174170335432 ], [ 35.184534211275739, 31.815195228889884 ], [ 35.184531522396284, 31.815216213309956 ], [ 35.184527988609645, 31.815237118184744 ], [ 35.184523620491078, 31.815257895718773 ], [ 35.184518406427337, 31.815278528774428 ], [ 35.184512370712838, 31.815299006534701 ], [ 35.184505510187954, 31.815319297434279 ], [ 35.184497845984566, 31.815339370814918 ], [ 35.184489369660675, 31.815359200521204 ], [ 35.184480091779868, 31.815378778438653 ], [ 35.184470040867012, 31.815398074812403 ], [ 35.184459231717653, 31.815417057179193 ], [ 35.18448328260984, 31.815545168392291 ], [ 35.184503197460423, 31.815673811691838 ], [ 35.184518947771366, 31.815802868030204 ], [ 35.184525495132043, 31.815809400599555 ], [ 35.184531787898948, 31.815816128813552 ], [ 35.184537784885755, 31.815823038233813 ], [ 35.184543506159642, 31.8158301288647 ], [ 35.184548932718123, 31.815837371843145 ], [ 35.184554042375957, 31.815844786103106 ], [ 35.184558866826492, 31.815852343694335 ], [ 35.184563375442636, 31.815860038297327 ], [ 35.184567553438761, 31.815867867203377 ], [ 35.184571416662692, 31.815875812379076 ], [ 35.184574964062996, 31.815883857591047 ], [ 35.184578161837123, 31.815892019967048 ], [ 35.184581031119052, 31.815900263437896 ], [ 35.184583564512586, 31.815908597922331 ], [ 35.184585738787796, 31.815917003574771 ], [ 35.184587582466222, 31.815925463266382 ], [ 35.184589079710598, 31.815933958956865 ], [ 35.184590218894932, 31.815942517699028 ], [ 35.184591020099994, 31.815951093503212 ], [ 35.184591460089415, 31.815959688168093 ], [ 35.184591552598647, 31.815968283659757 ], [ 35.184591276499624, 31.815976895304978 ], [ 35.184590671939297, 31.815985480725782 ], [ 35.184589707233009, 31.815994038111612 ], [ 35.18458838449218, 31.816002570168507 ], [ 35.18458672379009, 31.816011056158317 ], [ 35.184584715623544, 31.816019487962432 ], [ 35.184582347323442, 31.816027848443071 ], [ 35.184579661134698, 31.816036143922183 ], [ 35.184576616929661, 31.816044350943208 ], [ 35.184573254846235, 31.816052457790814 ], [ 35.184569555873267, 31.816060464460865 ], [ 35.184565531635762, 31.81606834660607 ], [ 35.184561188468827, 31.816076110540667 ], [ 35.184556528490084, 31.816083738228198 ], [ 35.184551562263096, 31.816091223358022 ], [ 35.184546289791228, 31.816098554206171 ], [ 35.184540721636232, 31.816105730774794 ], [ 35.184534867311044, 31.816112727814382 ], [ 35.184528719422715, 31.816119544421458 ], [ 35.184522294869979, 31.81612618059955 ], [ 35.184515619006028, 31.816132619219161 ], [ 35.184508667542637, 31.81613884764916 ], [ 35.184501482725103, 31.816144871309685 ], [ 35.184494034984326, 31.816150677568547 ], [ 35.18448063852189, 31.816164788516726 ], [ 35.184467822837334, 31.816179279265629 ], [ 35.184455587939674, 31.816194120054597 ], [ 35.184443944384292, 31.816209332530288 ], [ 35.18443291331176, 31.816224859881366 ], [ 35.184422505286392, 31.816240693993652 ], [ 35.184412753050083, 31.816256833972577 ], [ 35.184403622818408, 31.816273236522466 ], [ 35.184395167400339, 31.816289901654912 ], [ 35.184387379411795, 31.816306799607613 ], [ 35.184380254635691, 31.816323906029989 ], [ 35.184373838488099, 31.816341220030228 ], [ 35.184368097179586, 31.816358715447578 ], [ 35.184363056070275, 31.816376353508385 ], [ 35.184358729946474, 31.81639413601965 ], [ 35.184355101919756, 31.816412029609531 ], [ 35.184352201567677, 31.816430019855076 ], [ 35.184350011998887, 31.816448083304667 ], [ 35.184348548003243, 31.816466210041305 ], [ 35.184347793752202, 31.816484354067562 ], [ 35.184347776706034, 31.816502518094975 ], [ 35.184348479977622, 31.8165206642424 ], [ 35.184349899345918, 31.816538781686788 ], [ 35.184352039040363, 31.816556855999533 ], [ 35.184354546463332, 31.816577869500428 ], [ 35.184356238496939, 31.816598954971081 ], [ 35.184357108817267, 31.816620066416139 ], [ 35.184357177493318, 31.816641196625216 ], [ 35.184356410737891, 31.816662308615378 ], [ 35.184354830730143, 31.816683402391451 ], [ 35.18435242692393, 31.816704423840463 ], [ 35.184349219386071, 31.81672537296679 ], [ 35.184345211295359, 31.816746213697257 ], [ 35.184340388923637, 31.816766937010446 ], [ 35.184334763899145, 31.816787506834999 ], [ 35.184328347841756, 31.816807915056764 ], [ 35.184321149209083, 31.81682813281849 ], [ 35.184313168011691, 31.816848123144464 ], [ 35.184304416921989, 31.81686789054649 ], [ 35.184294906512946, 31.816887396247502 ], [ 35.183610208932677, 31.818391402471846 ], [ 35.183583392066723, 31.818456753052942 ], [ 35.183554032084871, 31.8185212904969 ], [ 35.183522145900369, 31.818584954382356 ], [ 35.183487790569892, 31.818647659946933 ], [ 35.183450983001777, 31.818709364805876 ], [ 35.18341177920199, 31.818769968865087 ], [ 35.183370219319386, 31.818829418922682 ], [ 35.183326339282033, 31.818887650051753 ], [ 35.183280207762955, 31.81894459011809 ], [ 35.183231857524149, 31.819000168782861 ], [ 35.183181364624588, 31.819054340968769 ], [ 35.183128760769257, 31.819107041747699 ], [ 35.182162769480925, 31.82007680381486 ], [ 35.182139978371843, 31.82009989375371 ], [ 35.182118097503555, 31.820123626014908 ], [ 35.182097154347581, 31.820147970844605 ], [ 35.182077183767618, 31.820172902999815 ], [ 35.182058206898361, 31.820198391823389 ], [ 35.18204023008753, 31.820224406654553 ], [ 35.182023292422741, 31.820250925858694 ], [ 35.182007397087332, 31.820277906148597 ], [ 35.181992558875763, 31.820305326785668 ], [ 35.181978820048386, 31.820333154412129 ], [ 35.181966176386979, 31.82036137099044 ], [ 35.181954644813267, 31.820389910690434 ], [ 35.18194423166171, 31.820418785237813 ], [ 35.181934959134651, 31.820447930607269 ], [ 35.181926848363119, 31.820477329669089 ], [ 35.181919879292806, 31.820506942737552 ], [ 35.181907154250688, 31.820528693977636 ], [ 35.181895326874844, 31.820550804362785 ], [ 35.181884378165535, 31.820573237815022 ], [ 35.181874357770134, 31.820595980818698 ], [ 35.181865245624827, 31.820619021645314 ], [ 35.181857062872865, 31.820642304385785 ], [ 35.181849820082114, 31.820665813711539 ], [ 35.181843538386836, 31.820689521670577 ], [ 35.181838196675308, 31.820713391282471 ], [ 35.181833817130673, 31.820737417141533 ], [ 35.181830417723027, 31.820761557767391 ], [ 35.181827980513468, 31.820785763554483 ], [ 35.181826526622231, 31.820810049839199 ], [ 35.181826052901727, 31.820834354393675 ], [ 35.181826541402735, 31.820858659176789 ], [ 35.181828013259405, 31.820882937138276 ], [ 35.181830454750632, 31.820907160317706 ], [ 35.181833868003444, 31.820931286328943 ], [ 35.181838257244401, 31.82095531246733 ], [ 35.181843602423264, 31.820979185519295 ], [ 35.181849910940208, 31.82100288744963 ], [ 35.18185716167784, 31.821026398412624 ], [ 35.181865359933845, 31.821049669709883 ], [ 35.181874478245753, 31.821072704942054 ], [ 35.181884516631506, 31.821095450900199 ], [ 35.181895469815792, 31.821117891349711 ], [ 35.181907313517677, 31.821139990210877 ], [ 35.1819200466852, 31.821161735759244 ], [ 35.181933632364618, 31.821183085599209 ], [ 35.18194808640007, 31.821204038832327 ], [ 35.181963363388405, 31.821224551257373 ], [ 35.181979452771451, 31.821244611147531 ], [ 35.181996336607341, 31.821264176111665 ], [ 35.182014000111991, 31.821283237127517 ], [ 35.182032424279853, 31.821301774349735 ], [ 35.182051580604231, 31.821319752599443 ], [ 35.182071451129268, 31.821337171872045 ], [ 35.182087301768149, 31.821347673059439 ], [ 35.182102742444442, 31.821358633186296 ], [ 35.182117715064933, 31.821370054042806 ], [ 35.182132202736042, 31.821381916686374 ], [ 35.18214620441001, 31.821394194963553 ], [ 35.182159700019014, 31.821406887066043 ], [ 35.182172654713149, 31.821419974948999 ], [ 35.182185071669508, 31.82143343245982 ], [ 35.18219694983086, 31.821447262304034 ], [ 35.182208235342358, 31.821461423886173 ], [ 35.18221894298815, 31.821475926228249 ], [ 35.182229055881187, 31.821490729645408 ], [ 35.182238558179449, 31.821505828723016 ], [ 35.182247423485649, 31.821521196399743 ], [ 35.18225566975724, 31.821536827268847 ], [ 35.182263270597119, 31.821552693367146 ], [ 35.182270214392815, 31.821568774851492 ], [ 35.182276503264902, 31.821585045569023 ], [ 35.182282118200845, 31.821601505515428 ], [ 35.182287064493089, 31.821618118618282 ], [ 35.182291328416049, 31.821634866837599 ], [ 35.182294902581795, 31.821651731233032 ], [ 35.182297791222716, 31.821668687455869 ], [ 35.182299983779863, 31.821685723779719 ], [ 35.182301478145895, 31.821702823069128 ], [ 35.182302275391123, 31.8217199402322 ], [ 35.182302374458651, 31.821737076170585 ], [ 35.18230175739582, 31.821754219156094 ], [ 35.182300462242964, 31.821771318694427 ], [ 35.182298450976361, 31.821788371169276 ], [ 35.182295761627635, 31.821805353141649 ], [ 35.18229237519116, 31.821822242962778 ], [ 35.182288294836965, 31.821839035222325 ], [ 35.182283536423618, 31.821855682126252 ], [ 35.182278099951063, 31.821872182772619 ], [ 35.182271991766527, 31.821888505598391 ], [ 35.182271546705117, 31.821889704945054 ], [ 35.182271144943648, 31.821890922338724 ], [ 35.182270797044502, 31.821892157781853 ], [ 35.182270500903883, 31.821893384218654 ], [ 35.182270245947834, 31.821894637720405 ], [ 35.182270044859621, 31.821895892136617 ], [ 35.18226990820218, 31.821897145666089 ], [ 35.182269802175931, 31.821898398300885 ], [ 35.182269758461892, 31.821899668987115 ], [ 35.182269769674548, 31.82190093247149 ], [ 35.182269832643136, 31.821902195066123 ], [ 35.182269948423333, 31.821903458574965 ], [ 35.182270105399979, 31.821904712173222 ], [ 35.18227031730158, 31.821905963980633 ], [ 35.182270580964072, 31.821907199567022 ], [ 35.182270897435266, 31.821908445086013 ], [ 35.182271265671105, 31.82190966266004 ], [ 35.182271677215603, 31.82191087122575 ], [ 35.182272141572007, 31.821912079803845 ], [ 35.182272657692778, 31.821913261338779 ], [ 35.182273218178445, 31.821914433865658 ], [ 35.182273830428464, 31.821915579349373 ], [ 35.182274495493594, 31.821916714925202 ], [ 35.182275192254011, 31.821917825256858 ], [ 35.182275941832401, 31.821918916662149 ], [ 35.182276733668729, 31.821919981923923 ], [ 35.182277568817206, 31.821921027355287 ], [ 35.182278444111155, 31.821922046642584 ], [ 35.182279362719278, 31.821923039786576 ], [ 35.182280313026723, 31.821923995060629 ], [ 35.182281316151602, 31.821924933211999 ], [ 35.182282352031457, 31.821925835297328 ], [ 35.182283417497587, 31.821926701315871 ], [ 35.18228452733414, 31.821927541191318 ], [ 35.182285678373553, 31.821928351315609 ], [ 35.182286838932441, 31.82192911995736 ], [ 35.182288042806675, 31.821929858848417 ], [ 35.182294763778785, 31.821952488558722 ], [ 35.182300576328487, 31.821975306541152 ], [ 35.18230544877666, 31.821998285733162 ], [ 35.182309403317511, 31.822021382851574 ], [ 35.182312435728342, 31.822044588877073 ], [ 35.182314531233246, 31.822067865928876 ], [ 35.182315696177376, 31.822091187855076 ], [ 35.182315910494339, 31.822114545632527 ], [ 35.182315195328776, 31.822137875235395 ], [ 35.182313541172945, 31.822161179366969 ], [ 35.182310955429685, 31.822184427366256 ], [ 35.182307431774149, 31.82220757774699 ], [ 35.182302977606007, 31.822230609768418 ], [ 35.182297603493055, 31.822253504494249 ], [ 35.182291322119987, 31.822276229460968 ], [ 35.182284120819965, 31.822298757610174 ], [ 35.182276023896037, 31.822321057382965 ], [ 35.182267028186175, 31.822343106232321 ], [ 35.182260925744544, 31.822436761168451 ], [ 35.182258582428503, 31.822530534223365 ], [ 35.182260008846974, 31.822624316276787 ], [ 35.182265197648952, 31.822718009927879 ], [ 35.182274135152568, 31.822811497031605 ], [ 35.182300952767463, 31.822878952121407 ], [ 35.182325087316102, 31.822947127149806 ], [ 35.182346484937916, 31.82301597971917 ], [ 35.182365147772707, 31.823085407021228 ], [ 35.182381043092548, 31.823155341411386 ], [ 35.182394140290384, 31.823225688190021 ], [ 35.182404437270037, 31.823296377013794 ], [ 35.18241192454515, 31.823367325813475 ], [ 35.182416581012511, 31.823438446204037 ], [ 35.182418416198161, 31.823509656120365 ], [ 35.18241741216233, 31.823580883410944 ], [ 35.18241358688369, 31.823652037895698 ], [ 35.182409250015127, 31.823803564465575 ], [ 35.182405726512016, 31.823819517238046 ], [ 35.182402849409549, 31.823835561247261 ], [ 35.182400604983016, 31.823851676649443 ], [ 35.182399004854751, 31.823867853527119 ], [ 35.182398037413463, 31.82388406933152 ], [ 35.182397726962996, 31.823900294307563 ], [ 35.182398058716629, 31.82391652664807 ], [ 35.182399035854125, 31.823932732985618 ], [ 35.182400646760144, 31.823948903397262 ], [ 35.182402913625168, 31.823965010832808 ], [ 35.182405813211474, 31.823981056188678 ], [ 35.182409346585459, 31.823997008802447 ], [ 35.182413523263314, 31.824012838915465 ], [ 35.18241831366916, 31.824028549226295 ], [ 35.182423728376563, 31.8240441063692 ], [ 35.182429764222228, 31.824059494110156 ], [ 35.182436403253696, 31.824074700720953 ], [ 35.182443657095313, 31.824089709971044 ], [ 35.182451488787635, 31.824104492090935 ], [ 35.182459902554768, 31.824119050688839 ], [ 35.182468897353345, 31.824133346083347 ], [ 35.182478451003767, 31.824147372858132 ], [ 35.182488554001239, 31.824161126501672 ], [ 35.182499208468236, 31.824174576351641 ], [ 35.182510380611646, 31.824187699853994 ], [ 35.1825220778274, 31.824200490697461 ], [ 35.182534274765004, 31.824212949777799 ], [ 35.182546956646853, 31.824225045526969 ], [ 35.18256010446742, 31.824236755394402 ], [ 35.182573716112152, 31.8242480856923 ], [ 35.182952242301475, 31.824641511467462 ], [ 35.183886873682098, 31.825746152336315 ], [ 35.183895342125133, 31.825755813844442 ], [ 35.183904212025482, 31.825765249980314 ], [ 35.183913450657897, 31.825774396705814 ], [ 35.183923039001129, 31.82578328107191 ], [ 35.183932977062575, 31.825791878728822 ], [ 35.183943273296322, 31.825800177052511 ], [ 35.18395387594645, 31.825808169718545 ], [ 35.183964794519774, 31.82581585582713 ], [ 35.183976021625, 31.825823226358125 ], [ 35.183987522412693, 31.825830255150315 ], [ 35.183999318008958, 31.825836940404656 ], [ 35.184011357711917, 31.825843283011675 ], [ 35.184023640468212, 31.825849273050853 ], [ 35.184036166282347, 31.82585489519073 ], [ 35.184048914024224, 31.825860163856131 ], [ 35.18406185201534, 31.825865045671801 ], [ 35.184074979197078, 31.825869547852228 ], [ 35.184088288174244, 31.82587367400307 ], [ 35.184101755715545, 31.825877400671285 ], [ 35.184115349074972, 31.825880731456966 ], [ 35.184129079869024, 31.82588367447925 ], [ 35.184142915360646, 31.825886203577447 ], [ 35.184156847094499, 31.82588833498281 ], [ 35.184170852891192, 31.825890059672076 ], [ 35.184184922186887, 31.825891380348377 ], [ 35.184199034915821, 31.825892284381574 ], [ 35.184213177345036, 31.825892775375959 ], [ 35.184227332571943, 31.825892859640696 ], [ 35.184241475245258, 31.825892538072157 ], [ 35.184255587416637, 31.825891781807403 ], [ 35.184696273842903, 31.825906884956606 ], [ 35.185136145598186, 31.825934341645688 ], [ 35.18557471380079, 31.825974141860939 ], [ 35.1860115149275, 31.826026241330418 ], [ 35.186446052709883, 31.826090585861564 ], [ 35.186877905881772, 31.826167084307773 ], [ 35.187306564433449, 31.826255684289826 ], [ 35.187731577519088, 31.826356268513809 ], [ 35.187758616608129, 31.826363506458708 ], [ 35.187785359730356, 31.826371546980852 ], [ 35.187811764639775, 31.826380371133713 ], [ 35.187837790145949, 31.826389962676483 ], [ 35.187863411954993, 31.826400320702948 ], [ 35.18788860261305, 31.826411410036268 ], [ 35.18791333781958, 31.826423255021844 ], [ 35.187937564773911, 31.826435804244852 ], [ 35.187961285586631, 31.826449066724457 ], [ 35.187984458014213, 31.826463012692138 ], [ 35.188007036635739, 31.826477644845113 ], [ 35.188029025686177, 31.826492926208974 ], [ 35.188050390312583, 31.826508839642436 ], [ 35.188071077700997, 31.826525383332186 ], [ 35.188091101594701, 31.826542513090796 ], [ 35.188110416575739, 31.826560218989854 ], [ 35.188129012080722, 31.826578502831318 ], [ 35.188146858549665, 31.826597301481002 ], [ 35.188163934852433, 31.826616631168395 ], [ 35.188180216708041, 31.826636437778745 ], [ 35.1881956872149, 31.826656724014661 ], [ 35.194504434827742, 31.826804191951553 ], [ 35.196190753713843, 31.826385011991192 ], [ 35.197864281806147, 31.825930015008904 ], [ 35.199523978995998, 31.825439479166697 ], [ 35.199585790516252, 31.825390648684746 ], [ 35.199649383680665, 31.82534353455242 ], [ 35.199714741583037, 31.825298186366766 ], [ 35.199781748027583, 31.825254653715184 ], [ 35.199850357590819, 31.825212976271835 ], [ 35.199920498441749, 31.825173201824942 ], [ 35.199992109314913, 31.825135360126964 ], [ 35.200065091973059, 31.825099500767521 ], [ 35.201095934025652, 31.824539576835907 ], [ 35.201210692262372, 31.824503366892731 ], [ 35.201323959339774, 31.824463885737241 ], [ 35.20143560109716, 31.824421174846826 ], [ 35.20154551189227, 31.824375289229359 ], [ 35.201653551229036, 31.824326264951445 ], [ 35.201759596563718, 31.824274183173642 ], [ 35.201863539089892, 31.82421908086771 ], [ 35.201965253098251, 31.824161027470598 ], [ 35.202064610768417, 31.824100087910132 ], [ 35.202161518080572, 31.824036336135524 ], [ 35.202255882072457, 31.823969842488847 ], [ 35.202347551689421, 31.82390066919125 ], [ 35.202892788245293, 31.823526003151088 ], [ 35.202926085482723, 31.823495774884691 ], [ 35.202960562440907, 31.823466513469246 ], [ 35.202996184257572, 31.823438278422962 ], [ 35.203032901287813, 31.823411080563449 ], [ 35.203070676558525, 31.823384965881154 ], [ 35.203109463593179, 31.823359952408669 ], [ 35.203149224363131, 31.823336082529099 ], [ 35.20318991239175, 31.823313378784306 ], [ 35.203231478034688, 31.823291854697612 ], [ 35.203273867420485, 31.823271547239973 ], [ 35.203317038297421, 31.823252485266661 ], [ 35.203360948415856, 31.823234676890603 ], [ 35.203405535456497, 31.823218141045427 ], [ 35.203450753998794, 31.823202911095581 ], [ 35.203496544893078, 31.8231889996622 ], [ 35.203542861664694, 31.823176420269156 ], [ 35.203589654671006, 31.82316517922553 ], [ 35.203636870042274, 31.823155306287994 ], [ 35.203684444405006, 31.823146805059299 ], [ 35.203732335510352, 31.823139684554697 ], [ 35.203780468366006, 31.823133950180001 ], [ 35.203828826072751, 31.823129616363317 ], [ 35.203877308289975, 31.823126670472135 ], [ 35.203925885442224, 31.823125141363381 ], [ 35.203974482539763, 31.82312500738794 ], [ 35.204023070008475, 31.823126282973409 ], [ 35.204071583418674, 31.82312897442867 ], [ 35.204119949893581, 31.82313305379208 ], [ 35.204168134578303, 31.823138530080087 ], [ 35.204372024939872, 31.823126439864758 ], [ 35.204576282378859, 31.823119850584622 ], [ 35.204780667161771, 31.823118770340777 ], [ 35.204984997650136, 31.823123193711435 ], [ 35.205189055237334, 31.823133105353669 ], [ 35.205392646663547, 31.823148530510206 ], [ 35.205595573392394, 31.823169426786563 ], [ 35.205797622097187, 31.823195780647641 ], [ 35.205843061341874, 31.823206776344744 ], [ 35.205888932693838, 31.82321643641766 ], [ 35.205935155876475, 31.82322475454917 ], [ 35.205981681245305, 31.823231709994097 ], [ 35.206028473942027, 31.82323730275051 ], [ 35.206075453690424, 31.823241516581131 ], [ 35.206122574013307, 31.82324435148357 ], [ 35.206169788433058, 31.82324581376842 ], [ 35.206217013504542, 31.823245888100438 ], [ 35.206264229156318, 31.823244582595244 ], [ 35.206311359336638, 31.823241888230978 ], [ 35.206358362847851, 31.823237832061174 ], [ 35.20640516575186, 31.823232387027399 ], [ 35.206451735301037, 31.823225581085509 ], [ 35.206497989105856, 31.823217411526631 ], [ 35.206543904981864, 31.823207898190706 ], [ 35.206589399483036, 31.823197043779977 ], [ 35.206634428243675, 31.823184870839089 ], [ 35.206678938449336, 31.823171380268082 ], [ 35.206722901578878, 31.823156583790325 ], [ 35.206766228903156, 31.823140522887353 ], [ 35.206808881339292, 31.82312320026378 ], [ 35.206850826140638, 31.823104642072309 ], [ 35.206891989367328, 31.823084866347497 ], [ 35.206932349891744, 31.823063900144547 ], [ 35.206971833774816, 31.823041752479597 ], [ 35.20701040932515, 31.823018478364645 ], [ 35.207048023729591, 31.822994075994728 ], [ 35.207084634735111, 31.822968590461119 ], [ 35.207120201145941, 31.822942051523928 ], [ 35.207154687048067, 31.82291448172867 ], [ 35.207188045964607, 31.822885914442601 ], [ 35.20722023141812, 31.822856396560642 ], [ 35.207251223338218, 31.822825962352923 ], [ 35.207280959406454, 31.822794613621657 ], [ 35.207309425887985, 31.822762428827499 ], [ 35.207336583700965, 31.822729431417727 ], [ 35.207362411719309, 31.822695658367969 ], [ 35.207386843398453, 31.822661145750271 ], [ 35.207409893524996, 31.822625929639642 ], [ 35.207431515622012, 31.822590073164154 ], [ 35.207451681170703, 31.822553604280603 ], [ 35.207470367989544, 31.822516557258865 ], [ 35.207487554951889, 31.822478996129696 ], [ 35.207503230439748, 31.82244093802823 ], [ 35.207517366988775, 31.822402456905227 ], [ 35.207533317608863, 31.822375050474442 ], [ 35.207548126442958, 31.822347193981347 ], [ 35.207561807222234, 31.822318903659976 ], [ 35.207574313470261, 31.822290233619619 ], [ 35.207585648355298, 31.822261212719692 ], [ 35.207595800258346, 31.822231868015365 ], [ 35.207604737491572, 31.822202232874009 ], [ 35.207612470616141, 31.822172355995768 ], [ 35.207618966888951, 31.822142251809172 ], [ 35.207624251657379, 31.822111995168232 ], [ 35.207628297459948, 31.822081594188742 ], [ 35.207631088452537, 31.822051084943983 ], [ 35.207632640477733, 31.822020513428587 ], [ 35.207632949310188, 31.821989913912422 ], [ 35.207632010723955, 31.821959332389405 ], [ 35.207629826831926, 31.821928785994512 ], [ 35.207626395520656, 31.821898320721679 ], [ 35.207621716789099, 31.821867983466568 ], [ 35.207615825492667, 31.821837807598477 ], [ 35.207608685719087, 31.821807821974975 ], [ 35.207600332323281, 31.821778068983654 ], [ 35.207590785373775, 31.821748570269225 ], [ 35.207580034306368, 31.821719386254546 ], [ 35.207568088627752, 31.821690525958036 ], [ 35.207554983191478, 31.821662055215178 ], [ 35.207346389571953, 31.821017753010647 ], [ 35.207343760067623, 31.820987216510058 ], [ 35.207342346285159, 31.820956625042104 ], [ 35.207342169346354, 31.82092600836841 ], [ 35.207343204955087, 31.820895399856326 ], [ 35.207345455220327, 31.820864844598024 ], [ 35.207348932814035, 31.820834372354732 ], [ 35.20735364723938, 31.820804016494861 ], [ 35.207359540400923, 31.820773813089868 ], [ 35.207366651375423, 31.820743809938737 ], [ 35.207374943193187, 31.820714021469378 ], [ 35.207384441200077, 31.820684495480116 ], [ 35.207395088357579, 31.820655259023948 ], [ 35.207406919517908, 31.820626355390324 ], [ 35.207419881867509, 31.820597812534128 ], [ 35.207433982797717, 31.820569657510525 ], [ 35.207449205405858, 31.820541935410706 ], [ 35.20746552328427, 31.820514672386786 ], [ 35.207482922699946, 31.820487897296818 ], [ 35.207501376189107, 31.820461637194661 ], [ 35.207520864736644, 31.820435944386052 ], [ 35.207525650027463, 31.820423535197119 ], [ 35.207530950745287, 31.820411278437863 ], [ 35.207536730977914, 31.820399184929084 ], [ 35.207543025579568, 31.820387272708775 ], [ 35.20754978701941, 31.820375558008426 ], [ 35.207557021634642, 31.820364039926279 ], [ 35.207564731535534, 31.820352759947134 ], [ 35.207572897710861, 31.820341701837073 ], [ 35.207581505371792, 31.82033089896364 ], [ 35.207590548180164, 31.820320366657892 ], [ 35.207600024023584, 31.820310103115947 ], [ 35.207609899101897, 31.82030012998078 ], [ 35.207620187145231, 31.820290461682252 ], [ 35.207630867029479, 31.820281092808475 ], [ 35.207641925021697, 31.820272064843664 ], [ 35.207653332604771, 31.820263363357235 ], [ 35.207665089777954, 31.820255002778573 ], [ 35.207677193371651, 31.820247004751717 ], [ 35.20768961592433, 31.8202393665701 ], [ 35.207702332085987, 31.820232105367737 ], [ 35.207715334462556, 31.820225234671984 ], [ 35.207728621998072, 31.82021875087533 ], [ 35.207742163005619, 31.820212664798717 ], [ 35.207755947978981, 31.82020698365648 ], [ 35.207769941006056, 31.820201724582375 ], [ 35.207784169548937, 31.820196883067997 ], [ 35.207798567066092, 31.820192456405518 ], [ 35.207813143062133, 31.820188478865283 ], [ 35.207827864795576, 31.820184926096317 ], [ 35.207838904728426, 31.820177496179575 ], [ 35.207850258341558, 31.820170389132148 ], [ 35.207861878104275, 31.820163625694736 ], [ 35.207873771409794, 31.820157213984057 ], [ 35.207885917133794, 31.820151154901254 ], [ 35.20789829732076, 31.820145446641941 ], [ 35.207910919363059, 31.820140116261612 ], [ 35.207923720944279, 31.820135157445229 ], [ 35.207936733750429, 31.820130584623282 ], [ 35.207949925039102, 31.820126392383568 ], [ 35.207963265235314, 31.820122605074864 ], [ 35.207976764902511, 31.82011919654397 ], [ 35.207990389184488, 31.820116193845095 ], [ 35.208004119069145, 31.820113605094058 ], [ 35.208017956670147, 31.820111405941223 ], [ 35.208031868186914, 31.820109637870246 ], [ 35.208045840946419, 31.820108268414305 ], [ 35.20805986861091, 31.820107312002701 ], [ 35.208073926887472, 31.820106771340217 ], [ 35.208087994652011, 31.820106644622435 ], [ 35.208102053948515, 31.820106943572757 ], [ 35.208116100553177, 31.820107648350547 ], [ 35.20813010594798, 31.820108766169604 ], [ 35.208144058514613, 31.820110299735187 ], [ 35.20815794663487, 31.820112249046904 ], [ 35.208171742847746, 31.820114602379988 ], [ 35.208185441872317, 31.820117361537999 ], [ 35.208199003572723, 31.820120519304979 ], [ 35.208212449073223, 31.820124082896399 ], [ 35.20822572556348, 31.820128042390351 ], [ 35.208238843606544, 31.820132380652289 ], [ 35.208251779965039, 31.820137114816458 ], [ 35.208264508234379, 31.82014222774718 ], [ 35.208277024190501, 31.820147703211234 ], [ 35.208289307764694, 31.820153556539374 ], [ 35.208301358958145, 31.820159762480053 ], [ 35.208313146084478, 31.820166318326891 ], [ 35.208324659637718, 31.82017322678519 ], [ 35.208335884831676, 31.820180468014065 ], [ 35.208346816385912, 31.820188026682096 ], [ 35.208357422613659, 31.820195910003161 ], [ 35.208367708796445, 31.820204107155405 ], [ 35.208377668597961, 31.820212593788913 ], [ 35.208387269275107, 31.82022137801944 ], [ 35.208396511884779, 31.820230442712059 ], [ 35.208408647367399, 31.820242346489483 ], [ 35.208421258165501, 31.820253900364282 ], [ 35.208434333718088, 31.820265074575207 ], [ 35.20844783177639, 31.820275870022716 ], [ 35.20846176290361, 31.820286259651734 ], [ 35.208476094357316, 31.820296233540908 ], [ 35.20849082825012, 31.820305784475373 ], [ 35.208505922333224, 31.820314911552011 ], [ 35.208521384001081, 31.82032358861742 ], [ 35.208543966559887, 31.820336114945217 ], [ 35.208567044517565, 31.820347966704034 ], [ 35.20859059675017, 31.82035912315067 ], [ 35.208614594740098, 31.820369566247209 ], [ 35.20863899306903, 31.820379306814289 ], [ 35.208663782232222, 31.820388299759284 ], [ 35.208688908361736, 31.820396551393447 ], [ 35.208714374625877, 31.820404056305549 ], [ 35.208740125044855, 31.82041080277002 ], [ 35.208766128988294, 31.820416773650891 ], [ 35.208792364274629, 31.820421977965786 ], [ 35.208818790767822, 31.820426388658284 ], [ 35.208845396848794, 31.820430004826161 ], [ 35.208872118087086, 31.820432836387909 ], [ 35.208898957651222, 31.820434867110389 ], [ 35.208925837379653, 31.820436112322916 ], [ 35.208952773116202, 31.820436535952126 ], [ 35.208979695148287, 31.820436177677372 ], [ 35.209006598194833, 31.820435014050624 ], [ 35.209033435781606, 31.820433040561589 ], [ 35.209060168826916, 31.820430281559087 ], [ 35.209086776205986, 31.820426728024312 ], [ 35.209113224119008, 31.820422380858371 ], [ 35.209139481934294, 31.82041726080303 ], [ 35.209165517965047, 31.820411353428245 ], [ 35.209191289961424, 31.820404671358922 ], [ 35.209216765179129, 31.8203972416498 ], [ 35.209241935168535, 31.820389043558503 ], [ 35.209266756623123, 31.820380106845061 ], [ 35.209291187293083, 31.820370448643729 ], [ 35.209315206054072, 31.820360051819272 ], [ 35.209338803398424, 31.820348958758377 ], [ 35.209361923346243, 31.820337164048979 ], [ 35.209384547940765, 31.820324692040732 ], [ 35.209415484988092, 31.820311877502405 ], [ 35.20944587281884, 31.820298143065237 ], [ 35.209475701925591, 31.820283515784705 ], [ 35.20950491632739, 31.820268022715378 ], [ 35.209533486449139, 31.820251680992087 ], [ 35.209561373209944, 31.820234502338437 ], [ 35.209588549146922, 31.820216518318826 ], [ 35.209614986797945, 31.82019773524609 ], [ 35.209640633350567, 31.820178201819239 ], [ 35.209665485636194, 31.82015791082387 ], [ 35.209689516192412, 31.820136889315258 ], [ 35.209712657420113, 31.820115182384729 ], [ 35.209734925162458, 31.82009279905153 ], [ 35.209756270832472, 31.820069784407345 ], [ 35.209776666968544, 31.820046147470556 ], [ 35.209796100895517, 31.820021924315128 ], [ 35.20981453353312, 31.819997141996097 ], [ 35.209831959600066, 31.819971827569066 ], [ 35.2098483548031, 31.819946016205932 ], [ 35.209863702242671, 31.819919737667608 ], [ 35.209877960726246, 31.819893024420104 ], [ 35.209891133422545, 31.819865906224617 ], [ 35.209903217162847, 31.819838418253372 ], [ 35.209914160192888, 31.81981058756104 ], [ 35.209923982580982, 31.819782441203564 ], [ 35.209932654752848, 31.819754032389458 ], [ 35.209940175652797, 31.819725381861293 ], [ 35.209946535775117, 31.819696522987371 ], [ 35.209951733007394, 31.819667502663602 ], [ 35.209955748338267, 31.819638345239586 ], [ 35.209958566981214, 31.81960908137788 ], [ 35.209967028445824, 31.819556008048323 ], [ 35.20997338910302, 31.819502717338779 ], [ 35.209977625718288, 31.819449275083734 ], [ 35.209979738293882, 31.819395740805049 ], [ 35.209979738450343, 31.819342179435754 ], [ 35.209977618796572, 31.81928864779179 ], [ 35.209973384615743, 31.819235212609581 ], [ 35.209967038023024, 31.819181914471915 ], [ 35.209958588525836, 31.819128840857392 ], [ 35.209948027677086, 31.819076035955799 ], [ 35.20993539772693, 31.819023566503706 ], [ 35.209930739673865, 31.818986130911849 ], [ 35.209924583923637, 31.818948840491014 ], [ 35.209916927308001, 31.818911756566251 ], [ 35.20990777088403, 31.818874917014746 ], [ 35.209897147394472, 31.818838374143663 ], [ 35.209885052615512, 31.81880215590968 ], [ 35.20987149182848, 31.818766315521231 ], [ 35.209856505169469, 31.818730898972586 ], [ 35.209840103200975, 31.818695945042677 ], [ 35.209822296485427, 31.818661493412261 ], [ 35.2098031072033, 31.818627583762257 ], [ 35.209782564928062, 31.818594270203171 ], [ 35.209760690784385, 31.818561568066126 ], [ 35.209737519626579, 31.818529526050568 ], [ 35.209713059904047, 31.81849818564077 ], [ 35.20968735069588, 31.818467585616009 ], [ 35.209660428968505, 31.818437769264701 ], [ 35.209632314789893, 31.818408748310461 ], [ 35.209603057800287, 31.818380575060367 ], [ 35.209572671729617, 31.818353283783953 ], [ 35.209541207274867, 31.818326895223866 ], [ 35.209508689783561, 31.818301453570136 ], [ 35.209475166783619, 31.818276986780059 ], [ 35.209440680522455, 31.818253501166673 ], [ 35.209405279583081, 31.818231053546331 ], [ 35.209368976638565, 31.818209670071997 ], [ 35.209331842453352, 31.818189351646332 ], [ 35.20932754510423, 31.81814328449239 ], [ 35.209325085540684, 31.818097119978709 ], [ 35.209324464814635, 31.818050909510415 ], [ 35.209325700877045, 31.818004706296751 ], [ 35.209328776824066, 31.817958577975553 ], [ 35.209333698989141, 31.817912557013173 ], [ 35.209340438850433, 31.817866708341455 ], [ 35.209349028089527, 31.817821083365953 ], [ 35.209359421286415, 31.817775720864574 ], [ 35.209371621604745, 31.817730701100988 ], [ 35.209385617422903, 31.817686061050043 ], [ 35.209401367545809, 31.817641843998729 ], [ 35.209497847231212, 31.817377613975609 ], [ 35.20958784039032, 31.817111716232805 ], [ 35.209589246279208, 31.817107657964517 ], [ 35.209590829605567, 31.817103643890007 ], [ 35.209592552346919, 31.817099668597468 ], [ 35.209594453581211, 31.817095762750345 ], [ 35.209596501623544, 31.817091902900039 ], [ 35.209598699641745, 31.817088116101981 ], [ 35.20960105502936, 31.817084391534163 ], [ 35.209603567786381, 31.817080729196523 ], [ 35.209606208338897, 31.817077157947541 ], [ 35.209609018934749, 31.817073658849296 ], [ 35.20961195521371, 31.817070250839606 ], [ 35.209615017176304, 31.817066914077913 ], [ 35.209618217495738, 31.817063685540045 ], [ 35.209621555116343, 31.817060546287273 ], [ 35.209625009970125, 31.817057515257893 ], [ 35.209628579944926, 31.817054585237091 ], [ 35.209632276658546, 31.817051763439856 ], [ 35.209636078987387, 31.817049048963938 ], [ 35.209639996437062, 31.817046441809481 ], [ 35.209644011052227, 31.817043952798262 ], [ 35.209648129169707, 31.817041590948833 ], [ 35.209652332834708, 31.817039345438708 ], [ 35.209656622046786, 31.817037234304784 ], [ 35.209660994693998, 31.817035241313771 ], [ 35.209665451832045, 31.81703338450259 ], [ 35.209669981843049, 31.817031661165505 ], [ 35.209674566772051, 31.817030065891061 ], [ 35.209679224573755, 31.817028614010926 ], [ 35.209683945742995, 31.817027288389937 ], [ 35.209688697537665, 31.817026107064283 ], [ 35.209693514811605, 31.817025078151243 ], [ 35.209698361655271, 31.817024176398537 ], [ 35.209703241236824, 31.817023418039373 ], [ 35.209708141937959, 31.817022814797493 ], [ 35.209713074320852, 31.817022354949124 ], [ 35.209718027823662, 31.817022039395933 ], [ 35.209722970761199, 31.817021859118888 ], [ 35.209727934818225, 31.817021841173862 ], [ 35.209732888309979, 31.817021959406834 ], [ 35.209737841798166, 31.817022220130863 ], [ 35.209742775214998, 31.817022635971433 ], [ 35.209747686448473, 31.817023194302713 ], [ 35.209752586060574, 31.817023888811931 ], [ 35.209757433915968, 31.817024737535288 ], [ 35.209762260644212, 31.817025729651167 ], [ 35.209767034560095, 31.817026856140604 ], [ 35.209771766225202, 31.81702812782591 ], [ 35.209776446134114, 31.817029535688448 ], [ 35.209781060556558, 31.817031077022502 ], [ 35.209785624279021, 31.817032754533844 ], [ 35.209866126264551, 31.817042604993084 ], [ 35.209946195179853, 31.81705473525453 ], [ 35.210025745479797, 31.817069148925039 ], [ 35.210104683170186, 31.817085824359818 ], [ 35.210182937492675, 31.81710473720921 ], [ 35.210260408115445, 31.817125868534262 ], [ 35.210337001043364, 31.817149209316671 ], [ 35.210412644461513, 31.81717471446488 ], [ 35.210487251767603, 31.817202365942652 ], [ 35.210560720516597, 31.817232127676736 ], [ 35.210632995791144, 31.817263973515018 ], [ 35.210703969864618, 31.817297864679098 ], [ 35.210773594156258, 31.817333759685759 ], [ 35.210841769388054, 31.817371618855152 ], [ 35.211428839951338, 31.81752077008824 ], [ 35.212009331270565, 31.817687647946563 ], [ 35.212582514869261, 31.817872021649681 ], [ 35.213147674925708, 31.818073651410504 ], [ 35.21317232554641, 31.818082472131547 ], [ 35.213197316257919, 31.818090587603283 ], [ 35.213222602699396, 31.818097983396459 ], [ 35.213248161634006, 31.818104655001843 ], [ 35.213273976161922, 31.818110589793662 ], [ 35.213300010371889, 31.818115784164714 ], [ 35.213326215678421, 31.818120239919043 ], [ 35.213352610036047, 31.818123944430582 ], [ 35.213379098386433, 31.818126885976163 ], [ 35.213405714527354, 31.818129076279394 ], [ 35.21415149888287, 31.818360758906156 ], [ 35.214184388933617, 31.81836344676174 ], [ 35.214217153320945, 31.818367097779614 ], [ 35.214249747685599, 31.81837171466616 ], [ 35.21428213083621, 31.81837726856325 ], [ 35.214314279537867, 31.818383781115667 ], [ 35.214346145206065, 31.818391237894961 ], [ 35.214377685593249, 31.81839961635605 ], [ 35.214408883800807, 31.81840890477547 ], [ 35.214439694413258, 31.818419112172787 ], [ 35.214470060396259, 31.818430222316135 ], [ 35.214499961682023, 31.818442206347239 ], [ 35.21452936764129, 31.818455058855974 ], [ 35.214558243419781, 31.818468766315661 ], [ 35.21458654993851, 31.81848332061087 ], [ 35.214614253398622, 31.818498687472555 ], [ 35.214641325282933, 31.818514856981476 ], [ 35.214667731792936, 31.818531812003648 ], [ 35.214693440186196, 31.818549532699596 ], [ 35.21471840927066, 31.818568001935564 ], [ 35.214742636933067, 31.818587183638304 ], [ 35.214766075644214, 31.818607067888969 ], [ 35.214788702166707, 31.818627620418411 ], [ 35.214810479533199, 31.818648832209437 ], [ 35.214831392955659, 31.81867066538539 ], [ 35.214851419196926, 31.818693102812119 ], [ 35.214870537131681, 31.818716108416858 ], [ 35.214888726691406, 31.818739672280078 ], [ 35.214905942457492, 31.818763742998165 ], [ 35.214922178091896, 31.818788308847683 ], [ 35.214937430424378, 31.818813333755333 ], [ 35.21495165614931, 31.818838793372709 ], [ 35.214964851040243, 31.818864657037494 ], [ 35.214977019320038, 31.818890883265198 ], [ 35.214988098671576, 31.818917460333516 ], [ 35.214998113385271, 31.818944342248212 ], [ 35.215007038110443, 31.81897149834742 ], [ 35.215014877070288, 31.818998905183317 ], [ 35.215021595408039, 31.819026528486923 ], [ 35.215028386635417, 31.819054386267602 ], [ 35.21503631011219, 31.81908201765884 ], [ 35.21504535105219, 31.819109416347896 ], [ 35.215055492554932, 31.819136515598515 ], [ 35.215066740957994, 31.819163300078969 ], [ 35.215079068800001, 31.819189742734302 ], [ 35.215092450731461, 31.819215803883704 ], [ 35.215106901538711, 31.819241443845396 ], [ 35.215122374748873, 31.819266649994347 ], [ 35.215138884091559, 31.819291370022906 ], [ 35.215156365137936, 31.819315583189884 ], [ 35.21517482845006, 31.819339274163266 ], [ 35.215194252902933, 31.81936240596761 ], [ 35.215214597303564, 31.819384942529716 ], [ 35.215227176634457, 31.819412548541298 ], [ 35.215238648020652, 31.819440503592322 ], [ 35.215248999841975, 31.819468777922545 ], [ 35.215258221533936, 31.819497329145918 ], [ 35.215266314151307, 31.819526143734922 ], [ 35.215273241779968, 31.819555163972773 ], [ 35.215279032936039, 31.819584374527587 ], [ 35.21528364959358, 31.819613738424898 ], [ 35.21528710442422, 31.819643202455776 ], [ 35.215289374190398, 31.819672772933824 ], [ 35.215290475787981, 31.81970238041669 ], [ 35.215290401821719, 31.819732005965939 ], [ 35.215289136445726, 31.819761604489806 ], [ 35.215286707119802, 31.819791157950675 ], [ 35.215283117009605, 31.819820613139711 ], [ 35.215278343933235, 31.819849959235185 ], [ 35.215285685490855, 31.819875066363153 ], [ 35.215294042066951, 31.819899938985756 ], [ 35.215303411548888, 31.819924549145746 ], [ 35.215313773868424, 31.819948871591734 ], [ 35.215325106844368, 31.819972869348565 ], [ 35.215337424207263, 31.819996515360295 ], [ 35.215350691101591, 31.820019782572231 ], [ 35.215364907526975, 31.820042643928808 ], [ 35.215380034402649, 31.820065064258834 ], [ 35.215396067503477, 31.820087023721573 ], [ 35.21541297831137, 31.820108505182397 ], [ 35.215430766824731, 31.820129454530335 ], [ 35.21544937706463, 31.820149880785017 ], [ 35.21546882381633, 31.820169728933234 ], [ 35.215489048988118, 31.820189001681683 ], [ 35.215510068421231, 31.820207641311605 ], [ 35.215531828249368, 31.820225669468332 ], [ 35.21555081014381, 31.820241388076948 ], [ 35.215569178401751, 31.820257647805356 ], [ 35.215586890774027, 31.820274438734714 ], [ 35.215603906066804, 31.82029172749823 ], [ 35.21562024857252, 31.820309502371558 ], [ 35.215635859141372, 31.820327727282866 ], [ 35.215650752560691, 31.820346413955964 ], [ 35.215664874960744, 31.820365503772845 ], [ 35.215678237959942, 31.820385003046312 ], [ 35.2156908183198, 31.820404878409065 ], [ 35.215702606533135, 31.820425107315522 ], [ 35.215713590979568, 31.820445650987011 ], [ 35.215723742084464, 31.820466508522713 ], [ 35.215733047171824, 31.820487657377132 ], [ 35.215747561522548, 31.8205081107598 ], [ 35.21576120873808, 31.820528988032098 ], [ 35.215774032121345, 31.820550244100801 ], [ 35.215785978860509, 31.820571870851168 ], [ 35.215797028886037, 31.82059384844348 ], [ 35.215807189588865, 31.820616123668991 ], [ 35.215816443012606, 31.820638695626592 ], [ 35.215824778592726, 31.820661521930173 ], [ 35.215832172034624, 31.820684580936398 ], [ 35.215838648686045, 31.820707849196758 ], [ 35.215844152564884, 31.820731287933821 ], [ 35.215848725918725, 31.820754879109547 ], [ 35.215852339171207, 31.820778589356802 ], [ 35.21585498175876, 31.82080240514825 ], [ 35.215856651565943, 31.820826269667947 ], [ 35.215857359154022, 31.820850177504564 ], [ 35.215857106632924, 31.82087408536956 ], [ 35.21585588343855, 31.820897965306148 ], [ 35.215853675838886, 31.820921810099982 ], [ 35.215850519743043, 31.820945574657696 ], [ 35.215846400361571, 31.820969220200499 ], [ 35.215841320861806, 31.820992731396885 ], [ 35.215835302366479, 31.821016081190759 ], [ 35.215828331142831, 31.821039240723472 ], [ 35.215820420920011, 31.821062182939169 ], [ 35.215811603382917, 31.821084874468571 ], [ 35.21580186585539, 31.821107294569419 ], [ 35.215791219954305, 31.821129417087771 ], [ 35.215779686802264, 31.821151205949064 ], [ 35.215767275903758, 31.821172634097493 ], [ 35.215754010494955, 31.821193690710025 ], [ 35.215739889517906, 31.82121434332004 ], [ 35.215226334274497, 31.821981718021849 ], [ 35.215206288027545, 31.822016259997756 ], [ 35.215187646582542, 31.822051350256451 ], [ 35.215170420502695, 31.822086974368812 ], [ 35.215154631968502, 31.822123075518792 ], [ 35.215140298936262, 31.822159617632739 ], [ 35.215127436193491, 31.822196557422306 ], [ 35.215116072259072, 31.822233857911776 ], [ 35.215106197626469, 31.822271456874553 ], [ 35.215097842927733, 31.822309332666091 ], [ 35.215091000769071, 31.82234742756884 ], [ 35.215085698613045, 31.822385692882943 ], [ 35.215081930123553, 31.82242411237554 ], [ 35.215079701636974, 31.822462594058617 ], [ 35.21507900576124, 31.822501129815926 ], [ 35.215079874183559, 31.82253965651773 ], [ 35.21508227310516, 31.822578147109486 ], [ 35.215086224706752, 31.822616528541317 ], [ 35.215091707865056, 31.822654793598851 ], [ 35.215098710960611, 31.822692860214485 ], [ 35.215107246669312, 31.822730702234246 ], [ 35.215117292810227, 31.822768271860657 ], [ 35.215128829315255, 31.822805534823846 ], [ 35.21514186463407, 31.822842430699762 ], [ 35.215156356517262, 31.822878926120762 ], [ 35.215172308133496, 31.822914973288619 ], [ 35.215208866837401, 31.822971752410925 ], [ 35.215243112432262, 31.823029559680386 ], [ 35.215274979425722, 31.823088350008319 ], [ 35.215304473092722, 31.823148042230542 ], [ 35.215331537445664, 31.823208565104537 ], [ 35.215356138677777, 31.823269844681576 ], [ 35.215378238757452, 31.823331818736932 ], [ 35.215397833452236, 31.823394406106196 ], [ 35.215414884729988, 31.823457543662457 ], [ 35.215429377794607, 31.823521131302613 ], [ 35.215441284119926, 31.82358510860481 ], [ 35.215450602641774, 31.823649400716882 ], [ 35.215457322789312, 31.823713926473797 ], [ 35.215461413923414, 31.823778624551522 ], [ 35.215462915116589, 31.823843394844697 ], [ 35.21546177777315, 31.823908175127613 ], [ 35.215458029346983, 31.823972872509668 ], [ 35.215451662436934, 31.824037435585801 ], [ 35.215442706609004, 31.824101756133761 ], [ 35.215431143899991, 31.824165795374213 ], [ 35.2154170133823, 31.824229439673303 ], [ 35.215400316105054, 31.824292632214068 ], [ 35.215381062623337, 31.82435530084787 ], [ 35.21535929518015, 31.824417366210323 ], [ 35.215335034893677, 31.824478756152189 ], [ 35.215288166362029, 31.824697047406683 ], [ 35.215233268839647, 31.82491398787565 ], [ 35.215170406697474, 31.825129340362757 ], [ 35.215099622127617, 31.825342898333428 ], [ 35.21508604137987, 31.825402095586377 ], [ 35.215074739018419, 31.825461642698542 ], [ 35.215065730889577, 31.825521472933854 ], [ 35.21505900432043, 31.825581526771472 ], [ 35.21505458994519, 31.825641732965519 ], [ 35.215052501498086, 31.825702031092455 ], [ 35.215052704124233, 31.825762355318723 ], [ 35.215055231626842, 31.825822634397976 ], [ 35.215060061827018, 31.825882822336641 ], [ 35.215067191557829, 31.825942839772434 ], [ 35.215076615540241, 31.826002623576073 ], [ 35.215088342226743, 31.826062107912485 ], [ 35.215102330424884, 31.826121242278749 ], [ 35.215164528611275, 31.826275626255626 ], [ 35.215220696705629, 31.826431688675616 ], [ 35.215270760734533, 31.826589266314976 ], [ 35.215314665735193, 31.826748160776933 ], [ 35.215352359914341, 31.826908228676231 ], [ 35.215383800982224, 31.827069268908545 ], [ 35.215408966718954, 31.827231112834614 ], [ 35.215427816946693, 31.827393588207254 ], [ 35.21544035056916, 31.827556496624101 ], [ 35.21544653691452, 31.82771967485429 ], [ 35.215469781998785, 31.827923617688231 ], [ 35.215485687971423, 31.828128074757874 ], [ 35.215494219918909, 31.828332854876376 ], [ 35.215495388348103, 31.828537754228641 ], [ 35.215489174190125, 31.828742598759906 ], [ 35.215599811630334, 31.830106540337347 ], [ 35.215645957873633, 31.830502015552185 ], [ 35.215677979168532, 31.830898507501193 ], [ 35.215695889052846, 31.83129564373392 ], [ 35.215699633457959, 31.831693067128565 ], [ 35.215689244933763, 31.83209039169726 ], [ 35.215687087629689, 31.832573445043803 ], [ 35.215703997680286, 31.833056290388551 ], [ 35.215739953177788, 31.833538376699572 ], [ 35.215794894182942, 31.83401915654505 ], [ 35.215913417520191, 31.835503645560511 ], [ 35.215977427160652, 31.836098334616196 ], [ 35.216020808178577, 31.836694370672667 ], [ 35.216043523181831, 31.837291243310045 ], [ 35.216048123395524, 31.839354184382639 ], [ 35.216048993350981, 31.839440103587698 ], [ 35.216046334802236, 31.839525994944566 ], [ 35.216040137170857, 31.839611761054616 ], [ 35.216030411006379, 31.839697281972224 ], [ 35.216017157351104, 31.8397824530831 ], [ 35.216000416336314, 31.839867180593515 ], [ 35.215980176326582, 31.839951340048557 ], [ 35.2159564848494, 31.840034852083122 ], [ 35.215929369358562, 31.840117596749774 ], [ 35.215898874212293, 31.840199476646234 ], [ 35.215865007850319, 31.840280399782191 ], [ 35.215796566041583, 31.840415134924392 ], [ 35.215733501440525, 31.840551776362819 ], [ 35.215675886956042, 31.840690164477586 ], [ 35.215623810288804, 31.840830140549617 ], [ 35.215577299979032, 31.840971532333388 ], [ 35.215536429996632, 31.841114195538491 ], [ 35.215501235222817, 31.841257959721553 ], [ 35.2154717748381, 31.841402650830506 ], [ 35.215108691353045, 31.84271651457561 ], [ 35.214708831509348, 31.844022566944542 ], [ 35.213856951080423, 31.846725034851332 ], [ 35.213830982826728, 31.846779145569791 ], [ 35.213807181482537, 31.846833986742919 ], [ 35.213785607271745, 31.84688949524238 ], [ 35.213766263366146, 31.846945598922087 ], [ 35.213749190972727, 31.847002234653729 ], [ 35.213734411224848, 31.847059348327626 ], [ 35.213721924124975, 31.847116850662452 ], [ 35.213711750806695, 31.847174685744548 ], [ 35.213703913460087, 31.847232782328927 ], [ 35.213698408918773, 31.847291077287249 ], [ 35.213695261485988, 31.847349497570551 ], [ 35.213694439469272, 31.847407982756174 ], [ 35.213695972454353, 31.847466448070929 ], [ 35.213699860444798, 31.847524842109866 ], [ 35.21370608442588, 31.847583072885413 ], [ 35.21371464228816, 31.847641098010843 ], [ 35.213725538260796, 31.847698843534808 ], [ 35.213738735368104, 31.84775623640823 ], [ 35.21375422410393, 31.847813194563155 ], [ 35.213982188130423, 31.849158554872147 ], [ 35.214170306353076, 31.850508390072157 ], [ 35.214174617013725, 31.85054987368293 ], [ 35.214177240346778, 31.850591457425196 ], [ 35.214178159443847, 31.850633094403737 ], [ 35.214177389093173, 31.850674723293302 ], [ 35.214174917669688, 31.850716317940773 ], [ 35.214170765244305, 31.850757810707734 ], [ 35.214164923361146, 31.850799151993105 ], [ 35.214157400469446, 31.850840293999042 ], [ 35.214148211358186, 31.850881201553271 ], [ 35.214137361306449, 31.850921802508303 ], [ 35.21363025821973, 31.852064565504694 ], [ 35.213428352385208, 31.85253750094255 ], [ 35.211750378807004, 31.858053410072955 ], [ 35.211717959291093, 31.858167248956875 ], [ 35.211689703958918, 31.858281900399106 ], [ 35.211665644525311, 31.858397244458018 ], [ 35.211645788402542, 31.85851316750453 ], [ 35.211630181042743, 31.858629567633027 ], [ 35.211618810839099, 31.858746310471204 ], [ 35.211444484025726, 31.863127344203363 ], [ 35.20748176756458, 31.865054847814875 ], [ 35.206885037033629, 31.86536716875699 ], [ 35.2068411706042, 31.865392553659287 ], [ 35.206798339678308, 31.865419192142319 ], [ 35.206756598150072, 31.865447057154245 ], [ 35.206715985119594, 31.865476121642732 ], [ 35.206676567162191, 31.865506358556498 ], [ 35.206638352734664, 31.865537712885011 ], [ 35.206601428490615, 31.865570160283486 ], [ 35.206565826135048, 31.865603652055224 ], [ 35.206531564690366, 31.865638172870927 ], [ 35.206498719189035, 31.865673659606365 ], [ 35.206467276952573, 31.865710083403329 ], [ 35.206437328863771, 31.865747400076845 ], [ 35.206408889720734, 31.865785563634951 ], [ 35.206381982775468, 31.86582453079156 ], [ 35.206356639734118, 31.865864256457186 ], [ 35.206332892303202, 31.865904693738742 ], [ 35.206310772189177, 31.8659457984485 ], [ 35.20629031109879, 31.86598752549688 ], [ 35.206271519604698, 31.866029819873233 ], [ 35.206254429414336, 31.866072630174976 ], [ 35.206239051099615, 31.866115917624295 ], [ 35.206225404744181, 31.866159629014412 ], [ 35.206213524169549, 31.866203709335377 ], [ 35.205332237510738, 31.869194470534762 ], [ 35.205320376683318, 31.869231932176962 ], [ 35.205307016307202, 31.869269005046593 ], [ 35.205292155324514, 31.869305681928495 ], [ 35.20527580430732, 31.869341882559237 ], [ 35.205257996015277, 31.869377593412505 ], [ 35.205238749474709, 31.869412737832636 ], [ 35.205218096387874, 31.869447313115213 ], [ 35.205196037816414, 31.86948123809433 ], [ 35.205172617088387, 31.869514497440413 ], [ 35.205147855342084, 31.869547042454766 ], [ 35.205121792736819, 31.869578840672681 ], [ 35.205094463093282, 31.869609833475895 ], [ 35.205065862184078, 31.869640017256014 ], [ 35.205036083010576, 31.86966932618332 ], [ 35.205005115006756, 31.869697732299489 ], [ 35.204973017353645, 31.869725218472105 ], [ 35.204939823872408, 31.869751730592057 ], [ 35.20490556098482, 31.869777241604861 ], [ 35.204870292100395, 31.869801722654572 ], [ 35.204834043640176, 31.869825160214308 ], [ 35.204796865278027, 31.869847496568546 ], [ 35.204758808797713, 31.869868723603009 ], [ 35.204719906962517, 31.869888813361854 ], [ 35.204680223183111, 31.869907732480073 ], [ 35.204650018055574, 31.869922142960014 ], [ 35.204620425783069, 31.869937435464315 ], [ 35.204591479126549, 31.869953595565956 ], [ 35.204563220357208, 31.869970620562366 ], [ 35.204535647364715, 31.869988465362081 ], [ 35.204508857372929, 31.870007131774976 ], [ 35.20448281551073, 31.870026581922339 ], [ 35.204457609493993, 31.870046782441985 ], [ 35.204433228754333, 31.870067738744737 ], [ 35.204409721908078, 31.870089400331256 ], [ 35.204387127001333, 31.870111747363854 ], [ 35.204365450376613, 31.870134760003015 ], [ 35.204344736422001, 31.870158404883998 ], [ 35.204324992537586, 31.870182654952622 ], [ 35.204306254657851, 31.870207471432604 ], [ 35.204288550261772, 31.870232829976448 ], [ 35.204271882522633, 31.870258702627915 ], [ 35.204256293715552, 31.870285054218364 ], [ 35.204241781730069, 31.870311855889323 ], [ 35.204228388841592, 31.870339071570292 ], [ 35.204216107655597, 31.870366675107984 ], [ 35.20420496565238, 31.870394632234618 ], [ 35.20419497657528, 31.870422894252183 ], [ 35.204186150995184, 31.870451437713911 ], [ 35.204178496313837, 31.870480224743343 ], [ 35.204172015705197, 31.870509225580342 ], [ 35.204166739820607, 31.870538401448005 ], [ 35.204162647528193, 31.870567718977291 ], [ 35.204159770535497, 31.870597146605984 ], [ 35.204158078201594, 31.870626627516597 ], [ 35.204157608572906, 31.870656152693215 ], [ 35.204158347917463, 31.870685661711946 ], [ 35.204160299407974, 31.870715141045487 ], [ 35.204263657138206, 31.871928451191678 ], [ 35.204417828837983, 31.873137830287789 ], [ 35.204425741623069, 31.87318460987635 ], [ 35.204435481683859, 31.87323113615814 ], [ 35.204447040572077, 31.873277364942322 ], [ 35.204460424636558, 31.873323232198448 ], [ 35.204475619088612, 31.873368685618633 ], [ 35.20449257743401, 31.873413681009517 ], [ 35.20451131236171, 31.873458160653684 ], [ 35.204531789003035, 31.873502071339963 ], [ 35.204553990453569, 31.873545379698662 ], [ 35.204577881845431, 31.873588018990954 ], [ 35.204603432535116, 31.873629955846241 ], [ 35.204630621392916, 31.87367112623193 ], [ 35.204659437854204, 31.873711503091336 ], [ 35.204689818515618, 31.873751024193023 ], [ 35.20472174118791, 31.873789651657503 ], [ 35.204755165716051, 31.873827341291406 ], [ 35.204790059342677, 31.87386404799987 ], [ 35.204826380855643, 31.873899725785815 ], [ 35.204864084813622, 31.873934349393988 ], [ 35.204903143742833, 31.873967872828064 ], [ 35.204943490010301, 31.874000241972901 ], [ 35.204985096138913, 31.874031447807354 ], [ 35.205027905063496, 31.874061437118772 ], [ 35.205071867115251, 31.874090172026143 ], [ 35.205082985502131, 31.874097449548497 ], [ 35.205093806896095, 31.87410505351799 ], [ 35.205104299593749, 31.874112963190722 ], [ 35.205114477334533, 31.874121170451012 ], [ 35.205124305242414, 31.874129683413543 ], [ 35.205133783319177, 31.874138477728838 ], [ 35.205142913679353, 31.874147541673231 ], [ 35.205151651935871, 31.87415687614622 ], [ 35.205160023453416, 31.874166471229092 ], [ 35.205167991245332, 31.874176292650095 ], [ 35.20517555636777, 31.874186348525942 ], [ 35.205182710367275, 31.874196621721339 ], [ 35.205189452187724, 31.87420710141431 ], [ 35.205195751182103, 31.874217770468359 ], [ 35.205201626373992, 31.87422861986623 ], [ 35.205207056627316, 31.874239639686664 ], [ 35.205212045113662, 31.874250813696811 ], [ 35.205216556958618, 31.874262124760001 ], [ 35.205220624925033, 31.874273557546861 ], [ 35.205224227876222, 31.874285110252597 ], [ 35.205227344677425, 31.874296754017355 ], [ 35.205229996464581, 31.874308496958871 ], [ 35.20523218218414, 31.87432029308351 ], [ 35.205233873300017, 31.87433215952462 ], [ 35.205235086723711, 31.874344065620722 ], [ 35.205235825625948, 31.874356005960976 ], [ 35.205236058303456, 31.874367953488647 ], [ 35.205235824916073, 31.874379904598541 ], [ 35.20523510432804, 31.874391843958339 ], [ 35.205233910279766, 31.874403748121033 ], [ 35.20523221740774, 31.874415607165073 ], [ 35.205230059531196, 31.874427412073853 ], [ 35.205227418684402, 31.874439153828117 ], [ 35.20522429909655, 31.874450805372916 ], [ 35.207031686640953, 31.878791683673629 ], [ 35.207037468075804, 31.878806194424275 ], [ 35.207042762280821, 31.878820831412156 ], [ 35.207047568198924, 31.87883559463733 ], [ 35.207051901684714, 31.878850456143596 ], [ 35.207056412565365, 31.878868331588393 ], [ 35.20706022906689, 31.878886314323918 ], [ 35.207063334279134, 31.878904396233004 ], [ 35.207065732429662, 31.878922569199393 ], [ 35.20706741295227, 31.878940776407113 ], [ 35.207068392755637, 31.878959038599067 ], [ 35.207068646476522, 31.878977309780698 ], [ 35.207068170943813, 31.878995589951842 ], [ 35.207066995751937, 31.879013843040315 ], [ 35.207065103991638, 31.879032042892227 ], [ 35.207062491435103, 31.879050186801862 ], [ 35.207059172880157, 31.879068242303699 ], [ 35.207055154668339, 31.87908619767407 ], [ 35.207050419890486, 31.879104025857238 ], [ 35.207045006595152, 31.8791217106216 ], [ 35.207038896816329, 31.879139224009467 ], [ 35.207032100066201, 31.879156557002784 ], [ 35.207024638540084, 31.879173691565626 ], [ 35.207016497442716, 31.879190599740362 ], [ 35.206599017082027, 31.880421977163525 ], [ 35.206579154384279, 31.880480079699954 ], [ 35.206561660155764, 31.880538733356431 ], [ 35.206546563997811, 31.880597875908681 ], [ 35.206533887057418, 31.88065743250618 ], [ 35.206523642026767, 31.880717322886934 ], [ 35.20651585005254, 31.88077748302219 ], [ 35.206510496346333, 31.880837852488828 ], [ 35.206507618968274, 31.880898321265033 ], [ 35.20650719255962, 31.880958851472798 ], [ 35.206509239325548, 31.881019356537021 ], [ 35.206513749763189, 31.881079761604912 ], [ 35.206520710141213, 31.881140004449023 ], [ 35.206530122583651, 31.881199993983802 ], [ 35.20654197970044, 31.881259669785482 ], [ 35.206556254020825, 31.88131895699992 ], [ 35.206572928642387, 31.881377792497151 ], [ 35.206591990891695, 31.881436087895977 ], [ 35.206613422808047, 31.881493797200989 ], [ 35.20663720009226, 31.881550820306348 ], [ 35.206663270961599, 31.881607114822344 ], [ 35.20669161428615, 31.881662596876097 ], [ 35.206722209991405, 31.881717203336866 ], [ 35.206755012635874, 31.881770882796555 ], [ 35.206789972552443, 31.881823542362525 ], [ 35.206827056981567, 31.881875137841714 ], [ 35.206866234221422, 31.881925606102687 ], [ 35.206907430292951, 31.881974884012038 ], [ 35.206950602924756, 31.882022900321257 ], [ 35.206995709843383, 31.88206961624779 ], [ 35.207042699264306, 31.882114962346328 ], [ 35.207091504604421, 31.882158893520458 ], [ 35.207142065622371, 31.882201352048405 ], [ 35.207194318905621, 31.882242281110091 ], [ 35.20724822006509, 31.882281639217435 ], [ 35.20730368454926, 31.882319363236732 ], [ 35.207360652112939, 31.882355440538138 ], [ 35.207419065684668, 31.882389792657875 ], [ 35.207478823798915, 31.88242239614269 ], [ 35.207539879951071, 31.882453205897342 ], [ 35.207602164383054, 31.882482192156996 ], [ 35.207665578799926, 31.882509313432042 ], [ 35.207730060841889, 31.882534530038015 ], [ 35.207787185858471, 31.882554896298519 ], [ 35.207845062451881, 31.882573628434734 ], [ 35.207903625090573, 31.882590711112311 ], [ 35.207962834666212, 31.88260612539052 ], [ 35.208022612963923, 31.882619853229315 ], [ 35.208082890224453, 31.882631866668802 ], [ 35.208143600914504, 31.882642177430146 ], [ 35.208204667876196, 31.882650755749825 ], [ 35.208266055170462, 31.882657603429941 ], [ 35.208327653931306, 31.88266269070629 ], [ 35.208389431389577, 31.88266603831979 ], [ 35.208451313556658, 31.882667646268075 ], [ 35.208513208477626, 31.882667474867731 ], [ 35.208575070699339, 31.882665565601823 ], [ 35.208636816721594, 31.882661896824128 ], [ 35.208698382067794, 31.882656477551443 ], [ 35.208759716001055, 31.882649329426734 ], [ 35.208805323841588, 31.882642656134877 ], [ 35.208850644237081, 31.882634648104741 ], [ 35.208895594744384, 31.882625326076731 ], [ 35.208940166906174, 31.882614692756512 ], [ 35.208984272995579, 31.88260274633868 ], [ 35.20902787284593, 31.882589535521813 ], [ 35.209070921008525, 31.882575035053954 ], [ 35.209113358292363, 31.882559289124195 ], [ 35.209155128678461, 31.88254230855383 ], [ 35.209196200456823, 31.882524119495972 ], [ 35.209236513381029, 31.8825047309683 ], [ 35.209276022000665, 31.882484188964071 ], [ 35.209314682981102, 31.882462481759244 ], [ 35.209352439245926, 31.882439657150542 ], [ 35.209389263313582, 31.8824157412914 ], [ 35.209425092823984, 31.882390761236291 ], [ 35.209459909807904, 31.882364753960942 ], [ 35.209493645564308, 31.882337735697735 ], [ 35.209526285295063, 31.882309743422461 ], [ 35.209997449975013, 31.881955700895261 ], [ 35.210345029070794, 31.882035328163692 ], [ 35.210145433492734, 31.88227953298626 ], [ 35.210697870831666, 31.882775775378597 ], [ 35.21071498339613, 31.882790637790979 ], [ 35.210732685741881, 31.882804976241612 ], [ 35.210750950388501, 31.882818801551991 ], [ 35.210769762539421, 31.882832076746482 ], [ 35.210789093657333, 31.882844801824604 ], [ 35.210808932116215, 31.882856950632803 ], [ 35.210829235638762, 31.882868511446588 ], [ 35.210849994712532, 31.882879468934448 ], [ 35.210871185027969, 31.882889813175762 ], [ 35.21089276642131, 31.882899544169938 ], [ 35.210914741006476, 31.882908635763631 ], [ 35.210937063335223, 31.882917067214009 ], [ 35.210959703812875, 31.882924851146335 ], [ 35.210982649756112, 31.882931965916317 ], [ 35.211005870513482, 31.882938404308849 ], [ 35.211029333319686, 31.882944160010652 ], [ 35.211053008580045, 31.882949237530561 ], [ 35.211076884668067, 31.882953610715141 ], [ 35.211100908736434, 31.882957290385949 ], [ 35.211125070215488, 31.882960257604235 ], [ 35.211149337396677, 31.882962512369698 ], [ 35.211173679628232, 31.882964063700413 ], [ 35.211198083169485, 31.882964911596261 ], [ 35.211222498344242, 31.882965029001831 ], [ 35.211246904012967, 31.882964443873846 ], [ 35.211271254727158, 31.882963135469804 ], [ 35.211295566340041, 31.882961125433894 ], [ 35.211319766979599, 31.882958410158352 ], [ 35.21134384501908, 31.882954982428497 ], [ 35.2113677740345, 31.882950853066259 ], [ 35.211391533943605, 31.882946020267966 ], [ 35.211415062386635, 31.882940509284726 ], [ 35.211438377331049, 31.882934304785557 ], [ 35.211461418531066, 31.882927424806972 ], [ 35.211484164847526, 31.882919876563729 ], [ 35.21150661416609, 31.882911660957777 ], [ 35.211528704127183, 31.882902805044019 ], [ 35.211550434730484, 31.882893298000649 ], [ 35.211571763698153, 31.882883171391867 ], [ 35.212643152648916, 31.882393016155923 ], [ 35.212653404817765, 31.88238852497561 ], [ 35.212663802843458, 31.882384330497239 ], [ 35.21267438266181, 31.88238046157937 ], [ 35.21268509988171, 31.882376882148723 ], [ 35.21269597564207, 31.882373634591428 ], [ 35.212706958153419, 31.882370695459979 ], [ 35.212718056928331, 31.882368087300176 ], [ 35.212729249771435, 31.882365806504733 ], [ 35.212740526113599, 31.882363857582895 ], [ 35.212751889125627, 31.882362227007075 ], [ 35.212763302872247, 31.882360936421467 ], [ 35.212774759955145, 31.882359989433471 ], [ 35.212786248748152, 31.882359375221096 ], [ 35.212797759739097, 31.882359096489914 ], [ 35.21280926861872, 31.882359150534491 ], [ 35.212820767988823, 31.882359556293476 ], [ 35.212832256792403, 31.882360286711801 ], [ 35.212843693809489, 31.8823613508081 ], [ 35.212855098064956, 31.882362757600539 ], [ 35.212866416712508, 31.882364498973025 ], [ 35.212877673004584, 31.882366564103375 ], [ 35.212888845802809, 31.882368962010091 ], [ 35.212899899171639, 31.882371676460426 ], [ 35.21291085107908, 31.882374724589127 ], [ 35.21292167298806, 31.882378087457884 ], [ 35.212932337418572, 31.88238176777244 ], [ 35.212942853883007, 31.882385762827255 ], [ 35.212953211812064, 31.882390056389415 ], [ 35.212963390067209, 31.882394645753624 ], [ 35.212973368567049, 31.882399543545702 ], [ 35.212983155766771, 31.882404720005162 ], [ 35.212992719958677, 31.88241018505239 ], [ 35.213002053744233, 31.882415928767355 ], [ 35.213011164521824, 31.882421934917058 ], [ 35.213020020583713, 31.882428211618215 ], [ 35.213028613474428, 31.882434749852642 ], [ 35.213036942136782, 31.88244152256539 ], [ 35.213044994944646, 31.882448539676759 ], [ 35.213052765556441, 31.88245579848132 ], [ 35.213060238117997, 31.882463275531606 ], [ 35.213067403116881, 31.882470967220385 ], [ 35.213074242585144, 31.882478859118457 ], [ 35.21308077343356, 31.882486948520299 ], [ 35.213086978751164, 31.882495227309555 ], [ 35.2130928447977, 31.882503685566235 ], [ 35.213098361003574, 31.882512298940867 ], [ 35.21310351785641, 31.882521072844686 ], [ 35.2131083386085, 31.882530001866456 ], [ 35.213112788380862, 31.882539064362529 ], [ 35.213859367829649, 31.883451721295135 ], [ 35.220436333144072, 31.883220319067092 ], [ 35.222763304740724, 31.879540598331559 ], [ 35.222838658538862, 31.879416381389461 ], [ 35.222908999048002, 31.879290047319547 ], [ 35.222975115584475, 31.879159924962707 ], [ 35.223035912389207, 31.879027917290934 ], [ 35.223091309177462, 31.878894189354437 ], [ 35.223141241520594, 31.878758917925424 ], [ 35.223185657669426, 31.878622241897283 ], [ 35.223224492140986, 31.878484338942922 ], [ 35.22325770270195, 31.87834536238292 ], [ 35.223285249237229, 31.878205495297706 ], [ 35.225553727644289, 31.870523629015942 ], [ 35.225836092017687, 31.869528388500129 ], [ 35.225950999063286, 31.869134039170376 ], [ 35.226080163581649, 31.86874291581529 ], [ 35.226223444912328, 31.86835538996424 ], [ 35.226380717196989, 31.867971830435415 ], [ 35.226551811258702, 31.86759260875343 ], [ 35.226736580120672, 31.867218090124037 ], [ 35.228090344291182, 31.864397350910277 ], [ 35.228112684324529, 31.864341660576041 ], [ 35.228132793482139, 31.864285328411199 ], [ 35.228150632685264, 31.864228448212771 ], [ 35.228166177645129, 31.864171088524333 ], [ 35.22817941780847, 31.864113306163794 ], [ 35.228190335227708, 31.864055173281077 ], [ 35.228198926747666, 31.863996751202084 ], [ 35.228205159626953, 31.863938112078358 ], [ 35.228209039166671, 31.86387933076205 ], [ 35.228210583345763, 31.8638204667723 ], [ 35.228209746742998, 31.863761594967411 ], [ 35.22820656847216, 31.863702777569156 ], [ 35.228201021075733, 31.863644086727767 ], [ 35.228193139442403, 31.863585595487276 ], [ 35.228182909851512, 31.863527374192302 ], [ 35.228170355562888, 31.863469467931193 ], [ 35.228155499845776, 31.863411976804237 ], [ 35.228138338485572, 31.863354947706654 ], [ 35.228118907426527, 31.863298450976277 ], [ 35.228097234159264, 31.863242557853791 ], [ 35.228073322923706, 31.863187323349496 ], [ 35.228058276624381, 31.863145425895517 ], [ 35.228041743621262, 31.863103933550853 ], [ 35.228023751396989, 31.863062884188704 ], [ 35.228004301019133, 31.863022331016627 ], [ 35.227983434760795, 31.862982292967295 ], [ 35.227961131495178, 31.862942804312453 ], [ 35.227632105058092, 31.862187238998704 ], [ 35.227619976476817, 31.862144250808313 ], [ 35.227606139294522, 31.862101650615013 ], [ 35.227590597745944, 31.862059472687587 ], [ 35.227573376146701, 31.862017773838158 ], [ 35.227554509377057, 31.861976598251811 ], [ 35.227533991107919, 31.861936000940698 ], [ 35.227511867841152, 31.861896015266357 ], [ 35.227488159667985, 31.86185671607797 ], [ 35.22746288878183, 31.861818111488571 ], [ 35.227436083726879, 31.861780274542554 ], [ 35.227407791005618, 31.861743246717896 ], [ 35.22737802753003, 31.861707051459366 ], [ 35.227346838749916, 31.861671756398238 ], [ 35.227314244746815, 31.861637384077028 ], [ 35.227280308930851, 31.861603984088138 ], [ 35.226718000839647, 31.860935905897783 ], [ 35.226606927135762, 31.86083156613844 ], [ 35.226500187679321, 31.860723980978339 ], [ 35.226397893440833, 31.860613300120754 ], [ 35.226300187083297, 31.860499635388127 ], [ 35.226207191195144, 31.860383127463873 ], [ 35.226119005118427, 31.860263933266907 ], [ 35.226035741924761, 31.86014217544459 ], [ 35.225957496726892, 31.860018019032303 ], [ 35.225884376257305, 31.859891617339947 ], [ 35.225816467168322, 31.859763112857198 ], [ 35.225753840263735, 31.859632668817209 ], [ 35.225696602270837, 31.859500437626842 ], [ 35.225644775383891, 31.859366583425267 ], [ 35.22559846210082, 31.859231259520467 ], [ 35.225337382552617, 31.858424465223276 ], [ 35.225103643156508, 31.857611592711251 ], [ 35.224897419789592, 31.856793312180766 ], [ 35.224718916837077, 31.855970303729233 ], [ 35.224568246736659, 31.855143243839187 ], [ 35.22451489973686, 31.854926599591561 ], [ 35.224469141403802, 31.854708702823853 ], [ 35.224431000237793, 31.854489730301655 ], [ 35.224400498402957, 31.854269893059719 ], [ 35.224377698210091, 31.854049376876077 ], [ 35.224368407566757, 31.853946368904964 ], [ 35.224363385586706, 31.853843146783642 ], [ 35.224362600575013, 31.853739841282284 ], [ 35.22436606415458, 31.853636561522251 ], [ 35.224373783726875, 31.853533454502163 ], [ 35.224385742389813, 31.853430652793133 ], [ 35.224401926408156, 31.853328265517725 ], [ 35.224422305144756, 31.853226427051244 ], [ 35.224446868037312, 31.85312526545378 ], [ 35.224475571767812, 31.853024896162502 ], [ 35.224508398379982, 31.85292545715766 ], [ 35.224545301386996, 31.852827062974153 ], [ 35.224586220567559, 31.852729832657083 ], [ 35.224631112607263, 31.852633889758767 ], [ 35.224679936305016, 31.852539354223666 ], [ 35.228081378765673, 31.848218081875579 ], [ 35.228145306536035, 31.848137973372346 ], [ 35.228205937484006, 31.84805602369849 ], [ 35.228263195560579, 31.847972326659626 ], [ 35.228317033246128, 31.847886987781422 ], [ 35.228367361814335, 31.847800097263487 ], [ 35.228414139032409, 31.84771177505991 ], [ 35.228457304704555, 31.847622125795677 ], [ 35.22849678278731, 31.847531251392013 ], [ 35.228532570141191, 31.847439269091804 ], [ 35.228564578043297, 31.847346267289883 ], [ 35.228592812867198, 31.847252381264092 ], [ 35.228617202799491, 31.847157721050596 ], [ 35.228904514577394, 31.846291692194708 ], [ 35.229054087880719, 31.845843143407993 ], [ 35.229488450814159, 31.844711086753971 ], [ 35.229708080853918, 31.843955656695936 ], [ 35.229770535314877, 31.843828913396329 ], [ 35.229827729018666, 31.843700383351216 ], [ 35.229879578549799, 31.843570213579124 ], [ 35.229926039586665, 31.843438564620239 ], [ 35.22996705724654, 31.843305610543062 ], [ 35.230002570304556, 31.843171502870579 ], [ 35.230032550293117, 31.843036421077372 ], [ 35.230056937046186, 31.842900519390483 ], [ 35.230075706320292, 31.842763960147597 ], [ 35.230088855005135, 31.842626921915954 ], [ 35.230096338789686, 31.842489590482508 ], [ 35.230098183082951, 31.842352112844569 ], [ 35.232077229260952, 31.842164522156171 ], [ 35.232986508852058, 31.841880090782855 ], [ 35.241915036411555, 31.845916386659816 ], [ 35.248342714366679, 31.845621962658242 ], [ 35.249947308584325, 31.844565231926264 ], [ 35.25001563327821, 31.844516279561397 ], [ 35.250085881551229, 31.844469353018273 ], [ 35.250157969962423, 31.84442450191996 ], [ 35.250231810849073, 31.844381784909196 ], [ 35.250307322888794, 31.844341262430696 ], [ 35.250384420521144, 31.844302964267932 ], [ 35.250463007629399, 31.844266940048279 ], [ 35.250542993373152, 31.84423322316454 ], [ 35.250624286925166, 31.844201877672258 ], [ 35.250706777365899, 31.844172920737506 ], [ 35.25079039815747, 31.844146390255577 ], [ 35.250875033102432, 31.844122312413017 ], [ 35.250960569184556, 31.844100740450902 ], [ 35.251046927171068, 31.844081668980692 ], [ 35.251133998263278, 31.84406512959853 ], [ 35.251221678939508, 31.84405114037154 ], [ 35.251609324501068, 31.843150003332379 ], [ 35.2524571046212, 31.842755632221849 ], [ 35.252460985501024, 31.84273967744446 ], [ 35.25246550877165, 31.842723849622388 ], [ 35.252470679722194, 31.842708164987044 ], [ 35.25247647406092, 31.842692640680966 ], [ 35.252482879116137, 31.84267729113758 ], [ 35.252489919199824, 31.84266214701158 ], [ 35.252497541492787, 31.842647219141771 ], [ 35.252505784031342, 31.842632515632463 ], [ 35.252514600343034, 31.842618065357236 ], [ 35.25252399677435, 31.842603886350748 ], [ 35.25253396488003, 31.842589993946778 ], [ 35.252544468741384, 31.842576391764045 ], [ 35.252555535841168, 31.842563113161702 ], [ 35.25256711970227, 31.842550176191196 ], [ 35.252579230886226, 31.842537573634342 ], [ 35.252591830315282, 31.842525332558576 ], [ 35.252604926456137, 31.842513487231006 ], [ 35.252618484433363, 31.842502010607408 ], [ 35.252632500045493, 31.842490958603008 ], [ 35.252646948985436, 31.842480312286803 ], [ 35.25266182915253, 31.842470099616321 ], [ 35.252677101464087, 31.842460335935222 ], [ 35.25269275430017, 31.842451023952524 ], [ 35.252708777100189, 31.842442172689875 ], [ 35.25272515930623, 31.842433797481828 ], [ 35.252741858669111, 31.842425919985875 ], [ 35.2527588751799, 31.84241851945956 ], [ 35.252776166595787, 31.842411631989911 ], [ 35.252793733974244, 31.842405259380129 ], [ 35.252811543508045, 31.84239940073908 ], [ 35.252829574075918, 31.842394074110231 ], [ 35.252847817230375, 31.842389288514624 ], [ 35.252866250778233, 31.842385026824253 ], [ 35.252884833528171, 31.84238131340199 ], [ 35.25290355174355, 31.842378141939307 ], [ 35.252922387472658, 31.84237553047867 ], [ 35.252941330149895, 31.842373476317896 ], [ 35.252960322727411, 31.842371982180797 ], [ 35.25297939266936, 31.842371038138289 ], [ 35.252998461801248, 31.842370653233871 ], [ 35.253017552312869, 31.842370835576972 ], [ 35.253036622995481, 31.842371569849558 ], [ 35.253055649561702, 31.842372881311011 ], [ 35.253074602417975, 31.84237474111195 ], [ 35.253093483675151, 31.842377143840764 ], [ 35.253105539751388, 31.842378691118132 ], [ 35.253117656943665, 31.842379877638738 ], [ 35.253129818352285, 31.842380712426387 ], [ 35.253142009182135, 31.84238118556561 ], [ 35.253154201965643, 31.84238129886894 ], [ 35.253166392480345, 31.842381060454294 ], [ 35.253178573327233, 31.842380462207526 ], [ 35.25319071281082, 31.842379501433339 ], [ 35.253202818331474, 31.842378189853292 ], [ 35.253214862420414, 31.842376526574398 ], [ 35.253226820774671, 31.842374502586189 ], [ 35.253238702910359, 31.842372135922361 ], [ 35.25325047290373, 31.842369418478029 ], [ 35.253262134983764, 31.842366357466549 ], [ 35.253273659569551, 31.842362953799412 ], [ 35.253285056172807, 31.842359215590069 ], [ 35.253296274083667, 31.842355144658729 ], [ 35.253307334435029, 31.842350749115084 ], [ 35.253318201306804, 31.842346028970884 ], [ 35.253328882098643, 31.842340994143974 ], [ 35.253339348288534, 31.842335650956539 ], [ 35.253717753045557, 31.841999781716495 ], [ 35.254104565593991, 31.841670969964273 ], [ 35.254922266085295, 31.841074734336708 ], [ 35.256771273615144, 31.839711345745314 ], [ 35.256781592300243, 31.839703469957321 ], [ 35.256791583343123, 31.839695295774511 ], [ 35.256801213994557, 31.839686824110338 ], [ 35.256810504331284, 31.839678063976223 ], [ 35.256819429011792, 31.839669042436341 ], [ 35.256827970067931, 31.839659741460249 ], [ 35.256836121182864, 31.839650206142309 ], [ 35.25684390348502, 31.83964043557333 ], [ 35.256851262036534, 31.839630423459781 ], [ 35.256858196857529, 31.839620211286395 ], [ 35.256864720621884, 31.839609791834071 ], [ 35.256870812215304, 31.839599194871017 ], [ 35.256876457897192, 31.839588405972702 ], [ 35.256881660851384, 31.839577454898762 ], [ 35.256886421088026, 31.839566362391604 ], [ 35.256890715371711, 31.839555141085206 ], [ 35.256894555320784, 31.839543785564484 ], [ 35.256897919823658, 31.839532331008702 ], [ 35.256900807823598, 31.839520776516391 ], [ 35.256903222504924, 31.839509152749056 ], [ 35.256905170204249, 31.8394974551953 ], [ 35.256906621355014, 31.839485711822554 ], [ 35.256907599200332, 31.839473925328207 ], [ 35.256908091074457, 31.839462119164605 ], [ 35.256908094874746, 31.839450314074753 ], [ 35.256907624335071, 31.839438510053888 ], [ 35.256906666785767, 31.839426722437675 ], [ 35.256905226467161, 31.839414980985385 ], [ 35.256903298092446, 31.839403275778597 ], [ 35.25693627733731, 31.838788399378259 ], [ 35.256937381384645, 31.838755805578071 ], [ 35.256937208196, 31.838723186976495 ], [ 35.256935754628309, 31.838690594979521 ], [ 35.256933014357877, 31.838658057546382 ], [ 35.256929004314195, 31.838625626977777 ], [ 35.256923717114063, 31.838593324920371 ], [ 35.256917172852283, 31.838561195557055 ], [ 35.256909360978057, 31.838529264142942 ], [ 35.256900302643402, 31.838497576664164 ], [ 35.256890008430823, 31.838466168288555 ], [ 35.256878479412251, 31.838435068776089 ], [ 35.256865744137578, 31.838404330423199 ], [ 35.256851805781061, 31.838373961344963 ], [ 35.256836674930156, 31.838344007531095 ], [ 35.256820380126271, 31.83831450414295 ], [ 35.256802945685841, 31.83828548814698 ], [ 35.256784371623574, 31.838256988401593 ], [ 35.256764675911178, 31.838229029249689 ], [ 35.256743914561902, 31.838201656664928 ], [ 35.256722077020733, 31.838174888687373 ], [ 35.256225501506307, 31.837168426707059 ], [ 35.256194571961906, 31.837108638191133 ], [ 35.256161257527772, 31.83704978570201 ], [ 35.256125585714365, 31.836991954001405 ], [ 35.256087612544114, 31.836935205294928 ], [ 35.256047368681848, 31.836879594582271 ], [ 35.256004905935974, 31.836825210223754 ], [ 35.255960290884168, 31.836772098188106 ], [ 35.255913553141745, 31.836720330610198 ], [ 35.255864752950487, 31.836669960675525 ], [ 35.255813970628978, 31.836621053286677 ], [ 35.255761233673361, 31.836573669757041 ], [ 35.255706627675274, 31.836527857852438 ], [ 35.255650204427276, 31.836483678877951 ], [ 35.255592040010789, 31.836441176995294 ], [ 35.255532187275179, 31.836400416214801 ], [ 35.255470728635125, 31.836361431677791 ], [ 35.255407748623647, 31.836324271150758 ], [ 35.253928902032364, 31.835456213244417 ], [ 35.253882096922638, 31.835438487617637 ], [ 35.253836029624011, 31.835419374700301 ], [ 35.253790774105397, 31.835398918659131 ], [ 35.253746374739478, 31.835377125793329 ], [ 35.253702883312179, 31.835354043884418 ], [ 35.253660352647813, 31.835329681032622 ], [ 35.253618845090976, 31.835304074193985 ], [ 35.253578408194976, 31.835277256722115 ], [ 35.253539074717835, 31.835249249349683 ], [ 35.253500904897606, 31.835220104364822 ], [ 35.25346395051136, 31.835189852414373 ], [ 35.253428229523472, 31.835158506119267 ], [ 35.253393809572124, 31.835126131292974 ], [ 35.253360740320588, 31.835092757681149 ], [ 35.253329032346393, 31.835058416845843 ], [ 35.253298739549614, 31.835023164684724 ], [ 35.253269895749938, 31.834987037261467 ], [ 35.253242550612647, 31.834950070634626 ], [ 35.253216716840932, 31.834912327028071 ], [ 35.253192434589046, 31.834873835288629 ], [ 35.25316971444304, 31.834834648622415 ], [ 35.253148620860536, 31.834794811199572 ], [ 35.253129144357914, 31.834754380741831 ], [ 35.253111327201964, 31.834713386997038 ], [ 35.253095189492406, 31.834671898499305 ], [ 35.253080739694269, 31.834629951320153 ], [ 35.253068011635598, 31.834587604068979 ], [ 35.253057007448895, 31.83454490634676 ], [ 35.253047746169067, 31.834501908650996 ], [ 35.253040246829741, 31.834458658773436 ], [ 35.253034491493956, 31.834415210830656 ], [ 35.253026119161184, 31.834351831240461 ], [ 35.253015198974545, 31.834288724824763 ], [ 35.253001765837787, 31.83422597814841 ], [ 35.252985819784939, 31.834163657045011 ], [ 35.252967368250836, 31.834101841775048 ], [ 35.252946447188755, 31.834040604473209 ], [ 35.252923085153554, 31.833980009159855 ], [ 35.252897303311535, 31.833920134286977 ], [ 35.252869135503687, 31.833861054695163 ], [ 35.252795644216391, 31.833718181518432 ], [ 35.25271882614981, 31.833576590874635 ], [ 35.252450440710717, 31.832863950361133 ], [ 35.252271359694475, 31.832629772738748 ], [ 35.252100167677696, 31.832391333879968 ], [ 35.251937015764796, 31.832148826762797 ], [ 35.251782028647469, 31.831902447078459 ], [ 35.251779239377633, 31.831881533346589 ], [ 35.251775618795854, 31.831860701941491 ], [ 35.251771173260082, 31.831839997953189 ], [ 35.251765892210443, 31.831819428599587 ], [ 35.251759810518585, 31.831799020924972 ], [ 35.251752915525024, 31.831778812810494 ], [ 35.251745226244161, 31.83175880334829 ], [ 35.251736735300902, 31.831739036730703 ], [ 35.251727473334824, 31.831719524671986 ], [ 35.251717419234055, 31.831700301448549 ], [ 35.251706625815594, 31.83168136523998 ], [ 35.251695081480811, 31.83166276474924 ], [ 35.251682799965259, 31.831644506284693 ], [ 35.251669809798713, 31.831626608775927 ], [ 35.251656102545653, 31.831609107397203 ], [ 35.251641717296209, 31.831592013859993 ], [ 35.251626646662636, 31.83157534349774 ], [ 35.251610932910182, 31.83155912245045 ], [ 35.251594562312569, 31.8315433651516 ], [ 35.251577600368059, 31.831528082402748 ], [ 35.25156002702407, 31.831513316596382 ], [ 35.251541883473195, 31.831499055995558 ], [ 35.251523170790904, 31.831485345691778 ], [ 35.251503930169669, 31.831472173948075 ], [ 35.251484181689911, 31.831459564205893 ], [ 35.25146393592491, 31.83144753990959 ], [ 35.251414916759863, 31.831389169860177 ], [ 35.251368190408726, 31.831329446321288 ], [ 35.251323820272262, 31.831268422484584 ], [ 35.251281858136387, 31.831206164170865 ], [ 35.251242354739297, 31.831142758845541 ], [ 35.251205344959558, 31.831078260610621 ], [ 35.251170870017965, 31.831012734388171 ], [ 35.251138972201893, 31.83094627035139 ], [ 35.251109683230347, 31.830878947854476 ], [ 35.251107116378428, 31.83087656687843 ], [ 35.251104631894968, 31.830874123650005 ], [ 35.251102255127918, 31.8308716082412 ], [ 35.25109999347211, 31.830869021551546 ], [ 35.251097816296266, 31.830866369903376 ], [ 35.251095764795018, 31.830863646971164 ], [ 35.251093819965625, 31.830860879815958 ], [ 35.251091993414889, 31.830858037771645 ], [ 35.251090278818474, 31.830855153306427 ], [ 35.251088681456871, 31.830852223713169 ], [ 35.251087214005437, 31.830849247184297 ], [ 35.251085870127618, 31.830846227329143 ], [ 35.251084632920076, 31.830843159643692 ], [ 35.251083543589914, 31.830840067563166 ], [ 35.251082569389439, 31.830836948392115 ], [ 35.251081724046891, 31.830833792206054 ], [ 35.251081013908262, 31.830830617941722 ], [ 35.251080423128442, 31.83082742560395 ], [ 35.251079967548343, 31.83082420526766 ], [ 35.251079649292762, 31.830820985791132 ], [ 35.251079456738161, 31.83081775815949 ], [ 35.251079403615798, 31.830814519663015 ], [ 35.251079476201575, 31.830811290146436 ], [ 35.251079674492495, 31.830808062395022 ], [ 35.251080021726821, 31.830804833696092 ], [ 35.251080486222726, 31.830801623899905 ], [ 35.251081085936811, 31.83079843029542 ], [ 35.251081824043396, 31.830795265507437 ], [ 35.251082667787252, 31.830792108803628 ], [ 35.251083659437455, 31.830788997146573 ], [ 35.25108476834842, 31.830785902588538 ], [ 35.25108601248661, 31.830782845866398 ], [ 35.251087373892354, 31.830779822476426 ], [ 35.251088862079158, 31.830776847746996 ], [ 35.251090467540699, 31.83077392348476 ], [ 35.251092197670594, 31.830771047883683 ], [ 35.251094035568933, 31.830768224556358 ], [ 35.251095988630816, 31.830765455304189 ], [ 35.251098057912245, 31.830762739225005 ], [ 35.251100242361005, 31.830760086239366 ], [ 35.251102522971358, 31.830757516193607 ], [ 35.251104908185276, 31.830755008342781 ], [ 35.251107402228875, 31.830752564489305 ], [ 35.251109988207951, 31.830750201773288 ], [ 35.251112669290755, 31.830747918390145 ], [ 35.251115448647063, 31.830745716142495 ], [ 35.251118299872566, 31.830743604958709 ], [ 35.251121245142443, 31.830741565893355 ], [ 35.251124287633658, 31.830739617884088 ], [ 35.251127380874173, 31.830737777178307 ], [ 35.251130559708344, 31.830736008593497 ], [ 35.251133824150969, 31.830734347301476 ], [ 35.25113712877689, 31.830732787003274 ], [ 35.251140497880719, 31.830731324985923 ], [ 35.25114394202587, 31.830729961246195 ], [ 35.251147436917684, 31.830728698496991 ], [ 35.251150976220451, 31.830727542151383 ], [ 35.251154545146562, 31.830726494919396 ], [ 35.251158179607359, 31.83072554686974 ], [ 35.251161834187918, 31.830724716053208 ], [ 35.251165520504522, 31.830723994349636 ], [ 35.251169249119464, 31.830723379050269 ], [ 35.251172987287028, 31.830722871968828 ], [ 35.251176746631451, 31.830722483923804 ], [ 35.251180518697545, 31.830722204095803 ], [ 35.251184310883104, 31.830722040599046 ], [ 35.251188093606459, 31.830721983522356 ], [ 35.25119187321139, 31.830722046391458 ], [ 35.251195667650691, 31.830722217476847 ], [ 35.25119942833625, 31.83072250491005 ], [ 35.251203188006961, 31.830722890644193 ], [ 35.25120693928104, 31.830723404442299 ], [ 35.251210657853932, 31.83072402556947 ], [ 35.251214343726069, 31.830724754927584 ], [ 35.251218001122403, 31.83072559161349 ], [ 35.251221621592641, 31.830726536531603 ], [ 35.251225204081599, 31.830727592387841 ], [ 35.251228743305305, 31.830728753772689 ], [ 35.251232230814587, 31.830730024296216 ], [ 35.251235652869077, 31.83073138502391 ], [ 35.251239033771768, 31.830732853083322 ], [ 35.251242341830249, 31.830734423073153 ], [ 35.251245585492974, 31.830736089579776 ], [ 35.251248764757634, 31.830737847192086 ], [ 35.251251871177338, 31.830739704931148 ], [ 35.251254894183397, 31.830741650174467 ], [ 35.251257831665789, 31.830743689235547 ], [ 35.251260694185241, 31.830745815798291 ], [ 35.251263462721923, 31.83074801634088 ], [ 35.251266147845357, 31.830750305289566 ], [ 35.251268724197281, 31.830752668222708 ], [ 35.251271220305355, 31.830755120462801 ], [ 35.251359423987324, 31.830776159381845 ], [ 35.251446760459707, 31.830799698412534 ], [ 35.251533136754169, 31.830825697904448 ], [ 35.251618437736916, 31.830854160600733 ], [ 35.251702589446083, 31.83088503061245 ], [ 35.251785482017219, 31.830918283626353 ], [ 35.251867038318153, 31.830953862852986 ], [ 35.251947156941199, 31.830991760210097 ], [ 35.252025744904984, 31.831031911698751 ], [ 35.252102717687201, 31.83107427405999 ], [ 35.252178001335459, 31.831118820264713 ], [ 35.252251500745416, 31.831165466474697 ], [ 35.252323141965554, 31.831214190170265 ], [ 35.252392829896969, 31.831264922844749 ], [ 35.25246050113477, 31.831317605901717 ], [ 35.252474247419102, 31.831327458665275 ], [ 35.252488374870168, 31.831336905477681 ], [ 35.252502871859406, 31.831345926501939 ], [ 35.252517727821733, 31.831354518133963 ], [ 35.252532910007169, 31.831362673169306 ], [ 35.252548432139051, 31.831370370861105 ], [ 35.252564238237198, 31.831377625656565 ], [ 35.252580330394828, 31.83138439336464 ], [ 35.252596685380446, 31.831390692931297 ], [ 35.252613283118137, 31.831396512638925 ], [ 35.252630102478037, 31.831401846181219 ], [ 35.25264712232471, 31.831406674626223 ], [ 35.252664329981741, 31.831410997977851 ], [ 35.252681709607636, 31.831414825259507 ], [ 35.252699225282448, 31.831418147464191 ], [ 35.252716867482953, 31.831420928521226 ], [ 35.252734615101701, 31.831423213529369 ], [ 35.252752425872721, 31.831424975446865 ], [ 35.252770321975014, 31.831426205248153 ], [ 35.252788236862436, 31.831426911972894 ], [ 35.252806172651312, 31.831427104638855 ], [ 35.25282412193507, 31.831426756193121 ], [ 35.252842035073435, 31.831425885590303 ], [ 35.252859897280018, 31.831424499147975 ], [ 35.252877695872051, 31.831422582440823 ], [ 35.252895421344483, 31.831420140882958 ], [ 35.25291302933524, 31.831417185310716 ], [ 35.252930499778238, 31.831413726552711 ], [ 35.252947823157378, 31.831409744771531 ], [ 35.252964984695033, 31.831405266125401 ], [ 35.252981948471643, 31.831400282509339 ], [ 35.252998700761999, 31.831394811062804 ], [ 35.25301522888298, 31.831388836458711 ], [ 35.253031505384101, 31.831382392074072 ], [ 35.253047516533066, 31.831375478815239 ], [ 35.253063231699272, 31.831368104808774 ], [ 35.253078649822996, 31.831360262840391 ], [ 35.25309372971423, 31.831351970058435 ], [ 35.253108484060917, 31.831343253514223 ], [ 35.253122879052334, 31.831334096083722 ], [ 35.253136892520317, 31.831324532044246 ], [ 35.253150513901339, 31.831314561399257 ], [ 35.253163713622484, 31.831304194980579 ], [ 35.253176502255187, 31.831293450821747 ], [ 35.254300656616564, 31.830582511098978 ], [ 35.254332747551615, 31.830555743711979 ], [ 35.254365915314445, 31.830529940929367 ], [ 35.254400108164873, 31.830505146957737 ], [ 35.25443530393251, 31.830481388858914 ], [ 35.254471442415728, 31.830458686492637 ], [ 35.254508477148718, 31.830437066928859 ], [ 35.254546380686847, 31.830416572562534 ], [ 35.254585095990514, 31.83039720701926 ], [ 35.25462457343194, 31.830379011799661 ], [ 35.254664781332082, 31.83036200855782 ], [ 35.254705642581804, 31.830346201828092 ], [ 35.254747138183681, 31.830331624984328 ], [ 35.254789197370542, 31.830318290675507 ], [ 35.254831783176726, 31.830306208833733 ], [ 35.254874823786416, 31.830295408341549 ], [ 35.254918286454064, 31.830285887405847 ], [ 35.254962110984096, 31.830277675807249 ], [ 35.255006241387655, 31.830270762742185 ], [ 35.255050625918301, 31.830265174381214 ], [ 35.255095221264057, 31.830260901720301 ], [ 35.255139945042067, 31.830257964627634 ], [ 35.255184776122952, 31.830256353189935 ], [ 35.2552296490244, 31.830256085466161 ], [ 35.255274490852578, 31.830257142542322 ], [ 35.255319268872725, 31.830259545171948 ], [ 35.255363922862387, 31.830263264516628 ], [ 35.255408396845773, 31.830268317730575 ], [ 35.255452638000136, 31.830274687696956 ], [ 35.255496595623313, 31.830282374433313 ], [ 35.255518452950014, 31.830286197996745 ], [ 35.255540447298849, 31.830289374889265 ], [ 35.255562569156041, 31.830291891586381 ], [ 35.255584773100054, 31.830293750809133 ], [ 35.255607041176987, 31.830294961582023 ], [ 35.25562934169087, 31.830295512191896 ], [ 35.255651650343452, 31.83029539813786 ], [ 35.255673949178259, 31.830294623033438 ], [ 35.255696205450221, 31.83029319049724 ], [ 35.255718377966076, 31.830291109561774 ], [ 35.255740452983304, 31.830288359489536 ], [ 35.255762413610263, 31.830284961930477 ], [ 35.255784214422945, 31.830280914194805 ], [ 35.255805835359055, 31.830276234326266 ], [ 35.255827264795116, 31.830270915114252 ], [ 35.255848463646423, 31.830264956572289 ], [ 35.255869394952406, 31.830258383062922 ], [ 35.255890054484389, 31.830251188274872 ], [ 35.255910407391596, 31.830243390257078 ], [ 35.255930440995975, 31.830234985406715 ], [ 35.255950116224021, 31.830225997185241 ], [ 35.255969400331743, 31.830216431015209 ], [ 35.25598830283441, 31.830206304930329 ], [ 35.256006775146496, 31.830195631573289 ], [ 35.256024799308072, 31.830184406441315 ], [ 35.256042372167926, 31.830172667412981 ], [ 35.256059446182007, 31.830160395566285 ], [ 35.256076015038772, 31.830147646817739 ], [ 35.256092064997311, 31.830134403135457 ], [ 35.256107555933262, 31.830120698803537 ], [ 35.256122484682351, 31.830106543743497 ], [ 35.256136822732259, 31.830091956002228 ], [ 35.256150559524052, 31.830076944602038 ], [ 35.256175222608945, 31.830050007069168 ], [ 35.256200930733264, 31.830023790642308 ], [ 35.256227676518705, 31.829998329593398 ], [ 35.256255393439957, 31.829973673546199 ], [ 35.256284093119582, 31.829949828808914 ], [ 35.256313721696849, 31.829926820651107 ], [ 35.25634423798877, 31.82990467794551 ], [ 35.256375623004523, 31.829883448495615 ], [ 35.256407831319713, 31.829863126905625 ], [ 35.25644081119367, 31.829843752873966 ], [ 35.25647456263507, 31.829825343535049 ], [ 35.256509022277839, 31.829807925965582 ], [ 35.256544158436732, 31.829791508292701 ], [ 35.256579906690853, 31.829776120299158 ], [ 35.256616260706146, 31.829761768299548 ], [ 35.25665316134743, 31.829748490191367 ], [ 35.258054908573385, 31.829667383968186 ], [ 35.25810418774897, 31.829670514483553 ], [ 35.258153551754717, 31.829672164125189 ], [ 35.258202957289228, 31.829672353651091 ], [ 35.258252339900793, 31.829671056029287 ], [ 35.258301647839197, 31.829668295628387 ], [ 35.258350806099813, 31.829664066162852 ], [ 35.258399765032983, 31.829658367650868 ], [ 35.258448458096026, 31.829651216350126 ], [ 35.258496822963949, 31.82964261318546 ], [ 35.258544816329241, 31.82963256628965 ], [ 35.258592356867688, 31.829621105453608 ], [ 35.258639408655853, 31.829608218065189 ], [ 35.258685901993793, 31.829593942929648 ], [ 35.25873176927896, 31.829578288188937 ], [ 35.258776992560705, 31.82956127098533 ], [ 35.258821476783638, 31.829542922016977 ], [ 35.25886518709396, 31.82952325392333 ], [ 35.258908064347047, 31.829502288371046 ], [ 35.258950051517488, 31.829480059651985 ], [ 35.25899110953074, 31.829456588523779 ], [ 35.259031173971103, 31.829431916495807 ], [ 35.259070203648093, 31.829406057111786 ], [ 35.259108163722978, 31.829379050968424 ], [ 35.259144983435881, 31.82935092604998 ], [ 35.259180640622965, 31.829321720242877 ], [ 35.259689423441607, 31.829103312280498 ], [ 35.261734620421819, 31.82814243898099 ], [ 35.264326412432808, 31.826999606344465 ], [ 35.266342239889582, 31.825722305485499 ], [ 35.265099383426843, 31.825495266627797 ], [ 35.264867821124966, 31.825449604321438 ], [ 35.264638104969961, 31.825397545867993 ], [ 35.264410494891045, 31.825339163317746 ], [ 35.264185219112775, 31.825274503484142 ], [ 35.263962517490349, 31.825203637527103 ], [ 35.263742630943874, 31.825126656448191 ], [ 35.261963802963074, 31.823654837984947 ], [ 35.261924587193072, 31.823621258817578 ], [ 35.261886754538423, 31.823586543677017 ], [ 35.26185032616231, 31.82355076380173 ], [ 35.261815364388802, 31.823513929088829 ], [ 35.26178189247716, 31.823476081015169 ], [ 35.261749962215546, 31.823437279985139 ], [ 35.261719626440829, 31.823397572875098 ], [ 35.261690896793304, 31.823357002068185 ], [ 35.261663802868959, 31.823315609038737 ], [ 35.261638398565097, 31.823273449681015 ], [ 35.261614694465692, 31.823230567280344 ], [ 35.26159272229021, 31.823187024954294 ], [ 35.261572522189638, 31.823142851547072 ], [ 35.261554110048436, 31.823098127317341 ], [ 35.261537493272513, 31.823052879318283 ], [ 35.261522712031173, 31.823007171565767 ], [ 35.2615097705743, 31.822961055463843 ], [ 35.261498697458414, 31.822914606756708 ], [ 35.26148949268898, 31.822867840776155 ], [ 35.261482159475705, 31.822820839589077 ], [ 35.261476736925786, 31.822773657291119 ], [ 35.261473193371963, 31.822726337183248 ], [ 35.261394382172675, 31.821543259305528 ], [ 35.261385359851282, 31.821439955812718 ], [ 35.261372069493582, 31.821336981339609 ], [ 35.261354546043492, 31.821234475656944 ], [ 35.261332785357347, 31.821132565924501 ], [ 35.261306843491916, 31.821031371161581 ], [ 35.261276740595527, 31.820931017615962 ], [ 35.261242509489335, 31.820831628824433 ], [ 35.261204190395546, 31.820733343652073 ], [ 35.261161847811259, 31.820636267585872 ], [ 35.261140073780645, 31.820586358978087 ], [ 35.261120369639485, 31.82053582639519 ], [ 35.261102767110572, 31.820484743777023 ], [ 35.261087266214062, 31.820433155314728 ], [ 35.261073909228358, 31.82038112321996 ], [ 35.261062696199126, 31.820328740383179 ], [ 35.261053646152845, 31.820276041067686 ], [ 35.261046774975902, 31.820223113648378 ], [ 35.261042099589261, 31.8201700059168 ], [ 35.261039599963922, 31.820116799046776 ], [ 35.261039308861726, 31.82006353631429 ], [ 35.261039154494334, 31.820033207395124 ], [ 35.261037787614839, 31.820002924034434 ], [ 35.261035203994737, 31.819972677215269 ], [ 35.26103140683675, 31.81994252916358 ], [ 35.261026405663671, 31.819912509636385 ], [ 35.26102021211257, 31.819882651997204 ], [ 35.261012801911171, 31.819852993230871 ], [ 35.261004231058941, 31.819823569389271 ], [ 35.26099448795712, 31.819794415648541 ], [ 35.260983562065022, 31.819765570791716 ], [ 35.260971496690757, 31.819737039311065 ], [ 35.260958299270072, 31.819708899663773 ], [ 35.260943972973891, 31.819681154553777 ], [ 35.26092853789244, 31.81965384455593 ], [ 35.260912025725638, 31.819626994007479 ], [ 35.260894448120986, 31.819600657014039 ], [ 35.260875824091833, 31.819574835371643 ], [ 35.260856164229303, 31.819549583186351 ], [ 35.26083551395898, 31.819524915771581 ], [ 35.260813900758855, 31.819500863779034 ], [ 35.260791316197057, 31.819477460579602 ], [ 35.260767805705086, 31.81945473321074 ], [ 35.260743414710525, 31.819432701495092 ], [ 35.260718141119455, 31.819411400604867 ], [ 35.260692019801454, 31.819390858483306 ], [ 35.260665108846958, 31.819371073304094 ], [ 35.260637413565661, 31.819352100077083 ], [ 35.260608973036575, 31.819333937885055 ], [ 35.260579822134027, 31.81931662459165 ], [ 35.260549997829635, 31.819300169200712 ], [ 35.258976997139783, 31.818029006356017 ], [ 35.258005850596511, 31.816772856418005 ], [ 35.257955454412794, 31.816502484789218 ], [ 35.257465667024498, 31.815670303887803 ], [ 35.257415645910456, 31.815581679506572 ], [ 35.257369068385145, 31.815491701113725 ], [ 35.257325985184835, 31.815400467897749 ], [ 35.25728644914863, 31.815308061009318 ], [ 35.25725051629621, 31.815214587751207 ], [ 35.257218203570929, 31.815120159949021 ], [ 35.257189557475385, 31.815024863264135 ], [ 35.25716460657712, 31.814928824848888 ], [ 35.257139496085372, 31.814832445586809 ], [ 35.257110543734079, 31.814736859496328 ], [ 35.257077766491435, 31.814642187415892 ], [ 35.25704121932575, 31.814548506881724 ], [ 35.257000947733019, 31.814455964875091 ], [ 35.256956976057964, 31.814364651568326 ], [ 35.256909375122852, 31.814274672448395 ], [ 35.256858205190667, 31.814186139318732 ], [ 35.25680350750946, 31.814099156774443 ], [ 35.256745357117609, 31.814013817674653 ], [ 35.256683816385753, 31.813930229312252 ], [ 35.256618971971186, 31.813848490854877 ], [ 35.256550887294985, 31.813768701478235 ], [ 35.25647964372358, 31.81369094321661 ], [ 35.25640531840002, 31.813615302614874 ], [ 35.256328005373334, 31.81354188424897 ], [ 35.256247810296543, 31.81347076653725 ], [ 35.256164797636451, 31.813402036930881 ], [ 35.25607907938484, 31.813335781962724 ], [ 35.255990768575273, 31.813272060208288 ], [ 35.255899953965773, 31.813210965423426 ], [ 35.255886610693757, 31.81320198855234 ], [ 35.255873635832423, 31.813192621054636 ], [ 35.255861042066556, 31.813182886374037 ], [ 35.255848860026752, 31.813172789911185 ], [ 35.255837068594928, 31.813162341593724 ], [ 35.255825720581818, 31.813151549520178 ], [ 35.255814817052887, 31.813140433530943 ], [ 35.255804354848152, 31.81312901166401 ], [ 35.255794368819259, 31.813117282103907 ], [ 35.255784837856986, 31.813105273716932 ], [ 35.255775823220155, 31.813092992795116 ], [ 35.255767293226242, 31.813080442956796 ], [ 35.255759261624419, 31.813067665682144 ], [ 35.255751754811165, 31.813054646532755 ], [ 35.255744790760637, 31.813041427889168 ], [ 35.255738340956889, 31.81302800976129 ], [ 35.255732452935661, 31.81301441287528 ], [ 35.255727101352463, 31.813000643552826 ], [ 35.255722309454789, 31.812986728841338 ], [ 35.255718079364435, 31.812972689482567 ], [ 35.255714408967599, 31.812958522771766 ], [ 35.255711306730554, 31.812944265681647 ], [ 35.255708796943694, 31.812929917302149 ], [ 35.255706847936267, 31.812915506503121 ], [ 35.255705488231733, 31.812901050409867 ], [ 35.255704710441549, 31.812886558945202 ], [ 35.255704501907893, 31.812872066383569 ], [ 35.25570489747917, 31.812857564596417 ], [ 35.255705862314919, 31.812843079749172 ], [ 35.255707408045936, 31.812828640696829 ], [ 35.255709534675319, 31.812814254654107 ], [ 35.255712243259815, 31.812799923424336 ], [ 35.255715520095272, 31.812785702024637 ], [ 35.255719357777878, 31.812771567911422 ], [ 35.256953802262039, 31.810484919543789 ], [ 35.256966285384912, 31.810460744812524 ], [ 35.256977794605568, 31.810436229526307 ], [ 35.256988332048614, 31.81041139803445 ], [ 35.256997889279425, 31.810386278297297 ], [ 35.257006442021343, 31.810360897379017 ], [ 35.257013990288208, 31.810335282335103 ], [ 35.257020538318343, 31.810309460219571 ], [ 35.257026048109324, 31.810283465316047 ], [ 35.257030523902117, 31.810257330089634 ], [ 35.257033987890203, 31.81023108429341 ], [ 35.257036391503689, 31.810204748687024 ], [ 35.257037772781537, 31.810178361134604 ], [ 35.257038098997185, 31.810151945997497 ], [ 35.257037387066696, 31.810125539343556 ], [ 35.257035633837035, 31.810099170934709 ], [ 35.257032842489629, 31.810072866021418 ], [ 35.257029007757509, 31.810046650759016 ], [ 35.257024146556631, 31.810020561215161 ], [ 35.257018262074972, 31.809994636167971 ], [ 35.257011363820844, 31.809968881024957 ], [ 35.257003441257211, 31.80994334358747 ], [ 35.256756608054253, 31.804279421154128 ], [ 35.256756457274548, 31.804205289529808 ], [ 35.256759294037337, 31.804131193831811 ], [ 35.256765085636594, 31.804057213433797 ], [ 35.256773859574238, 31.803983456547169 ], [ 35.256785588421998, 31.803909997132269 ], [ 35.256800240539761, 31.803836934402351 ], [ 35.2568178317904, 31.803764328774541 ], [ 35.256838327366985, 31.803692281266507 ], [ 35.256861704079178, 31.803620892891715 ], [ 35.256887922872572, 31.80355021506751 ], [ 35.256916973229323, 31.803480347900752 ], [ 35.256948810830309, 31.803411373473047 ], [ 35.257325147324558, 31.802893399765477 ], [ 35.257684726979491, 31.802366802051679 ], [ 35.258027288297917, 31.801832000825822 ], [ 35.258056402332905, 31.801786916074136 ], [ 35.258087288755007, 31.80174270546517 ], [ 35.258119909568663, 31.801699414103709 ], [ 35.258154251075617, 31.801657105122651 ], [ 35.258190249932134, 31.80161581461725 ], [ 35.258227877642916, 31.801575578670413 ], [ 35.258267086727692, 31.801536479365783 ], [ 35.2583078201652, 31.801498523937486 ], [ 35.25835004314736, 31.801461793562776 ], [ 35.258393721887735, 31.801426299976473 ], [ 35.258438776155771, 31.801392094611529 ], [ 35.258485169014193, 31.801359222572263 ], [ 35.258532833949801, 31.80132771274053 ], [ 35.258581743529881, 31.80129761021724 ], [ 35.258631814348405, 31.801268949301612 ], [ 35.258683006283071, 31.801241739025439 ], [ 35.258735244396263, 31.801216053366169 ], [ 35.258788476950109, 31.801191901359992 ], [ 35.258842637426092, 31.801169298361504 ], [ 35.258897677269729, 31.80114828316669 ], [ 35.258920197447317, 31.801139680294234 ], [ 35.25894235824304, 31.801130409282418 ], [ 35.258964115319465, 31.801120499908716 ], [ 35.258985473950361, 31.801109940447365 ], [ 35.259006398250094, 31.801098767887432 ], [ 35.25902684702568, 31.801086965109288 ], [ 35.259046800239339, 31.801074584427592 ], [ 35.259066245209304, 31.80106160690849 ], [ 35.259085161886944, 31.801048063222364 ], [ 35.259103496429354, 31.801033979542886 ], [ 35.259121262564037, 31.801019354963341 ], [ 35.259138425455291, 31.801004213846692 ], [ 35.259154954491017, 31.800988579652497 ], [ 35.259170848617565, 31.800972456890594 ], [ 35.259186078282575, 31.800955876234919 ], [ 35.259200632933997, 31.80093885302098 ], [ 35.259214467178651, 31.800921416124929 ], [ 35.259227606364419, 31.800903572752279 ], [ 35.259240004046347, 31.800885359896167 ], [ 35.259251663396881, 31.800866785672241 ], [ 35.259262550639001, 31.8008478789523 ], [ 35.259272668954388, 31.800828665888858 ], [ 35.259282015185036, 31.800809165422027 ], [ 35.259290558715207, 31.800789392894725 ], [ 35.259298278441001, 31.800769378977655 ], [ 35.259305205003329, 31.800749156126059 ], [ 35.259311300392696, 31.800728736078195 ], [ 35.259316558286976, 31.800708144990008 ], [ 35.259320982924891, 31.800687410817254 ], [ 35.259324552147589, 31.800666566034696 ], [ 35.259327288138408, 31.800645624161852 ], [ 35.259329167679333, 31.800624611360909 ], [ 35.25933020134832, 31.800603561898136 ], [ 35.259330381759483, 31.800582486598415 ], [ 35.259329695207043, 31.800561427853609 ], [ 35.259328151196911, 31.800540388365711 ], [ 35.260148741232079, 31.792576923619514 ], [ 35.260154462414967, 31.792530566530925 ], [ 35.260162072696048, 31.792484389097801 ], [ 35.260171550991878, 31.792438463475527 ], [ 35.260182889936466, 31.792392843777243 ], [ 35.260196085335792, 31.792347592231518 ], [ 35.260211088644837, 31.792302764770671 ], [ 35.260227917834889, 31.792258406479537 ], [ 35.260246541257906, 31.792214577793217 ], [ 35.260266918807581, 31.792171317505446 ], [ 35.260289061073159, 31.792128687838865 ], [ 35.260312913173991, 31.792086742924191 ], [ 35.260338454014281, 31.79204552876261 ], [ 35.260365653002232, 31.792005104886666 ], [ 35.260394482695745, 31.791965495655596 ], [ 35.2604248924494, 31.791926775940794 ], [ 35.260456865384199, 31.791888977312201 ], [ 35.260490348731174, 31.791852151194067 ], [ 35.260525313999217, 31.791816333669846 ], [ 35.260561712641049, 31.791781571652905 ], [ 35.260599507728266, 31.791747919266911 ], [ 35.260638631695706, 31.791715399984433 ], [ 35.260679056061178, 31.791684065220448 ], [ 35.260784359923264, 31.791602632393797 ], [ 35.260886556725339, 31.791518351735441 ], [ 35.260985524025358, 31.791431303564089 ], [ 35.261081151007424, 31.791341587133005 ], [ 35.261173344792908, 31.791249274633177 ], [ 35.261262019919478, 31.791154483345036 ], [ 35.261347072966529, 31.791057312519072 ], [ 35.261428419506345, 31.79095783434288 ], [ 35.261505971978394, 31.790856184134487 ], [ 35.261579659693993, 31.790752453014779 ], [ 35.261612852951174, 31.790705868722402 ], [ 35.261647937803531, 31.790660301870112 ], [ 35.261684868876877, 31.790615809290422 ], [ 35.261723586021269, 31.790572459545597 ], [ 35.261764057569756, 31.790530272487036 ], [ 35.261806227609085, 31.790489340123322 ], [ 35.261850068694059, 31.790449677794893 ], [ 35.261895493225488, 31.790411358583956 ], [ 35.261942448428833, 31.790374418583415 ], [ 35.261990895256176, 31.790338893880772 ], [ 35.262040766165796, 31.790304847630139 ], [ 35.262092002043907, 31.790272306908516 ], [ 35.262144545903332, 31.790241325847507 ], [ 35.262198317504094, 31.790211914397418 ], [ 35.262253271482543, 31.790184142016837 ], [ 35.26230931281799, 31.790158020465714 ], [ 35.262366390854837, 31.790133594855018 ], [ 35.262424440144279, 31.790110889559088 ], [ 35.262483379397644, 31.790089925351332 ], [ 35.262543153731194, 31.790070737424298 ], [ 35.262603667072547, 31.790053342950046 ], [ 35.262664856083525, 31.790037762695142 ], [ 35.262726638422919, 31.790024021943136 ], [ 35.262788948644136, 31.790012146872783 ], [ 35.262851705443445, 31.790002128497285 ], [ 35.262914843370638, 31.789993985780875 ], [ 35.262978276919355, 31.789987747616305 ], [ 35.263041921621983, 31.789983411331395 ], [ 35.263105696171174, 31.789980960725163 ], [ 35.263169544627786, 31.789980429188205 ], [ 35.263233373009541, 31.789981792408273 ], [ 35.262277073745437, 31.788528341890785 ], [ 35.262134088880288, 31.788270623120532 ], [ 35.261980556070853, 31.788017362537271 ], [ 35.261816682507316, 31.787768895509785 ], [ 35.261642643671742, 31.78752551052153 ], [ 35.261458673114106, 31.787287503246862 ], [ 35.261265003330422, 31.787055188298343 ], [ 35.261061866792573, 31.786828850526792 ], [ 35.260849517074611, 31.786608763050204 ], [ 35.260628227807516, 31.786395207997227 ], [ 35.259691878246116, 31.785437042498799 ], [ 35.258004465399118, 31.785294980838305 ], [ 35.257984393242005, 31.785292976954288 ], [ 35.257964405271338, 31.785290405774475 ], [ 35.257944533138946, 31.785287220391357 ], [ 35.257924807482709, 31.7852834586716 ], [ 35.257905251520391, 31.785279098962555 ], [ 35.257885874770281, 31.785274172825556 ], [ 35.257866719469106, 31.785268687460302 ], [ 35.25784778560385, 31.785262615811426 ], [ 35.257829127039891, 31.785255994835435 ], [ 35.257810740613586, 31.785248831748408 ], [ 35.257792662214683, 31.78524110940241 ], [ 35.257774897144273, 31.785232871986292 ], [ 35.257757482348275, 31.785224103253586 ], [ 35.257740438952183, 31.785214821233875 ], [ 35.257723782805883, 31.785205051173342 ], [ 35.257707528686531, 31.785194784048379 ], [ 35.25769170721842, 31.785184030670333 ], [ 35.257676339540119, 31.78517283612419 ], [ 35.257661426697346, 31.78516117966722 ], [ 35.257646997207885, 31.785149082933781 ], [ 35.257633066924988, 31.785136578384826 ], [ 35.257619661185629, 31.785123660600384 ], [ 35.257606773666794, 31.785110353932801 ], [ 35.257594456108407, 31.785096668284051 ], [ 35.25758267685304, 31.785082638837672 ], [ 35.257571497130115, 31.785068249338696 ], [ 35.257560902180074, 31.785053544884875 ], [ 35.257550906791728, 31.785038540802599 ], [ 35.257541533143261, 31.785023249709891 ], [ 35.257532793906883, 31.785007677013457 ], [ 35.257524689105743, 31.784991870511384 ], [ 35.25751721556729, 31.784975820284579 ], [ 35.257510418709032, 31.784959562390842 ], [ 35.257504276367328, 31.78494311487519 ], [ 35.257498821277018, 31.784926487646352 ], [ 35.257494029174723, 31.784909723099918 ], [ 35.257489924340796, 31.784892814914386 ], [ 35.257486517345825, 31.784875789239596 ], [ 35.257483805039612, 31.784858682150706 ], [ 35.257481781096175, 31.784841512588766 ], [ 35.257480463467033, 31.784824286860378 ], [ 35.257479842660061, 31.784807026613326 ], [ 35.257452669570363, 31.784038210851222 ], [ 35.257394954346204, 31.783270630571113 ], [ 35.257306740397247, 31.782505155999658 ], [ 35.257281463303563, 31.782287225210627 ], [ 35.257264549960233, 31.782068684498011 ], [ 35.257256007824417, 31.781849791791082 ], [ 35.257255880240692, 31.781630786967835 ], [ 35.257264113406613, 31.781411879276252 ], [ 35.257280731676268, 31.781193336555098 ], [ 35.257290685794523, 31.781061519747052 ], [ 35.25729546755769, 31.780929496444966 ], [ 35.257295034827173, 31.780797410960016 ], [ 35.257289417253865, 31.780665401264564 ], [ 35.257278614945825, 31.780533644120116 ], [ 35.257262631146673, 31.780402251353429 ], [ 35.25724150397599, 31.780271408729931 ], [ 35.257215226127428, 31.780141245213965 ], [ 35.257183861032509, 31.780011894253512 ], [ 35.25714742674441, 31.779883530797136 ], [ 35.257105958185448, 31.779756283792544 ], [ 35.257059508227286, 31.779630286689819 ], [ 35.254153961330104, 31.771008364457241 ], [ 35.25400570896101, 31.770573387962479 ], [ 35.253366309697121, 31.770502016068431 ], [ 35.252467158720066, 31.770455264727541 ], [ 35.252422112559962, 31.770451924119602 ], [ 35.252376962463437, 31.770449898425959 ], [ 35.25233176754314, 31.770449183118593 ], [ 35.252286555250407, 31.77044979261839 ], [ 35.252241395245463, 31.770451701651542 ], [ 35.25219634031528, 31.770454924631103 ], [ 35.252151435841718, 31.770459439898509 ], [ 35.252106742001345, 31.770465261864615 ], [ 35.252062310515818, 31.770472382396726 ], [ 35.252018177267395, 31.77048078254505 ], [ 35.251974404539048, 31.770490464995909 ], [ 35.251931054599879, 31.770501399969138 ], [ 35.251888157011194, 31.770513598278143 ], [ 35.251845758203586, 31.770527021129322 ], [ 35.251959535673912, 31.769838332838518 ], [ 35.252080937335158, 31.769473379145829 ], [ 35.25217653358866, 31.769200396011602 ], [ 35.252263599902221, 31.768925331309241 ], [ 35.252342093158902, 31.768648402415572 ], [ 35.252517866219939, 31.768135607849455 ], [ 35.252651940377525, 31.767695508218228 ] ] ], [ [ [ 35.172402357181326, 31.808256176887411 ], [ 35.172196232066575, 31.808256112471799 ], [ 35.171749221020029, 31.808262951908521 ], [ 35.171666389353547, 31.808282208880907 ], [ 35.172402357181326, 31.808256176887411 ] ] ], [ [ [ 35.139763522742129, 31.728711425233161 ], [ 35.139575483126926, 31.728662998789655 ], [ 35.139372428593539, 31.728617177083159 ], [ 35.139167628506911, 31.728577369432475 ], [ 35.138961368747232, 31.728543621086065 ], [ 35.138753847627086, 31.728515960108467 ], [ 35.138472146677373, 31.728514931971166 ], [ 35.138190504882765, 31.72852047777404 ], [ 35.138148307857684, 31.728522410334293 ], [ 35.138106202698445, 31.728525586592969 ], [ 35.13806425589172, 31.728529991257208 ], [ 35.138022498038175, 31.728535621639356 ], [ 35.137981015675066, 31.728542459752834 ], [ 35.137939801405267, 31.728550517317647 ], [ 35.137898949163159, 31.728559762823835 ], [ 35.137858485314524, 31.728570211618607 ], [ 35.13781847424243, 31.728581840291572 ], [ 35.137778938131618, 31.728594614585603 ], [ 35.137739937120195, 31.728608541751026 ], [ 35.137701528197383, 31.728623608293745 ], [ 35.137663738820486, 31.72863978446906 ], [ 35.137626625976033, 31.728657060390386 ], [ 35.137590218174573, 31.728675409019331 ], [ 35.137554570296821, 31.728694815056969 ], [ 35.137519709808466, 31.728715238838411 ], [ 35.137485685237017, 31.728736693018622 ], [ 35.137452555724757, 31.728759111797416 ], [ 35.137420341334177, 31.72878247715013 ], [ 35.13738906844231, 31.728806791798487 ], [ 35.13735879513672, 31.72883198994171 ], [ 35.137329547796107, 31.728858072497875 ], [ 35.137301351781076, 31.72888499438972 ], [ 35.137274265155732, 31.728912719577842 ], [ 35.137248295329115, 31.728941220109686 ], [ 35.137071427233863, 31.729148885664255 ], [ 35.136902088739909, 31.729361063783074 ], [ 35.136740416129115, 31.729577586831141 ], [ 35.136586570009285, 31.729798223155434 ], [ 35.136554399724666, 31.729874475825831 ], [ 35.136525129419468, 31.729951585165111 ], [ 35.136498801381045, 31.730029461014809 ], [ 35.136475364839356, 31.730108260269475 ], [ 35.136454945626426, 31.730187666454 ], [ 35.136437555423448, 31.730267597507936 ], [ 35.13642320273955, 31.730347979485462 ], [ 35.13641191932485, 31.730428705987414 ], [ 35.136403707354056, 31.73050970757307 ], [ 35.136398575346306, 31.730590898571741 ], [ 35.136396547659949, 31.730672179794315 ], [ 35.136376775208184, 31.733920621611965 ], [ 35.136401390342776, 31.733895172354462 ], [ 35.136698297090682, 31.733408238369144 ], [ 35.136859008795, 31.73295012780612 ], [ 35.136924205371464, 31.732475123087013 ], [ 35.136921729829915, 31.732259424921136 ], [ 35.136908003529861, 31.73196928098152 ], [ 35.136900197173439, 31.731678996222158 ], [ 35.136898331765806, 31.731388624767852 ], [ 35.13690239767444, 31.73109826581722 ], [ 35.136912382101308, 31.730808018566105 ], [ 35.13692829547761, 31.730517964186284 ], [ 35.136988395582051, 31.730156680226244 ], [ 35.137118552837478, 31.729818660215805 ], [ 35.137261090501973, 31.729579409527357 ], [ 35.137444666578276, 31.729361511590543 ], [ 35.137669718834516, 31.729174174431879 ], [ 35.137829690478519, 31.729074495422893 ], [ 35.138196816515027, 31.728908027774867 ], [ 35.138592183507519, 31.728798572629415 ], [ 35.138753235636642, 31.728771880260574 ], [ 35.139763522742129, 31.728711425233161 ] ] ], [ [ [ 35.144462246266507, 31.732142935694903 ], [ 35.144491243574699, 31.732201210023959 ], [ 35.144690258557816, 31.732462718147058 ], [ 35.145010706915293, 31.732743093585714 ], [ 35.145178357121814, 31.732841149320354 ], [ 35.144462246266507, 31.732142935694903 ] ] ] ] } }
]
}
