{
"type": "FeatureCollection",
"name": "palestine_border",
"crs": { "type": "name", "properties": { "name": "urn:ogc:def:crs:OGC:1.3:CRS84" } },
"features": [
{ "type": "Feature", "properties": { "adm0_name": "State of Palestine", "adm0_name1": "West Bank" }, "geometry": { "type": "MultiPolygon", "coordinates": [ [ [ [ 35.251861421217519, 32.523534212500998 ], [ 35.2519125, 32.5234819 ], [ 35.2521737, 32.5232606 ], [ 35.252413349336557, 32.523115556670326 ], [ 35.252422040000113, 32.52310981100004 ], [ 35.25242531071563, 32.523108317266818 ], [ 35.2525063, 32.5230593 ], [ 35.2532189, 32.522744 ], [ 35.2540151, 32.5224166 ], [ 35.2560264, 32.5216851 ], [ 35.256081144579824, 32.521666474289269 ], [ 35.256301085000189, 32.521576939000056 ], [ 35.256521067000051, 32.521495142000106 ], [ 35.256761997000126, 32.521403190000171 ], [ 35.257015067000111, 32.521313771000109 ], [ 35.257210944000065, 32.521252552000135 ], [ 35.257461017000026, 32.521152987000164 ], [ 35.257677664000084, 32.521064425000077 ], [ 35.257864554000093, 32.520990384000129 ], [ 35.258087350999972, 32.520893365000177 ], [ 35.258334436000098, 32.520811554000034 ], [ 35.258533300000011, 32.520742580000046 ], [ 35.258825427000147, 32.520609745000115 ], [ 35.259202029000051, 32.520464199000173 ], [ 35.259596767000176, 32.520344145000024 ], [ 35.260023930999978, 32.52021421600017 ], [ 35.260098929522051, 32.520189204197898 ], [ 35.2610355, 32.5198171 ], [ 35.262013255668272, 32.519498974079177 ], [ 35.262339559999987, 32.519378631000052 ], [ 35.262675088000037, 32.519258873000126 ], [ 35.263038871000049, 32.519112613000061 ], [ 35.263406464000184, 32.51893761000008 ], [ 35.263999015000081, 32.518692483000109 ], [ 35.264230780000162, 32.518593478000184 ], [ 35.264444107000145, 32.518532522000157 ], [ 35.264601897000034, 32.518482155000129 ], [ 35.264995619000103, 32.518355180000185 ], [ 35.265290563000178, 32.518237688000056 ], [ 35.265635049000082, 32.518093402000034 ], [ 35.266092278000031, 32.517938643000093 ], [ 35.266467534000128, 32.517806458000109 ], [ 35.266775112000175, 32.517686562000108 ], [ 35.267021175000025, 32.517592614000193 ], [ 35.267048180063725, 32.517584305463949 ], [ 35.2673119, 32.5174775 ], [ 35.26742856593598, 32.51746249818045 ], [ 35.267560204000119, 32.517415832000097 ], [ 35.267775519000111, 32.517349798000168 ], [ 35.268064645000038, 32.51724540400005 ], [ 35.268333143000064, 32.517134114000044 ], [ 35.268714536000061, 32.516986423 ], [ 35.269027456557495, 32.51686841847367 ], [ 35.2694469, 32.5166942 ], [ 35.270682, 32.516231 ], [ 35.27136053436724, 32.51597321590171 ], [ 35.271970127000088, 32.515735429000074 ], [ 35.27218326000019, 32.515650222000033 ], [ 35.272456074000047, 32.515542445000108 ], [ 35.27268151200002, 32.515457234000053 ], [ 35.27297061600018, 32.515337190000082 ], [ 35.273169441000164, 32.515246778000062 ], [ 35.273358134000091, 32.515172010000072 ], [ 35.273534520999988, 32.515100769000128 ], [ 35.273702602000128, 32.51503813 ], [ 35.273897447000024, 32.514965049000125 ], [ 35.274494324000102, 32.51480173300007 ], [ 35.274721071000101, 32.514690452000025 ], [ 35.274912431000132, 32.514628221000123 ], [ 35.275212698000018, 32.514548885000124 ], [ 35.275426172000095, 32.514484669000126 ], [ 35.275648630000035, 32.514426224000033 ], [ 35.275858948000064, 32.514366942000095 ], [ 35.276030208000179, 32.514340506000053 ], [ 35.276179331000151, 32.514280125000084 ], [ 35.276363869000136, 32.514216063000106 ], [ 35.276550742999973, 32.514165102000106 ], [ 35.276735282000061, 32.514102732000083 ], [ 35.276993323, 32.514042294000035 ], [ 35.277309227000046, 32.513974359000031 ], [ 35.27746933800006, 32.513938487000075 ], [ 35.27771539600019, 32.513865797000108 ], [ 35.27814231900004, 32.513711148000027 ], [ 35.278395862000139, 32.513645074000067 ], [ 35.278611659000148, 32.513579018000087 ], [ 35.278856225000141, 32.513514780000094 ], [ 35.279067540000142, 32.513463805000072 ], [ 35.279287840000052, 32.513416627000083 ], [ 35.279500652000081, 32.51336339400018 ], [ 35.27973191600006, 32.51330296600014 ], [ 35.279978794000044, 32.513219843000115 ], [ 35.280203419000031, 32.513176465000072 ], [ 35.280430343413947, 32.513131044624657 ], [ 35.280889293673432, 32.513006994035656 ], [ 35.281046336000088, 32.512953669000126 ], [ 35.281237693000037, 32.512900866000109 ], [ 35.28140138956482, 32.512868578606884 ], [ 35.2815308, 32.5128336 ], [ 35.2829004, 32.5124238 ], [ 35.2841249, 32.5120982 ], [ 35.2859854, 32.511554 ], [ 35.2868167, 32.5112719 ], [ 35.2878775, 32.5109427 ], [ 35.28859, 32.5107209 ], [ 35.2890302, 32.5106114 ], [ 35.2898932, 32.5104633 ], [ 35.2913026, 32.5102076 ], [ 35.2921181, 32.5100528 ], [ 35.2925614, 32.5099251 ], [ 35.292886, 32.5098914 ], [ 35.2932266, 32.5098979 ], [ 35.2934483, 32.5098642 ], [ 35.2943078, 32.5097142 ], [ 35.2953134, 32.5095995 ], [ 35.2962398, 32.5095721 ], [ 35.2967625, 32.509565 ], [ 35.297499, 32.5095845 ], [ 35.2990083, 32.5095974 ], [ 35.300212, 32.5096301 ], [ 35.3010832, 32.509683 ], [ 35.3021998, 32.5097224 ], [ 35.3036868, 32.5098158 ], [ 35.3047005, 32.5098552 ], [ 35.3054607, 32.5098546 ], [ 35.3063319, 32.5099142 ], [ 35.3070288, 32.5100075 ], [ 35.3074091, 32.5101547 ], [ 35.3078528, 32.5103152 ], [ 35.3085243, 32.5105109 ], [ 35.308581149293595, 32.510525167856976 ], [ 35.308699132000129, 32.510549213000104 ], [ 35.308900878000145, 32.51059048400009 ], [ 35.309056717000146, 32.510618824000119 ], [ 35.309279943000149, 32.510686000000192 ], [ 35.309394708784183, 32.510709280205177 ], [ 35.3101481, 32.5108246 ], [ 35.3178506, 32.5117571 ], [ 35.3185952, 32.5119307 ], [ 35.3188804, 32.5120243 ], [ 35.3198191, 32.5122457 ], [ 35.3205717, 32.512406 ], [ 35.3215539, 32.5126263 ], [ 35.3223223, 32.5128066 ], [ 35.3239207, 32.5131501 ], [ 35.3258221, 32.513698 ], [ 35.3264875, 32.5138851 ], [ 35.3269312, 32.5140322 ], [ 35.3274937, 32.5141657 ], [ 35.3284523, 32.5145 ], [ 35.3292434, 32.5147791 ], [ 35.3297743, 32.514973 ], [ 35.330226, 32.5152071 ], [ 35.3304559, 32.5153343 ], [ 35.330551, 32.5153878 ], [ 35.3306936, 32.5154413 ], [ 35.3308363, 32.5154737 ], [ 35.3309894, 32.51548 ], [ 35.3311195, 32.5154604 ], [ 35.3312687, 32.5154214 ], [ 35.3313682, 32.5154148 ], [ 35.3314906, 32.5154309 ], [ 35.3315902, 32.5154664 ], [ 35.3316974, 32.5155117 ], [ 35.3318199, 32.5155213 ], [ 35.3319499, 32.5154952 ], [ 35.332057, 32.5154368 ], [ 35.3321335, 32.5153914 ], [ 35.3322329, 32.5153524 ], [ 35.3323362, 32.5153231 ], [ 35.3324548, 32.51531 ], [ 35.3325887, 32.5153164 ], [ 35.3327189, 32.5153422 ], [ 35.3328299, 32.5153907 ], [ 35.3328989, 32.5154392 ], [ 35.3330368, 32.5155395 ], [ 35.3331096, 32.5155912 ], [ 35.3332244, 32.5156332 ], [ 35.3333457, 32.5156434 ], [ 35.3334529, 32.5156595 ], [ 35.3335678, 32.515708 ], [ 35.3336063, 32.5158473 ], [ 35.3336331, 32.5158991 ], [ 35.3336982, 32.5159217 ], [ 35.3337862, 32.5159248 ], [ 35.3338819, 32.5159312 ], [ 35.3339202, 32.51597 ], [ 35.3339586, 32.5160413 ], [ 35.3340008, 32.516106 ], [ 35.3340544, 32.5161448 ], [ 35.3341807, 32.5161739 ], [ 35.3343376, 32.5161769 ], [ 35.3347624, 32.5161797 ], [ 35.334992, 32.5161763 ], [ 35.3350724, 32.5161989 ], [ 35.335149, 32.5162539 ], [ 35.3353291, 32.5163768 ], [ 35.3358001, 32.5166063 ], [ 35.3362041, 32.5167986 ], [ 35.3367938, 32.5170409 ], [ 35.337326, 32.517238 ], [ 35.3379644, 32.5174534 ], [ 35.3391244, 32.5178312 ], [ 35.3399017, 32.5181186 ], [ 35.3404953, 32.5183837 ], [ 35.3410832, 32.5186635 ], [ 35.341493, 32.5188186 ], [ 35.3418988, 32.5189445 ], [ 35.3425037, 32.5190993 ], [ 35.3428329, 32.5191508 ], [ 35.3434444, 32.5192184 ], [ 35.3440338, 32.5192437 ], [ 35.3447647, 32.5192073 ], [ 35.3456293, 32.5190573 ], [ 35.3456806, 32.5190449 ], [ 35.3461059, 32.5189424 ], [ 35.3467983, 32.5187926 ], [ 35.347418, 32.5186493 ], [ 35.3477967, 32.518542 ], [ 35.3480568, 32.5184283 ], [ 35.3485147, 32.5182972 ], [ 35.3490771, 32.51818 ], [ 35.3495094, 32.5181244 ], [ 35.3498997, 32.5180883 ], [ 35.3502288, 32.5180685 ], [ 35.3504422, 32.5180664 ], [ 35.3505685, 32.5180825 ], [ 35.3508174, 32.51816 ], [ 35.3513075, 32.5183246 ], [ 35.3520463, 32.5185116 ], [ 35.3528694, 32.5186953 ], [ 35.353214, 32.5187662 ], [ 35.3535814, 32.5188046 ], [ 35.3541468, 32.5188331 ], [ 35.355004, 32.5188418 ], [ 35.3556545, 32.5188054 ], [ 35.356305, 32.518756 ], [ 35.3570237, 32.5186666 ], [ 35.3580452, 32.5184904 ], [ 35.3588179, 32.5182886 ], [ 35.3595599, 32.518061 ], [ 35.3600257, 32.5178838 ], [ 35.3602933, 32.5177539 ], [ 35.3604922, 32.5176921 ], [ 35.3607753, 32.5176399 ], [ 35.3613071, 32.517581 ], [ 35.3616838, 32.5175285 ], [ 35.3620341, 32.5174796 ], [ 35.3627112, 32.5173751 ], [ 35.3632806, 32.5172536 ], [ 35.3635943, 32.5171852 ], [ 35.3639425, 32.5171524 ], [ 35.3646082, 32.5170576 ], [ 35.3651674, 32.5169575 ], [ 35.3653006, 32.5169336 ], [ 35.3655775, 32.5168774 ], [ 35.3659523, 32.5167733 ], [ 35.3663998, 32.5166043 ], [ 35.3667439, 32.5164807 ], [ 35.3670576, 32.5163831 ], [ 35.367352, 32.5162823 ], [ 35.3681842, 32.515995 ], [ 35.3689904, 32.5157141 ], [ 35.3691173, 32.5156699 ], [ 35.3693812, 32.5155561 ], [ 35.3696145, 32.5155007 ], [ 35.369722, 32.5154694 ], [ 35.3698234, 32.5154409 ], [ 35.3700376, 32.5153629 ], [ 35.3703244, 32.5152361 ], [ 35.3708099, 32.515012 ], [ 35.3711366, 32.5148575 ], [ 35.3712496, 32.5148041 ], [ 35.3716969, 32.5145411 ], [ 35.3720523, 32.5143138 ], [ 35.3724482, 32.5140418 ], [ 35.3729259, 32.5137204 ], [ 35.373266, 32.5134964 ], [ 35.3734227, 32.5133764 ], [ 35.3735717, 32.5132336 ], [ 35.3737321, 32.5130455 ], [ 35.3738581, 32.512919 ], [ 35.3740391, 32.51278 ], [ 35.3743907, 32.5125333 ], [ 35.3747767, 32.5122833 ], [ 35.3750405, 32.5121469 ], [ 35.3754306, 32.5120168 ], [ 35.37557, 32.5119683 ], [ 35.3757237, 32.5119148 ], [ 35.3763125, 32.5116516 ], [ 35.3769204, 32.5113981 ], [ 35.377513, 32.5111284 ], [ 35.3780597, 32.510862 ], [ 35.3788829, 32.5104263 ], [ 35.3799541, 32.509814 ], [ 35.380893, 32.5092242 ], [ 35.3814912, 32.5088046 ], [ 35.3818547, 32.5085239 ], [ 35.3820794, 32.508333 ], [ 35.3821917, 32.5082152 ], [ 35.3823701, 32.5080132 ], [ 35.3826738, 32.5076149 ], [ 35.382964976472934, 32.50717434117292 ], [ 35.383016053000176, 32.507061017000183 ], [ 35.383099915, 32.506915072000083 ], [ 35.38316718599998, 32.506790004000038 ], [ 35.383267291000038, 32.506616281000163 ], [ 35.383377743000096, 32.506465087000095 ], [ 35.383498921000182, 32.506269073 ], [ 35.383627597000157, 32.506083193999984 ], [ 35.383683214355536, 32.506011875281352 ], [ 35.3839424, 32.5055343 ], [ 35.3842066, 32.5052033 ], [ 35.3843387, 32.5050686 ], [ 35.384504, 32.5049955 ], [ 35.3848216, 32.5049222 ], [ 35.3852054, 32.5048712 ], [ 35.385682, 32.5048481 ], [ 35.3861123, 32.5048531 ], [ 35.3865426, 32.5048917 ], [ 35.3872025, 32.5049621 ], [ 35.3878845, 32.5050396 ], [ 35.3884804, 32.5051004 ], [ 35.3892483, 32.5051553 ], [ 35.3900692, 32.5051877 ], [ 35.3904862, 32.5051871 ], [ 35.3906186, 32.5051645 ], [ 35.3908302, 32.5050633 ], [ 35.3911476, 32.5049003 ], [ 35.3916346, 32.5046964 ], [ 35.3919389, 32.5046174 ], [ 35.3921837, 32.5045442 ], [ 35.3925805, 32.5043699 ], [ 35.3946835, 32.5034028 ], [ 35.3954935, 32.5030004 ], [ 35.3964457, 32.5025338 ], [ 35.3965978, 32.5024719 ], [ 35.3967699, 32.5024492 ], [ 35.3970876, 32.5024543 ], [ 35.3973987, 32.5024539 ], [ 35.3976767, 32.5024422 ], [ 35.3979414, 32.5023802 ], [ 35.3982125, 32.5022509 ], [ 35.3984637, 32.5021104 ], [ 35.3985885, 32.5020633 ], [ 35.3987803, 32.5020181 ], [ 35.3990185, 32.5019729 ], [ 35.399217, 32.5019446 ], [ 35.399356, 32.5019388 ], [ 35.3994288, 32.5019107 ], [ 35.3995014, 32.5018433 ], [ 35.3995734, 32.5017999 ], [ 35.3997259, 32.5017612 ], [ 35.3999381, 32.5017361 ], [ 35.4002028, 32.5017077 ], [ 35.4004676, 32.5017129 ], [ 35.4006861, 32.5017406 ], [ 35.400792, 32.5017628 ], [ 35.4008913, 32.5017571 ], [ 35.4009905, 32.5017009 ], [ 35.4011425, 32.5015998 ], [ 35.4012747, 32.5015211 ], [ 35.4014136, 32.5014536 ], [ 35.401526, 32.501403 ], [ 35.4016914, 32.5013803 ], [ 35.4020091, 32.5013686 ], [ 35.4022408, 32.5013739 ], [ 35.4023996, 32.501368 ], [ 35.4025386, 32.5013286 ], [ 35.4027436, 32.501261 ], [ 35.4028693, 32.5012272 ], [ 35.4029684, 32.5011598 ], [ 35.403041, 32.5010363 ], [ 35.4031861, 32.5008063 ], [ 35.4032981, 32.5005708 ], [ 35.4034035, 32.500324 ], [ 35.4034957, 32.5001165 ], [ 35.4035682, 32.5000099 ], [ 35.4037333, 32.4998023 ], [ 35.4038805, 32.4995542 ], [ 35.4040547, 32.4992154 ], [ 35.4042429, 32.4988364 ], [ 35.404344, 32.498064 ], [ 35.4043187, 32.4977939 ], [ 35.4042935, 32.4974291 ], [ 35.4042401, 32.4970002 ], [ 35.4041811, 32.4966614 ], [ 35.4041727, 32.4963487 ], [ 35.404139, 32.4958204 ], [ 35.4041081, 32.4954342 ], [ 35.404173017539513, 32.495267683073763 ], [ 35.404172857000106, 32.49513921900018 ], [ 35.404172551999977, 32.494995502000108 ], [ 35.404131633000077, 32.494830008000065 ], [ 35.404234278759127, 32.494768208273079 ], [ 35.4042525, 32.4946692 ], [ 35.4043715, 32.4945905 ], [ 35.404534423888457, 32.494487908150916 ], [ 35.404488356, 32.494332795000048 ], [ 35.404380472000128, 32.4939488710001 ], [ 35.40433585, 32.493761543000062 ], [ 35.404287597000177, 32.493586620000031 ], [ 35.404312986999969, 32.493408627000179 ], [ 35.404351987278616, 32.493324320821408 ], [ 35.4043642, 32.4932295 ], [ 35.4044103, 32.4931006 ], [ 35.4048581, 32.4920967 ], [ 35.404976096414018, 32.491802247410128 ], [ 35.404980187000149, 32.491785156000049 ], [ 35.405031680000036, 32.491608813000084 ], [ 35.405096303000164, 32.491429772000117 ], [ 35.405152674000078, 32.491280614 ], [ 35.405206508000106, 32.491110750000189 ], [ 35.405265728000018, 32.49097088700006 ], [ 35.40533321200013, 32.490810159000091 ], [ 35.405397680000135, 32.490638023000088 ], [ 35.40545157300005, 32.490495771000042 ], [ 35.405508139000119, 32.490360423000027 ], [ 35.405575522999982, 32.490229565 ], [ 35.405648856000141, 32.490083059000142 ], [ 35.40567986268173, 32.490007527932448 ], [ 35.405838, 32.4895127 ], [ 35.4060228, 32.4890367 ], [ 35.406198697711424, 32.488572468000832 ], [ 35.406236800000102, 32.488424899999984 ], [ 35.406291921000104, 32.488236715000141 ], [ 35.406337513000153, 32.488100536000161 ], [ 35.406405927000151, 32.487909937000097 ], [ 35.40644687200006, 32.487777710000103 ], [ 35.406483294000054, 32.487629992000109 ], [ 35.406524169000136, 32.487466625000025 ], [ 35.406564209194286, 32.487302333608795 ], [ 35.4063104, 32.4869945 ], [ 35.4055772, 32.4861936 ], [ 35.4053019, 32.4854543 ], [ 35.405179, 32.4848989 ], [ 35.4050953, 32.4841285 ], [ 35.4051171, 32.4836528 ], [ 35.4055647, 32.4830788 ], [ 35.4059722, 32.4828025 ], [ 35.4067363, 32.4824281 ], [ 35.4072567, 32.4820014 ], [ 35.4075441, 32.4816177 ], [ 35.4076788, 32.4812125 ], [ 35.4078643, 32.4804943 ], [ 35.407948, 32.4800124 ], [ 35.4080172, 32.4795366 ], [ 35.4080572, 32.479113 ], [ 35.4082973, 32.4785236 ], [ 35.4087304, 32.4776457 ], [ 35.4094253, 32.4765499 ], [ 35.409731, 32.4761232 ], [ 35.410033, 32.4756812 ], [ 35.410386, 32.475276 ], [ 35.4107025, 32.474791 ], [ 35.4109754, 32.4743397 ], [ 35.4111101, 32.473999 ], [ 35.4115613, 32.4735938 ], [ 35.4119324, 32.473339 ], [ 35.4126767, 32.4727696 ], [ 35.4130491, 32.4723164 ], [ 35.4132506, 32.4717704 ], [ 35.4137757, 32.4707247 ], [ 35.414509610506968, 32.470189837063032 ], [ 35.414556826000137, 32.47010055100003 ], [ 35.414631623000048, 32.469952768000155 ], [ 35.414676041000178, 32.46982137800012 ], [ 35.414739876, 32.469678122000175 ], [ 35.414819561000115, 32.46956161200012 ], [ 35.414895889000036, 32.469430170000066 ], [ 35.414946796000095, 32.469302856000013 ], [ 35.414988056000141, 32.46917274000009 ], [ 35.415070861000117, 32.469038610000041 ], [ 35.415134395000052, 32.468909867000093 ], [ 35.415176750207692, 32.46883771153351 ], [ 35.4152647, 32.4686568 ], [ 35.4153753, 32.4679793 ], [ 35.4154791, 32.4673302 ], [ 35.4158271, 32.4663515 ], [ 35.4159431, 32.4657024 ], [ 35.4160652, 32.4650328 ], [ 35.4163155, 32.4639871 ], [ 35.4166696, 32.4635183 ], [ 35.4177686, 32.4630856 ], [ 35.4183486, 32.4627095 ], [ 35.4189469, 32.4623438 ], [ 35.4192339, 32.4616999 ], [ 35.4194048, 32.4607778 ], [ 35.4198383, 32.4598453 ], [ 35.4200571, 32.4595689 ], [ 35.420058589610427, 32.459563807732707 ], [ 35.420070254000166, 32.459504529000128 ], [ 35.420108928000161, 32.459339329000159 ], [ 35.420147474000146, 32.459190758000034 ], [ 35.420182840000052, 32.459031058000107 ], [ 35.420023467000135, 32.458888311000123 ], [ 35.419870507000098, 32.458786832000158 ], [ 35.419724188000146, 32.458682527000178 ], [ 35.419574691000093, 32.458569913000076 ], [ 35.419397745000026, 32.458444241000166 ], [ 35.419192854000073, 32.458307059000163 ], [ 35.419014077999975, 32.458180827000035 ], [ 35.418874241000083, 32.458076509000136 ], [ 35.418714951000027, 32.457966727000098 ], [ 35.418584759000112, 32.457865071000185 ], [ 35.418376675000104, 32.45771140700009 ], [ 35.418249848000187, 32.457626231000177 ], [ 35.418028807000098, 32.457475407000118 ], [ 35.417856386000153, 32.457365505999974 ], [ 35.417716580000103, 32.457272319000026 ], [ 35.417580132000182, 32.457195468000123 ], [ 35.417427343000099, 32.457093848000056 ], [ 35.417234085000075, 32.45688126400006 ], [ 35.417196471696805, 32.456763279711055 ], [ 35.4171031, 32.4567234 ], [ 35.4160774, 32.4560795 ], [ 35.4158149, 32.4547606 ], [ 35.4160347, 32.4540342 ], [ 35.4158491, 32.4530008 ], [ 35.4155289, 32.4514042 ], [ 35.4152815, 32.4504707 ], [ 35.4149613, 32.4490153 ], [ 35.4144373, 32.4471115 ], [ 35.4140079, 32.4459876 ], [ 35.4138406, 32.4447471 ], [ 35.41380819361617, 32.444503009298224 ], [ 35.413781257000039, 32.444428772000037 ], [ 35.413726577000091, 32.444273871000121 ], [ 35.413671943000054, 32.444139961000189 ], [ 35.413602355000137, 32.443930697000098 ], [ 35.413552689000142, 32.44378846800015 ], [ 35.413478041000133, 32.443545675000053 ], [ 35.413413253000101, 32.44332794900015 ], [ 35.413368582000089, 32.443189937000113 ], [ 35.413333536000039, 32.443047544000137 ], [ 35.413283833999969, 32.442888547000052 ], [ 35.413229127000193, 32.442721104000157 ], [ 35.413139741000066, 32.442499330000089 ], [ 35.41309347400005, 32.442316093000102 ], [ 35.413058569999976, 32.442161157999976 ], [ 35.413003854000067, 32.441989488000161 ], [ 35.412949223999988, 32.441855580000095 ], [ 35.412909304999971, 32.441688254000098 ], [ 35.412884400000166, 32.441545845000178 ], [ 35.412859309000112, 32.441395122000188 ], [ 35.412814378000064, 32.44121512300012 ], [ 35.412774471000034, 32.441051883000114 ], [ 35.412763771595266, 32.441006925093731 ], [ 35.4125088, 32.4408103 ], [ 35.4118684, 32.4399873 ], [ 35.4115041, 32.4395802 ], [ 35.4104953, 32.4387807 ], [ 35.4102977, 32.4364883 ], [ 35.4105931, 32.4358502 ], [ 35.4116573, 32.4347237 ], [ 35.411846571610042, 32.434461693326483 ], [ 35.411847069000032, 32.434458957000174 ], [ 35.41187804700013, 32.434267002000183 ], [ 35.411903334000158, 32.434131275000027 ], [ 35.411940707000156, 32.433976508000114 ], [ 35.411978127000054, 32.43384315600008 ], [ 35.412021837000111, 32.433699230000116 ], [ 35.412074989000075, 32.433541758000047 ], [ 35.412137662000191, 32.433408368000187 ], [ 35.412212731000068, 32.433245649000128 ], [ 35.412291002000075, 32.433104202000038 ], [ 35.412378728000078, 32.432954850000158 ], [ 35.412447720999978, 32.432824125000081 ], [ 35.412519649999979, 32.432669304000115 ], [ 35.41257913100003, 32.432519996000053 ], [ 35.412671102000104, 32.432338932000164 ], [ 35.412743234, 32.432200173000126 ], [ 35.412815162000129, 32.432045349000134 ], [ 35.412902797000186, 32.431855982000172 ], [ 35.412974950000034, 32.431727929000147 ], [ 35.413062593000063, 32.431543772999987 ], [ 35.413156385000036, 32.43135974900008 ], [ 35.413241105000111, 32.431205048000152 ], [ 35.413306766000119, 32.431071650000092 ], [ 35.413369402000114, 32.430922195999983 ], [ 35.41344134600007, 32.43077540500019 ], [ 35.413516423000146, 32.430618039000137 ], [ 35.41357455300016, 32.43046154600006 ], [ 35.413683969000147, 32.430280315000118 ], [ 35.413753932000134, 32.430140571000095 ], [ 35.413811518000102, 32.429962100000125 ], [ 35.41388124700012, 32.429791216000012 ], [ 35.413936894000187, 32.429639096000074 ], [ 35.413988399000118, 32.429491631000189 ], [ 35.414064246000066, 32.429307919000109 ], [ 35.41412504300007, 32.429155227000081 ], [ 35.414200921000088, 32.42898433300013 ], [ 35.41425861800019, 32.428857570000048 ], [ 35.414322295000034, 32.428730659000109 ], [ 35.414416409000182, 32.428544378000083 ], [ 35.414519866000091, 32.428375977000087 ], [ 35.414611154000056, 32.428262124000184 ], [ 35.414683966000041, 32.428060239000104 ], [ 35.414757436000059, 32.42792894300004 ], [ 35.414821271000108, 32.427799494000112 ], [ 35.414912486999981, 32.427654500000187 ], [ 35.414988464000146, 32.427530244000025 ], [ 35.415049128000192, 32.427393051000138 ], [ 35.415097674000151, 32.427261090000115 ], [ 35.415152173000138, 32.427116157000114 ], [ 35.415219016000037, 32.426994454000067 ], [ 35.41528899400015, 32.426862457000084 ], [ 35.415386116000036, 32.426686457000073 ], [ 35.415468754000131, 32.426495828000043 ], [ 35.415535452000142, 32.426309448999973 ], [ 35.415596131000086, 32.426180005000106 ], [ 35.415693508000061, 32.426042894000034 ], [ 35.415778537000051, 32.425882270999978 ], [ 35.415857581000068, 32.425719260999983 ], [ 35.415924347000043, 32.425564021000127 ], [ 35.416033743000071, 32.425380109000173 ], [ 35.416118771000185, 32.42521962800015 ], [ 35.416207273, 32.425052237000045 ], [ 35.41628, 32.424889097000062 ], [ 35.416368202000115, 32.424736359000065 ], [ 35.416437999000095, 32.424599292000153 ], [ 35.416510964, 32.424467150000055 ], [ 35.416568626000185, 32.424327424000069 ], [ 35.416638428000056, 32.424192890000086 ], [ 35.416708349000089, 32.424037507000151 ], [ 35.416768934000061, 32.423869314000171 ], [ 35.416817433000062, 32.423716641000055 ], [ 35.416860400000132, 32.423543968000047 ], [ 35.416887654999982, 32.423401613000067 ], [ 35.416939107000189, 32.423233435000043 ], [ 35.416984461000027, 32.423088516 ], [ 35.41704517900007, 32.422904824000113 ], [ 35.417117853000036, 32.422718436000139 ], [ 35.417172545000142, 32.422589 ], [ 35.417224024000063, 32.422433786000056 ], [ 35.4172664190001, 32.422301834000109 ], [ 35.41729350200012, 32.422156945000154 ], [ 35.417354242000158, 32.421983537000187 ], [ 35.417396773, 32.421838763000096 ], [ 35.417422160000115, 32.421677813000088 ], [ 35.417453514000044, 32.421513473000175 ], [ 35.417486883000038, 32.421356456000069 ], [ 35.417504332000135, 32.42121383500006 ], [ 35.417519796000192, 32.421073051000178 ], [ 35.417541245000109, 32.420935639000163 ], [ 35.417568588000108, 32.420759469000132 ], [ 35.417597803000149, 32.420603585000038 ], [ 35.41763893100017, 32.420425843000089 ], [ 35.417684125000164, 32.420283318000088 ], [ 35.417727491000051, 32.420141081000168 ], [ 35.417766699000083, 32.419996875000095 ], [ 35.417807897000102, 32.419850977000124 ], [ 35.417849130000093, 32.419720154000061 ], [ 35.417910134000124, 32.419590989000085 ], [ 35.417955271000039, 32.419423243000097 ], [ 35.418004244000088, 32.419263945000068 ], [ 35.418091016000176, 32.419069785000147 ], [ 35.418163632766536, 32.41892788860315 ], [ 35.4182841, 32.4185705 ], [ 35.418514540168538, 32.418082497739917 ], [ 35.418525639409033, 32.418057443041249 ], [ 35.4186163, 32.417793 ], [ 35.4186646, 32.4176288 ], [ 35.4187652, 32.4174443 ], [ 35.4189432, 32.4171872 ], [ 35.4194084, 32.4167914 ], [ 35.4200134, 32.4163755 ], [ 35.4213477, 32.4155502 ], [ 35.4223586, 32.4149208 ], [ 35.4229639, 32.4146696 ], [ 35.4236391, 32.4143721 ], [ 35.4246167, 32.4138503 ], [ 35.4253148, 32.4134277 ], [ 35.4269024, 32.4120421 ], [ 35.427477, 32.4117655 ], [ 35.4293066, 32.4102611 ], [ 35.4294166, 32.4101813 ], [ 35.429897, 32.4098328 ], [ 35.430667875798761, 32.409312756552744 ], [ 35.430774505000045, 32.409229762000166 ], [ 35.430916270000182, 32.409126658000162 ], [ 35.431039615000145, 32.409030349000091 ], [ 35.43116499100006, 32.40894981800011 ], [ 35.431300675000102, 32.40887462500018 ], [ 35.431489822000174, 32.408790459000159 ], [ 35.431654306000098, 32.408741278999969 ], [ 35.431681927478976, 32.408730475301702 ], [ 35.4321464, 32.4084724 ], [ 35.4328964, 32.4081077 ], [ 35.4336958, 32.4077968 ], [ 35.4345883, 32.4075054 ], [ 35.4354578, 32.4072602 ], [ 35.4366843, 32.4069354 ], [ 35.4377167, 32.4066306 ], [ 35.4387542, 32.4063873 ], [ 35.4396702, 32.4061617 ], [ 35.4403223, 32.4060091 ], [ 35.4407261, 32.4059425 ], [ 35.4410057, 32.4059419 ], [ 35.4412544, 32.4059941 ], [ 35.441383936473855, 32.40607737911003 ], [ 35.441551817000061, 32.406157988000189 ], [ 35.44171517500007, 32.406259422000062 ], [ 35.441848377801442, 32.406340218968033 ], [ 35.4424058, 32.406624 ], [ 35.4431215, 32.4070507 ], [ 35.4436399, 32.4073979 ], [ 35.4438424, 32.4075951 ], [ 35.4440218, 32.4078976 ], [ 35.444057143517547, 32.408002871579839 ], [ 35.444105480000019, 32.40810253300009 ], [ 35.444148544000029, 32.408250396000142 ], [ 35.44420610200018, 32.408415005000165 ], [ 35.444252850000169, 32.40857357200008 ], [ 35.444296103000113, 32.408730033000097 ], [ 35.444349826000177, 32.408888588000025 ], [ 35.44440021700018, 32.409042640000166 ], [ 35.444420175000062, 32.409183080000048 ], [ 35.444451136000055, 32.40933787300014 ], [ 35.444504716894677, 32.409488012696094 ], [ 35.4445479, 32.4095336 ], [ 35.4446725, 32.409619 ], [ 35.4447271, 32.4097374 ], [ 35.4447431, 32.4099085 ], [ 35.444740883558033, 32.409925152478444 ], [ 35.444738048000147, 32.410049332000142 ], [ 35.444737991000068, 32.410051850000173 ], [ 35.44473749600013, 32.410053468000115 ], [ 35.444686763000107, 32.410219194000149 ], [ 35.444686253000043, 32.410264359000053 ], [ 35.444685951, 32.41029105500013 ], [ 35.444685297000149, 32.410359674000063 ], [ 35.444696516000079, 32.410524366000175 ], [ 35.444696767368512, 32.410622299300535 ], [ 35.4447142, 32.4107184 ], [ 35.4448311, 32.4108631 ], [ 35.4450333, 32.4109614 ], [ 35.4452276, 32.4109742 ], [ 35.4454297, 32.4110133 ], [ 35.445836, 32.4109591 ], [ 35.4460552, 32.4108843 ], [ 35.4461757, 32.4108352 ], [ 35.4463045, 32.4108141 ], [ 35.4465239, 32.4108229 ], [ 35.446588388474026, 32.410837242291919 ], [ 35.446631397000033, 32.410836819000167 ], [ 35.446811016000083, 32.410861706 ], [ 35.446971284000028, 32.410853798000062 ], [ 35.447124490000078, 32.410812793000161 ], [ 35.447318535000079, 32.410764102000087 ], [ 35.447485795000034, 32.410698836000051 ], [ 35.447637136000026, 32.410644164000132 ], [ 35.447786648000147, 32.410587947000181 ], [ 35.447944956000129, 32.410530304000133 ], [ 35.448132034000139, 32.410484585000177 ], [ 35.448387906000164, 32.410450994000144 ], [ 35.448548263000191, 32.410477886000081 ], [ 35.448753340000053, 32.410519913000087 ], [ 35.448908394000057, 32.410551324000096 ], [ 35.449088398000015, 32.410596215000169 ], [ 35.449257844000044, 32.410668459000078 ], [ 35.449405874000036, 32.41074525200014 ], [ 35.449582479000128, 32.410823402000062 ], [ 35.449758196000062, 32.410879852999983 ], [ 35.449911501000031, 32.410941562000062 ], [ 35.450065056000028, 32.411033421000127 ], [ 35.450191696000047, 32.411123778000047 ], [ 35.45032725700014, 32.411195946000134 ], [ 35.45048610200007, 32.411278777000177 ], [ 35.450652071000036, 32.411353986000051 ], [ 35.450817840000127, 32.411417077000067 ], [ 35.450985420000166, 32.411474246000068 ], [ 35.451151383000138, 32.411547906000123 ], [ 35.451286456, 32.411621762000038 ], [ 35.451431159000151, 32.411695318000056 ], [ 35.451582088000123, 32.41173589400006 ], [ 35.451774869000189, 32.411775121000176 ], [ 35.451958509000121, 32.411811687000181 ], [ 35.452140574000168, 32.41187981700017 ], [ 35.452227914000105, 32.411994343 ], [ 35.452319891000172, 32.412103506999983 ], [ 35.452417066000123, 32.412230694000129 ], [ 35.452509122000095, 32.412369024000043 ], [ 35.452607577000151, 32.412540173000082 ], [ 35.452695019000089, 32.412691474000042 ], [ 35.452810238000154, 32.412795380000148 ], [ 35.452982966000036, 32.412850421000144 ], [ 35.45317222400007, 32.412875141000086 ], [ 35.453357187, 32.412844493000193 ], [ 35.453543568000043, 32.412787353000112 ], [ 35.453716057000065, 32.412751515000139 ], [ 35.453880709000146, 32.412704986000108 ], [ 35.454054719000169, 32.412680980000061 ], [ 35.454238010000154, 32.412647655000058 ], [ 35.454407402000129, 32.412634227000012 ], [ 35.454577433000054, 32.412612061000175 ], [ 35.454778646000136, 32.412634358000162 ], [ 35.454966541000147, 32.412646818000098 ], [ 35.455167825000103, 32.412633607000146 ], [ 35.455330409000055, 32.412621880000188 ], [ 35.455551335, 32.412624554000047 ], [ 35.455752691000157, 32.412638397000023 ], [ 35.455912052000087, 32.41266373100018 ], [ 35.456099989000109, 32.412690421000093 ], [ 35.456286314000181, 32.412735570000166 ], [ 35.456447438000168, 32.412797818000172 ], [ 35.456600255000126, 32.412860083000055 ], [ 35.456757955, 32.41288541900002 ], [ 35.456920534000062, 32.412870871000052 ], [ 35.457115010000166, 32.412859083000171 ], [ 35.457409711000139, 32.412871190000033 ], [ 35.45756747300004, 32.412917801000049 ], [ 35.457736840999985, 32.412957346000042 ], [ 35.45789462, 32.412949854000146 ], [ 35.45803856100008, 32.41286291800003 ], [ 35.458143931000109, 32.412761687999989 ], [ 35.458272718000046, 32.412660411000047 ], [ 35.458445410000081, 32.412638796000124 ], [ 35.458602994000159, 32.41262143900002 ], [ 35.458760055000141, 32.412594783000145 ], [ 35.458937628000172, 32.412536244000194 ], [ 35.459103591000144, 32.412484631000098 ], [ 35.459264452000184, 32.412450219000107 ], [ 35.459388229000069, 32.412339087000134 ], [ 35.459470110000154, 32.412213807000057 ], [ 35.459590527000103, 32.412089860000037 ], [ 35.459712711000066, 32.412004235000154 ], [ 35.45987345400016, 32.41192712600008 ], [ 35.460019248000094, 32.411850049000179 ], [ 35.4601714100001, 32.411793813000145 ], [ 35.460367595999969, 32.411739462000185 ], [ 35.460535121000078, 32.411713486000167 ], [ 35.460701181000161, 32.411697518000096 ], [ 35.460880595000049, 32.411705762000054 ], [ 35.461055061000138, 32.411726692000173 ], [ 35.461234761000071, 32.41177903300013 ], [ 35.461399147000179, 32.411819851000132 ], [ 35.461573660000113, 32.411857971000131 ], [ 35.461738168000068, 32.411881740000013 ], [ 35.461900706000165, 32.411854505000179 ], [ 35.462086478000117, 32.411818489000041 ], [ 35.46226413800008, 32.411794042000054 ], [ 35.462416702000041, 32.411762461000023 ], [ 35.462572588000171, 32.411732279000034 ], [ 35.462768627000116, 32.411686379000116 ], [ 35.462934645000189, 32.411656177000111 ], [ 35.463191136000034, 32.411665530000107 ], [ 35.463358964000065, 32.411689431000184 ], [ 35.466037745999984, 32.412061813000093 ], [ 35.466178666000133, 32.412143818000061 ], [ 35.46631179100001, 32.412230905000058 ], [ 35.466474452000057, 32.412306240000191 ], [ 35.466647114000125, 32.412334494 ], [ 35.466807654000092, 32.412364464000177 ], [ 35.467009845000064, 32.412320376000082 ], [ 35.46712777700003, 32.412201498 ], [ 35.46723237000009, 32.412065036000115 ], [ 35.467305374000091, 32.411918775000174 ], [ 35.46739622900003, 32.411799249000069 ], [ 35.46759026, 32.411748415000091 ], [ 35.46784012500018, 32.411764675000029 ], [ 35.468018543000028, 32.411774456000046 ], [ 35.468294094000157, 32.411768824000092 ], [ 35.468482440000116, 32.411763369000084 ], [ 35.468813495000063, 32.411767767000129 ], [ 35.468969985000058, 32.411775761000058 ], [ 35.46916601800018, 32.411787338000067 ], [ 35.469419637000158, 32.411780056000168 ], [ 35.469635751000055, 32.411784689000115 ], [ 35.469822143000044, 32.411794451 ], [ 35.469996551000065, 32.411794094000072 ], [ 35.470212641000046, 32.411790270000097 ], [ 35.470430774000022, 32.41180490000005 ], [ 35.47064285800019, 32.411794462000103 ], [ 35.470686897727724, 32.411791127377768 ], [ 35.4707995, 32.4116074 ], [ 35.4711667, 32.4115129 ], [ 35.4716514, 32.4114371 ], [ 35.4719494, 32.4113995 ], [ 35.472286, 32.4113748 ], [ 35.4726406, 32.4113501 ], [ 35.4731899, 32.4113282 ], [ 35.4736627, 32.4112991 ], [ 35.4740504, 32.4112703 ], [ 35.4746603, 32.4112329 ], [ 35.4751993, 32.4111836 ], [ 35.4757121, 32.4111461 ], [ 35.4762367, 32.4110488 ], [ 35.4770449, 32.4108948 ], [ 35.4775866, 32.4107599 ], [ 35.4780356, 32.4106948 ], [ 35.4785368, 32.4106496 ], [ 35.4789528, 32.4106166 ], [ 35.479553, 32.4104871 ], [ 35.4802286, 32.4102732 ], [ 35.4809511, 32.4099349 ], [ 35.4813846, 32.4097512 ], [ 35.4821353, 32.4093648 ], [ 35.482242962245131, 32.409307594205998 ], [ 35.482265398000095, 32.409289107000177 ], [ 35.482403826, 32.409199759000103 ], [ 35.482548233000159, 32.40911209300009 ], [ 35.482690822000166, 32.409025977000113 ], [ 35.482853003000173, 32.408938270000192 ], [ 35.482971651000184, 32.408845585000108 ], [ 35.48312998300014, 32.40874774200006 ], [ 35.483277371000099, 32.408657106000021 ], [ 35.483415764000085, 32.408557757999972 ], [ 35.48354042200009, 32.408475061000161 ], [ 35.483686773000045, 32.408370480000144 ], [ 35.483801593000123, 32.408276112000124 ], [ 35.483959762000154, 32.408179959000108 ], [ 35.484096301000193, 32.408072156000117 ], [ 35.484228663000124, 32.407955909000179 ], [ 35.484377029000143, 32.407859777000056 ], [ 35.48452735900014, 32.407753496000055 ], [ 35.484663947000058, 32.407662459000051 ], [ 35.484813594000116, 32.40755012000011 ], [ 35.48495991600015, 32.407437223999978 ], [ 35.485096297000155, 32.407332804000077 ], [ 35.485214946000099, 32.407241663999969 ], [ 35.485353525999983, 32.407150626000089 ], [ 35.485489902000097, 32.40704451300013 ], [ 35.485606543000074, 32.406948447000161 ], [ 35.485741080000082, 32.406838817000164 ], [ 35.485879463000117, 32.406737773000145 ], [ 35.485994118000065, 32.406645093000122 ], [ 35.486120764000077, 32.406562391000193 ], [ 35.486299380000105, 32.40647450400013 ], [ 35.486430780000148, 32.406371079000166 ], [ 35.486552246000088, 32.406278384000018 ], [ 35.486731879000104, 32.40614258700009 ], [ 35.486855859000059, 32.406058340000129 ], [ 35.487043189208585, 32.405920159097484 ], [ 35.4870473, 32.4059161 ], [ 35.4872644, 32.4057633 ], [ 35.4875804, 32.4055061 ], [ 35.4881937, 32.4050518 ], [ 35.4886701, 32.40465 ], [ 35.4889955, 32.4043847 ], [ 35.4892958, 32.4041841 ], [ 35.4895599, 32.4039671 ], [ 35.4899561, 32.4036656 ], [ 35.4906733, 32.403163 ], [ 35.4908101, 32.4030464 ], [ 35.4911029, 32.4029536 ], [ 35.4915043, 32.4027803 ], [ 35.4919341, 32.402623 ], [ 35.4924323, 32.4024788 ], [ 35.492664, 32.4023947 ], [ 35.493443, 32.4021118 ], [ 35.4942743, 32.4018133 ], [ 35.4952038, 32.4014608 ], [ 35.4963563, 32.4010493 ], [ 35.4968003, 32.40092 ], [ 35.4972682, 32.4008548 ], [ 35.4975043, 32.4007621 ], [ 35.4978113, 32.4006531 ], [ 35.498213, 32.400568 ], [ 35.4985863, 32.400495 ], [ 35.4989249, 32.4004328 ], [ 35.499629, 32.4002789 ], [ 35.5001581, 32.4001414 ], [ 35.5003046, 32.400133 ], [ 35.5004228, 32.4001287 ], [ 35.5005977, 32.4001043 ], [ 35.5008102, 32.4000236 ], [ 35.500952, 32.3999952 ], [ 35.5012262, 32.3999946 ], [ 35.5014152, 32.3999541 ], [ 35.5015239, 32.3999217 ], [ 35.501777, 32.3998674 ], [ 35.5020226, 32.3998067 ], [ 35.5023108, 32.3997299 ], [ 35.502599, 32.399665 ], [ 35.5028164, 32.3996124 ], [ 35.5029818, 32.399596 ], [ 35.5031756, 32.3995675 ], [ 35.5033267, 32.399511 ], [ 35.5034353, 32.3994547 ], [ 35.5035818, 32.3994262 ], [ 35.5038039, 32.3994017 ], [ 35.5040166, 32.3993611 ], [ 35.5044134, 32.3992559 ], [ 35.5047184, 32.3991457 ], [ 35.5049547, 32.399097 ], [ 35.5052335, 32.3990603 ], [ 35.5054651, 32.3990236 ], [ 35.5057439, 32.3989749 ], [ 35.5064196, 32.398837 ], [ 35.5070054, 32.3986993 ], [ 35.5077408, 32.3985275 ], [ 35.5082084, 32.398358 ], [ 35.5085863, 32.398265 ], [ 35.5090824, 32.3981435 ], [ 35.5093659, 32.3980987 ], [ 35.50981, 32.3979694 ], [ 35.5102069, 32.3979003 ], [ 35.5109908, 32.3977095 ], [ 35.5119736, 32.3975107 ], [ 35.5125359, 32.3974171 ], [ 35.5133061, 32.3972549 ], [ 35.5141283, 32.3971086 ], [ 35.5165408, 32.3963556 ], [ 35.5169469, 32.3961862 ], [ 35.5176458, 32.395928 ], [ 35.5181274, 32.3957384 ], [ 35.5185048, 32.3956313 ], [ 35.5187857, 32.3955239 ], [ 35.5189629, 32.3954231 ], [ 35.5192289, 32.395297 ], [ 35.519495, 32.3952399 ], [ 35.5196208, 32.3952208 ], [ 35.5198425, 32.3951387 ], [ 35.5202045, 32.3949809 ], [ 35.5205576, 32.3948825 ], [ 35.5209068, 32.3947847 ], [ 35.5212986, 32.3946834 ], [ 35.5214981, 32.3946013 ], [ 35.5217421, 32.394538 ], [ 35.521842047691585, 32.394519771834936 ], [ 35.521858847000033, 32.394515205000118 ], [ 35.521881885055777, 32.39451250641401 ], [ 35.5219861, 32.3944935 ], [ 35.522208, 32.3944616 ], [ 35.5225038, 32.3943981 ], [ 35.5227256, 32.3943536 ], [ 35.5229525, 32.3943206 ], [ 35.5234038, 32.3943006 ], [ 35.5240697, 32.3942739 ], [ 35.5247134, 32.3942471 ], [ 35.5253347, 32.3941891 ], [ 35.525735242912894, 32.394135312207943 ], [ 35.525902371000143, 32.39409264700015 ], [ 35.526075800000172, 32.394060372000069 ], [ 35.526273332000187, 32.394033954000179 ], [ 35.526284807910166, 32.394032378616963 ], [ 35.5266657, 32.3939223 ], [ 35.5269909, 32.3938085 ], [ 35.5272423, 32.393764 ], [ 35.527471338489143, 32.393710065717748 ], [ 35.527603211000155, 32.393649497000069 ], [ 35.527719080080516, 32.393598035539767 ], [ 35.5277531, 32.3935717 ], [ 35.5278701, 32.3934319 ], [ 35.5279635, 32.3932722 ], [ 35.5281393, 32.3931323 ], [ 35.5284371, 32.3929917 ], [ 35.5286675, 32.3929317 ], [ 35.5290903, 32.3928608 ], [ 35.5292899, 32.3928005 ], [ 35.5296306, 32.3927797 ], [ 35.5297399, 32.3927861 ], [ 35.5298047, 32.3928241 ], [ 35.5302146, 32.3926358 ], [ 35.5303746, 32.3925579 ], [ 35.5306273, 32.3924428 ], [ 35.5307458, 32.3923908 ], [ 35.5308448, 32.3923905 ], [ 35.5311241, 32.3923701 ], [ 35.5314964, 32.3922852 ], [ 35.5318859, 32.3921509 ], [ 35.5320138, 32.3921062 ], [ 35.5322117, 32.3920958 ], [ 35.5323513, 32.3920609 ], [ 35.532613, 32.3919763 ], [ 35.5328377, 32.3919282 ], [ 35.5330352, 32.3917994 ], [ 35.5331455, 32.3917201 ], [ 35.5333956, 32.3916405 ], [ 35.5335931, 32.3915265 ], [ 35.5337442, 32.3914521 ], [ 35.534, 32.3913675 ], [ 35.5342905, 32.3912088 ], [ 35.5344534, 32.3911787 ], [ 35.5346103, 32.3911043 ], [ 35.5349182, 32.3909505 ], [ 35.535196, 32.3907584 ], [ 35.5353596, 32.3906483 ], [ 35.5354641, 32.3905789 ], [ 35.5358297, 32.3902621 ], [ 35.5360037, 32.3900987 ], [ 35.5361546, 32.389975 ], [ 35.5363403, 32.3898067 ], [ 35.5365304, 32.3896642 ], [ 35.5368203, 32.3893575 ], [ 35.5370233, 32.3891595 ], [ 35.5371279, 32.3891099 ], [ 35.5373021, 32.3890008 ], [ 35.5374877, 32.3888029 ], [ 35.5378302, 32.3885503 ], [ 35.5380739, 32.3883276 ], [ 35.5382657, 32.3882481 ], [ 35.5383735, 32.3881727 ], [ 35.5384838, 32.3881386 ], [ 35.5386003, 32.3881149 ], [ 35.5387258, 32.3880522 ], [ 35.5388758, 32.3879686 ], [ 35.5390106, 32.3879448 ], [ 35.5391852, 32.3878871 ], [ 35.5394915, 32.3877719 ], [ 35.539613, 32.3877437 ], [ 35.5397356, 32.3877148 ], [ 35.5399286, 32.3876779 ], [ 35.5401616, 32.3876434 ], [ 35.5403179, 32.387604 ], [ 35.5404648, 32.3875256 ], [ 35.5406483, 32.3874029 ], [ 35.5407647, 32.3873402 ], [ 35.5409147, 32.387267 ], [ 35.5411627, 32.3871571 ], [ 35.5413496, 32.387115 ], [ 35.5415305, 32.3870989 ], [ 35.5417636, 32.3871087 ], [ 35.542039, 32.3871227 ], [ 35.5423642, 32.3871556 ], [ 35.5428522, 32.3872479 ], [ 35.5432881, 32.3873455 ], [ 35.5436227, 32.3874383 ], [ 35.5440546, 32.3875481 ], [ 35.5446379, 32.3877129 ], [ 35.5451294, 32.3879092 ], [ 35.5456638, 32.3881158 ], [ 35.5460633, 32.3883201 ], [ 35.5462648, 32.3884273 ], [ 35.5463723, 32.3884582 ], [ 35.5465226, 32.3884682 ], [ 35.5468323, 32.3884621 ], [ 35.5470347, 32.3884538 ], [ 35.5472065, 32.3884481 ], [ 35.5473261, 32.388453 ], [ 35.5474734, 32.388489 ], [ 35.5475841, 32.3885589 ], [ 35.5476856, 32.3886262 ], [ 35.5477808, 32.3886676 ], [ 35.5478913, 32.3886855 ], [ 35.5481244, 32.3887005 ], [ 35.548412, 32.3887051 ], [ 35.5486205, 32.3886967 ], [ 35.5487738, 32.3886703 ], [ 35.5489394, 32.3886855 ], [ 35.5490681, 32.3886409 ], [ 35.5492398, 32.3886326 ], [ 35.5493901, 32.38864 ], [ 35.5495251, 32.3886553 ], [ 35.5498104, 32.3886779 ], [ 35.5500681, 32.3887006 ], [ 35.550231, 32.388773 ], [ 35.5503475, 32.3887856 ], [ 35.55058630782284, 32.388814240091627 ], [ 35.550715461000038, 32.38882484100003 ], [ 35.550912889000017, 32.388820647000045 ], [ 35.551148693000187, 32.388820013000156 ], [ 35.551419065000175, 32.388826613000163 ], [ 35.551663501000178, 32.388825954000026 ], [ 35.551854765490795, 32.388798331780905 ], [ 35.551887366098498, 32.38878828772944 ], [ 35.552019177000091, 32.388730310000085 ], [ 35.552206258793902, 32.388632221086056 ], [ 35.5523152, 32.3885489 ], [ 35.5524467, 32.3884497 ], [ 35.5524987, 32.3884158 ], [ 35.55256, 32.3883922 ], [ 35.5526335, 32.3883764 ], [ 35.5527255, 32.3883632 ], [ 35.5527929, 32.3883474 ], [ 35.5528541, 32.3883186 ], [ 35.5529123, 32.3882846 ], [ 35.5529705, 32.3882663 ], [ 35.5530613, 32.3882439 ], [ 35.5531778, 32.3882384 ], [ 35.5533405, 32.3882562 ], [ 35.5534541, 32.3883027 ], [ 35.5536079, 32.3884062 ], [ 35.5537648, 32.3885358 ], [ 35.5539504, 32.3887428 ], [ 35.5540768, 32.3888985 ], [ 35.5541815, 32.3890178 ], [ 35.5542428, 32.3890402 ], [ 35.55481769598736, 32.389021851403328 ], [ 35.554851139000107, 32.388988238000138 ], [ 35.555047726000112, 32.388804535000133 ], [ 35.555234756000118, 32.388597043000175 ], [ 35.555459476000067, 32.388389306000136 ], [ 35.555674764000116, 32.388189629000067 ], [ 35.555983512000125, 32.387894163000112 ], [ 35.556198794000125, 32.387694482000029 ], [ 35.556451804000119, 32.387502733000076 ], [ 35.556610780000142, 32.387342939000177 ], [ 35.556788836000123, 32.38722296800006 ], [ 35.557060439000111, 32.387031166000043 ], [ 35.557435162000104, 32.386751438000147 ], [ 35.557791132000091, 32.386519526000143 ], [ 35.558151625000164, 32.386297746000082 ], [ 35.55837688400004, 32.386233440000126 ], [ 35.558733671000027, 32.386216538000099 ], [ 35.559062519000065, 32.386231554000119 ], [ 35.559391303000041, 32.38623064900014 ], [ 35.559710442000096, 32.386182005000023 ], [ 35.560067018000098, 32.386109446000148 ], [ 35.560451513000032, 32.385957056000166 ], [ 35.560779503000163, 32.385749024000177 ], [ 35.561069949000057, 32.385580971000024 ], [ 35.56127340300003, 32.385504747000141 ], [ 35.56155035800009, 32.385455508000064 ], [ 35.561851887999978, 32.38540634300017 ], [ 35.562226540000097, 32.385329216000059 ], [ 35.562470654000037, 32.385204123000108 ], [ 35.562633131000041, 32.385051640000029 ], [ 35.562656953999976, 32.38489954500011 ], [ 35.562607227000058, 32.384664660000169 ], [ 35.562523705000046, 32.384579367000129 ], [ 35.562516206000055, 32.384571694000101 ], [ 35.562492529000167, 32.384547468000051 ], [ 35.562172861000192, 32.384198218000108 ], [ 35.5618947910001, 32.383957205000172 ], [ 35.561698415000194, 32.383757248000052 ], [ 35.56151833600012, 32.383564152000019 ], [ 35.561438897000187, 32.383454439000104 ], [ 35.56142802300019, 32.383439421000105 ], [ 35.561403484000039, 32.383405534000076 ], [ 35.561372150000068, 32.383375607000175 ], [ 35.56135858600004, 32.38336262200005 ], [ 35.56122348700012, 32.383233288000042 ], [ 35.561167034000164, 32.383134945000165 ], [ 35.561159126000064, 32.383121169000049 ], [ 35.561108642000136, 32.383033104000162 ], [ 35.561018444000126, 32.382895130000122 ], [ 35.560862433000125, 32.382612213000073 ], [ 35.560763475999977, 32.38244157400004 ], [ 35.560708314000067, 32.38234661700011 ], [ 35.560593526000162, 32.382117549000156 ], [ 35.560493204000181, 32.381936629000108 ], [ 35.560435278, 32.381683309000096 ], [ 35.560420348000036, 32.381514269000149 ], [ 35.560419236000143, 32.381224440000096 ], [ 35.560431942000093, 32.380813963000151 ], [ 35.560430876, 32.380536249000045 ], [ 35.560387601000059, 32.380379406000145 ], [ 35.560358068000028, 32.380125867000061 ], [ 35.560329027000193, 32.379956867000089 ], [ 35.56034235400017, 32.379751678000105 ], [ 35.560469936000061, 32.379594362000034 ], [ 35.560696816000188, 32.379352231000155 ], [ 35.560923818000106, 32.379097984000168 ], [ 35.561164903000076, 32.378880048000099 ], [ 35.561406198000043, 32.378674086999979 ], [ 35.561860537000086, 32.378298595000047 ], [ 35.562277868000081, 32.377930108000157 ], [ 35.562533348000045, 32.377700013000037 ], [ 35.562717708000037, 32.377542538000057 ], [ 35.56287342000013, 32.377276507000033 ], [ 35.562943577000169, 32.376998596000192 ], [ 35.562998895000135, 32.376575882000054 ], [ 35.563039932000038, 32.376153208000062 ], [ 35.563096042000097, 32.375935640000193 ], [ 35.563180543000044, 32.375718137000035 ], [ 35.56323714500013, 32.375585110000145 ], [ 35.563364363000176, 32.375379464000162 ], [ 35.563511079000079, 32.375106131 ], [ 35.563735706000102, 32.374715772000116 ], [ 35.56390756400009, 32.374376710000149 ], [ 35.564034850000155, 32.374146403 ], [ 35.564094055000169, 32.373871483000187 ], [ 35.564153309000062, 32.373609384000076 ], [ 35.564167326000074, 32.373328246000085 ], [ 35.564120887000058, 32.373040799000194 ], [ 35.564084641000079, 32.372941847000163 ], [ 35.564076403000115, 32.372919411000112 ], [ 35.564029600000083, 32.372791942000106 ], [ 35.563915844000064, 32.372613315000024 ], [ 35.563809820000188, 32.372460311000111 ], [ 35.563688766000098, 32.372326510000164 ], [ 35.563590091000037, 32.372141502000147 ], [ 35.563536774000113, 32.371926106000046 ], [ 35.563530213000035, 32.371899601999985 ], [ 35.563527685000167, 32.371889463000173 ], [ 35.563502395000057, 32.371789635000084 ], [ 35.563489917000084, 32.371740495999973 ], [ 35.563459722000175, 32.371574316000078 ], [ 35.563438330000167, 32.371409522000135 ], [ 35.56343827600017, 32.371395574000076 ], [ 35.563439685, 32.371373307000056 ], [ 35.563437969000063, 32.371316106000052 ], [ 35.563446267000188, 32.371272403999967 ], [ 35.563450817000046, 32.371203773000104 ], [ 35.563468190000151, 32.371145532000128 ], [ 35.563532602000123, 32.370928928000183 ], [ 35.563614185000063, 32.370602799000096 ], [ 35.563703755000176, 32.370366258000161 ], [ 35.563770701000067, 32.37016162499998 ], [ 35.563830103000157, 32.369937849000166 ], [ 35.563874635000104, 32.36973327700008 ], [ 35.563866232000066, 32.369535196000129 ], [ 35.563835264000147, 32.369298851000053 ], [ 35.563759024000035, 32.369075454000097 ], [ 35.56369653400003, 32.368930077000073 ], [ 35.56368278400015, 32.368894891000025 ], [ 35.56364206600017, 32.36879103800004 ], [ 35.563591400000064, 32.368661814000177 ], [ 35.563439490000064, 32.368361837000123 ], [ 35.563323047000154, 32.368099443000062 ], [ 35.563306844000124, 32.368062932000157 ], [ 35.563295122000056, 32.368036475000054 ], [ 35.563150877000112, 32.367742959000054 ], [ 35.563020983000172, 32.367511537000098 ], [ 35.56300152100016, 32.367476859000078 ], [ 35.562961136000126, 32.367404902000089 ], [ 35.562847356000134, 32.367175268000096 ], [ 35.562756283000112, 32.36702208100013 ], [ 35.562597451000158, 32.366862881000088 ], [ 35.562446255000054, 32.366703520000158 ], [ 35.562332680000168, 32.366569698999967 ], [ 35.562203942000167, 32.366378431000157 ], [ 35.562057087000028, 32.36609548600012 ], [ 35.561933867000107, 32.365827975000059 ], [ 35.561853361000033, 32.365645993000101 ], [ 35.561821994000184, 32.365575087000138 ], [ 35.561800221000055, 32.365525974000036 ], [ 35.561656517000074, 32.365241189000187 ], [ 35.561610127000165, 32.365136488000132 ], [ 35.56157810100018, 32.365064262000033 ], [ 35.561492064000049, 32.364870229000076 ], [ 35.561327542000129, 32.364481940000189 ], [ 35.561214452000172, 32.364214400000094 ], [ 35.561188313000059, 32.364141248000067 ], [ 35.561178540000071, 32.364113896000106 ], [ 35.56112181900005, 32.363955400000123 ], [ 35.561060571000155, 32.36378606400018 ], [ 35.561038119000102, 32.36372403900009 ], [ 35.561018791000095, 32.363670643000091 ], [ 35.560946775000161, 32.363463436000131 ], [ 35.560874627000032, 32.363264964000052 ], [ 35.560792354000057, 32.363066382000113 ], [ 35.560655231, 32.362808066000071 ], [ 35.560582400000101, 32.362647218000063 ], [ 35.56050948800015, 32.36250947800005 ], [ 35.560418220000031, 32.362302746000182 ], [ 35.560406264000108, 32.362256194000054 ], [ 35.560399849000191, 32.36223121800009 ], [ 35.560363279, 32.362088163000067 ], [ 35.560290047000024, 32.361866166000084 ], [ 35.560225768000123, 32.361597927000048 ], [ 35.560116455000184, 32.36136067000001 ], [ 35.560034347000169, 32.361161522000089 ], [ 35.559956696000029, 32.361041829000044 ], [ 35.559933568000076, 32.361006171000099 ], [ 35.559925132000103, 32.360993165000082 ], [ 35.559806896000055, 32.360809615000164 ], [ 35.559679722000055, 32.360633558000075 ], [ 35.559561574000043, 32.360472974000118 ], [ 35.559416456000122, 32.36033529000008 ], [ 35.559126920000153, 32.360244078 ], [ 35.558936952000067, 32.360229386000015 ], [ 35.55873824300005, 32.360229932000095 ], [ 35.558557668000105, 32.360283969000193 ], [ 35.558332005000182, 32.360399706000123 ], [ 35.558106683000176, 32.360561234000158 ], [ 35.557881419000182, 32.360738118000029 ], [ 35.557764585000143, 32.360922455000093 ], [ 35.557666022000035, 32.361152675000142 ], [ 35.557604115000174, 32.361505520000094 ], [ 35.557600137000179, 32.361638118000087 ], [ 35.557598640000151, 32.361689354000021 ], [ 35.557596171000057, 32.361773817000028 ], [ 35.557609293000041, 32.36180209500003 ], [ 35.557617262000122, 32.361819269000023 ], [ 35.5576781850001, 32.36195 ], [ 35.55770431000019, 32.362009108000052 ], [ 35.557711177000158, 32.362024710000071 ], [ 35.557769282000038, 32.362156734000166 ], [ 35.557987394000179, 32.362454987000092 ], [ 35.558219940000072, 32.362718360000088 ], [ 35.558240327000021, 32.362741450000044 ], [ 35.558277842000052, 32.362783897000099 ], [ 35.558307237000065, 32.362830314000121 ], [ 35.558323298000062, 32.362855653000167 ], [ 35.558423313000105, 32.363013449000107 ], [ 35.55851570599998, 32.363136581000163 ], [ 35.558527767000044, 32.363152655000079 ], [ 35.558641400999988, 32.363304234000054 ], [ 35.558723536000173, 32.363510990000123 ], [ 35.558792859000107, 32.363753151000026 ], [ 35.558807011000056, 32.363802674000112 ], [ 35.558824321000031, 32.363863248000143 ], [ 35.558863041000052, 32.363969613000165 ], [ 35.558868952000125, 32.363985851000052 ], [ 35.558924820000129, 32.364138996000065 ], [ 35.558942749000096, 32.364313100000061 ], [ 35.55886210400007, 32.364497197000105 ], [ 35.558700268000166, 32.364766058000043 ], [ 35.558547553000039, 32.364988680000181 ], [ 35.558376753000118, 32.365257565000149 ], [ 35.558169778000149, 32.365488082000127 ], [ 35.557845349000047, 32.365741889000049 ], [ 35.557574923000061, 32.365964973000075 ], [ 35.557358572000169, 32.366088288000014 ], [ 35.557052098000042, 32.3663496530001 ], [ 35.556578638000133, 32.366706159999978 ], [ 35.556326148000039, 32.36684479000013 ], [ 35.556163626000057, 32.366891309000152 ], [ 35.555928485999971, 32.366876592000096 ], [ 35.555494506000116, 32.366831701000024 ], [ 35.555196143000046, 32.366824905000158 ], [ 35.55492495500016, 32.366848607000179 ], [ 35.554726261000098, 32.366856897000105 ], [ 35.554527544000052, 32.366903371000092 ], [ 35.554346953000163, 32.366957544 ], [ 35.554121385000144, 32.36710384600002 ], [ 35.553868746000092, 32.367204149000088 ], [ 35.553615858000114, 32.367281483000113 ], [ 35.553371895000112, 32.367305112000167 ], [ 35.55310061400013, 32.367259913000055 ], [ 35.552964545000179, 32.367145306000111 ], [ 35.552873712000178, 32.367007469000157 ], [ 35.552873519000059, 32.366955901000154 ], [ 35.552873447000081, 32.366936596000073 ], [ 35.552873138000166, 32.366854169000078 ], [ 35.552917690000072, 32.366693140000166 ], [ 35.552998551000144, 32.366562589000125 ], [ 35.553259194000134, 32.36616327400003 ], [ 35.55342973400019, 32.365863822000108 ], [ 35.553564329000039, 32.365587433000087 ], [ 35.553689854000027, 32.365326426000081 ], [ 35.553869115000055, 32.364919721999968 ], [ 35.55394960000001, 32.364689554000108 ], [ 35.55411143800012, 32.364330099000142 ], [ 35.554182700000126, 32.364076848000082 ], [ 35.554254016000186, 32.363793021000106 ], [ 35.554289461000167, 32.363639624000143 ], [ 35.554297899000176, 32.363455586000157 ], [ 35.554260729000134, 32.363195160000089 ], [ 35.554241854000054, 32.362988229000109 ], [ 35.554105464000145, 32.362743289000093 ], [ 35.554014382000048, 32.362582487000111 ], [ 35.554005039000117, 32.362569972000074 ], [ 35.553989195000042, 32.362549015000013 ], [ 35.553887248000024, 32.362414172000172 ], [ 35.553759998000146, 32.362215282000022 ], [ 35.5536507650001, 32.36203917000006 ], [ 35.553550490000077, 32.361817242000143 ], [ 35.553486637, 32.361656366000148 ], [ 35.553440703000092, 32.361449506000099 ], [ 35.5534310540001, 32.361311591000117 ], [ 35.553430667000157, 32.361296317000097 ], [ 35.553429887000107, 32.361265519000085 ], [ 35.553427015000068, 32.361252282000123 ], [ 35.553426608000109, 32.361143930000026 ], [ 35.553420043000187, 32.360899345000121 ], [ 35.553425615000094, 32.360879322000187 ], [ 35.553509144000031, 32.36057714500015 ], [ 35.553535530000033, 32.360354731000029 ], [ 35.553543948000026, 32.360209017000045 ], [ 35.553543257000058, 32.360025143000087 ], [ 35.55357858300016, 32.359795098000177 ], [ 35.553668024, 32.359564763000037 ], [ 35.553748444000064, 32.359319237000136 ], [ 35.553955322000149, 32.359019683000042 ], [ 35.554153097999972, 32.358727906000126 ], [ 35.554360010000039, 32.358482034000076 ], [ 35.554504109000163, 32.358351311000149 ], [ 35.554720582000073, 32.358220388000063 ], [ 35.555126854000093, 32.358104310000044 ], [ 35.555424870000081, 32.358026849000169 ], [ 35.555668603000072, 32.357949534000056 ], [ 35.555903286000046, 32.357849279 ], [ 35.556173959000148, 32.357741173000136 ], [ 35.556419689000052, 32.357621723000193 ], [ 35.556581936000043, 32.357506303000036 ], [ 35.55670802200018, 32.357398594000131 ], [ 35.556757347000087, 32.357229659999973 ], [ 35.556756779000068, 32.357080023000151 ], [ 35.556756706000101, 32.35706102000006 ], [ 35.556756664000147, 32.357050013000162 ], [ 35.556632025, 32.356750797000075 ], [ 35.556525494000027, 32.356586375000177 ], [ 35.556330563000131, 32.356399790000069 ], [ 35.556135722000079, 32.356235609000066 ], [ 35.556002830000125, 32.35612367300007 ], [ 35.555817014000183, 32.356019349000121 ], [ 35.55562253800008, 32.35590758100011 ], [ 35.555410048000056, 32.355773316000125 ], [ 35.555233085000111, 32.35563909800004 ], [ 35.555073716000152, 32.35550482900004 ], [ 35.554931858000145, 32.355347968999979 ], [ 35.554860380999969, 32.355145970000081 ], [ 35.554837888000179, 32.355001384 ], [ 35.554834352000057, 32.354978652000113 ], [ 35.554830100000061, 32.354951469000071 ], [ 35.554826482000124, 32.354928040000175 ], [ 35.554824315000189, 32.354914003000147 ], [ 35.554850142000134, 32.354764156000101 ], [ 35.55485666300001, 32.354755326000088 ], [ 35.554866824000101, 32.354741565000097 ], [ 35.554999440000017, 32.354561558000057 ], [ 35.555192694000027, 32.354306564000069 ], [ 35.55541236900018, 32.354058825000095 ], [ 35.555632095000078, 32.353781215000026 ], [ 35.555737240000155, 32.353580426000065 ], [ 35.555868603000079, 32.35333307000019 ], [ 35.556008872000064, 32.353070611000021 ], [ 35.556236824999985, 32.352643200000102 ], [ 35.556403143000068, 32.352290915000026 ], [ 35.556587278000165, 32.351953518000073 ], [ 35.556771476000108, 32.351676004000012 ], [ 35.556999760000167, 32.351338344000169 ], [ 35.557289934000039, 32.351038134000191 ], [ 35.557597388000033, 32.35065545100008 ], [ 35.557933535000075, 32.350266769000029 ], [ 35.558144509000101, 32.350049062000039 ], [ 35.558337944000016, 32.349846337000088 ], [ 35.558513925000113, 32.349681141000076 ], [ 35.558760367000104, 32.34949334900017 ], [ 35.558971535000126, 32.349328055000171 ], [ 35.559288204000154, 32.34905763800009 ], [ 35.559419946000048, 32.348870159000114 ], [ 35.55947223600009, 32.348697834000177 ], [ 35.559489088000078, 32.348503061000144 ], [ 35.559487028000092, 32.348485736000043 ], [ 35.559484406000024, 32.348464188000037 ], [ 35.559470919999967, 32.34835333400008 ], [ 35.559470129000033, 32.348182488000191 ], [ 35.559469968000087, 32.348147620000134 ], [ 35.559469495000144, 32.348067307000122 ], [ 35.559407217000114, 32.348014782000121 ], [ 35.559399141000029, 32.348007978000112 ], [ 35.559251018999987, 32.347883186999979 ], [ 35.558923897000113, 32.347717965000186 ], [ 35.558640403000084, 32.347589539000069 ], [ 35.558378861000165, 32.347516283 ], [ 35.558182626000132, 32.347461447000114 ], [ 35.557942832000037, 32.347388273000092 ], [ 35.557811947000118, 32.347277883000174 ], [ 35.557607155000085, 32.347155155000166 ], [ 35.557418945000109, 32.347028297000122 ], [ 35.557230556000093, 32.346853671000076 ], [ 35.556929268000033, 32.346583824000049 ], [ 35.556744904000027, 32.346386963000043 ], [ 35.55671078000006, 32.346350525000048 ], [ 35.556646617000183, 32.346282081000027 ], [ 35.556599980000101, 32.346238810000102 ], [ 35.556575121000094, 32.346215770000128 ], [ 35.556269844000155, 32.345932830000038 ], [ 35.555987227000116, 32.345639116000029 ], [ 35.555808199000069, 32.345480384000041 ], [ 35.555601029000172, 32.345297779000134 ], [ 35.555327936000026, 32.345019959000069 ], [ 35.555121039000085, 32.34490906800005 ], [ 35.554979901000081, 32.344805891000135 ], [ 35.554810364000048, 32.344655165000063 ], [ 35.554559948000076, 32.344491272000084 ], [ 35.554305810000187, 32.344308930000125 ], [ 35.554080013000089, 32.344158214000061 ], [ 35.553938756000036, 32.344023333000052 ], [ 35.553825368000048, 32.34384046800011 ], [ 35.553825144000029, 32.343780768000101 ], [ 35.553825109000115, 32.343771568000079 ], [ 35.553824589999977, 32.343633484000179 ], [ 35.553983003000042, 32.34329883800001 ], [ 35.554160299000159, 32.343043607000141 ], [ 35.554328242999986, 32.342772481999987 ], [ 35.554420849000053, 32.342461683000124 ], [ 35.554476006000073, 32.342167050000171 ], [ 35.554559317000098, 32.341856276000044 ], [ 35.55465166800002, 32.341434167000045 ], [ 35.55469760200009, 32.341203244000042 ], [ 35.554848050000146, 32.34069517000006 ], [ 35.555005566000034, 32.340169320000086 ], [ 35.555163382000103, 32.339723078000134 ], [ 35.55527469000009, 32.339356573000089 ], [ 35.555392420000032, 32.339063741000189 ], [ 35.555509294000103, 32.338632547000032 ], [ 35.555601314000114, 32.338344998000139 ], [ 35.555658965000134, 32.337921149000124 ], [ 35.555741680000153, 32.337411143000054 ], [ 35.555824070000028, 32.336814904 ], [ 35.555922677000126, 32.336031788000071 ], [ 35.555955040000072, 32.335636752000028 ], [ 35.556029589000104, 32.335249633999979 ], [ 35.556096187000094, 32.334955107000042 ], [ 35.556238279000127, 32.334480728000131 ], [ 35.556372208000084, 32.334085416000107 ], [ 35.556581846000029, 32.333567736000077 ], [ 35.556825446000119, 32.333078705000048 ], [ 35.556976322000025, 32.332690531000083 ], [ 35.55721167500019, 32.332216035999977 ], [ 35.557363828000064, 32.331814614000166 ], [ 35.557405166000137, 32.331555945000162 ], [ 35.557344937000039, 32.331297557000141 ], [ 35.557285203000049, 32.331168512000033 ], [ 35.557174632000056, 32.331025096000019 ], [ 35.557114976000094, 32.330960865000122 ], [ 35.557107353000106, 32.330952657000182 ], [ 35.5570216590001, 32.330860374999986 ], [ 35.556699091000041, 32.330609890000176 ], [ 35.55649545000017, 32.330474054000092 ], [ 35.556266392000055, 32.330331099000091 ], [ 35.555934890000174, 32.330130796000105 ], [ 35.555645754000068, 32.329987301000074 ], [ 35.555457174000082, 32.329883406000079 ], [ 35.555268380000086, 32.329767251000135 ], [ 35.555050854, 32.32964497800009 ], [ 35.554876382000145, 32.329497927000091 ], [ 35.554797300000189, 32.329415606000111 ], [ 35.554787414000089, 32.329405315000031 ], [ 35.554752926000049, 32.329369337000117 ], [ 35.554672784, 32.329240490000188 ], [ 35.554642887000114, 32.329013296000028 ], [ 35.55469983100005, 32.328755151000053 ], [ 35.55475693700015, 32.328539979000027 ], [ 35.554792396000153, 32.328349382000169 ], [ 35.554791564000084, 32.328128311000057 ], [ 35.55481251700013, 32.327919296000118 ], [ 35.554906174000109, 32.327759400000048 ], [ 35.555021401000147, 32.327599305000035 ], [ 35.55507880600004, 32.327464024999983 ], [ 35.555114427000035, 32.327316544000155 ], [ 35.555142653000075, 32.327144426000132 ], [ 35.555184876999988, 32.32689998800015 ], [ 35.555191114000081, 32.326617321000128 ], [ 35.555226364000134, 32.326371493000011 ], [ 35.555218157000127, 32.326131982 ], [ 35.555202932000157, 32.325923066000144 ], [ 35.555129748000184, 32.325702191000062 ], [ 35.554991484000084, 32.32551826700012 ], [ 35.554795266000042, 32.32532224199997 ], [ 35.554676535000056, 32.325212943999986 ], [ 35.554663496000103, 32.325200963000157 ], [ 35.554635404000123, 32.325175151000167 ], [ 35.554453577000061, 32.324966829000175 ], [ 35.554308062000189, 32.324795182000059 ], [ 35.554169758000114, 32.324599 ], [ 35.554060678000155, 32.324451912000086 ], [ 35.553932963000193, 32.324312586000133 ], [ 35.553827736000073, 32.32419779300011 ], [ 35.553809074000128, 32.324177414000133 ], [ 35.553806574000077, 32.324174742000082 ], [ 35.553787070000112, 32.324153451000029 ], [ 35.553775416000178, 32.324140729000192 ], [ 35.553637230000106, 32.323975260000111 ], [ 35.55351348, 32.323809755000184 ], [ 35.553485104000174, 32.323758519000023 ], [ 35.553476390000128, 32.323742786000025 ], [ 35.553411399000026, 32.323625732000153 ], [ 35.553323944000113, 32.323447726000154 ], [ 35.553250691000187, 32.323251366000079 ], [ 35.553199483000071, 32.323091862000183 ], [ 35.553147167000191, 32.322637314000076 ], [ 35.553102425000191, 32.322299553000107 ], [ 35.553094040000133, 32.32201086800012 ], [ 35.553078615000175, 32.321746859000029 ], [ 35.553135672, 32.321607353 ], [ 35.553316111000129, 32.321447223000064 ], [ 35.553518469000153, 32.321336069000154 ], [ 35.554014274000053, 32.321111960000167 ], [ 35.554277593000108, 32.321017406000124 ], [ 35.554787351000186, 32.320886110000117 ], [ 35.55542452200001, 32.320704024000122 ], [ 35.555942824000113, 32.320551002000116 ], [ 35.556375863000142, 32.320405538000159 ], [ 35.556902572000126, 32.320238118000134 ], [ 35.557395232000033, 32.320063603000165 ], [ 35.55790478900019, 32.31988185400013 ], [ 35.558354666000184, 32.319671382000138 ], [ 35.558515899000099, 32.319569911000031 ], [ 35.558914666000135, 32.319316179000168 ], [ 35.559304860000111, 32.319033725000054 ], [ 35.559618441000055, 32.318765852000183 ], [ 35.560046534000037, 32.31832872300015 ], [ 35.560308982000038, 32.318053803000169 ], [ 35.560529005000035, 32.317750118000163 ], [ 35.560748723000131, 32.317367102000105 ], [ 35.560924551000085, 32.31700618800005 ], [ 35.561085568000181, 32.316720136000015 ], [ 35.561197124000159, 32.31656117 ], [ 35.561246416000188, 32.316434083000104 ], [ 35.561270861000139, 32.316275357999984 ], [ 35.561282697000081, 32.316116672000192 ], [ 35.561265384000137, 32.316058808000037 ], [ 35.561260253000171, 32.316041256000176 ], [ 35.561229369000102, 32.315935615000058 ], [ 35.561208050000175, 32.315862689000028 ], [ 35.561185705000014, 32.31581524500001 ], [ 35.561093792000179, 32.315620093000064 ], [ 35.561062265000146, 32.315520026000058 ], [ 35.561052809000046, 32.315490012000055 ], [ 35.56104709900012, 32.315471992000141 ], [ 35.561030636000055, 32.31541933900013 ], [ 35.56096756200003, 32.31519731200018 ], [ 35.560929131000137, 32.314954220000118 ], [ 35.560927047000121, 32.314929569000128 ], [ 35.560925833, 32.314916469000082 ], [ 35.560917729000039, 32.314824333000104 ], [ 35.560903109000094, 32.314658116000146 ], [ 35.560911046000115, 32.314574279000055 ], [ 35.560916345000123, 32.314518307000185 ], [ 35.560938982000152, 32.314277300000072 ], [ 35.561040562000187, 32.313723416000073 ], [ 35.561061200000097, 32.313610637000068 ], [ 35.561089807000087, 32.313542080000161 ], [ 35.561234, 32.313197598000102 ], [ 35.561456583000052, 32.312699880000082 ], [ 35.56171657100009, 32.312265464000063 ], [ 35.562007185000141, 32.311856747000093 ], [ 35.562337696000043, 32.311468633000118 ], [ 35.562405951000073, 32.311398414000053 ], [ 35.562440675000119, 32.311367743000119 ], [ 35.562518496000109, 32.311282562000088 ], [ 35.562742591000074, 32.311051988000031 ], [ 35.563271490000034, 32.310480147000192 ], [ 35.563568970000119, 32.31013425000009 ], [ 35.563700803000131, 32.309901535000108 ], [ 35.563774568000099, 32.309668982000176 ], [ 35.563790073000064, 32.30938727400013 ], [ 35.563705864000099, 32.309063575000039 ], [ 35.563613823000026, 32.308859665000057 ], [ 35.563371013, 32.308495121000078 ], [ 35.563239860000067, 32.308345145000146 ], [ 35.56322617100011, 32.308329474000175 ], [ 35.563137703000052, 32.308228199000041 ], [ 35.562845647000074, 32.307827578 ], [ 35.562808117000145, 32.307786089000047 ], [ 35.562796828000046, 32.307773609000094 ], [ 35.562598881000099, 32.307554633000109 ], [ 35.562580212000057, 32.30753200099997 ], [ 35.562569149000126, 32.307522267000081 ], [ 35.562245929000028, 32.307237879000184 ], [ 35.561896383000033, 32.306943094000189 ], [ 35.561613417000046, 32.306746615 ], [ 35.561338994000039, 32.306571387000076 ], [ 35.56101444300009, 32.306346983000026 ], [ 35.560928421000085, 32.30628254800007 ], [ 35.560925767000185, 32.306280552000089 ], [ 35.560920765000162, 32.30627679000014 ], [ 35.560788662000107, 32.306179793000183 ], [ 35.560759929000142, 32.306159237000088 ], [ 35.560716460000037, 32.306128140000112 ], [ 35.56053196300013, 32.305996201000085 ], [ 35.560459385000172, 32.305937457000027 ], [ 35.56045441100008, 32.305933431000085 ], [ 35.56040581100018, 32.305893972000092 ], [ 35.560394152000185, 32.305884533000096 ], [ 35.56031544300015, 32.305820812000093 ], [ 35.560090474999981, 32.30556090400006 ], [ 35.55997198600005, 32.305422723000106 ], [ 35.559896763000154, 32.305275125000151 ], [ 35.559912414000109, 32.30502864400006 ], [ 35.560011068999984, 32.304796024000041 ], [ 35.560151784000027, 32.304592151000122 ], [ 35.560200974000168, 32.304520883000066 ], [ 35.560206660000119, 32.304506785000171 ], [ 35.560274932000084, 32.304337504999978 ], [ 35.560274426000035, 32.304205296000191 ], [ 35.560274355000104, 32.304186741000137 ], [ 35.560274151000101, 32.304133339000145 ], [ 35.560239399000068, 32.304069466000101 ], [ 35.560227368000028, 32.304047520000097 ], [ 35.560182259000158, 32.303964652000161 ], [ 35.560129996000171, 32.303920553000125 ], [ 35.560120482000116, 32.303912536000098 ], [ 35.559999007000101, 32.30381016400014 ], [ 35.559807679000073, 32.303669930000126 ], [ 35.559483709000062, 32.303593326000168 ], [ 35.559390099000154, 32.30353975800017 ], [ 35.559381007000127, 32.303534550000109 ], [ 35.559167302000105, 32.303412150000099 ], [ 35.559819851000157, 32.303338493000126 ], [ 35.559864027000117, 32.303333511000062 ], [ 35.560328295000147, 32.303281154000103 ], [ 35.560171099000115, 32.303128709000191 ], [ 35.560037716000181, 32.303042705000166 ], [ 35.55981042000019, 32.302996833000122 ], [ 35.55959118700008, 32.30297756900012 ], [ 35.559340484000018, 32.302971495000122 ], [ 35.559160355000131, 32.302938878000191 ], [ 35.558972135000033, 32.302872891000163 ], [ 35.558713153999975, 32.302740730000153 ], [ 35.558367986000064, 32.302542302000063 ], [ 35.558124668000175, 32.302383468000073 ], [ 35.55795179200004, 32.302251071000057 ], [ 35.557779033000088, 32.302105287000074 ], [ 35.557645452000145, 32.301966157999971 ], [ 35.557480148000138, 32.301773857000171 ], [ 35.557362036000143, 32.301601433000087 ], [ 35.557282900000132, 32.301382407000119 ], [ 35.557274424000127, 32.30120292099997 ], [ 35.557257921000144, 32.300963854000031 ], [ 35.557264788000055, 32.300717962000078 ], [ 35.557224704000134, 32.300472195000111 ], [ 35.557169227000088, 32.300279593000141 ], [ 35.557019966000041, 32.300160374000143 ], [ 35.556800096000188, 32.300014860000033 ], [ 35.556482446000189, 32.299851013000023 ], [ 35.556231517000128, 32.299738694000098 ], [ 35.555957182000043, 32.299666452000167 ], [ 35.555675074000135, 32.299600716000043 ], [ 35.555322410000088, 32.299521924000089 ], [ 35.555095050000148, 32.299456175000046 ], [ 35.554820591000066, 32.299350541000024 ], [ 35.554655838000031, 32.299257993000026 ], [ 35.554475343000092, 32.299125472000128 ], [ 35.554450988000156, 32.298912913000038 ], [ 35.554513121000014, 32.298760007 ], [ 35.554658860000075, 32.29858657300008 ], [ 35.554692317000104, 32.298546758000043 ], [ 35.554725201000167, 32.29851243100012 ], [ 35.554920521000156, 32.298308578000047 ], [ 35.555038281000122, 32.29818568100012 ], [ 35.555043297, 32.298180446000117 ], [ 35.555047607, 32.298176827000077 ], [ 35.55517328000019, 32.298071317000051 ], [ 35.555479209000055, 32.297812634000081 ], [ 35.555588218000082, 32.297729346000096 ], [ 35.55572237399997, 32.297626966000166 ], [ 35.555917924000028, 32.297573314000147 ], [ 35.556269953000083, 32.297485982000012 ], [ 35.556841222000173, 32.297424540000122 ], [ 35.557256081000162, 32.297370285000113 ], [ 35.557749023000099, 32.297302572000149 ], [ 35.557952470000146, 32.297275383999988 ], [ 35.558304546000102, 32.297201291000192 ], [ 35.558722195000144, 32.297008799000082 ], [ 35.558980133000148, 32.296915095000145 ], [ 35.559277311000073, 32.296801275000121 ], [ 35.559597902000178, 32.296694010000067 ], [ 35.559847837000177, 32.296547208000163 ], [ 35.560222777000092, 32.296293678000154 ], [ 35.560480559000155, 32.296160096000108 ], [ 35.56066020500009, 32.296026588000075 ], [ 35.561363368000059, 32.295667596000044 ], [ 35.56181373000004, 32.295487687000161 ], [ 35.561936527000171, 32.295411401000081 ], [ 35.561978727999985, 32.29538521500001 ], [ 35.561978817000124, 32.29538506900019 ], [ 35.56206824100002, 32.29523814800001 ], [ 35.562112358000036, 32.294976371000132 ], [ 35.56211866600006, 32.294631847000062 ], [ 35.562170541000171, 32.294446697000183 ], [ 35.562244878000172, 32.294235983000135 ], [ 35.562453770000047, 32.293686306000041 ], [ 35.562551246000112, 32.293496663999974 ], [ 35.56280870300003, 32.293109453 ], [ 35.56310199700016, 32.292767794999975 ], [ 35.563118813000131, 32.29252525600009 ], [ 35.563162415000136, 32.292259953000098 ], [ 35.563313350000101, 32.292039869000178 ], [ 35.563375361, 32.291903303000083 ], [ 35.563472744000194, 32.291690833000075 ], [ 35.563596394000115, 32.291364721000093 ], [ 35.563711663000106, 32.291144594000059 ], [ 35.563835721000089, 32.29092458100007 ], [ 35.563960005000069, 32.290719644000092 ], [ 35.564281486000141, 32.290334788000052 ], [ 35.564441324000029, 32.290144829000042 ], [ 35.564610225000024, 32.289939767000135 ], [ 35.564832599000169, 32.289749772000107 ], [ 35.564956966000068, 32.289567660000159 ], [ 35.565054490000136, 32.28939309000009 ], [ 35.5652669320001, 32.288953023000033 ], [ 35.565488098000117, 32.288452341000152 ], [ 35.565621300000146, 32.288239769000143 ], [ 35.565780896000035, 32.287989362000133 ], [ 35.566011688000117, 32.287662946000125 ], [ 35.566172983000058, 32.287422821000064 ], [ 35.566314738000131, 32.287149636000095 ], [ 35.566474173000074, 32.28681595200004 ], [ 35.56665129400011, 32.286466862000111 ], [ 35.566819388000113, 32.286057208000159 ], [ 35.566907388000118, 32.285738804000061 ], [ 35.566986695000026, 32.28548848000014 ], [ 35.567021605999969, 32.285253496000053 ], [ 35.567068923000079, 32.284923652000145 ], [ 35.567084319000116, 32.284575720000134 ], [ 35.567108399000176, 32.284284546000038 ], [ 35.567140769000162, 32.284035903000131 ], [ 35.567190002000075, 32.283773124000163 ], [ 35.567206174000148, 32.28362400300017 ], [ 35.567180351000047, 32.283467815000051 ], [ 35.567078427000183, 32.283063429000151 ], [ 35.566926992000162, 32.28280825700017 ], [ 35.566876029000127, 32.282584223000129 ], [ 35.566833652000071, 32.282435268000143 ], [ 35.566791053000031, 32.282229527000084 ], [ 35.566748426000117, 32.282016603000045 ], [ 35.566705854000134, 32.281817910000029 ], [ 35.566638017000116, 32.281605054000181 ], [ 35.566545412000039, 32.281420731000139 ], [ 35.566377062000129, 32.281165608000038 ], [ 35.566267926000137, 32.281038115000058 ], [ 35.566125177000174, 32.280924946000027 ], [ 35.565990749000036, 32.280776249000098 ], [ 35.565764129000115, 32.280549607000182 ], [ 35.565596114000186, 32.280379727000138 ], [ 35.565369304000058, 32.280103488000123 ], [ 35.565276484000037, 32.279904933000125 ], [ 35.565188537000097, 32.279552077000062 ], [ 35.565129052000088, 32.279310737000174 ], [ 35.565094479000152, 32.278991406000102 ], [ 35.565084176000084, 32.278515749000121 ], [ 35.565074263000099, 32.278096731000062 ], [ 35.565098564000039, 32.277905035 ], [ 35.565165075000152, 32.277777050000168 ], [ 35.56526492100005, 32.277648971000133 ], [ 35.565373143000102, 32.277542148000123 ], [ 35.565438949000054, 32.277504639000085 ], [ 35.565482202000169, 32.277479985000184 ], [ 35.565623533000064, 32.277399415000104 ], [ 35.565674396000077, 32.277343193000092 ], [ 35.565693248000059, 32.277322385000105 ], [ 35.565823362000174, 32.277178765000144 ], [ 35.565897999000185, 32.277008206000176 ], [ 35.565989415000104, 32.276844643000061 ], [ 35.566022117000159, 32.276638553000055 ], [ 35.56600526200009, 32.276355948000173 ], [ 35.565962750000153, 32.276171484000031 ], [ 35.565740236000181, 32.275716712000076 ], [ 35.565410782000129, 32.275485142999969 ], [ 35.565163877000032, 32.275369730000136 ], [ 35.564935214, 32.275254124000128 ], [ 35.564661065000166, 32.275169642000094 ], [ 35.564496694000184, 32.27512360500009 ], [ 35.564361916, 32.275096504000089 ], [ 35.56433629300011, 32.275091369000108 ], [ 35.564268302000073, 32.275077742000121 ], [ 35.564153933000114, 32.275066442000082 ], [ 35.56411018700004, 32.275062120000086 ], [ 35.564040004000049, 32.275055130000055 ], [ 35.563793430000032, 32.275024819000123 ], [ 35.563610904000029, 32.275002078000057 ], [ 35.563318542000047, 32.274925393000046 ], [ 35.563172190000159, 32.274863804000177 ], [ 35.562925022000172, 32.274678641000037 ], [ 35.562686991000078, 32.274454562000074 ], [ 35.56243964500004, 32.274222758000064 ], [ 35.56223800000015, 32.274014216000069 ], [ 35.562009046000014, 32.273821110000085 ], [ 35.561743776000128, 32.273628104000068 ], [ 35.561597188000064, 32.273504656000171 ], [ 35.561368478000134, 32.273373544000151 ], [ 35.561112480000077, 32.273219257999983 ], [ 35.560929644000055, 32.273157767000157 ], [ 35.560673837000138, 32.273096475000045 ], [ 35.560399787, 32.273035234000076 ], [ 35.559946929000034, 32.272968004000177 ], [ 35.559660635000171, 32.272958224000092 ], [ 35.559600321000119, 32.272956112000088 ], [ 35.559556138000119, 32.27295456500002 ], [ 35.559182486000111, 32.27295559300012 ], [ 35.558843291000187, 32.272970355000098 ], [ 35.558791976000123, 32.272972588000187 ], [ 35.55875432300013, 32.272971283000174 ], [ 35.558401235000019, 32.272972251000112 ], [ 35.558197354000129, 32.272958297000173 ], [ 35.55801322700006, 32.272861578000061 ], [ 35.557945981000046, 32.272709869000039 ], [ 35.557905126000094, 32.272564429000113 ], [ 35.557954636000147, 32.272324617000152 ], [ 35.558125011000072, 32.272075880000102 ], [ 35.55820506200007, 32.271887273 ], [ 35.558284852999975, 32.271673164000163 ], [ 35.558434737000141, 32.271313168000063 ], [ 35.558553979000067, 32.270833488000164 ], [ 35.558673156000054, 32.270379454000079 ], [ 35.558832338000116, 32.269805541999972 ], [ 35.558982055000115, 32.26940271400008 ], [ 35.559221189000027, 32.268817395000042 ], [ 35.559222607000152, 32.268813923000096 ], [ 35.559226560000184, 32.268799831000024 ], [ 35.559252430000015, 32.268707614000107 ], [ 35.559292309000057, 32.268565460000048 ], [ 35.559361816000035, 32.268265709000048 ], [ 35.55941112, 32.267974466 ], [ 35.55945684500017, 32.267713291000177 ], [ 35.559480101000133, 32.267580453 ], [ 35.559569313000054, 32.267186525999989 ], [ 35.559661617000074, 32.266777089000129 ], [ 35.559760254000139, 32.266332127000112 ], [ 35.559792021000192, 32.265877910000086 ], [ 35.559808486, 32.265762970000026 ], [ 35.559814209000081, 32.265723016000095 ], [ 35.559857119000071, 32.265423458000157 ], [ 35.559911359000125, 32.265035405000106 ], [ 35.559966034000126, 32.264760914000021 ], [ 35.560042925000175, 32.264486224000052 ], [ 35.560131566000109, 32.264334650000137 ], [ 35.560275780000154, 32.264145020000058 ], [ 35.560408969000093, 32.264021643999968 ], [ 35.560529607000092, 32.263824469000099 ], [ 35.560684513000126, 32.263699625000072 ], [ 35.561174596000114, 32.263452959000119 ], [ 35.56184759700011, 32.263164922000158 ], [ 35.562328213000058, 32.262959281000121 ], [ 35.562837775000105, 32.262778075000028 ], [ 35.563482227000179, 32.262571833000038 ], [ 35.563933983000027, 32.262366266000129 ], [ 35.564318306000132, 32.262177089000033 ], [ 35.564587436000011, 32.262045581000166 ], [ 35.564740857, 32.261881706000054 ], [ 35.564749748000111, 32.261693574000105 ], [ 35.564681000000121, 32.261325868000029 ], [ 35.564602725000157, 32.261023568999974 ], [ 35.564553495000155, 32.260729498000103 ], [ 35.564552168000148, 32.260386122000114 ], [ 35.564540846000057, 32.259944705000066 ], [ 35.564540300000033, 32.259589207000147 ], [ 35.56450075500004, 32.259311457000081 ], [ 35.564451404000124, 32.258984558000122 ], [ 35.564363607000075, 32.25870680100013 ], [ 35.564285939000058, 32.258519053000043 ], [ 35.564208297, 32.258380197000122 ], [ 35.564111428000103, 32.258200675000182 ], [ 35.564011962, 32.257949721000045 ], [ 35.563850791999982, 32.25769401000008 ], [ 35.563727357000175, 32.257462426000131 ], [ 35.563641842000152, 32.257302597000148 ], [ 35.563546824000071, 32.25708671700005 ], [ 35.563442139000017, 32.256814923000093 ], [ 35.563384795000104, 32.256607109000129 ], [ 35.563261209000189, 32.256335368000123 ], [ 35.563156372000094, 32.256023558000095 ], [ 35.562985603000072, 32.255727995000086 ], [ 35.56288116900015, 32.255520170000182 ], [ 35.562785927000107, 32.255288369000084 ], [ 35.562700119999988, 32.255008633000045 ], [ 35.562651940000137, 32.254768666000189 ], [ 35.56258460600003, 32.254376719000163 ], [ 35.562487842000053, 32.25396386 ], [ 35.562382612000192, 32.253548063000153 ], [ 35.562296396000193, 32.253204216000029 ], [ 35.562229297000044, 32.252916255000116 ], [ 35.562171590000162, 32.252612344000113 ], [ 35.562160941000059, 32.252300274000049 ], [ 35.562188281000033, 32.252036146000023 ], [ 35.562234680000074, 32.251726451000081 ], [ 35.562346810000065, 32.251478012000064 ], [ 35.562487381999972, 32.251253585000029 ], [ 35.562674724000033, 32.250989012000105 ], [ 35.562806061000174, 32.250820550000185 ], [ 35.562928069000122, 32.250684240000112 ], [ 35.563210092000133, 32.250507326000047 ], [ 35.563482817000192, 32.250370596000096 ], [ 35.563727631, 32.25030594500015 ], [ 35.56398182300012, 32.250265221000177 ], [ 35.564707337000073, 32.250207118000048 ], [ 35.56499009700002, 32.250222392000069 ], [ 35.565527324000186, 32.250268797999979 ], [ 35.565951673000029, 32.250323689000027 ], [ 35.566159022000193, 32.25034706200006 ], [ 35.566432301000191, 32.250354327000082 ], [ 35.566776157000049, 32.250304188000086 ], [ 35.567086834000065, 32.250207219000174 ], [ 35.567425356000172, 32.25002224800005 ], [ 35.567678766000029, 32.249781435000102 ], [ 35.567847635000021, 32.249588908000078 ], [ 35.568016473000171, 32.249388490000172 ], [ 35.568166449000103, 32.249156000000141 ], [ 35.568448718000127, 32.24853706100015 ], [ 35.568587918000105, 32.248178211000152 ], [ 35.568699051000124, 32.247807602000137 ], [ 35.568810276000193, 32.247460808000028 ], [ 35.56886428700011, 32.246899015000167 ], [ 35.568862698000089, 32.246492793000129 ], [ 35.568833324000138, 32.246146395000039 ], [ 35.568804438000086, 32.245967247000181 ], [ 35.568831830000192, 32.245764127000029 ], [ 35.568971165000107, 32.245441206000066 ], [ 35.56922333100016, 32.245141778000175 ], [ 35.569518079000034, 32.244961717000081 ], [ 35.56993881000011, 32.24464983300004 ], [ 35.570374269000183, 32.244457536000027 ], [ 35.570655481000188, 32.244420807000097 ], [ 35.570908226000029, 32.244312580000098 ], [ 35.571216919000108, 32.244096683000123 ], [ 35.571371113000055, 32.243928993000111 ], [ 35.571468701000128, 32.243701720000047 ], [ 35.57143962300006, 32.243474807000155 ], [ 35.571377505000044, 32.243324838000092 ], [ 35.571340697000039, 32.243235974000015 ], [ 35.571322117000079, 32.243206070000042 ], [ 35.571232974999987, 32.24306260100019 ], [ 35.571228572000109, 32.243055514000048 ], [ 35.571170342000073, 32.242961839000031 ], [ 35.570936466999967, 32.242639692000068 ], [ 35.570922064000115, 32.242619869000123 ], [ 35.570844617000034, 32.242513282000118 ], [ 35.57083181500002, 32.242494605000047 ], [ 35.570815602000039, 32.242470951000087 ], [ 35.570741642000144, 32.24238182900018 ], [ 35.570706717000178, 32.242312464000179 ], [ 35.570689046000041, 32.242286725000099 ], [ 35.57056144000012, 32.242048116000149 ], [ 35.570476490000033, 32.241905060000079 ], [ 35.57032451200007, 32.241791921000186 ], [ 35.570319252000161, 32.241788010000164 ], [ 35.570236551000164, 32.241726510000035 ], [ 35.569997434000186, 32.241715211000042 ], [ 35.569659675000025, 32.241704189000018 ], [ 35.569448622999971, 32.241704787000117 ], [ 35.569097449000083, 32.241825266000035 ], [ 35.568914818000167, 32.241885526000033 ], [ 35.568802994000123, 32.242077045000144 ], [ 35.568747185000063, 32.242220643000167 ], [ 35.568550271000106, 32.242233035000083 ], [ 35.568481500000189, 32.24219927200005 ], [ 35.568478858000105, 32.242197973000032 ], [ 35.568381169000133, 32.242149955000173 ], [ 35.568070662000082, 32.241899883000087 ], [ 35.567746413000179, 32.241697753000039 ], [ 35.567575244000125, 32.241548690000059 ], [ 35.567572071000143, 32.241545927000118 ], [ 35.567308733000061, 32.241316574000052 ], [ 35.567073235000066, 32.241127295000069 ], [ 35.567059094000058, 32.241115944000114 ], [ 35.567012366000142, 32.241078433000155 ], [ 35.566829639, 32.240893629000141 ], [ 35.566812300000095, 32.240876092000178 ], [ 35.566799654000079, 32.240864716000146 ], [ 35.566705458000115, 32.240772265000032 ], [ 35.566694513000186, 32.240761514000098 ], [ 35.566616919000182, 32.240685295000105 ], [ 35.566586109000127, 32.240611936000164 ], [ 35.566584079000108, 32.240607102000126 ], [ 35.566531745000077, 32.240482491000193 ], [ 35.566545187000088, 32.240315200000111 ], [ 35.566586462000032, 32.240099927000188 ], [ 35.566666966000128, 32.239953583000158 ], [ 35.566833303000124, 32.239796431000116 ], [ 35.56700877500009, 32.239728867000053 ], [ 35.567210501000091, 32.239676025000108 ], [ 35.567412507000085, 32.239653056000066 ], [ 35.567702154000187, 32.239615040000103 ], [ 35.567912841000123, 32.239606982000169 ], [ 35.56818512000018, 32.239621149000186 ], [ 35.56843114600008, 32.239620455000136 ], [ 35.568659258000139, 32.239575005000063 ], [ 35.568913575000124, 32.239447472000109 ], [ 35.569062346000067, 32.239335177000157 ], [ 35.56911442300003, 32.239170878000152 ], [ 35.569113664000099, 32.238976994999973 ], [ 35.569048363000093, 32.238880679000033 ], [ 35.56904396300007, 32.238874190000104 ], [ 35.568972262000102, 32.238768576000041 ], [ 35.568673015000115, 32.238597799000047 ], [ 35.568391513999984, 32.238471782000033 ], [ 35.568162504000043, 32.238286010000081 ], [ 35.567898064000019, 32.238070467000114 ], [ 35.567687120000187, 32.238011318000133 ], [ 35.567449886000077, 32.238011985000071 ], [ 35.567046306000066, 32.2381251380001 ], [ 35.566783226000155, 32.238215352000111 ], [ 35.566397480000035, 32.238395381000032 ], [ 35.56602944600013, 32.238612698000111 ], [ 35.565788184000098, 32.238815005999982 ], [ 35.56551726400005, 32.239151397000057 ], [ 35.56534228400011, 32.239345913000136 ], [ 35.565290227000162, 32.239517535000118 ], [ 35.565264840000111, 32.239726426000118 ], [ 35.565243872000167, 32.240091286000109 ], [ 35.565202890000137, 32.240425905000166 ], [ 35.565105428000095, 32.240688964000128 ], [ 35.564951580000127, 32.240904551000142 ], [ 35.564615112000183, 32.241228020000165 ], [ 35.564222167000082, 32.241480064000086 ], [ 35.563730783000096, 32.241744218000065 ], [ 35.563308913000185, 32.241805134000117 ], [ 35.563143217000174, 32.241786855000157 ], [ 35.563138105000121, 32.241786299000069 ], [ 35.56309777000007, 32.241781908000178 ], [ 35.56294226000017, 32.241567180000175 ], [ 35.562870909000026, 32.241292617000113 ], [ 35.562841439000067, 32.240958193000154 ], [ 35.562811697000086, 32.240552051000122 ], [ 35.562796137000078, 32.240169821000109 ], [ 35.562831736000078, 32.239770401999976 ], [ 35.562883312000054, 32.239471965000064 ], [ 35.562899364000145, 32.239076546000149 ], [ 35.562933537000049, 32.238822964000121 ], [ 35.563011785000128, 32.238606319000041 ], [ 35.563134001000094, 32.238441970000054 ], [ 35.563265168000044, 32.238277452000091 ], [ 35.563396418000082, 32.238135337000188 ], [ 35.563527390000047, 32.237963493000166 ], [ 35.563658499000155, 32.237784040000122 ], [ 35.563675555000145, 32.237649852000061 ], [ 35.563648448000151, 32.237455904000171 ], [ 35.563601849000122, 32.23734939600007 ], [ 35.563601283000082, 32.237348103000045 ], [ 35.563586396000176, 32.23731432600016 ], [ 35.56336601300012, 32.237083717000189 ], [ 35.563189855000132, 32.236972330000128 ], [ 35.56296114200012, 32.236861086000147 ], [ 35.562723682000183, 32.236802143000148 ], [ 35.562521645000061, 32.236772833000032 ], [ 35.562257910000028, 32.236736223000037 ], [ 35.561880204000033, 32.236722476000068 ], [ 35.561669639000115, 32.236760255999968 ], [ 35.561485690000097, 32.236865175000048 ], [ 35.561389554000129, 32.236999721000188 ], [ 35.561293644000159, 32.237194011000099 ], [ 35.561294386000043, 32.237387892000072 ], [ 35.561224807000087, 32.237574501000097 ], [ 35.56111149000003, 32.237768837000033 ], [ 35.560962578000158, 32.237888594000083 ], [ 35.560778487000107, 32.238000980000152 ], [ 35.560594364000053, 32.238061090000144 ], [ 35.560287172000187, 32.238106744 ], [ 35.559948766000105, 32.238183624000158 ], [ 35.559548732000053, 32.238184724000064 ], [ 35.559246079000104, 32.238204013000143 ], [ 35.558932313000128, 32.238177259000054 ], [ 35.558770070000094, 32.238150228000052 ], [ 35.558499295000161, 32.238049943000192 ], [ 35.558325999000033, 32.237949388000118 ], [ 35.558152331000031, 32.237793742000065 ], [ 35.558033048000027, 32.237683883000102 ], [ 35.557981583000128, 32.237490282000181 ], [ 35.557967121000161, 32.237436073000026 ], [ 35.557967094000105, 32.237435339000172 ], [ 35.557955090000178, 32.237105547000056 ], [ 35.558018693000179, 32.236783969999976 ], [ 35.558233716000132, 32.236434362000182 ], [ 35.558362102999979, 32.236103451000076 ], [ 35.558501602999968, 32.235818444000017 ], [ 35.55869462600009, 32.235395484000037 ], [ 35.558791239000129, 32.235211482000068 ], [ 35.558888028000069, 32.235073552000074 ], [ 35.559308788000067, 32.234815248000189 ], [ 35.559578719000115, 32.234695159000069 ], [ 35.559988954000062, 32.23454707000019 ], [ 35.560205085000064, 32.234491381000112 ], [ 35.560351827000147, 32.234412071000122 ], [ 35.560575558000096, 32.234350864000135 ], [ 35.560951874000125, 32.234263311000063 ], [ 35.561358956000049, 32.234201739000127 ], [ 35.561552185000153, 32.234140617000037 ], [ 35.561735302000102, 32.234079521000126 ], [ 35.561918019000075, 32.233957980000127 ], [ 35.562080017000142, 32.233706721000033 ], [ 35.562191020000171, 32.233429679000039 ], [ 35.562291478000134, 32.233083483000144 ], [ 35.562391639000168, 32.232659508000154 ], [ 35.562431293000088, 32.23236547200014 ], [ 35.562470411000106, 32.231976189000193 ], [ 35.562489738000181, 32.231699400000139 ], [ 35.562529027000153, 32.231310115000156 ], [ 35.562558799000158, 32.231119811000042 ], [ 35.562606969000058, 32.230756569000164 ], [ 35.562641889000076, 32.2303957580001 ], [ 35.562677627000028, 32.230204875000027 ], [ 35.562731312000096, 32.229983225000126 ], [ 35.562845700000139, 32.229725193000093 ], [ 35.562978072000078, 32.229446542000062 ], [ 35.563128819000042, 32.229203910000024 ], [ 35.563297878000071, 32.228981938000175 ], [ 35.563551709000023, 32.22873380700014 ], [ 35.56378346300005, 32.228564499000186 ], [ 35.563989062000076, 32.228404284000135 ], [ 35.564298228999974, 32.228320994000171 ], [ 35.564728953000099, 32.228294008000091 ], [ 35.565086842000142, 32.22829300799998 ], [ 35.565602757000079, 32.228348210000149 ], [ 35.565869820999978, 32.228393819000075 ], [ 35.566185719000032, 32.228465077000124 ], [ 35.566550200000052, 32.228582556000163 ], [ 35.566817685000103, 32.228736376000086 ], [ 35.566994323000131, 32.228931736999982 ], [ 35.567104184000073, 32.229091213000061 ], [ 35.567131283000094, 32.229281641000171 ], [ 35.567136079000136, 32.229315388000032 ], [ 35.567144234000182, 32.229372770000168 ], [ 35.567115642000147, 32.229821063000031 ], [ 35.567068536000136, 32.230197409000084 ], [ 35.567049480000151, 32.230342547000191 ], [ 35.567038426000124, 32.230426744000169 ], [ 35.567027320000136, 32.23051188300019 ], [ 35.566991771000119, 32.230748982000193 ], [ 35.567036238000128, 32.23097261300012 ], [ 35.567200520000029, 32.231100937000065 ], [ 35.567498054000168, 32.231136173000152 ], [ 35.567886267000063, 32.231129865000128 ], [ 35.568304904000115, 32.231103042000143 ], [ 35.568632167000089, 32.231024764000097 ], [ 35.569025908000071, 32.230863867000153 ], [ 35.569255971000018, 32.230729217000032 ], [ 35.569540452000012, 32.230563555000174 ], [ 35.569779503000177, 32.230412567000144 ], [ 35.569794118000061, 32.230403336000165 ], [ 35.569818920000159, 32.230387625000049 ], [ 35.569830670000044, 32.230340530000149 ], [ 35.56983750500018, 32.230313179000063 ], [ 35.569866578000187, 32.230196847000059 ], [ 35.569918695000183, 32.229995078000115 ], [ 35.569930426000155, 32.229949661000035 ], [ 35.569938427000181, 32.229918359000123 ], [ 35.569981687000052, 32.229620787000158 ], [ 35.569949858000143, 32.22923959200017 ], [ 35.569924599000103, 32.229012951000129 ], [ 35.569923589000041, 32.228755239000122 ], [ 35.569928432000154, 32.228425369000036 ], [ 35.569877591000136, 32.228015343000038 ], [ 35.569833944000152, 32.22770632400011 ], [ 35.569789667000123, 32.227278664000096 ], [ 35.569758083000181, 32.22695932400012 ], [ 35.569677407000086, 32.226464840000062 ], [ 35.569609295000134, 32.226130103000173 ], [ 35.569564653000157, 32.225693427000124 ], [ 35.569551442000034, 32.225410109000109 ], [ 35.569537669000056, 32.225109600000053 ], [ 35.569537496000123, 32.225107344000037 ], [ 35.569531514000175, 32.224977308000121 ], [ 35.569517801000188, 32.224565062000124 ], [ 35.569534604000069, 32.224199085000123 ], [ 35.569509492000122, 32.224008514000047 ], [ 35.569472483000027, 32.22382826200004 ], [ 35.569330676999982, 32.223510501000135 ], [ 35.569159895000098, 32.223242986000116 ], [ 35.568995195000127, 32.22304759400015 ], [ 35.568867231000183, 32.222878023000021 ], [ 35.5686781120001, 32.222626057000184 ], [ 35.568586610000182, 32.222497388000079 ], [ 35.568403524000132, 32.222219620000033 ], [ 35.568354377000048, 32.222070400000121 ], [ 35.568287330000089, 32.22183697000014 ], [ 35.568286255000089, 32.221561223000151 ], [ 35.56828590300006, 32.221470906000036 ], [ 35.568285752000122, 32.221432259000153 ], [ 35.568285344000117, 32.221327889000065 ], [ 35.568334452000101, 32.22108384600017 ], [ 35.568421015000069, 32.220881969000118 ], [ 35.568557762000069, 32.220711935000054 ], [ 35.568756833000123, 32.2205417240001 ], [ 35.568993606999982, 32.220434956000133 ], [ 35.569268297000178, 32.220402335000188 ], [ 35.569718023000064, 32.220454044000121 ], [ 35.570055535000108, 32.220548622000138 ], [ 35.570442855000181, 32.220621780000158 ], [ 35.570705450000162, 32.22071642700007 ], [ 35.571143121000034, 32.220863697000027 ], [ 35.571430372000066, 32.22090529500008 ], [ 35.571667937000143, 32.220957739000141 ], [ 35.571955310000192, 32.220988625000018 ], [ 35.572117286999969, 32.220913906000135 ], [ 35.572210488000167, 32.220754308000096 ], [ 35.572253776000025, 32.220680181000091 ], [ 35.572260345000132, 32.220656583000107 ], [ 35.572327651000194, 32.220414789000188 ], [ 35.572501306000049, 32.220149254000148 ], [ 35.572724766000078, 32.219819747000145 ], [ 35.572935962000145, 32.219532827000023 ], [ 35.573017557000071, 32.219336586000054 ], [ 35.573024297000075, 32.219320375000052 ], [ 35.573059595000132, 32.219235448000177 ], [ 35.57307122900005, 32.21899136900015 ], [ 35.572957762000158, 32.218715945000099 ], [ 35.572807174000161, 32.21852544900014 ], [ 35.572606527000175, 32.218335096000146 ], [ 35.572393994000038, 32.218240312000091 ], [ 35.572144004000165, 32.218187902000011 ], [ 35.571894140000097, 32.218167478000112 ], [ 35.571494648000055, 32.218200459000116 ], [ 35.571058156000049, 32.218307657000082 ], [ 35.570696457000054, 32.218425495000076 ], [ 35.57021032300014, 32.218638935000115 ], [ 35.569811285000128, 32.218788577000055 ], [ 35.56954952600006, 32.218905986000095 ], [ 35.569088207, 32.219066368000085 ], [ 35.568763754000088, 32.219130973000176 ], [ 35.568514177000111, 32.219142246000104 ], [ 35.568201700000088, 32.219090147000145 ], [ 35.56790173800016, 32.219016734000036 ], [ 35.567589136000038, 32.21889023600005 ], [ 35.567326139000045, 32.218689484000151 ], [ 35.567150781000123, 32.218562738000116 ], [ 35.567000614000051, 32.218478337000192 ], [ 35.566862880000031, 32.218393759000094 ], [ 35.566625326000064, 32.218299032000175 ], [ 35.566350310000075, 32.218204270000115 ], [ 35.566162689000066, 32.218119971000192 ], [ 35.565912456000035, 32.218004004000079 ], [ 35.56561245600011, 32.217920020000065 ], [ 35.565299945000106, 32.217814790000091 ], [ 35.565037160000088, 32.217667012999982 ], [ 35.564874156000144, 32.217518954000127 ], [ 35.56477551100005, 32.217297870000095 ], [ 35.564767452000183, 32.217279789000145 ], [ 35.564723011000126, 32.217180081000038 ], [ 35.564734214999987, 32.216861745000188 ], [ 35.564831401000049, 32.216620106000164 ], [ 35.565030386999979, 32.216428625000049 ], [ 35.565279262000047, 32.216194593000012 ], [ 35.565552996000179, 32.215960491000033 ], [ 35.566001340000128, 32.215662351000049 ], [ 35.566399836000073, 32.215374776000147 ], [ 35.566810596000096, 32.215044754000189 ], [ 35.567171544000132, 32.214736148000043 ], [ 35.567457741000112, 32.214512716000058 ], [ 35.567756699000142, 32.214331517000062 ], [ 35.568130858000131, 32.214181951000114 ], [ 35.568567129000087, 32.214021640000112 ], [ 35.568916755000032, 32.21399937800004 ], [ 35.569104249000077, 32.214051969000025 ], [ 35.569367361, 32.214284561999989 ], [ 35.569530575000044, 32.21452800600008 ], [ 35.569819217000088, 32.214887905000126 ], [ 35.570032279000145, 32.215120641000169 ], [ 35.570245300000067, 32.215300254 ], [ 35.570532906999972, 32.215394969000158 ], [ 35.570720068000128, 32.215362595000101 ], [ 35.571118757000136, 32.215170539000042 ], [ 35.571504427000093, 32.214787594000086 ], [ 35.571764793000114, 32.214320178000094 ], [ 35.571962838000104, 32.213895351000019 ], [ 35.572086303000106, 32.21351314900005 ], [ 35.572198088, 32.213364319000164 ], [ 35.572284762000095, 32.213194424000051 ], [ 35.572273458000041, 32.212807110000142 ], [ 35.572240527000076, 32.212441980000165 ], [ 35.572281299000053, 32.212147795000021 ], [ 35.572416506000138, 32.211844468000095 ], [ 35.572520364000013, 32.211576876000152 ], [ 35.572508736000145, 32.211318492000089 ], [ 35.572507436000024, 32.210988778000171 ], [ 35.572506241000042, 32.210685838000131 ], [ 35.572526377000088, 32.210454134000145 ], [ 35.572734962000027, 32.210141718000045 ], [ 35.572995956000113, 32.209838031000061 ], [ 35.57313134400016, 32.20962375 ], [ 35.573172735000128, 32.209445529000106 ], [ 35.573193018000097, 32.209293999000181 ], [ 35.573087337000118, 32.209098302000086 ], [ 35.572761706000108, 32.208938741999987 ], [ 35.57242490800013, 32.208931389000043 ], [ 35.572405020000076, 32.208931306000125 ], [ 35.572130616000095, 32.208943641000133 ], [ 35.572103261000052, 32.208944922000171 ], [ 35.571996067999976, 32.208949942000061 ], [ 35.571733951000056, 32.208968442000128 ], [ 35.571566416000167, 32.209057970000117 ], [ 35.571409804000155, 32.209227781000038 ], [ 35.571263457000043, 32.209352897000088 ], [ 35.57114859700016, 32.209478067000134 ], [ 35.570991738000032, 32.209585317000119 ], [ 35.570820539000181, 32.209675183000115 ], [ 35.570803356000056, 32.209684203000108 ], [ 35.570722839000098, 32.20969623700006 ], [ 35.570708142, 32.209698434000131 ], [ 35.570691882000119, 32.209700864000183 ], [ 35.570523100000173, 32.209726423000063 ], [ 35.570253325000124, 32.209736486000111 ], [ 35.569918497000117, 32.209682342000065 ], [ 35.569680753000171, 32.209618903000035 ], [ 35.56943212800013, 32.209527876999971 ], [ 35.569140140000115, 32.209409497000138 ], [ 35.568858878000128, 32.209235991000185 ], [ 35.568653438000183, 32.209126526000091 ], [ 35.568296154000109, 32.208879963000186 ], [ 35.568003942000075, 32.208660693000184 ], [ 35.567787245000034, 32.208468687000106 ], [ 35.567635458000154, 32.208304116000079 ], [ 35.567472936000058, 32.208148731999984 ], [ 35.567320758000051, 32.207883134000042 ], [ 35.567135871000119, 32.207516878000149 ], [ 35.567070180000087, 32.207287811000072 ], [ 35.56693993000016, 32.207077244000175 ], [ 35.566734260000032, 32.206949457000178 ], [ 35.566588392000028, 32.206942539000124 ], [ 35.566569493000145, 32.206941672000141 ], [ 35.566550765000045, 32.206940812000084 ], [ 35.566291876000037, 32.206978173000039 ], [ 35.565989945000183, 32.207070747000103 ], [ 35.56568839199997, 32.207218273000024 ], [ 35.565473123000061, 32.207393173000128 ], [ 35.565387347000069, 32.20754009400008 ], [ 35.565226492000136, 32.207815730000164 ], [ 35.565087609000102, 32.208201210000084 ], [ 35.565089239000088, 32.208623072000194 ], [ 35.565079740000101, 32.208953236000127 ], [ 35.565026622000119, 32.209145859000159 ], [ 35.564951508000149, 32.209265275000121 ], [ 35.564864961000183, 32.209299511000097 ], [ 35.564848910000194, 32.209305860000029 ], [ 35.564671183000144, 32.209376105000047 ], [ 35.564325483000118, 32.209294638000131 ], [ 35.564120122000077, 32.209203481000145 ], [ 35.563854752000168, 32.209066698000129 ], [ 35.563713815000142, 32.208920407000164 ], [ 35.563572136000062, 32.208581505000041 ], [ 35.56337599800014, 32.208086772000058 ], [ 35.563201652000146, 32.20765622700003 ], [ 35.563114285999973, 32.207390585000098 ], [ 35.563037800000075, 32.207152387000065 ], [ 35.562961242000142, 32.206895872000075 ], [ 35.562981377000085, 32.206528901000183 ], [ 35.562991165000028, 32.206272146000174 ], [ 35.563056527000128, 32.205943938000189 ], [ 35.563206788000173, 32.20571427100009 ], [ 35.563378836000027, 32.205548653000108 ], [ 35.563755770000114, 32.205309194000051 ], [ 35.564229828000123, 32.205115259000081 ], [ 35.564725630000112, 32.204930560000037 ], [ 35.56489603000017, 32.204894746000093 ], [ 35.564949839000064, 32.204883437000092 ], [ 35.565167920000079, 32.204837597000051 ], [ 35.56536119000009, 32.204760264000129 ], [ 35.56538961900003, 32.204748912000071 ], [ 35.565491248, 32.204708329000027 ], [ 35.565695715000174, 32.204570235000119 ], [ 35.565770717000134, 32.204423205000069 ], [ 35.56581340200006, 32.204276403000165 ], [ 35.565758488000085, 32.20404730600012 ], [ 35.565602809000097, 32.203687026000125 ], [ 35.56536410200016, 32.203413069000135 ], [ 35.565125586000136, 32.203187444000037 ], [ 35.564944450000098, 32.20305874100012 ], [ 35.564810973000135, 32.202954137000177 ], [ 35.564686786999971, 32.202809071000047 ], [ 35.564534002000073, 32.202639848 ], [ 35.564447962000031, 32.202502846000073 ], [ 35.564361568000152, 32.202317235000066 ], [ 35.564284632000181, 32.202091298000084 ], [ 35.564188649000187, 32.201825114000087 ], [ 35.564054335000037, 32.201502395000148 ], [ 35.563891197000089, 32.201139315000091 ], [ 35.563661803000116, 32.200784591000058 ], [ 35.56351843900012, 32.200607309000134 ], [ 35.563289443000031, 32.200397856000166 ], [ 35.563001381000163, 32.200126852000096 ], [ 35.562819914000158, 32.199909234000017 ], [ 35.562628653000047, 32.199643315000174 ], [ 35.562485304000177, 32.199425591000079 ], [ 35.562380028000177, 32.199240031000159 ], [ 35.562312481000163, 32.198998003000042 ], [ 35.562254484999983, 32.198739603000149 ], [ 35.562262384, 32.198335749000137 ], [ 35.562337764000063, 32.198157860000094 ], [ 35.562422913999967, 32.198020384000074 ], [ 35.562640618000046, 32.197793486000137 ], [ 35.56283029400015, 32.197647689000064 ], [ 35.56310546900005, 32.197541810000075 ], [ 35.563294063000058, 32.197515733000159 ], [ 35.563314485000149, 32.197512909000068 ], [ 35.563580643000137, 32.197475956000119 ], [ 35.563922831000184, 32.197475005000172 ], [ 35.56426521000003, 32.197522522999975 ], [ 35.564741224000159, 32.197674641000162 ], [ 35.565045955000016, 32.197843438000177 ], [ 35.565493938000088, 32.19811681200008 ], [ 35.565894324000169, 32.198422582000148 ], [ 35.566323818000171, 32.198841416000164 ], [ 35.566600430000165, 32.199107233 ], [ 35.566943828000149, 32.199372719000166 ], [ 35.567267720000132, 32.199565696000036 ], [ 35.567636433000132, 32.19973529400005 ], [ 35.5680362760001, 32.199855346 ], [ 35.568331042000182, 32.199886783000068 ], [ 35.568692328000054, 32.199893796000026 ], [ 35.568825090000189, 32.199857493000081 ], [ 35.568849370000066, 32.199850860000026 ], [ 35.569110150000142, 32.199779613000032 ], [ 35.56928085800007, 32.199657953000099 ], [ 35.569441673000142, 32.199463615000184 ], [ 35.569564347000153, 32.199221052000098 ], [ 35.569572442000037, 32.198833260000185 ], [ 35.569580245000054, 32.19841320200004 ], [ 35.56950156, 32.197826697000096 ], [ 35.569433149000133, 32.197325975000069 ], [ 35.56940316400005, 32.19694646500011 ], [ 35.56940177600012, 32.196591107000188 ], [ 35.569409674000042, 32.196195283000122 ], [ 35.56947499600011, 32.19586397400019 ], [ 35.56962581199997, 32.19557272000003 ], [ 35.569795880000015, 32.195289583000147 ], [ 35.570098946000087, 32.194989868000164 ], [ 35.570259206000173, 32.194783695000069 ], [ 35.570530335000115, 32.19458072700013 ], [ 35.570744865000108, 32.194397226000149 ], [ 35.571162533000063, 32.194039974000077 ], [ 35.571590047000086, 32.193701576000137 ], [ 35.57185918100015, 32.193498329000079 ], [ 35.572151851000172, 32.193254716000126 ], [ 35.572254446000045, 32.193092525000111 ], [ 35.572301583000126, 32.192944019000095 ], [ 35.572308898000131, 32.192782100000102 ], [ 35.572252400000082, 32.19257301600004 ], [ 35.572148503999983, 32.192404650000128 ], [ 35.571973272000093, 32.192256775000033 ], [ 35.571790192000037, 32.192135836999967 ], [ 35.57159956300012, 32.192075790000104 ], [ 35.571337135000078, 32.192002278000018 ], [ 35.571075057000087, 32.191975970000158 ], [ 35.570725684000024, 32.191956812000171 ], [ 35.570463325000105, 32.191942620000077 ], [ 35.57017997600019, 32.191943421000076 ], [ 35.570117011000036, 32.191943600000172 ], [ 35.569874096000092, 32.191944288000059 ], [ 35.569847338000045, 32.191942387000154 ], [ 35.569734549000032, 32.191934372000105 ], [ 35.569704371000171, 32.191932228000098 ], [ 35.569613375000131, 32.191925861000186 ], [ 35.569295910000051, 32.191888150000182 ], [ 35.569148416000132, 32.191840518000163 ], [ 35.568966801999977, 32.191754375000073 ], [ 35.568807591000052, 32.191591092000124 ], [ 35.56873881100006, 32.191417975000093 ], [ 35.56872671800005, 32.191206229000159 ], [ 35.568748403000143, 32.190946199000166 ], [ 35.568973562000053, 32.190598938000107 ], [ 35.569038306000039, 32.190503363000118 ], [ 35.569176368000115, 32.190299788000061 ], [ 35.569446432000063, 32.189954654000076 ], [ 35.569524898000168, 32.18972334700004 ], [ 35.569580738000184, 32.189511412000172 ], [ 35.569568328000059, 32.189261058000056 ], [ 35.56948837300007, 32.189068809000048 ], [ 35.569419709000101, 32.188924575000044 ], [ 35.569283389000191, 32.188809418000176 ], [ 35.569101576000151, 32.188713553000184 ], [ 35.568806941, 32.188705789000039 ], [ 35.568790642000181, 32.188705362000121 ], [ 35.568772970000111, 32.188704899000129 ], [ 35.568523955000046, 32.188753790000192 ], [ 35.568297810000047, 32.18888913100011 ], [ 35.567834251000193, 32.189160129000186 ], [ 35.567495385000029, 32.189411328000062 ], [ 35.567235495000034, 32.189604674000066 ], [ 35.567088526000191, 32.189691744000186 ], [ 35.566930090000085, 32.18976926300013 ], [ 35.566877957000088, 32.189783267000053 ], [ 35.566846334000047, 32.189791762000084 ], [ 35.566749003999973, 32.189817819000041 ], [ 35.566511141000149, 32.189837791000116 ], [ 35.566227839000135, 32.189848165000058 ], [ 35.565955820000113, 32.189820042000122 ], [ 35.565502253000147, 32.189763539000182 ], [ 35.564855591000082, 32.189563145000136 ], [ 35.564269863000106, 32.189350885000124 ], [ 35.563725272999989, 32.189150201000075 ], [ 35.563316632000067, 32.188968444000182 ], [ 35.562896687000034, 32.188776992000157 ], [ 35.562419542000043, 32.188489460000028 ], [ 35.56201053500007, 32.188211319000175 ], [ 35.561760117000119, 32.187894271000062 ], [ 35.561544075000029, 32.187683088000085 ], [ 35.561350052000023, 32.187336996000056 ], [ 35.561167682000075, 32.187048645000061 ], [ 35.561120667000182, 32.186625076000098 ], [ 35.561096700000064, 32.186249630000134 ], [ 35.561106937000091, 32.185980052000048 ], [ 35.561186806000194, 32.185591216000034 ], [ 35.561226513, 32.185314792000042 ], [ 35.561286431000042, 32.185038452000128 ], [ 35.561278936000178, 32.184854310000162 ], [ 35.561291563000111, 32.184647145000156 ], [ 35.561263945000121, 32.184486167000159 ], [ 35.561202466000111, 32.18435388600011 ], [ 35.560927026000059, 32.184206273000086 ], [ 35.560755790000087, 32.184228444000041 ], [ 35.560715382000126, 32.184233348000078 ], [ 35.560697120000043, 32.1842355980001 ], [ 35.560377373000108, 32.184275000000184 ], [ 35.560120701000187, 32.184357008 ], [ 35.559897157000194, 32.184479082000166 ], [ 35.559582267000053, 32.184544622000089 ], [ 35.559321487000147, 32.184591416000046 ], [ 35.559188174000042, 32.184605994000037 ], [ 35.559120590000134, 32.184613384000102 ], [ 35.559060800000168, 32.184619889000032 ], [ 35.558756601000141, 32.18462072300008 ], [ 35.558560889000091, 32.184611961000087 ], [ 35.558397609999986, 32.184547872 ], [ 35.558081356000116, 32.18425312100004 ], [ 35.557949914000062, 32.1839764610001 ], [ 35.557850938000058, 32.183653495000158 ], [ 35.557871631000069, 32.183385719000057 ], [ 35.558087925000052, 32.183098810000047 ], [ 35.558380197000076, 32.182793373000038 ], [ 35.558650659000079, 32.182460097000046 ], [ 35.558834450000063, 32.182210332000068 ], [ 35.559061579000115, 32.181941849000111 ], [ 35.559364718000097, 32.181663998000147 ], [ 35.55958153000006, 32.181515594000132 ], [ 35.559830981, 32.1813672400001 ], [ 35.559960776000025, 32.181209915000125 ], [ 35.559970806000138, 32.18101585900007 ], [ 35.559893883000086, 32.180741870000077 ], [ 35.559784180000179, 32.180474311000012 ], [ 35.559619878000035, 32.180096153000193 ], [ 35.559488473000101, 32.179828651999969 ], [ 35.559444060000089, 32.179607130000136 ], [ 35.559399810000173, 32.179385749 ], [ 35.559431782000104, 32.179210093000052 ], [ 35.559561680000058, 32.1790805280001 ], [ 35.559778529000141, 32.178987498000026 ], [ 35.560006655000166, 32.178940796000063 ], [ 35.560080867000124, 32.17893602100014 ], [ 35.560116474000097, 32.17893373000004 ], [ 35.560530402999973, 32.17890722900006 ], [ 35.560906966000175, 32.178901116000134 ], [ 35.56106816800019, 32.178900671 ], [ 35.561086708000119, 32.178896111000029 ], [ 35.561101572999974, 32.178892456000142 ], [ 35.561319100000162, 32.178838967000104 ], [ 35.561468084000012, 32.178762467000126 ], [ 35.561539200000084, 32.178599668000061 ], [ 35.561604236000107, 32.17840644600011 ], [ 35.561627356000088, 32.178213483000036 ], [ 35.561608726000145, 32.178020496000102 ], [ 35.561536446, 32.177878523000174 ], [ 35.561404386999982, 32.177701065000065 ], [ 35.561278025000036, 32.177540218000161 ], [ 35.56104418700005, 32.177347964999967 ], [ 35.560888263000095, 32.177211295000063 ], [ 35.560714426, 32.177069458000119 ], [ 35.560529583000118, 32.176864811000144 ], [ 35.560405150000179, 32.176731013000108 ], [ 35.560337080000068, 32.17660663800001 ], [ 35.56023439500018, 32.176310033999982 ], [ 35.560222328000179, 32.17609941600017 ], [ 35.560176317000185, 32.175850422000167 ], [ 35.560120366000092, 32.175427156000126 ], [ 35.560035695000067, 32.175249145000066 ], [ 35.559967276, 32.175178120000112 ], [ 35.559963674000073, 32.175174379999987 ], [ 35.55992625, 32.175135452000177 ], [ 35.559758401000067, 32.175128727000072 ], [ 35.559607639000035, 32.175171977000048 ], [ 35.559407242000077, 32.175407699000061 ], [ 35.559081235000178, 32.175722248000056 ], [ 35.558847044000061, 32.175915507000127 ], [ 35.558612986000071, 32.176144274000137 ], [ 35.5583536420001, 32.176301811000144 ], [ 35.558127627000147, 32.176423607000061 ], [ 35.557934754000087, 32.176459783000041 ], [ 35.55777548500015, 32.176488682000013 ], [ 35.557574140000099, 32.176475002000132 ], [ 35.557330608000029, 32.176432831000113 ], [ 35.556918929000119, 32.176262894 ], [ 35.556789779000098, 32.176194484 ], [ 35.556782634000115, 32.176190697000152 ], [ 35.556557539000096, 32.176071402000161 ], [ 35.556263301000058, 32.175893959000121 ], [ 35.555977479000035, 32.175752140000043 ], [ 35.55572539800005, 32.17563883400004 ], [ 35.555532697, 32.175543963000109 ], [ 35.555525382000042, 32.175540304000094 ], [ 35.555523733000143, 32.175539479000122 ], [ 35.555255161000161, 32.175490326000045 ], [ 35.555011737000086, 32.175476756000137 ], [ 35.554835764000188, 32.17551288300001 ], [ 35.554467025000122, 32.175613642000087 ], [ 35.55416209700013, 32.175677732000111 ], [ 35.553935732000127, 32.175706809000076 ], [ 35.553701485000033, 32.17568944900006 ], [ 35.553675223000141, 32.17568750300012 ], [ 35.553667423000036, 32.17568414200008 ], [ 35.553423495000118, 32.175579827000092 ], [ 35.553255281000077, 32.17543063800008 ], [ 35.553170700000067, 32.175274039000158 ], [ 35.553119620000132, 32.175081700000135 ], [ 35.553135722000036, 32.174867764000055 ], [ 35.553244199, 32.174724874000106 ], [ 35.553394619000017, 32.174589058000095 ], [ 35.553670786000055, 32.174410069000089 ], [ 35.554006136000112, 32.174330678 ], [ 35.554316299000106, 32.174294190000182 ], [ 35.55483643700012, 32.17432138700002 ], [ 35.55524778400013, 32.174362965000114 ], [ 35.555868918000044, 32.17446103900005 ], [ 35.556271597000034, 32.174488548000113 ], [ 35.556808609000086, 32.174508505000063 ], [ 35.557093726000119, 32.174507728000094 ], [ 35.557418742000038, 32.174472206000189 ], [ 35.557442814000069, 32.174469575000046 ], [ 35.557496302000061, 32.174463793000086 ], [ 35.557564258000127, 32.174427678000029 ], [ 35.557582601000149, 32.174417926000103 ], [ 35.557739020000042, 32.174334766000186 ], [ 35.557981493000113, 32.174141627000097 ], [ 35.558114738000029, 32.173891720000086 ], [ 35.558147210000072, 32.173585161000062 ], [ 35.558154717000093, 32.173335598000108 ], [ 35.558061065000118, 32.172972319000166 ], [ 35.558020008000028, 32.172804049000092 ], [ 35.557994098, 32.172611643000153 ], [ 35.557959824000193, 32.172397844000159 ], [ 35.557984308000073, 32.172212486000092 ], [ 35.558059069000137, 32.172005433000095 ], [ 35.558225963000098, 32.171805455000083 ], [ 35.558426570999984, 32.171626662000108 ], [ 35.558677483000167, 32.171433498999988 ], [ 35.558853101000125, 32.171261817000186 ], [ 35.558978218000107, 32.171097601000099 ], [ 35.559036189000153, 32.170876362000172 ], [ 35.559052191999967, 32.170683841000141 ], [ 35.558975895000174, 32.170484528000088 ], [ 35.558797367000125, 32.170280846000139 ], [ 35.558796151000024, 32.170279461000121 ], [ 35.558754939000153, 32.170232491000093 ], [ 35.558519821000061, 32.170133374000159 ], [ 35.558259465000049, 32.170062788 ], [ 35.557906942999978, 32.170020919000024 ], [ 35.557638546000078, 32.170014465000179 ], [ 35.557420427000068, 32.170029432000092 ], [ 35.557118756000079, 32.170072950000133 ], [ 35.556892374000142, 32.170137820000036 ], [ 35.556616177000137, 32.17025975100006 ], [ 35.556323078000105, 32.170424421000178 ], [ 35.556055592, 32.170660461000182 ], [ 35.555838543000107, 32.170917639000152 ], [ 35.5555713440001, 32.171274855000036 ], [ 35.555396181999981, 32.171524874 ], [ 35.555137079000133, 32.171789352000076 ], [ 35.55495319900001, 32.171968094000079 ], [ 35.55476907700006, 32.172082586000158 ], [ 35.554610775000128, 32.17236820700009 ], [ 35.554477439000095, 32.172596693000173 ], [ 35.554316506000191, 32.172798904000103 ], [ 35.554116047000036, 32.173020385000029 ], [ 35.553932295000095, 32.173234777000175 ], [ 35.5537316220001, 32.173399332000031 ], [ 35.553606037000122, 32.173485201000119 ], [ 35.553404804000081, 32.173499976000187 ], [ 35.553069278, 32.173486649000097 ], [ 35.552825860000155, 32.173473074000128 ], [ 35.552590864000081, 32.173452288000135 ], [ 35.55245728, 32.173440493000157 ], [ 35.552451494000081, 32.173439982000048 ], [ 35.552356034000184, 32.173431503000131 ], [ 35.552179343000034, 32.173317985000153 ], [ 35.552044756000157, 32.17321140100006 ], [ 35.551859383000192, 32.172990819000063 ], [ 35.551590185000123, 32.172770600000092 ], [ 35.551438550000114, 32.172578531000056 ], [ 35.551354084000025, 32.17245039200003 ], [ 35.551244362000034, 32.172258211000042 ], [ 35.551184892000094, 32.172080126000139 ], [ 35.551183756000171, 32.17177365900011 ], [ 35.551224990000037, 32.171545422000122 ], [ 35.551425716000097, 32.171395103 ], [ 35.551852872000097, 32.171237129000133 ], [ 35.552389042000073, 32.171036025000149 ], [ 35.5527071140001, 32.170856925000066 ], [ 35.553075597000088, 32.170692060000022 ], [ 35.553477703000169, 32.170569797000155 ], [ 35.554030835000106, 32.170432752000067 ], [ 35.554265423000118, 32.170346587000154 ], [ 35.554474618000143, 32.170203426000114 ], [ 35.554574532000061, 32.17003209600017 ], [ 35.55458244800019, 32.169889480000052 ], [ 35.55459917800016, 32.16953533800006 ], [ 35.554530619000047, 32.169143384000165 ], [ 35.554403686000114, 32.168822887000033 ], [ 35.554276905000052, 32.168587919000117 ], [ 35.554133769000089, 32.168452895000144 ], [ 35.553957087000015, 32.168296546000079 ], [ 35.55378888000007, 32.16819005200017 ], [ 35.553616506000026, 32.168077512000082 ], [ 35.553613845000029, 32.168075796000096 ], [ 35.55360388400004, 32.168069374000083 ], [ 35.553420558000141, 32.167951225000024 ], [ 35.553107662000173, 32.167826805 ], [ 35.552829721000194, 32.167702149000036 ], [ 35.552655732000119, 32.167599333000055 ], [ 35.552490464000073, 32.167481839000061 ], [ 35.552441247000047, 32.167432937000115 ], [ 35.552430927000046, 32.167422688000045 ], [ 35.552342482000086, 32.167334852000067 ], [ 35.552323748000163, 32.16723110300012 ], [ 35.552321679000102, 32.167219647000081 ], [ 35.552319480000165, 32.167207253000072 ], [ 35.55231599300015, 32.167187766000154 ], [ 35.552315927000109, 32.167187395000042 ], [ 35.552297847000034, 32.167003139000087 ], [ 35.552314530000103, 32.166811322000115 ], [ 35.552383090000092, 32.166582589000086 ], [ 35.552564017000066, 32.166279719999977 ], [ 35.552641192000124, 32.166006720000155 ], [ 35.552718280000136, 32.16575570100008 ], [ 35.552847221000036, 32.165416194000159 ], [ 35.552924173000179, 32.165128400000128 ], [ 35.553010232000133, 32.164929068000163 ], [ 35.553165753000087, 32.164788589000182 ], [ 35.553495509000015, 32.164772903000141 ], [ 35.553712868000162, 32.164912517000118 ], [ 35.553757483000027, 32.164985458000046 ], [ 35.55375787000014, 32.164986091000173 ], [ 35.553852539000104, 32.165140689000168 ], [ 35.553931468000144, 32.165383819000056 ], [ 35.554027929000029, 32.165663820000191 ], [ 35.554115311000146, 32.165818296 ], [ 35.554153941000152, 32.165849490000085 ], [ 35.554174792000026, 32.165866327000174 ], [ 35.554306720000113, 32.16597263500006 ], [ 35.554558596000163, 32.16603832100003 ], [ 35.555009861000087, 32.166088811000122 ], [ 35.55537446600016, 32.166132066000046 ], [ 35.555600417000107, 32.166219941000122 ], [ 35.555722365000065, 32.166359671000123 ], [ 35.555765152000163, 32.166460864000044 ], [ 35.555770908999989, 32.166474491000031 ], [ 35.555805064000083, 32.166555336000044 ], [ 35.555835858000137, 32.166628224000078 ], [ 35.555862430000047, 32.16669112000011 ], [ 35.555915248000133, 32.166904873000135 ], [ 35.556037339, 32.167081517000156 ], [ 35.556045304000065, 32.167085628000052 ], [ 35.556052277, 32.167089227000076 ], [ 35.556193856000107, 32.167162111000096 ], [ 35.556402083000194, 32.167161545000056 ], [ 35.55680084200003, 32.167079440000066 ], [ 35.556982699000059, 32.16698298700004 ], [ 35.557311212000172, 32.166679850000094 ], [ 35.557604990000129, 32.166347216000077 ], [ 35.557794596, 32.166022193000117 ], [ 35.557914795000102, 32.165697500000135 ], [ 35.558000540000194, 32.165417005000108 ], [ 35.557981864000055, 32.165077896000014 ], [ 35.557937572000128, 32.164842001000125 ], [ 35.557841292000148, 32.164613715000087 ], [ 35.557650628000033, 32.164350744999979 ], [ 35.557543403000125, 32.164210721000131 ], [ 35.557524109000099, 32.164185525 ], [ 35.557458856000153, 32.164100457000075 ], [ 35.557232350000049, 32.163865198000053 ], [ 35.557032131000085, 32.163703563000126 ], [ 35.55666700900008, 32.163475867999978 ], [ 35.556432505000032, 32.163402813000062 ], [ 35.556241597000053, 32.163381210000182 ], [ 35.555998618000103, 32.163389198000118 ], [ 35.555530304000058, 32.163427387000183 ], [ 35.555261347000112, 32.16344291300004 ], [ 35.555053431000147, 32.16348025200017 ], [ 35.554775749999976, 32.163466350000078 ], [ 35.554619488000014, 32.163451978000182 ], [ 35.554440043, 32.163351011000088 ], [ 35.554437878000101, 32.163348481000014 ], [ 35.554426560000081, 32.16333357700006 ], [ 35.554367835999983, 32.163267086000133 ], [ 35.55435015300003, 32.163233599000137 ], [ 35.554331749000141, 32.163209475000087 ], [ 35.554314860000034, 32.163187337000181 ], [ 35.554192669000145, 32.162981241000182 ], [ 35.554113768000093, 32.162789682000096 ], [ 35.554084575000104, 32.162622673000044 ], [ 35.554077037000184, 32.162579548999986 ], [ 35.554051820000154, 32.16243589600009 ], [ 35.55390288100017, 32.162075015000028 ], [ 35.55373718200002, 32.161839445000055 ], [ 35.553645122000091, 32.161761774000126 ], [ 35.553622895999979, 32.161742671000013 ], [ 35.553561553000179, 32.161689946000024 ], [ 35.553546578000066, 32.161677075000114 ], [ 35.553539432000036, 32.161670330000163 ], [ 35.553406448000032, 32.161545425000043 ], [ 35.553232715000149, 32.16146473200007 ], [ 35.552729844000169, 32.161562043000174 ], [ 35.552701964, 32.16163401 ], [ 35.552669955000113, 32.161716638000087 ], [ 35.552669792000188, 32.161717059000068 ], [ 35.552669787000127, 32.161717182000132 ], [ 35.552668417000177, 32.161747922000188 ], [ 35.552656017, 32.16202145200009 ], [ 35.552655402000084, 32.162033994000069 ], [ 35.552661643000135, 32.16216982900005 ], [ 35.552672343000154, 32.162402697000118 ], [ 35.552690916000188, 32.162764070000094 ], [ 35.55265733900012, 32.163044280000179 ], [ 35.552554104000194, 32.163302698000052 ], [ 35.552459322000175, 32.16347260200007 ], [ 35.552208361000112, 32.163650254000061 ], [ 35.552035008000075, 32.163672843000029 ], [ 35.55179189200004, 32.163599660000102 ], [ 35.551439757000139, 32.163519726000061 ], [ 35.551240094000036, 32.163505465000071 ], [ 35.550875834000067, 32.163506441000152 ], [ 35.550711096000157, 32.163529006000147 ], [ 35.550476949000029, 32.163551755000128 ], [ 35.550251335000041, 32.163552358000118 ], [ 35.549973576000014, 32.163516322000135 ], [ 35.549713203000067, 32.163480100000186 ], [ 35.54940929900016, 32.163407219000078 ], [ 35.549004243000013, 32.163305718000117 ], [ 35.548975023000082, 32.163287761000163 ], [ 35.548964669000156, 32.163281400000074 ], [ 35.548868600000105, 32.163222381000082 ], [ 35.548695173000056, 32.162909047000085 ], [ 35.54859519200005, 32.162522385000045 ], [ 35.548593385000174, 32.162030772000151 ], [ 35.548628862000157, 32.161633184000152 ], [ 35.548689791000129, 32.161444772000152 ], [ 35.548836841000025, 32.16129797900004 ], [ 35.549070192000102, 32.161150818000181 ], [ 35.549242230000118, 32.161087655000188 ], [ 35.549635388000127, 32.160929780000174 ], [ 35.549979117000078, 32.160709190000034 ], [ 35.550125739000123, 32.160447279000152 ], [ 35.550235319000137, 32.160112334000075 ], [ 35.55029542, 32.159746102000156 ], [ 35.550343775000044, 32.15947402400019 ], [ 35.550416830000131, 32.15929600700008 ], [ 35.550625104000119, 32.159044356000152 ], [ 35.550884809000024, 32.158903319000103 ], [ 35.551241722000157, 32.158891935000042 ], [ 35.551463339000122, 32.158933191000131 ], [ 35.551744912000061, 32.159062349000124 ], [ 35.552040988000044, 32.159260232000065 ], [ 35.552373962000047, 32.159447587000045 ], [ 35.552719428000046, 32.159697749000145 ], [ 35.553003094000076, 32.159853815000076 ], [ 35.55340951300019, 32.159967838000171 ], [ 35.553914058000089, 32.159966476000079 ], [ 35.554344609000111, 32.159933889000115 ], [ 35.55486078600012, 32.159765099000026 ], [ 35.555548912, 32.159512279000069 ], [ 35.555831326000146, 32.159333690000096 ], [ 35.556040099000086, 32.159218003000035 ], [ 35.556260814000154, 32.159018725000067 ], [ 35.556393193000133, 32.158718943000167 ], [ 35.556496752000101, 32.15851934900013 ], [ 35.556501400000116, 32.15851039 ], [ 35.55650482700014, 32.158478154000193 ], [ 35.556527637999977, 32.158263592000026 ], [ 35.556525752000027, 32.157762114000093 ], [ 35.556514698000171, 32.157245444000182 ], [ 35.556522822000147, 32.156983198000148 ], [ 35.556566533000137, 32.156709275000139 ], [ 35.556567159000167, 32.156705350000095 ], [ 35.556567015000155, 32.156703261000189 ], [ 35.556538431000092, 32.156288912999969 ], [ 35.556497253000089, 32.156126802000188 ], [ 35.556482277000043, 32.156067843000187 ], [ 35.556473869000058, 32.156034613000088 ], [ 35.55636432200015, 32.155842013000154 ], [ 35.556246041000065, 32.155749759000116 ], [ 35.556082465000031, 32.155680879000101 ], [ 35.555882624000105, 32.15565817200013 ], [ 35.555710314000066, 32.155689497000139 ], [ 35.555538577000164, 32.155828896 ], [ 35.555330367000124, 32.155960504000063 ], [ 35.555068216000052, 32.156238939000104 ], [ 35.554787861000193, 32.156478816000174 ], [ 35.554579767000064, 32.156641278999984 ], [ 35.554317176000097, 32.156804032000082 ], [ 35.554127009000069, 32.156889372000023 ], [ 35.553854964000038, 32.156959572000119 ], [ 35.553600965000044, 32.156983367000066 ], [ 35.553274126000076, 32.15693028000004 ], [ 35.55300161800011, 32.156877049000173 ], [ 35.552810850000128, 32.156800347 ], [ 35.552574698000114, 32.156723906000025 ], [ 35.552397606000056, 32.156628425000179 ], [ 35.552251289000139, 32.156478051000192 ], [ 35.552240863000122, 32.156467314999986 ], [ 35.552188103000049, 32.156412982000063 ], [ 35.552114869000036, 32.156228168000041 ], [ 35.552077620000034, 32.155965903000094 ], [ 35.552085785000088, 32.155711404000101 ], [ 35.552157444000102, 32.155472097000086 ], [ 35.552355802000136, 32.155139872000063 ], [ 35.552527336000139, 32.154900292000093 ], [ 35.55268984900016, 32.154683987000055 ], [ 35.552843191000079, 32.154452068000126 ], [ 35.552960196000072, 32.154158670000015 ], [ 35.55305847, 32.153772744000094 ], [ 35.553138947000036, 32.153456336000033 ], [ 35.553310374000091, 32.152833071000032 ], [ 35.553391284000043, 32.152632345000143 ], [ 35.553526939000164, 32.152500794000161 ], [ 35.553680852000184, 32.152423304000138 ], [ 35.553962089000095, 32.152422544999979 ], [ 35.554261746000122, 32.15247570400004 ], [ 35.554480011000123, 32.15259854500016 ], [ 35.554599006000103, 32.152883558000042 ], [ 35.554754994000064, 32.153361369000038 ], [ 35.554795817000127, 32.153603334000081 ], [ 35.554805630000146, 32.153661474000103 ], [ 35.554820040000095, 32.153746851000164 ], [ 35.554880503000049, 32.154202608000105 ], [ 35.554891796, 32.154287735000139 ], [ 35.554893670000183, 32.154301962000147 ], [ 35.554990125000074, 32.154582383 ], [ 35.555090408000126, 32.154690046000098 ], [ 35.55528128800006, 32.154797603000077 ], [ 35.555499123000061, 32.154804763000129 ], [ 35.555771135000043, 32.154726806000156 ], [ 35.55626905500003, 32.15442461900011 ], [ 35.556676323000147, 32.15415353700007 ], [ 35.557255718000192, 32.153804907000165 ], [ 35.557563422000101, 32.153618917000074 ], [ 35.557843781000088, 32.153340568000033 ], [ 35.558205044000033, 32.152907564000088 ], [ 35.558403635000047, 32.152644797000107 ], [ 35.558593749000181, 32.152505483000141 ], [ 35.559019462000094, 32.152342276000184 ], [ 35.559337021000033, 32.152310547000127 ], [ 35.559600380000063, 32.152356180000083 ], [ 35.559891194000102, 32.152478674000122 ], [ 35.560109209000132, 32.152578399000106 ], [ 35.560427846000096, 32.152699267000173 ], [ 35.560958241000037, 32.152842373999988 ], [ 35.561368273000028, 32.152866747000189 ], [ 35.561807988000112, 32.152814524000178 ], [ 35.562067700000114, 32.15272884 ], [ 35.562083825000116, 32.152601069000013 ], [ 35.562084742000081, 32.152593804000048 ], [ 35.562096801000109, 32.152499226000032 ], [ 35.562006212000142, 32.152371955999968 ], [ 35.561815718000048, 32.152236508000158 ], [ 35.561645331000022, 32.152118054000141 ], [ 35.561344535000046, 32.151897804000043 ], [ 35.56109382600016, 32.151694605000159 ], [ 35.560833181000191, 32.15149129100007 ], [ 35.560672443000044, 32.151296300000183 ], [ 35.560541454000088, 32.151041621000161 ], [ 35.560380364000082, 32.150753067000096 ], [ 35.560289361000116, 32.150472915000137 ], [ 35.560218335000116, 32.15021807100004 ], [ 35.560137240000074, 32.149929297000142 ], [ 35.560147800000038, 32.149570381999979 ], [ 35.560045648000141, 32.149275042000056 ], [ 35.559843052000076, 32.149046909000106 ], [ 35.559584143000052, 32.148818790000178 ], [ 35.55931425000017, 32.148619303000089 ], [ 35.559010809000029, 32.148438931999976 ], [ 35.558830936000163, 32.148305985000093 ], [ 35.558628467000176, 32.14815408000004 ], [ 35.558425818000046, 32.147954407000157 ], [ 35.558234502000175, 32.147773727000128 ], [ 35.55812162400008, 32.147573808000175 ], [ 35.557974777000084, 32.147326356000121 ], [ 35.557873420000135, 32.147108230000015 ], [ 35.557872404000079, 32.147101891000148 ], [ 35.557841179000036, 32.146946700000171 ], [ 35.557841033000045, 32.146908091000057 ], [ 35.557834029000162, 32.146864468000103 ], [ 35.557827126000063, 32.146821472000113 ], [ 35.557833636000055, 32.146760262000043 ], [ 35.557840242000054, 32.146698143000094 ], [ 35.557859594000092, 32.146516322000082 ], [ 35.55787649500013, 32.146386643000085 ], [ 35.55788203700007, 32.146344309000142 ], [ 35.557903216000113, 32.146182539000108 ], [ 35.557969990000174, 32.146058358 ], [ 35.558070332000113, 32.145877021000047 ], [ 35.558461291000015, 32.145466058000068 ], [ 35.558651231000113, 32.145284331000028 ], [ 35.55885170900018, 32.144999152000139 ], [ 35.558890505000193, 32.144888024000181 ], [ 35.558897254000158, 32.144868691000113 ], [ 35.558918391000191, 32.144808325000099 ], [ 35.558928657000138, 32.144589048000114 ], [ 35.558871921000105, 32.14438897600013 ], [ 35.558759298000098, 32.144255847000181 ], [ 35.55846682400005, 32.144037398000137 ], [ 35.558298234000119, 32.143952048000187 ], [ 35.558129921000159, 32.143895299 ], [ 35.557939050000073, 32.143829033000031 ], [ 35.557580131000122, 32.143820571000049 ], [ 35.55735592700006, 32.143830625000192 ], [ 35.557109272000162, 32.143859901000098 ], [ 35.55682931900003, 32.143975078000153 ], [ 35.556627938000133, 32.144109066000055 ], [ 35.556399914999986, 32.144292862000157 ], [ 35.55614278500002, 32.144531835000123 ], [ 35.555919545000052, 32.144799456000158 ], [ 35.555785688000071, 32.145009489000188 ], [ 35.555640839999967, 32.145248294000169 ], [ 35.555563017000054, 32.145429569000157 ], [ 35.555429003000143, 32.145553930000062 ], [ 35.555171365000149, 32.145659464000062 ], [ 35.554980097000112, 32.145488358000136 ], [ 35.554900349000093, 32.145154908000052 ], [ 35.554798168000104, 32.144802498000047 ], [ 35.554684836000092, 32.144478582000033 ], [ 35.554661600000145, 32.144287998000095 ], [ 35.554666013000087, 32.144272064 ], [ 35.554673810999986, 32.144243459000052 ], [ 35.554705874000092, 32.144125837999979 ], [ 35.554918556000075, 32.144001265000099 ], [ 35.555433346000029, 32.143752015000075 ], [ 35.555814000000112, 32.143550755000092 ], [ 35.55597042800008, 32.143397870000172 ], [ 35.556046146000142, 32.14325979400013 ], [ 35.556050368000115, 32.143252096000026 ], [ 35.55605941500005, 32.143235585000127 ], [ 35.556025152000188, 32.143064057000174 ], [ 35.555957450000051, 32.142940244000158 ], [ 35.555788651000057, 32.142797682000094 ], [ 35.5555640930001, 32.142712481000046 ], [ 35.555238656000085, 32.142665737000073 ], [ 35.554857491000121, 32.14268579000003 ], [ 35.554588624000132, 32.142753308000124 ], [ 35.554219194000154, 32.142944953999972 ], [ 35.553771894000079, 32.143260804000192 ], [ 35.55353261199997, 32.143515214000104 ], [ 35.553478263000045, 32.143572999000185 ], [ 35.553403371000059, 32.143652672000087 ], [ 35.553239635000182, 32.143801206000148 ], [ 35.553170186000045, 32.14386421 ], [ 35.553034470000171, 32.143987331000176 ], [ 35.552676683000129, 32.144283774000087 ], [ 35.552352682000048, 32.144580265000059 ], [ 35.552140174000044, 32.144752460000177 ], [ 35.551838138000107, 32.144943917000091 ], [ 35.551647796000168, 32.145020658000135 ], [ 35.551445950000186, 32.145030781000173 ], [ 35.551299961000097, 32.144964384000104 ], [ 35.551119976000052, 32.144841009000118 ], [ 35.551007220000145, 32.144669687000146 ], [ 35.550894181000103, 32.144422136000173 ], [ 35.550713236000149, 32.143993562000048 ], [ 35.550521101000129, 32.143584182000154 ], [ 35.550329390000172, 32.143289073000119 ], [ 35.55016794900007, 32.143028547000085 ], [ 35.55004372500008, 32.142800048000083 ], [ 35.5498742690001, 32.142476276000139 ], [ 35.549727689, 32.142247977000125 ], [ 35.549637331000042, 32.142086034000158 ], [ 35.549412497000048, 32.141924593000056 ], [ 35.549236926, 32.14187292500003 ], [ 35.54905155400013, 32.141858341000045 ], [ 35.548813600000187, 32.141911532000108 ], [ 35.548602447000178, 32.142047082000147 ], [ 35.548435154000117, 32.142175047000137 ], [ 35.548429933000136, 32.142183792000083 ], [ 35.548420999000086, 32.142198757000187 ], [ 35.548259852000172, 32.142468033000057 ], [ 35.548067103000108, 32.142836026000055 ], [ 35.548030990000086, 32.14287881700011 ], [ 35.548017349000077, 32.142907034000075 ], [ 35.547964538000087, 32.142957901000102 ], [ 35.547908970000094, 32.143023993000043 ], [ 35.547876926000129, 32.143046763000143 ], [ 35.547857163000174, 32.143060853000065 ], [ 35.547750562000147, 32.143136855000137 ], [ 35.547459965000144, 32.143287692000115 ], [ 35.547274839000124, 32.143295647000173 ], [ 35.547027717000105, 32.143288836000011 ], [ 35.546789349000107, 32.143229441000187 ], [ 35.546427489000166, 32.143185305000088 ], [ 35.546065436000163, 32.143088755000065 ], [ 35.545835872000168, 32.14303694400013 ], [ 35.545606339000074, 32.142992600000014 ], [ 35.545376857000122, 32.142963190999978 ], [ 35.545209147000094, 32.142933620000122 ], [ 35.544979669000099, 32.142904209999983 ], [ 35.544758857000147, 32.142844764000074 ], [ 35.544617429000141, 32.142755099000169 ], [ 35.544422816000122, 32.142613153000184 ], [ 35.544298833000084, 32.142493425000055 ], [ 35.544245214000171, 32.142321097000149 ], [ 35.544235702000094, 32.142118642000185 ], [ 35.544252469000185, 32.141901039000061 ], [ 35.544287252000117, 32.141765960000157 ], [ 35.544383810999989, 32.141630719000034 ], [ 35.544441788000086, 32.141589 ], [ 35.544454769000026, 32.141579649000107 ], [ 35.544551138000088, 32.141510227000026 ], [ 35.544797815000152, 32.141442084000175 ], [ 35.545132870000089, 32.14140372300011 ], [ 35.545582775000071, 32.141387461000193 ], [ 35.545918214000039, 32.141409122000084 ], [ 35.546306180000158, 32.141393162000043 ], [ 35.546553213000095, 32.141377432000127 ], [ 35.546667164000041, 32.141314456000089 ], [ 35.546681303000014, 32.141306642000131 ], [ 35.546702954000125, 32.141294608000067 ], [ 35.546781788000089, 32.141159410000057 ], [ 35.54681095300009, 32.140892599000097 ], [ 35.546749045000126, 32.140719307000154 ], [ 35.546626123000067, 32.140572245000044 ], [ 35.546442022000065, 32.140451270000085 ], [ 35.546258017000184, 32.140356362000034 ], [ 35.545972090000078, 32.140287650000062 ], [ 35.54563519300018, 32.140227808000077 ], [ 35.545318790000181, 32.140202716000147 ], [ 35.545084157000076, 32.140211928000156 ], [ 35.544818951000138, 32.140238692000082 ], [ 35.544492853000179, 32.140326207000101 ], [ 35.544268607000049, 32.140413592000186 ], [ 35.543993704000172, 32.140553106000141 ], [ 35.543800093000016, 32.140640413000028 ], [ 35.543545309000081, 32.140710405000107 ], [ 35.543361651000168, 32.140710886000079 ], [ 35.543146946000093, 32.140598723000096 ], [ 35.543178087000058, 32.140325566000172 ], [ 35.54318057200004, 32.140303964000168 ], [ 35.543186598000148, 32.140251568000053 ], [ 35.543328315000053, 32.139965017000065 ], [ 35.543389797000032, 32.139867282000068 ], [ 35.543422337000038, 32.139815553000176 ], [ 35.543504337000059, 32.139684999000167 ], [ 35.543541386000015, 32.1396261430001 ], [ 35.543754611000168, 32.139330670000106 ], [ 35.543915674000118, 32.13909571 ], [ 35.543919321000146, 32.139090390000092 ], [ 35.54394010600015, 32.139060068000106 ], [ 35.544028569000091, 32.138930905000166 ], [ 35.544109583000079, 32.138757238000096 ], [ 35.544180588000188, 32.138609523000184 ], [ 35.544189809000102, 32.138366718999976 ], [ 35.544128010000065, 32.138175953000029 ], [ 35.544004835000123, 32.138002820000168 ], [ 35.543861333000109, 32.137794938000013 ], [ 35.543768735000128, 32.137604393000174 ], [ 35.543747516000053, 32.137370264000083 ], [ 35.543797021000159, 32.137092406000193 ], [ 35.54395629600009, 32.13680877000013 ], [ 35.543971097000167, 32.136782363000179 ], [ 35.544019809000076, 32.136695455999984 ], [ 35.544172454000034, 32.136547526000186 ], [ 35.544304587000056, 32.136451786000123 ], [ 35.544549195, 32.136364345000061 ], [ 35.544916431000047, 32.136346049000167 ], [ 35.545487656000148, 32.136318476999975 ], [ 35.545793650000064, 32.136309076000032 ], [ 35.546007652000185, 32.136230450000085 ], [ 35.54630288300018, 32.136038743000142 ], [ 35.546689725000192, 32.135812272000123 ], [ 35.547076724000135, 32.135629058000063 ], [ 35.54740303300008, 32.135558867000043 ], [ 35.547698822000143, 32.135566677000156 ], [ 35.547897555000134, 32.135660559000087 ], [ 35.548040941000068, 32.135790233000137 ], [ 35.548195353000096, 32.136171541000067 ], [ 35.54829885800001, 32.136578905000022 ], [ 35.548453242, 32.136951473000124 ], [ 35.548719553000126, 32.137228351000147 ], [ 35.54896463100016, 32.137314496000045 ], [ 35.549199287000192, 32.137313871000117 ], [ 35.549576657000159, 32.137156306000122 ], [ 35.549588850000191, 32.137151215000131 ], [ 35.549596620000102, 32.137147952000134 ], [ 35.549810013000069, 32.136904603000175 ], [ 35.549910741000076, 32.136557282000126 ], [ 35.549970959000063, 32.13627094300017 ], [ 35.549959094000087, 32.135837264000031 ], [ 35.549906681000095, 32.135455690000128 ], [ 35.549782802000038, 32.135048238000138 ], [ 35.549659429000087, 32.134823118000156 ], [ 35.549249710000026, 32.134364432000041 ], [ 35.548952961000055, 32.134139633000188 ], [ 35.548615476000123, 32.133915080000179 ], [ 35.548410923000176, 32.133768096000097 ], [ 35.548028756000065, 32.13350519200003 ], [ 35.547773106000022, 32.133332416000087 ], [ 35.547599118000051, 32.133211417000155 ], [ 35.547425266000062, 32.133081679000043 ], [ 35.547210482000025, 32.132943457000181 ], [ 35.547026427000162, 32.132831217000103 ], [ 35.546873227000106, 32.132779628000037 ], [ 35.546658856000022, 32.132754128000045 ], [ 35.546373397000139, 32.132806877000064 ], [ 35.546180033000155, 32.132911516000092 ], [ 35.546068171000115, 32.133024537000097 ], [ 35.546044043000052, 32.133082465000143 ], [ 35.546037148000096, 32.133099018000166 ], [ 35.54596705199998, 32.133267726999975 ], [ 35.545937332000051, 32.133519321000051 ], [ 35.545918734999987, 32.134005215000059 ], [ 35.545889140000156, 32.134291473000133 ], [ 35.545797970000024, 32.134447837000096 ], [ 35.545711629000095, 32.134521616000086 ], [ 35.545695985000066, 32.134535011000025 ], [ 35.545594423000182, 32.134621969000136 ], [ 35.545370449000131, 32.134735283000111 ], [ 35.54514634700007, 32.134813937000047 ], [ 35.544972897000093, 32.134840459000088 ], [ 35.544809912000176, 32.134875551000164 ], [ 35.544575324000164, 32.13489349800011 ], [ 35.544381411000188, 32.134894008000174 ], [ 35.544044656000096, 32.134868824000023 ], [ 35.543676892000065, 32.134739730000035 ], [ 35.543482477000055, 32.134601449000058 ], [ 35.543318770000099, 32.134437017000096 ], [ 35.543164945000058, 32.134211968000045 ], [ 35.543021065000062, 32.133943355000099 ], [ 35.542948786000011, 32.133692028000041 ], [ 35.542916960000071, 32.133362530000113 ], [ 35.542941065000036, 32.133205217000125 ], [ 35.542943368000124, 32.133190092000063 ], [ 35.54295675700007, 32.133102173000168 ], [ 35.543068497999968, 32.132954354000105 ], [ 35.543363565000163, 32.132719395000095 ], [ 35.543613218000132, 32.132536322000135 ], [ 35.543635082000151, 32.132520289000126 ], [ 35.543648459999986, 32.132510530000161 ], [ 35.543790603000161, 32.132345298000132 ], [ 35.543820705000144, 32.132197690000169 ], [ 35.543860852000194, 32.131989466 ], [ 35.543883152000092, 32.1317454980001 ], [ 35.543779786000016, 32.131505949000086 ], [ 35.543561236000073, 32.131332220000161 ], [ 35.543355764000125, 32.131201998000051 ], [ 35.543060137999987, 32.131006629000126 ], [ 35.542931666000015, 32.130876204000117 ], [ 35.542866480000157, 32.130571171000156 ], [ 35.542964465000182, 32.130329262000146 ], [ 35.542968076000193, 32.130320374000121 ], [ 35.542971401000045, 32.130317935000164 ], [ 35.543236449000119, 32.130123530000162 ], [ 35.543479794000064, 32.130057514000043 ], [ 35.543864093000025, 32.130001976000074 ], [ 35.544312584000068, 32.130022641000096 ], [ 35.544697238000083, 32.130065171000069 ], [ 35.545209936000049, 32.130074672000035 ], [ 35.545491854000147, 32.130052231000036 ], [ 35.54559509000012, 32.129999100000191 ], [ 35.545602758000086, 32.129995154000028 ], [ 35.54568374400003, 32.129953515000068 ], [ 35.545747154000082, 32.1297681960001 ], [ 35.545746599000154, 32.129615596000065 ], [ 35.545566310000083, 32.129398090000166 ], [ 35.545168630000035, 32.129279366000105 ], [ 35.544937847000028, 32.129247142000111 ], [ 35.544745523000074, 32.129225947000066 ], [ 35.544553081000174, 32.129171923000058 ], [ 35.544347649000031, 32.129052551000086 ], [ 35.544231685000057, 32.12890039500013 ], [ 35.544231150000087, 32.128752726000073 ], [ 35.544231124000078, 32.128745716000026 ], [ 35.544231013000172, 32.128715106000186 ], [ 35.544371256000147, 32.128529444000094 ], [ 35.544550433000097, 32.128441754000107 ], [ 35.544858010999974, 32.128419245000089 ], [ 35.545268039000177, 32.12842901700003 ], [ 35.545781048000094, 32.128525737000018 ], [ 35.546037730000194, 32.128623131000097 ], [ 35.546256358000164, 32.128818696000053 ], [ 35.546385157000032, 32.128992797000137 ], [ 35.54650171500009, 32.129352082000082 ], [ 35.546579788000088, 32.129646087000026 ], [ 35.546709861000068, 32.130168789000095 ], [ 35.546801281, 32.130626210000173 ], [ 35.546917803000042, 32.130974643000172 ], [ 35.547098258000176, 32.131235688000174 ], [ 35.547380897000039, 32.131409383000062 ], [ 35.547662732000163, 32.131408636000117 ], [ 35.548008537000101, 32.131331348000117 ], [ 35.548251760000028, 32.131232630000113 ], [ 35.548453558000062, 32.13110511800005 ], [ 35.548464052000043, 32.131098487000088 ], [ 35.548545831000126, 32.13104669900008 ], [ 35.548660400000074, 32.130861102999972 ], [ 35.548723124000162, 32.130490354000131 ], [ 35.54878584700009, 32.130119744000012 ], [ 35.548809429000073, 32.129913114000146 ], [ 35.548810214000071, 32.129906125000048 ], [ 35.548810710999987, 32.129901697000037 ], [ 35.549104738000096, 32.129704773000071 ], [ 35.549553634000119, 32.129790798000158 ], [ 35.549695271000189, 32.129986560000191 ], [ 35.549785903000043, 32.130226000000107 ], [ 35.549799944000085, 32.130531165000036 ], [ 35.549698603000138, 32.130891029000168 ], [ 35.549622650000117, 32.131130912 ], [ 35.54958511600006, 32.131370836000144 ], [ 35.549585678000085, 32.131523435000076 ], [ 35.549663396000142, 32.131762910000077 ], [ 35.549830663000193, 32.131947755 ], [ 35.550139014000024, 32.132132082000112 ], [ 35.550497970000094, 32.132163813000147 ], [ 35.550741437000056, 32.132130471000039 ], [ 35.551163714000097, 32.131955041000083 ], [ 35.551406328000098, 32.131736409000098 ], [ 35.551435140000024, 32.131702509000149 ], [ 35.551448699000161, 32.131686555999977 ], [ 35.551610605000064, 32.131496179000123 ], [ 35.551648335000152, 32.131310785999972 ], [ 35.551647406000143, 32.131060119000097 ], [ 35.551543738000078, 32.130744344 ], [ 35.551414400000056, 32.130428779000113 ], [ 35.551272392000044, 32.130178487000023 ], [ 35.550950448000037, 32.129765226000188 ], [ 35.550770151000108, 32.129504186000077 ], [ 35.550500027000169, 32.129221546000167 ], [ 35.55020411400011, 32.128949965000118 ], [ 35.549857440000039, 32.128743757000109 ], [ 35.549484898000117, 32.128526911000108 ], [ 35.549202505000096, 32.128418603000057 ], [ 35.548856319000038, 32.128343294000103 ], [ 35.548535953, 32.128354996000041 ], [ 35.548023660000183, 32.128454426000076 ], [ 35.547741868000116, 32.128509705000113 ], [ 35.547434416999977, 32.128521367000189 ], [ 35.547267432000126, 32.128456430000085 ], [ 35.547215791000042, 32.128325805000031 ], [ 35.547317130000181, 32.128009486000053 ], [ 35.547521048000135, 32.127714732000186 ], [ 35.547712268000168, 32.127479899000036 ], [ 35.547728579000193, 32.127459864000059 ], [ 35.547814469000173, 32.12735436100013 ], [ 35.548019068000144, 32.127201217000049 ], [ 35.548377526000138, 32.127102196000124 ], [ 35.548800265000011, 32.127057531000048 ], [ 35.549236200000109, 32.127089062000096 ], [ 35.549890963000053, 32.127100705000089 ], [ 35.550275283000019, 32.127056138000057 ], [ 35.550555736000092, 32.126954358000148 ], [ 35.550564338000072, 32.126951236000082 ], [ 35.550608159000035, 32.126935337000077 ], [ 35.550735836000058, 32.126804233000087 ], [ 35.55077368700006, 32.12665167200015 ], [ 35.550760049000189, 32.126455567000164 ], [ 35.550618374000123, 32.126248813000132 ], [ 35.550399785000025, 32.126064106 ], [ 35.550232568000126, 32.125890253000136 ], [ 35.550078141000085, 32.125727213000118 ], [ 35.549910845000113, 32.125531518000173 ], [ 35.549756297999977, 32.125335788000143 ], [ 35.549640293999971, 32.125128964999988 ], [ 35.549524282000164, 32.124965825000174 ], [ 35.54945936300004, 32.124737165999989 ], [ 35.549355788000071, 32.124443228000189 ], [ 35.54924002600012, 32.124301927000147 ], [ 35.549111305, 32.124149668000086 ], [ 35.548944330000154, 32.12408473000005 ], [ 35.548765049000167, 32.124096058000077 ], [ 35.548508974000185, 32.124162118000015 ], [ 35.548384621000082, 32.124334173000136 ], [ 35.548377346000109, 32.124344238000162 ], [ 35.548343243000033, 32.124391392000177 ], [ 35.548036839000133, 32.124730098000157 ], [ 35.54784552000018, 32.124981276000142 ], [ 35.547669125000084, 32.125103349000028 ], [ 35.547625291000145, 32.125133746000131 ], [ 35.547577132000185, 32.125167141000134 ], [ 35.547372457000051, 32.12529844300019 ], [ 35.54716763100015, 32.125342666 ], [ 35.546949805000054, 32.125364943000193 ], [ 35.546667991000163, 32.125365688000159 ], [ 35.546385850000036, 32.125322893000089 ], [ 35.546193214000084, 32.125214480000068 ], [ 35.54606450100016, 32.125062218000096 ], [ 35.545961094000063, 32.124811819000058 ], [ 35.545908772000132, 32.124539585000093 ], [ 35.545895190000124, 32.124310789000162 ], [ 35.545973890000027, 32.124188133000132 ], [ 35.545985237000025, 32.124170451999987 ], [ 35.546035302000121, 32.124092436000126 ], [ 35.546214192000036, 32.123928515000159 ], [ 35.546533749000105, 32.123698840000088 ], [ 35.546994130000087, 32.123446950000186 ], [ 35.547325086000114, 32.123272444000122 ], [ 35.547326632000079, 32.123271629000158 ], [ 35.54737103399998, 32.123233606000099 ], [ 35.54746726500008, 32.123151485000164 ], [ 35.547476642000049, 32.123135115000082 ], [ 35.547486609000032, 32.123117814000125 ], [ 35.54772541300008, 32.122703282000145 ], [ 35.547678937000171, 32.122264059000088 ], [ 35.547565323000185, 32.121939711000095 ], [ 35.547384909000186, 32.12173009900016 ], [ 35.547217530000069, 32.12159935699998 ], [ 35.546961428000031, 32.121428976 ], [ 35.546752065000192, 32.121271573000058 ], [ 35.54656583700006, 32.121147081000061 ], [ 35.546464690000164, 32.121015741 ], [ 35.546363610000128, 32.12085805300012 ], [ 35.546370434000153, 32.120594821 ], [ 35.546392246000039, 32.120219670000154 ], [ 35.546422009000082, 32.11989057500017 ], [ 35.546397920000118, 32.119686747 ], [ 35.546335444000135, 32.119489502000135 ], [ 35.546179989000109, 32.119312230000048 ], [ 35.545938019000175, 32.119156321 ], [ 35.545697749, 32.119012244000089 ], [ 35.545279019000191, 32.118782963 ], [ 35.544876020000174, 32.118599858000039 ], [ 35.544565815000169, 32.118436094000174 ], [ 35.544340994000095, 32.118305078 ], [ 35.544154538000157, 32.118114781000145 ], [ 35.544053608000127, 32.117996542000071 ], [ 35.543974791000096, 32.117628278000154 ], [ 35.543849755000053, 32.117253514000026 ], [ 35.543670752000082, 32.116971042000102 ], [ 35.543437060000088, 32.116537381000057 ], [ 35.543337410000049, 32.116236179000168 ], [ 35.543332773000088, 32.116222163000089 ], [ 35.543331435000141, 32.116218080000181 ], [ 35.543322063000119, 32.116190064000136 ], [ 35.543293940000183, 32.116104890000031 ], [ 35.54328643000008, 32.116086366000104 ], [ 35.54317667100014, 32.11581563500016 ], [ 35.543013327000153, 32.115559468000015 ], [ 35.54287335600003, 32.115355804000046 ], [ 35.542748825999979, 32.115165341000193 ], [ 35.54265507000008, 32.114922098000079 ], [ 35.542654027000083, 32.11463253800008 ], [ 35.542645651999976, 32.114468122000176 ], [ 35.542653557000051, 32.114455984000017 ], [ 35.542753501000107, 32.114303262000192 ], [ 35.542776192000133, 32.114281638000193 ], [ 35.543092727000101, 32.113979980000067 ], [ 35.543275873000027, 32.11376053400005 ], [ 35.543623696999987, 32.113480910000192 ], [ 35.543866448000131, 32.113354445000084 ], [ 35.544045590000167, 32.113219128000026 ], [ 35.544066896000174, 32.113158905000091 ], [ 35.544070402000102, 32.113149007000175 ], [ 35.544118846, 32.113012227000013 ], [ 35.543906161000109, 32.112662067000031 ], [ 35.543778792000126, 32.112509658000135 ], [ 35.543672222, 32.11229406800004 ], [ 35.543544627000017, 32.112078673000042 ], [ 35.543469389000052, 32.111737172000119 ], [ 35.543351739000059, 32.111341954000125 ], [ 35.543287458000179, 32.111099342000102 ], [ 35.543223238000166, 32.110874764000187 ], [ 35.543116574000067, 32.110632259000113 ], [ 35.542989047000049, 32.110434902000065 ], [ 35.542808836000177, 32.110318420000169 ], [ 35.542480786000056, 32.110202465999976 ], [ 35.542184422000048, 32.110104321000108 ], [ 35.541856436000046, 32.110051207000026 ], [ 35.541644929000086, 32.110024846000044 ], [ 35.541348986000173, 32.110043509999969 ], [ 35.540905432000045, 32.110125542000048 ], [ 35.540335149000043, 32.110324855999977 ], [ 35.539912844000185, 32.110469816000091 ], [ 35.539680497000063, 32.110542280000061 ], [ 35.539374380000027, 32.110633110000094 ], [ 35.539205313000025, 32.110669478000091 ], [ 35.538972743000102, 32.11067909500008 ], [ 35.538761332000149, 32.110679641000104 ], [ 35.53853922900015, 32.11065316000014 ], [ 35.537961122000183, 32.110516138000037 ], [ 35.537484882, 32.11034644199998 ], [ 35.537146078000035, 32.110230501000103 ], [ 35.536828536000087, 32.110087450000094 ], [ 35.536447264000174, 32.10989961100006 ], [ 35.536129306000134, 32.109684697000034 ], [ 35.535716226000034, 32.109442973000114 ], [ 35.535387841000158, 32.109228083000119 ], [ 35.535207639000191, 32.109111590000168 ], [ 35.534943072000033, 32.10901334800019 ], [ 35.534540777000075, 32.108870507000177 ], [ 35.534086029000093, 32.10878176600005 ], [ 35.53350433300011, 32.108702364000067 ], [ 35.533144611000182, 32.10861337700004 ], [ 35.532636698000147, 32.108470797000166 ], [ 35.53236134600013, 32.108363700000098 ], [ 35.532170688000178, 32.108238212000174 ], [ 35.532157333000043, 32.108206260000031 ], [ 35.532157020000113, 32.108205527000052 ], [ 35.532155832000171, 32.108202741000184 ], [ 35.532096063000097, 32.108058603000131 ], [ 35.532116531000042, 32.107851840000023 ], [ 35.532179401000064, 32.107698798000115 ], [ 35.532337494000103, 32.107554532000108 ], [ 35.532485089000147, 32.10743734800019 ], [ 35.532937172000175, 32.107097606000139 ], [ 35.533401029000061, 32.106763749000152 ], [ 35.533727958000043, 32.106520135000039 ], [ 35.533959731000095, 32.106285783000033 ], [ 35.534117304000119, 32.106042740000078 ], [ 35.534243236000066, 32.105745670000033 ], [ 35.534305472000028, 32.105412831000081 ], [ 35.534325745000046, 32.105152102000091 ], [ 35.534356639000123, 32.10494531400002 ], [ 35.534378644000071, 32.104658793000056 ], [ 35.534438491000117, 32.104400640999984 ], [ 35.534536377000052, 32.104226230000052 ], [ 35.534777744000053, 32.103851509000037 ], [ 35.534951021000097, 32.103509228000064 ], [ 35.53506395300019, 32.103283205000082 ], [ 35.535161609000113, 32.103044402000137 ], [ 35.535176088000128, 32.102831455 ], [ 35.535160292000057, 32.102670299000181 ], [ 35.535141544000112, 32.102611306000028 ], [ 35.535134576000075, 32.102589272000159 ], [ 35.535099024000147, 32.102476847000162 ], [ 35.534984573000031, 32.102270853000164 ], [ 35.534817280000084, 32.102148689000046 ], [ 35.534627468000053, 32.102071816000148 ], [ 35.534369288000164, 32.101994975000082 ], [ 35.533914073000062, 32.101905810000062 ], [ 35.533117064000123, 32.101733814000056 ], [ 35.532699759000138, 32.101644548000138 ], [ 35.532217768000123, 32.101518246000182 ], [ 35.532035477000079, 32.101460794000047 ], [ 35.531860650000056, 32.101312862000043 ], [ 35.531843069000161, 32.101150214000086 ], [ 35.531842347000065, 32.101143538000088 ], [ 35.531837042000063, 32.101093528000035 ], [ 35.531980188000034, 32.100796557000081 ], [ 35.532229321000102, 32.100512141000138 ], [ 35.532350344000122, 32.100421515000107 ], [ 35.532592546000046, 32.100285490000147 ], [ 35.532948760000068, 32.100232875000131 ], [ 35.533502376, 32.100250917000039 ], [ 35.534268306000172, 32.100248971000042 ], [ 35.534515090000127, 32.100241157000085 ], [ 35.53518224600009, 32.100207190000049 ], [ 35.535940445000051, 32.100172986000075 ], [ 35.536554628000147, 32.100139146000117 ], [ 35.537070154000162, 32.100105557000063 ], [ 35.537274621000108, 32.100021193000032 ], [ 35.537456155000029, 32.099911101000146 ], [ 35.537554265000153, 32.099755992000041 ], [ 35.537523279000084, 32.099607697000124 ], [ 35.537490895000076, 32.099577483000076 ], [ 35.537484272000142, 32.099571290000029 ], [ 35.537378787000023, 32.099472655000113 ], [ 35.537211357000047, 32.099311889000148 ], [ 35.537150428000075, 32.099169144000143 ], [ 35.537149596000177, 32.099167195000064 ], [ 35.537142587000062, 32.099150727000108 ], [ 35.537164489000077, 32.09893141900011 ], [ 35.537345842000093, 32.098724526000126 ], [ 35.537647907000121, 32.098388390000025 ], [ 35.538043095000091, 32.098079633000168 ], [ 35.53827005100004, 32.097943496000141 ], [ 35.538497337000024, 32.097852732000092 ], [ 35.538724454000089, 32.097761824000031 ], [ 35.539167825999982, 32.09764513500005 ], [ 35.539483462000192, 32.097497073000056 ], [ 35.53968613700016, 32.097330138000018 ], [ 35.539820856000063, 32.097137732000078 ], [ 35.539872739000145, 32.096926238000037 ], [ 35.539887316000033, 32.096789521000176 ], [ 35.539890418000084, 32.096760864000032 ], [ 35.539894685000036, 32.096721442000103 ], [ 35.539818729000103, 32.096542266000029 ], [ 35.539629954000077, 32.096382825999967 ], [ 35.539494004000176, 32.096229445000176 ], [ 35.539403192000123, 32.096108079000089 ], [ 35.53922194200004, 32.095922833000031 ], [ 35.539099160000035, 32.095701641 ], [ 35.539002801000095, 32.095509412000183 ], [ 35.538984339000024, 32.095205947000068 ], [ 35.539035865000187, 32.094847033000178 ], [ 35.539046525000174, 32.094772779000095 ], [ 35.539052337000157, 32.09473190000017 ], [ 35.539154823000104, 32.094228176000058 ], [ 35.539353788000142, 32.093857498000148 ], [ 35.53962232300006, 32.093501438000146 ], [ 35.540203895000047, 32.093063120000124 ], [ 35.540411910000103, 32.092818249 ], [ 35.540602464000074, 32.092551299000149 ], [ 35.540749272000141, 32.092225141000142 ], [ 35.540745988000026, 32.092139478999968 ], [ 35.540745434000144, 32.092124823 ], [ 35.54074311100004, 32.092063358000189 ], [ 35.540740316999972, 32.091989426000112 ], [ 35.540736266000124, 32.091974478000111 ], [ 35.540696203000095, 32.091826654000158 ], [ 35.540573797999969, 32.091664082000193 ], [ 35.540320854000186, 32.09151664400008 ], [ 35.539911382000071, 32.091384407000021 ], [ 35.539571613000135, 32.091303983000159 ], [ 35.539231819000065, 32.091215947000137 ], [ 35.53890082200013, 32.091135357000041 ], [ 35.538499854000179, 32.090973502000054 ], [ 35.53814244900019, 32.090819003000149 ], [ 35.537837396000043, 32.090679020000039 ], [ 35.537610400000119, 32.090472331000058 ], [ 35.537505277000037, 32.090280121000148 ], [ 35.537461141000108, 32.090110017000143 ], [ 35.537469940000051, 32.089992534000089 ], [ 35.537473469000076, 32.089945407000187 ], [ 35.537477734000163, 32.089887766000118 ], [ 35.53763336600008, 32.089620909000132 ], [ 35.537919702000124, 32.08933878199997 ], [ 35.538319312000169, 32.08916753900013 ], [ 35.538519453000106, 32.089129964000108 ], [ 35.538797987000066, 32.089121779000038 ], [ 35.539085681000074, 32.089269130000105 ], [ 35.539199519000078, 32.089490905000048 ], [ 35.539308457000175, 32.089796583000123 ], [ 35.539321735000044, 32.089833840000097 ], [ 35.539331431000107, 32.089860868000187 ], [ 35.539373159000036, 32.089958551 ], [ 35.539386584000169, 32.089989976000027 ], [ 35.539410378000184, 32.09004567400001 ], [ 35.539576424000074, 32.090193339000109 ], [ 35.539811766000184, 32.090326030000142 ], [ 35.540351561000136, 32.090383811000038 ], [ 35.540995752000072, 32.090382141000077 ], [ 35.541935562000049, 32.090335312000036 ], [ 35.542614211000171, 32.090296485000067 ], [ 35.543005582000092, 32.090228813000181 ], [ 35.543336048000072, 32.090116916000056 ], [ 35.543587873000035, 32.08995336800001 ], [ 35.543691617000093, 32.089760618000071 ], [ 35.54373439900013, 32.089553231000082 ], [ 35.543768116000138, 32.089264424000078 ], [ 35.543757898000024, 32.088864559000115 ], [ 35.54375072900001, 32.088667445000112 ], [ 35.54375813200005, 32.088334181999983 ], [ 35.543809846000045, 32.088171159000126 ], [ 35.543965995000065, 32.088052387000062 ], [ 35.544261714000129, 32.087992290000159 ], [ 35.544575245000033, 32.088050790000182 ], [ 35.54497604800008, 32.088168100000132 ], [ 35.545228564000183, 32.088197166000043 ], [ 35.545515620000117, 32.088166682000178 ], [ 35.545706928000129, 32.088114464000114 ], [ 35.545828288000052, 32.087988173000042 ], [ 35.545819062000191, 32.087817982000104 ], [ 35.545705717000146, 32.087690195999983 ], [ 35.54569493200006, 32.087678045000132 ], [ 35.545583066, 32.087552006000124 ], [ 35.545216138000058, 32.087190278000037 ], [ 35.545015444000114, 32.087027916000125 ], [ 35.544901725000045, 32.086887448000027 ], [ 35.544769605000113, 32.086707683000157 ], [ 35.544754022000177, 32.086686481000186 ], [ 35.544669526000121, 32.086571440000171 ], [ 35.544551180000099, 32.08643295700017 ], [ 35.544414293000045, 32.086155869000152 ], [ 35.544384631000071, 32.086100289000171 ], [ 35.544375432000095, 32.086083052000106 ], [ 35.544332140000108, 32.086001934000137 ], [ 35.54421387800005, 32.085840340000061 ], [ 35.544013939000138, 32.085702072000174 ], [ 35.543705342000123, 32.085540976000175 ], [ 35.543512052000096, 32.085456093000175 ], [ 35.543492161000131, 32.085447409000153 ], [ 35.543478073000017, 32.085442092000164 ], [ 35.543475548000117, 32.085440898000058 ], [ 35.543233365000049, 32.085326341000098 ], [ 35.543060707000166, 32.085180390000176 ], [ 35.543032707000123, 32.084987703000138 ], [ 35.543041171000141, 32.08481042000011 ], [ 35.543167197000059, 32.084555752000028 ], [ 35.543410759000153, 32.084262169000169 ], [ 35.543618711000136, 32.084145940000042 ], [ 35.543899238000165, 32.084052771000074 ], [ 35.544198167000104, 32.084013381000148 ], [ 35.544461074000083, 32.084035799000048 ], [ 35.54496896, 32.08415790000015 ], [ 35.545134633000146, 32.084227881000174 ], [ 35.545141681000189, 32.084230858000126 ], [ 35.545223068000098, 32.084265167000012 ], [ 35.545368555000152, 32.084403438000038 ], [ 35.545559227000126, 32.08454172800009 ], [ 35.545715807000079, 32.084585798000035 ], [ 35.545723412000086, 32.084587938000027 ], [ 35.545724730000188, 32.084586242000057 ], [ 35.54585815400003, 32.084502475000136 ], [ 35.54595697600007, 32.084278595000058 ], [ 35.545929134000062, 32.084085907000144 ], [ 35.545828657000186, 32.083854943 ], [ 35.545664744000021, 32.083655004000093 ], [ 35.545634169000095, 32.083621831000073 ], [ 35.545611528000052, 32.083597329000042 ], [ 35.545586703000083, 32.083570463000115 ], [ 35.545553250000069, 32.083534259000146 ], [ 35.545437439000125, 32.083408875000089 ], [ 35.545402605000106, 32.083388111000147 ], [ 35.545395806000158, 32.083384042000034 ], [ 35.545374480000191, 32.083371265000153 ], [ 35.545219489000033, 32.083278403000122 ], [ 35.544983281000043, 32.083132620000015 ], [ 35.544738248000101, 32.083017579 ], [ 35.544156666000163, 32.082834798000079 ], [ 35.543676070000174, 32.082705015000101 ], [ 35.543449218000035, 32.082628532000058 ], [ 35.543222312000125, 32.082536548000121 ], [ 35.5430496890001, 32.082398347000094 ], [ 35.542949640000074, 32.082282924000083 ], [ 35.542885561000048, 32.082136687000116 ], [ 35.542894449000073, 32.082050508 ], [ 35.542896594000126, 32.082029711000189 ], [ 35.542903153000054, 32.081966989000136 ], [ 35.542983858000071, 32.081720052000037 ], [ 35.543254584000124, 32.081434145000117 ], [ 35.543553141000189, 32.081294572 ], [ 35.543869932000064, 32.081209058000013 ], [ 35.544196161000116, 32.081215813000142 ], [ 35.544450292000079, 32.081330830000184 ], [ 35.544559690000085, 32.081423273999974 ], [ 35.544572973000015, 32.081434498000021 ], [ 35.544695655000055, 32.081538306000084 ], [ 35.544913848000078, 32.081738104000124 ], [ 35.545016538000027, 32.081824855000093 ], [ 35.545017605000055, 32.081825757000161 ], [ 35.545068403000187, 32.081868741000164 ], [ 35.545240721000027, 32.081922255000165 ], [ 35.545449503999976, 32.081991174000109 ], [ 35.545675937000169, 32.081998329000044 ], [ 35.545893380000109, 32.081990006000183 ], [ 35.546209806000036, 32.08180416100015 ], [ 35.5463631880001, 32.081610996000052 ], [ 35.546425843000065, 32.081410460000029 ], [ 35.546416205000128, 32.081217723000123 ], [ 35.546343240000056, 32.081086873000118 ], [ 35.546316013000194, 32.08106397600011 ], [ 35.546307974000172, 32.081057181000176 ], [ 35.546170421000056, 32.080940925000164 ], [ 35.546025526000051, 32.080872826000132 ], [ 35.546006468000087, 32.080865408000193 ], [ 35.545995862999973, 32.080862620000175 ], [ 35.545798563000176, 32.080810863000067 ], [ 35.545599025, 32.080780529000037 ], [ 35.545444942000131, 32.080734715000119 ], [ 35.545374962000039, 32.080695304000187 ], [ 35.545371368000076, 32.080693283000073 ], [ 35.545308623000153, 32.080657998000106 ], [ 35.54513614200016, 32.080558126000028 ], [ 35.544998600000156, 32.080463656000177 ], [ 35.544991296000092, 32.080457899000123 ], [ 35.544973699000138, 32.080443290000119 ], [ 35.544872603000158, 32.080358448000027 ], [ 35.544855356000028, 32.080348913000194 ], [ 35.544844961000138, 32.080343168000184 ], [ 35.544636624000077, 32.080228023000132 ], [ 35.544482350000067, 32.080174462000059 ], [ 35.544319176999977, 32.080130786000154 ], [ 35.544304761000035, 32.080126904000053 ], [ 35.544282896000084, 32.080121016000078 ], [ 35.544250905000013, 32.080119367 ], [ 35.544238700000164, 32.080118738000067 ], [ 35.543992887000172, 32.080106419 ], [ 35.543494657000167, 32.080177048999985 ], [ 35.542960432000086, 32.080270881000104 ], [ 35.542634541000041, 32.080356556000027 ], [ 35.54239010100008, 32.08040341200018 ], [ 35.542182041000103, 32.08048878000011 ], [ 35.541929054000036, 32.080689951000181 ], [ 35.541676754000093, 32.081083738000132 ], [ 35.54144268500005, 32.081531444000063 ], [ 35.541289653000149, 32.081778431000146 ], [ 35.541064022000057, 32.082041104000155 ], [ 35.540874467000094, 32.082257466000101 ], [ 35.540603404000137, 32.082450930000107 ], [ 35.540359094000166, 32.082582608000166 ], [ 35.539924729000177, 32.082699277000131 ], [ 35.539607599000078, 32.0827387060001 ], [ 35.539335679000146, 32.0826931900001 ], [ 35.53917210700007, 32.082585677000168 ], [ 35.539053941000077, 32.082447188000174 ], [ 35.538989704000187, 32.082254592000027 ], [ 35.538983916000063, 32.082204677000107 ], [ 35.538978777000068, 32.082160355000156 ], [ 35.538952305, 32.081931027000167 ], [ 35.538957967000158, 32.081753890000186 ], [ 35.538959964000014, 32.081692966000105 ], [ 35.538960503000169, 32.081676525999967 ], [ 35.538971855000057, 32.081614879000142 ], [ 35.538985346000175, 32.081541613000127 ], [ 35.538996062000024, 32.081483814000023 ], [ 35.539058348000026, 32.081267642000114 ], [ 35.539194117000136, 32.081097781000153 ], [ 35.539383784000108, 32.080958637000037 ], [ 35.539637137, 32.080857657000024 ], [ 35.540017509000052, 32.080779597000117 ], [ 35.540406764000181, 32.080686154000091 ], [ 35.54066924600005, 32.08059289800002 ], [ 35.540931010000065, 32.080345629000078 ], [ 35.541102519000106, 32.080129314000033 ], [ 35.541201599000146, 32.079974905000142 ], [ 35.541273423000064, 32.079789708000192 ], [ 35.541245618000175, 32.079604769000071 ], [ 35.541145354000037, 32.079473985000106 ], [ 35.541044946000056, 32.079394914000034 ], [ 35.54103388700014, 32.079386204 ], [ 35.540881964000107, 32.079266548000078 ], [ 35.540664061000086, 32.079143678000037 ], [ 35.540044650000084, 32.078878265000185 ], [ 35.539636262000045, 32.078709808000042 ], [ 35.539336744000138, 32.078579540000078 ], [ 35.539037393000115, 32.07849548400003 ], [ 35.538865305000115, 32.078503678000175 ], [ 35.538711313000135, 32.078527184000166 ], [ 35.538467012000126, 32.078612640000131 ], [ 35.538110887000016, 32.078759679000143 ], [ 35.537803472000121, 32.07892237100009 ], [ 35.537558840000088, 32.078961468000045 ], [ 35.537386754000067, 32.078969661000087 ], [ 35.537132829000143, 32.078908593000051 ], [ 35.536997297000084, 32.07878407100003 ], [ 35.53699518500008, 32.078782131000025 ], [ 35.53692378900007, 32.078716510000049 ], [ 35.536822514000107, 32.078532039000152 ], [ 35.536777561, 32.07836222200001 ], [ 35.536758675000044, 32.07816950900019 ], [ 35.536821192000161, 32.077876543000059 ], [ 35.537056659000029, 32.077633859000059 ], [ 35.537411607000081, 32.07738931800003 ], [ 35.537905349000084, 32.07712962700009 ], [ 35.538251942000102, 32.077003188000049 ], [ 35.538772005000055, 32.076839380000138 ], [ 35.539040543000056, 32.076683689000163 ], [ 35.539308783000024, 32.076491083 ], [ 35.539438184000176, 32.076254446000064 ], [ 35.539489359000072, 32.076032807000104 ], [ 35.539480042999969, 32.075833589000183 ], [ 35.539383635000036, 32.075575412000035 ], [ 35.539252769000029, 32.075354245000085 ], [ 35.539043947000152, 32.075221909000163 ], [ 35.538783157000069, 32.075089706000142 ], [ 35.538401138000154, 32.075024180000071 ], [ 35.538290900000106, 32.075052625000183 ], [ 35.538276474000156, 32.075056347000157 ], [ 35.537967619000085, 32.075136051000186 ], [ 35.537491265000085, 32.075395698000079 ], [ 35.537145252000187, 32.075684460000161 ], [ 35.53679109300009, 32.076150504000168 ], [ 35.536445509000089, 32.076609196000106 ], [ 35.536238285000024, 32.076882804000036 ], [ 35.536056624000139, 32.077038409000181 ], [ 35.535805220000157, 32.077127541000095 ], [ 35.535658001000115, 32.077194427000109 ], [ 35.535414787000093, 32.077165455000056 ], [ 35.535360032000085, 32.077124310000102 ], [ 35.535358281000185, 32.077122993000103 ], [ 35.535258313000099, 32.077047775000096 ], [ 35.535170625000148, 32.076819165000188 ], [ 35.535143707000032, 32.076553480000143 ], [ 35.535194477000118, 32.07621362500015 ], [ 35.53534069400007, 32.075814624000088 ], [ 35.535504379000031, 32.075489414000174 ], [ 35.535754786000041, 32.075119598000128 ], [ 35.535910253000054, 32.074905023000042 ], [ 35.535978838000119, 32.074690807000081 ], [ 35.535995435000132, 32.074469260000171 ], [ 35.53599290700015, 32.074175474000185 ], [ 35.535940129000039, 32.073991021000097 ], [ 35.535809278000102, 32.073769847000108 ], [ 35.535539390000167, 32.073541702000171 ], [ 35.535295702000099, 32.073328145000175 ], [ 35.535069651000128, 32.073188519000155 ], [ 35.534886741000093, 32.073033986000041 ], [ 35.534756023000114, 32.072849728999984 ], [ 35.534703117000163, 32.072628358000088 ], [ 35.534745566000026, 32.072369825000067 ], [ 35.534883240000056, 32.072037214000034 ], [ 35.535038858000121, 32.071867025000074 ], [ 35.535298308000108, 32.071622734000186 ], [ 35.535480009000139, 32.071481926000104 ], [ 35.535573555000042, 32.071307527000101 ], [ 35.535512229000119, 32.071137891000149 ], [ 35.535355579000168, 32.070968495000159 ], [ 35.53519887200008, 32.070828692000191 ], [ 35.535180980000177, 32.070681066000077 ], [ 35.535258461000126, 32.070503607000035 ], [ 35.535465623, 32.070215204000078 ], [ 35.535603864000166, 32.070045058 ], [ 35.535724677000132, 32.069860161000122 ], [ 35.535645660000057, 32.069601937000073 ], [ 35.535462635000101, 32.069366102000174 ], [ 35.535183819000167, 32.069042021000087 ], [ 35.535018406000063, 32.068872650000174 ], [ 35.534800945000086, 32.068725532000087 ], [ 35.534627048000175, 32.068637345000184 ], [ 35.534477566000078, 32.068651289000059 ], [ 35.534474858000181, 32.068651542 ], [ 35.53421944400003, 32.06867529900012 ], [ 35.534081098000115, 32.068815994000147 ], [ 35.533908364000069, 32.069060063000165 ], [ 35.533762294000041, 32.06945173500003 ], [ 35.533615979000103, 32.06982114300007 ], [ 35.533547985000155, 32.07020529000016 ], [ 35.533462168000085, 32.070508175000043 ], [ 35.53338474300017, 32.070656043000042 ], [ 35.533194343000048, 32.07081899100001 ], [ 35.532830316, 32.07092319800006 ], [ 35.532570065000073, 32.070938652000052 ], [ 35.532309569000176, 32.070931984000026 ], [ 35.531906627000069, 32.070933987000103 ], [ 35.531490108000128, 32.07093503800013 ], [ 35.531178013000158, 32.071031782000148 ], [ 35.530874866000033, 32.071180217000062 ], [ 35.530502344000126, 32.071365743000172 ], [ 35.530337855000141, 32.071462113000109 ], [ 35.530146839000111, 32.071447797000189 ], [ 35.530121552000082, 32.071410098000172 ], [ 35.530119061000107, 32.071406372000069 ], [ 35.529920111000024, 32.071108780000088 ], [ 35.529831967000177, 32.07069557900013 ], [ 35.529778845000067, 32.070407696000188 ], [ 35.529855498000074, 32.069986754000183 ], [ 35.530010637000032, 32.06967622600007 ], [ 35.530079233000038, 32.069462016000102 ], [ 35.530087464000076, 32.06930685500015 ], [ 35.530139130000123, 32.06912509700004 ], [ 35.530224893000025, 32.068851661000167 ], [ 35.530310111000119, 32.068755207000152 ], [ 35.530320232000179, 32.068743764000033 ], [ 35.53037044000007, 32.068686998000089 ], [ 35.530511941000157, 32.068596179000167 ], [ 35.530660413000135, 32.06851140100008 ], [ 35.530901264000079, 32.068486560000053 ], [ 35.531255949000069, 32.068600226000058 ], [ 35.531440667000084, 32.068708401000038 ], [ 35.531696048000128, 32.068816255000058 ], [ 35.531887464000192, 32.068851985000151 ], [ 35.532002356000078, 32.068835794000165 ], [ 35.532024910000189, 32.068832616000066 ], [ 35.532192127000087, 32.068808943000136 ], [ 35.53240415700003, 32.068633543000033 ], [ 35.532587618000036, 32.068428059000098 ], [ 35.532679222000127, 32.068265078000024 ], [ 35.532741982000175, 32.067993530000081 ], [ 35.532748300000151, 32.067764399000055 ], [ 35.532697710000036, 32.067493279000189 ], [ 35.532633392000093, 32.067318576000048 ], [ 35.532498128000043, 32.067156170000089 ], [ 35.53224260900015, 32.067054236 ], [ 35.532023002000187, 32.067048730000067 ], [ 35.531668994000029, 32.067128110000112 ], [ 35.531357596000191, 32.067231333 ], [ 35.531333324000173, 32.067238897000095 ], [ 35.531267344000184, 32.067259460000116 ], [ 35.531123865000154, 32.067304348000107 ], [ 35.530954047000137, 32.067340848000129 ], [ 35.53081691400007, 32.067354158000114 ], [ 35.530762655000103, 32.067359508000038 ], [ 35.530761933, 32.067359433000149 ], [ 35.530479257000081, 32.067330065000192 ], [ 35.530102752000118, 32.067077799000117 ], [ 35.529995872000143, 32.066891081000108 ], [ 35.529966598000044, 32.0666559820001 ], [ 35.530043866000028, 32.066462886000124 ], [ 35.530170925000164, 32.066311795000161 ], [ 35.530347625000047, 32.066160720000141 ], [ 35.530516159000115, 32.066088292000188 ], [ 35.530524734000039, 32.066084654000065 ], [ 35.530531524000082, 32.066081774 ], [ 35.530921047000049, 32.066032604000043 ], [ 35.531331997000109, 32.066007474000116 ], [ 35.531615390000013, 32.065988582000102 ], [ 35.531899739000039, 32.065959756000041 ], [ 35.531943243000057, 32.065955346000067 ], [ 35.531963257000143, 32.065953325000123 ], [ 35.532288926000149, 32.065862039000024 ], [ 35.532571980000114, 32.065746766000188 ], [ 35.532805330000087, 32.065613579000114 ], [ 35.53291107400014, 32.065426329000047 ], [ 35.53297415000003, 32.065245244000096 ], [ 35.532980760000044, 32.06510065700013 ], [ 35.532873395000138, 32.064823479000097 ], [ 35.532731311000077, 32.064697305000152 ], [ 35.532433396000044, 32.064631689 ], [ 35.532256302000121, 32.064620019000131 ], [ 35.531937421000123, 32.064614907000077 ], [ 35.531689505000031, 32.064651605000108 ], [ 35.531405813, 32.064716100000169 ], [ 35.531342288000189, 32.06473054200012 ], [ 35.531314179000049, 32.064736955000058 ], [ 35.531038076000073, 32.064804016000153 ], [ 35.53083295700003, 32.064870900000187 ], [ 35.530744147000178, 32.064885213000025 ], [ 35.53071464300001, 32.064889961000063 ], [ 35.530415041000083, 32.064938176000055 ], [ 35.530159927000113, 32.064950935000184 ], [ 35.529961048000132, 32.064812782 ], [ 35.529946462000169, 32.064662046000137 ], [ 35.529981057999976, 32.06442678600007 ], [ 35.530128857000079, 32.064149106000173 ], [ 35.53024136800002, 32.063907591000145 ], [ 35.530353984000101, 32.063696370000173 ], [ 35.53058806100006, 32.06348738000014 ], [ 35.53099870300008, 32.063376437999977 ], [ 35.531008544000088, 32.063373786000113 ], [ 35.531083674000115, 32.063353540000037 ], [ 35.531650550000109, 32.063394242000072 ], [ 35.532210622999969, 32.063477231999968 ], [ 35.532550994000189, 32.063524703000098 ], [ 35.532742444, 32.06357240900013 ], [ 35.53298376500004, 32.063686357000165 ], [ 35.533140163000155, 32.063836732000084 ], [ 35.533374772000116, 32.06406525500006 ], [ 35.533588095000084, 32.064263674000074 ], [ 35.533730222000031, 32.064401967000038 ], [ 35.533928874000139, 32.064473749000115 ], [ 35.534085223000034, 32.064469763000147 ], [ 35.534106906000147, 32.064469210000027 ], [ 35.534191123000085, 32.064467164000177 ], [ 35.534424722000153, 32.064406261000045 ], [ 35.534622675000094, 32.064279082999974 ], [ 35.534805912000081, 32.06401328600009 ], [ 35.534748707, 32.063838566000072 ], [ 35.534663106000153, 32.063682095000161 ], [ 35.534485001000064, 32.063429337 ], [ 35.534314176000066, 32.06317655800018 ], [ 35.534157609000147, 32.062977855000156 ], [ 35.5339798440001, 32.062821617 ], [ 35.533773871, 32.062689547000105 ], [ 35.533454616000142, 32.062575797000079 ], [ 35.533248895000099, 32.062516010000024 ], [ 35.532837685000175, 32.062414470000192 ], [ 35.532539801000041, 32.062354914000025 ], [ 35.532128550000039, 32.062289729000042 ], [ 35.531419942000014, 32.062267420000069 ], [ 35.531030311000052, 32.062280379000185 ], [ 35.530449213999987, 32.062287898000193 ], [ 35.530208233000053, 32.062270468000179 ], [ 35.530023840000183, 32.062204562000034 ], [ 35.529640576000077, 32.062048693000179 ], [ 35.529519866000044, 32.061928519 ], [ 35.529524150000043, 32.061779710000053 ], [ 35.529587210999978, 32.061592707000102 ], [ 35.529770683000095, 32.061344956000141 ], [ 35.529904478000049, 32.061133681000172 ], [ 35.529988817000174, 32.060928448000141 ], [ 35.530122480000159, 32.060632629000111 ], [ 35.530220841000187, 32.060415384000123 ], [ 35.530369090000136, 32.060221969000054 ], [ 35.53049591100006, 32.060052843000051 ], [ 35.530692006000038, 32.05982013400012 ], [ 35.530698869000162, 32.059811990000128 ], [ 35.53071342700008, 32.05979471500001 ], [ 35.531002044000104, 32.059665763 ], [ 35.531221814000162, 32.059627730000159 ], [ 35.531448371000181, 32.059734108999976 ], [ 35.531619251999984, 32.060102575000087 ], [ 35.531765728000039, 32.060447570000122 ], [ 35.531858164000028, 32.06057401400011 ], [ 35.53200743900004, 32.06067607600005 ], [ 35.53202258500005, 32.060674323000171 ], [ 35.532033570000181, 32.060673051000038 ], [ 35.532219810000129, 32.060651444000143 ], [ 35.532304437000107, 32.060530614000072 ], [ 35.532346163, 32.060301392000099 ], [ 35.53230284100016, 32.060072386000172 ], [ 35.53224560200016, 32.05988568600003 ], [ 35.532138740000164, 32.059513114000083 ], [ 35.53204987700019, 32.059272809 ], [ 35.53189851000019, 32.059091421000119 ], [ 35.531709363000061, 32.058894061000103 ], [ 35.53143248900011, 32.058782456000017 ], [ 35.531212277000179, 32.058692126000039 ], [ 35.531004715000051, 32.058623179999984 ], [ 35.530684110000095, 32.058592 ], [ 35.530131440000162, 32.058630729000186 ], [ 35.529924230000063, 32.058663377000016 ], [ 35.529716983000071, 32.058685313000069 ], [ 35.529522217000135, 32.058680447000029 ], [ 35.529258033000133, 32.058600932000104 ], [ 35.529100736000146, 32.058521008000071 ], [ 35.528980793000073, 32.058382373000086 ], [ 35.528980314000137, 32.058243297000104 ], [ 35.529055155000037, 32.058066693000058 ], [ 35.529361452000046, 32.057643627000061 ], [ 35.529474033000042, 32.057472282000163 ], [ 35.52962901300009, 32.057168659000183 ], [ 35.529728521000152, 32.05690110900008 ], [ 35.529796629000089, 32.056596155000079 ], [ 35.529833354, 32.056307342000082 ], [ 35.529794189000086, 32.055890494000039 ], [ 35.529730283000106, 32.055591225000057 ], [ 35.529654116000131, 32.055334822000077 ], [ 35.529609531000062, 32.055169227000135 ], [ 35.529520057000127, 32.054747852000162 ], [ 35.529525585000044, 32.05452858700005 ], [ 35.529612869000175, 32.05431461 ], [ 35.529863394000188, 32.054084022000154 ], [ 35.530126421000034, 32.05388031200016 ], [ 35.530283061000034, 32.053724781000142 ], [ 35.530395343000066, 32.05351609600001 ], [ 35.530432550000057, 32.053366216000086 ], [ 35.530437985000049, 32.053120319000072 ], [ 35.530418624000163, 32.052975937000042 ], [ 35.530254566000053, 32.052757235000058 ], [ 35.530096965000098, 32.052634620000106 ], [ 35.529744336000135, 32.052379475000066 ], [ 35.529574198000091, 32.052219547000163 ], [ 35.529479339000147, 32.052059431000032 ], [ 35.529409701000077, 32.051920529000085 ], [ 35.529402751000191, 32.051728207000167 ], [ 35.529395966999971, 32.051583793000134 ], [ 35.529489441000067, 32.051343029000066 ], [ 35.529677127000184, 32.051123305000033 ], [ 35.529908432000184, 32.050791311000069 ], [ 35.530070950000152, 32.050566297000103 ], [ 35.530089183000143, 32.050384478000069 ], [ 35.529875019000031, 32.050219309 ], [ 35.529686505000029, 32.050198361000071 ], [ 35.52939135400004, 32.050247291 ], [ 35.52904640200012, 32.050392444000067 ], [ 35.528989530000047, 32.050421662000133 ], [ 35.52896068900003, 32.050436480000144 ], [ 35.528701563000084, 32.050569724000127 ], [ 35.528515188000029, 32.050642616000118 ], [ 35.528487563000169, 32.050653456000134 ], [ 35.528412914000114, 32.050682748000099 ], [ 35.528262342000062, 32.050725959000033 ], [ 35.528086455000164, 32.050721044000056 ], [ 35.527901130000032, 32.050569043000166 ], [ 35.52766114800005, 32.0504962280001 ], [ 35.527296143000171, 32.050391031000174 ], [ 35.527104279000071, 32.050358817000188 ], [ 35.526854761000038, 32.050351265000074 ], [ 35.526695003000157, 32.050417723000066 ], [ 35.526560687000028, 32.050473598000167 ], [ 35.526548790000049, 32.050478559000169 ], [ 35.526538713000036, 32.050482669000132 ], [ 35.526479848, 32.05054087100018 ], [ 35.526411233000147, 32.050602476 ], [ 35.526353378000067, 32.050665748000085 ], [ 35.526347772000122, 32.050671256000044 ], [ 35.526249693000068, 32.050777322000101 ], [ 35.526099031000058, 32.050941009000042 ], [ 35.526081157000192, 32.050938374999987 ], [ 35.526072778000071, 32.050937137000062 ], [ 35.525772606000146, 32.050892779000151 ], [ 35.525484201000154, 32.050689457000033 ], [ 35.525310668000088, 32.050453018999974 ], [ 35.525204116000168, 32.050159490000112 ], [ 35.525155081000094, 32.049849333000111 ], [ 35.525134696000123, 32.049498380000159 ], [ 35.525228733000176, 32.048934796000026 ], [ 35.525265586000103, 32.048485631000119 ], [ 35.525264696000193, 32.048224390000087 ], [ 35.525148827000123, 32.048012469000014 ], [ 35.52498550700011, 32.047906769000178 ], [ 35.524658760000136, 32.047760607000157 ], [ 35.524332565000066, 32.047728720000066 ], [ 35.524051824000026, 32.04775337000018 ], [ 35.524040317000072, 32.047754380000072 ], [ 35.524025432000144, 32.047755686000187 ], [ 35.524007304000065, 32.047757272000126 ], [ 35.523853093000184, 32.047770763000131 ], [ 35.523431333000133, 32.047902423000153 ], [ 35.523279744000092, 32.048013605000108 ], [ 35.523267291000025, 32.0480227380001 ], [ 35.523163486000101, 32.04809894300007 ], [ 35.522972403000153, 32.048344450000059 ], [ 35.522935013999984, 32.048638334000032 ], [ 35.523113950000038, 32.049106416000029 ], [ 35.523117949000152, 32.049116972000036 ], [ 35.523118962000126, 32.049119648000044 ], [ 35.523313792000067, 32.04937640300011 ], [ 35.523342978000187, 32.049414865000074 ], [ 35.523446512000021, 32.049551432000101 ], [ 35.523447786000133, 32.049585812000089 ], [ 35.523448114000189, 32.049595311000076 ], [ 35.523453715000187, 32.049757765000038 ], [ 35.523454573000095, 32.049782644000061 ], [ 35.5234571310001, 32.049853515000109 ], [ 35.523389930000178, 32.049991909000028 ], [ 35.523343824000051, 32.050087011000073 ], [ 35.523314353000046, 32.050147799000115 ], [ 35.522912823000013, 32.050589545000093 ], [ 35.52266407500008, 32.050761639000143 ], [ 35.522367291000194, 32.05096654200014 ], [ 35.521936168000138, 32.051122594000049 ], [ 35.521581778000098, 32.051270428 ], [ 35.521284471000115, 32.051320189000137 ], [ 35.521054335000088, 32.051320750000116 ], [ 35.520814355000141, 32.051296816999979 ], [ 35.520574158000045, 32.051158606 ], [ 35.520507884000097, 32.051080987000091 ], [ 35.520496758000036, 32.051067960000182 ], [ 35.520448919000103, 32.051011945000027 ], [ 35.520424432000084, 32.050883910000039 ], [ 35.520418777000089, 32.050854341000161 ], [ 35.520409853000046, 32.050808005000079 ], [ 35.520480805000091, 32.050603656000135 ], [ 35.520501428000102, 32.050544149000075 ], [ 35.520571418000031, 32.050342193000063 ], [ 35.52078101800015, 32.049941644000057 ], [ 35.521326026000111, 32.04940965600008 ], [ 35.521684152000091, 32.049047070000086 ], [ 35.521827605000112, 32.048840127000119 ], [ 35.521841386000119, 32.048820247000094 ], [ 35.521894074000045, 32.048744451 ], [ 35.521950877, 32.048515759000111 ], [ 35.521950135000111, 32.048295381000173 ], [ 35.521824814000183, 32.048124201000064 ], [ 35.521586532000185, 32.047963020000111 ], [ 35.52105521500016, 32.047889072000032 ], [ 35.52064219, 32.04786485600016 ], [ 35.520243848000064, 32.047828201000073 ], [ 35.520022570000094, 32.047803657000145 ], [ 35.519697557000086, 32.047628733000067 ], [ 35.519578926000122, 32.047478392000187 ], [ 35.519445196000106, 32.047164912000142 ], [ 35.519325855000091, 32.046750931000076 ], [ 35.519352137000112, 32.046249094000075 ], [ 35.519353541000044, 32.046223726000107 ], [ 35.519377188000135, 32.046135449000133 ], [ 35.519484753000086, 32.04573389400008 ], [ 35.519822847000171, 32.045419272000117 ], [ 35.520000313000082, 32.045308252000041 ], [ 35.520067512000082, 32.045266214000094 ], [ 35.520095402000038, 32.045245434000151 ], [ 35.520109941000101, 32.045239619000085 ], [ 35.520133982000061, 32.045224570000187 ], [ 35.52020552700003, 32.04517978500013 ], [ 35.520676843000103, 32.04497784300014 ], [ 35.520900888000085, 32.044762091000052 ], [ 35.520911995000063, 32.044751395000048 ], [ 35.521014130000026, 32.04442480400013 ], [ 35.520982867000043, 32.043885059000104 ], [ 35.520981730000017, 32.043546178000042 ], [ 35.521033770000088, 32.043229006000104 ], [ 35.521036907000052, 32.043209993000062 ], [ 35.521039444, 32.043194613000026 ], [ 35.521215484000038, 32.042905462000135 ], [ 35.521247379000101, 32.042879553000034 ], [ 35.521352587000081, 32.042794092000179 ], [ 35.52150964700013, 32.042666327000177 ], [ 35.521881178, 32.042411927000103 ], [ 35.521918501000187, 32.042386359000091 ], [ 35.522171833000186, 32.042212816000074 ], [ 35.522348299000043, 32.042099376000067 ], [ 35.522412041000166, 32.042035172000112 ], [ 35.522443098000167, 32.04200389000016 ], [ 35.522598241000139, 32.041847667000127 ], [ 35.522560294000073, 32.041681769999968 ], [ 35.522275354000158, 32.041514082000162 ], [ 35.52204646500013, 32.041435732000082 ], [ 35.521823716000085, 32.041362723000134 ], [ 35.521613320000085, 32.041273760000138 ], [ 35.521371856000144, 32.041095536000171 ], [ 35.521241498000052, 32.04094860400005 ], [ 35.521148384000128, 32.040806796000084 ], [ 35.52107292300019, 32.04045456800003 ], [ 35.52107203900016, 32.040191637000078 ], [ 35.520990907000169, 32.039923545000079 ], [ 35.520872783000186, 32.039724025000112 ], [ 35.520717817000161, 32.0395877200001 ], [ 35.52045748900008, 32.039356842000188 ], [ 35.520318387000145, 32.039116086000149 ], [ 35.520287132000135, 32.038971591000177 ], [ 35.520277357000111, 32.03892652400009 ], [ 35.520268314000134, 32.03888483500009 ], [ 35.520273146000193, 32.038861154000188 ], [ 35.520281172000182, 32.038821817000041 ], [ 35.520347240000092, 32.038495454000156 ], [ 35.520364939000046, 32.038248258000124 ], [ 35.520265177000169, 32.037948647000121 ], [ 35.520096930000193, 32.037549300000023 ], [ 35.519879087, 32.037060736000115 ], [ 35.519742104000159, 32.036809406000089 ], [ 35.51953736500019, 32.036578530000156 ], [ 35.519134726000175, 32.036279652000133 ], [ 35.51894255600007, 32.036096091000104 ], [ 35.518916979000153, 32.03601541300003 ], [ 35.518907317000071, 32.035984928000062 ], [ 35.51889257, 32.035938395000016 ], [ 35.518900209000037, 32.035910488000127 ], [ 35.518905152000173, 32.035892429000171 ], [ 35.518947650000143, 32.035738312000092 ], [ 35.519071171000121, 32.035625147000076 ], [ 35.519096202000185, 32.035602226000037 ], [ 35.519212503000119, 32.035495732000072 ], [ 35.519608139000184, 32.035202659999982 ], [ 35.519665953000128, 32.035159834000183 ], [ 35.519945973000063, 32.034952302000079 ], [ 35.520321637000052, 32.034556844000065 ], [ 35.520568083000171, 32.034351223000158 ], [ 35.520846217000098, 32.034371542000144 ], [ 35.520862775000069, 32.034381642000085 ], [ 35.520877049000148, 32.034390348000102 ], [ 35.521155851000117, 32.034560170000134 ], [ 35.521213910000085, 32.034608641000148 ], [ 35.521221455000045, 32.034614932000068 ], [ 35.521589636000044, 32.034921950000069 ], [ 35.521766375000027, 32.035030520000134 ], [ 35.521785896000154, 32.035042510999972 ], [ 35.521973538000054, 32.03515773800018 ], [ 35.522210068000049, 32.035235948000093 ], [ 35.522218466000027, 32.035238725000056 ], [ 35.522258045000058, 32.035251734000155 ], [ 35.522285007000107, 32.035251668000171 ], [ 35.522291956000061, 32.035251651000067 ], [ 35.522302964000119, 32.035251637000044 ], [ 35.522509815000092, 32.035251381000023 ], [ 35.522525029000121, 32.03525136200011 ], [ 35.522597813000061, 32.035250902000087 ], [ 35.52291242299998, 32.035050183000067 ], [ 35.523029190000159, 32.034897433000083 ], [ 35.52312984800011, 32.03467821400011 ], [ 35.523123106000128, 32.034494204000168 ], [ 35.523048342000152, 32.034299794000106 ], [ 35.522936789000084, 32.03418325500013 ], [ 35.522915110000156, 32.034160567000185 ], [ 35.522837519000177, 32.034079367000061 ], [ 35.522577377000175, 32.033901190000165 ], [ 35.522317415000146, 32.033775571000149 ], [ 35.52213792800012, 32.033723451000071 ], [ 35.52198322400011, 32.033613359000071 ], [ 35.521993366000061, 32.033560195000064 ], [ 35.521993954000095, 32.033557110000118 ], [ 35.522013461000029, 32.033455466000021 ], [ 35.522222515000124, 32.03325035600011 ], [ 35.522245134000116, 32.033228171000133 ], [ 35.522309072999974, 32.033165459000088 ], [ 35.522543288000122, 32.032965076000153 ], [ 35.522685004000095, 32.032854259000146 ], [ 35.52267979200019, 32.032486641000105 ], [ 35.522585327000115, 32.03209049600008 ], [ 35.522435500000086, 32.031855970000038 ], [ 35.522018407000076, 32.031682966000119 ], [ 35.521821808000084, 32.031656676000068 ], [ 35.521452626000098, 32.031711121000058 ], [ 35.521130674000119, 32.031792224000071 ], [ 35.520903187000044, 32.031926500000168 ], [ 35.520652054000095, 32.032014193000066 ], [ 35.520463631000041, 32.032108214000118 ], [ 35.520283091000067, 32.032135426000082 ], [ 35.520102163000161, 32.032095707000053 ], [ 35.519881261000194, 32.031875581000122 ], [ 35.519841228000189, 32.031628101000081 ], [ 35.519882700000039, 32.031579483000144 ], [ 35.519888684000193, 32.031572467000103 ], [ 35.520052625000176, 32.031380011000181 ], [ 35.520515081000042, 32.031024363000085 ], [ 35.520985496000151, 32.030675314000064 ], [ 35.521298921000096, 32.030420352000078 ], [ 35.521588743000052, 32.03013205000002 ], [ 35.521816045000037, 32.029944226000111 ], [ 35.522035655000082, 32.029829978000066 ], [ 35.522357667000108, 32.029768881999985 ], [ 35.522703737000143, 32.02982834300002 ], [ 35.522869213000149, 32.029995056000075 ], [ 35.523034900000084, 32.03017529400006 ], [ 35.523239775999969, 32.030301889000157 ], [ 35.523499310000147, 32.030401579000056 ], [ 35.523797925000054, 32.030367451000075 ], [ 35.523931327000128, 32.030293570000083 ], [ 35.524025112000118, 32.030146089000027 ], [ 35.524071654000068, 32.03001817 ], [ 35.52406911900016, 32.030008158000101 ], [ 35.524015992000102, 32.029798348000156 ], [ 35.523834251000039, 32.029517824000038 ], [ 35.523637164000036, 32.029297505000159 ], [ 35.523377285000095, 32.029046058000063 ], [ 35.523211515000071, 32.028792267000142 ], [ 35.523061361000089, 32.028558443000122 ], [ 35.522950351000134, 32.028257735000125 ], [ 35.522870767000086, 32.027956950000032 ], [ 35.522775628000147, 32.027702984000143 ], [ 35.522601825000038, 32.027469218000135 ], [ 35.522341908000158, 32.027302598000063 ], [ 35.522090204000108, 32.027216272000032 ], [ 35.52183039900018, 32.027083043000118 ], [ 35.521539174000168, 32.026950032000173 ], [ 35.521381409000128, 32.026763149000089 ], [ 35.521269185000108, 32.026590809000027 ], [ 35.521251849000066, 32.02647560600019 ], [ 35.521250575000181, 32.026467137000111 ], [ 35.521244496000122, 32.026426586000071 ], [ 35.521237039000084, 32.026376849000087 ], [ 35.52124424200008, 32.026350977999982 ], [ 35.521251094000093, 32.026326369000174 ], [ 35.521283617000051, 32.02620947600019 ], [ 35.521471432000055, 32.025988355000095 ], [ 35.521910529000081, 32.025679538000077 ], [ 35.52244412400006, 32.025437420000117 ], [ 35.522655993000114, 32.02533643400011 ], [ 35.522649624, 32.025213154000028 ], [ 35.522645528000055, 32.025133004000111 ], [ 35.522639176000041, 32.025008721000063 ], [ 35.52250492200011, 32.024828405000051 ], [ 35.522213252000142, 32.024561535000032 ], [ 35.521834805000026, 32.024214696000172 ], [ 35.521629685999983, 32.023960997000074 ], [ 35.521271817000127, 32.023533932000134 ], [ 35.520870786000103, 32.023107954000068 ], [ 35.52066584, 32.022855099000026 ], [ 35.520494940000106, 32.022594835000177 ], [ 35.520460094000043, 32.022363406000125 ], [ 35.520493461000058, 32.022153371000059 ], [ 35.520569378, 32.022049264000088 ], [ 35.520609368000123, 32.021994425000059 ], [ 35.520621556000094, 32.021980022000037 ], [ 35.520625353000128, 32.021977618000165 ], [ 35.520891888000051, 32.021804921000182 ], [ 35.52126556900015, 32.021673668000062 ], [ 35.521724628000015, 32.021650849000025 ], [ 35.522073789000046, 32.0218020370001 ], [ 35.522320950000164, 32.021967988000085 ], [ 35.522806604000039, 32.02227792400015 ], [ 35.523266644000103, 32.022544664000179 ], [ 35.523479495, 32.022638268000151 ], [ 35.523828221000088, 32.022659112000099 ], [ 35.524286892000134, 32.022520458000145 ], [ 35.52466876200009, 32.022316890000184 ], [ 35.52494004800019, 32.02208456600016 ], [ 35.52513445500017, 32.021714907000046 ], [ 35.525176173000091, 32.021483149 ], [ 35.525147079000135, 32.021341608000114 ], [ 35.52514657200004, 32.021339213000033 ], [ 35.525132954000128, 32.021273443000098 ], [ 35.525131020000174, 32.02126855400013 ], [ 35.525055710000117, 32.021078193000108 ], [ 35.524825582000119, 32.020912208000141 ], [ 35.524205039000037, 32.020964462 ], [ 35.523678253000128, 32.02105974400007 ], [ 35.523372281000036, 32.021111221000183 ], [ 35.523006913000188, 32.021155517000125 ], [ 35.522555926000052, 32.021069824000051 ], [ 35.522378495000055, 32.020941841000024 ], [ 35.522372720000192, 32.020937675000027 ], [ 35.522325800000033, 32.020903832000158 ], [ 35.522188591000145, 32.020776645000183 ], [ 35.522171099000104, 32.020760481000082 ], [ 35.522146616000157, 32.020737858000075 ], [ 35.522142303000066, 32.020722190000015 ], [ 35.522139251000169, 32.02071110300011 ], [ 35.52212150400004, 32.020647315000133 ], [ 35.52211597500019, 32.020627336000189 ], [ 35.522086511000055, 32.020520862000069 ], [ 35.522077130000071, 32.020289233000028 ], [ 35.522247492000133, 32.019959504000155 ], [ 35.522263306000184, 32.019928897000057 ], [ 35.522266772000137, 32.01992733700007 ], [ 35.522276846000068, 32.019923086000176 ], [ 35.522534980000103, 32.019812405000152 ], [ 35.523206555000172, 32.019789058000129 ], [ 35.52447364000011, 32.019843858 ], [ 35.526046711000163, 32.019854489000124 ], [ 35.526820642000132, 32.019873847000099 ], [ 35.526850110000112, 32.019881806000114 ], [ 35.526867988000163, 32.019886267000061 ], [ 35.527263944000083, 32.019985755000107 ], [ 35.527552184000115, 32.020119466000097 ], [ 35.527892884000039, 32.02011791200016 ], [ 35.528123852000135, 32.01999728300018 ], [ 35.528613039000049, 32.01950387100004 ], [ 35.528808204000143, 32.019169006000141 ], [ 35.528872996000132, 32.018964666000102 ], [ 35.52888305099998, 32.01871382500002 ], [ 35.528870919000042, 32.0183610200001 ], [ 35.528782867000075, 32.018101263000176 ], [ 35.528628899000125, 32.017767410000147 ], [ 35.528431471000147, 32.017442826000149 ], [ 35.528135962000079, 32.017164987000172 ], [ 35.527950089000058, 32.017026232000148 ], [ 35.527545596000095, 32.016748522000057 ], [ 35.526726304000192, 32.016369963000102 ], [ 35.525828672000159, 32.015956363000157 ], [ 35.525063963000036, 32.015624016000118 ], [ 35.52455004900014, 32.015263148000088 ], [ 35.524309805000144, 32.015133681000123 ], [ 35.523818608000113, 32.015032729000097 ], [ 35.523436649000189, 32.015005767 ], [ 35.523240091000105, 32.01493199100014 ], [ 35.523076026000126, 32.014783876000024 ], [ 35.523018158000127, 32.014698440000075 ], [ 35.523009708000131, 32.014685965000183 ], [ 35.52300269400007, 32.014675608000118 ], [ 35.522946549000153, 32.014592698000058 ], [ 35.522954349000088, 32.014355530000103 ], [ 35.523075655000184, 32.014184732000047 ], [ 35.523080534000144, 32.014181276000102 ], [ 35.523091825999984, 32.014173278000158 ], [ 35.523115940000025, 32.014115306000122 ], [ 35.52321127200014, 32.01408801700012 ], [ 35.523221356000079, 32.014080822000153 ], [ 35.523284196000134, 32.014035984000145 ], [ 35.523692894000192, 32.013901540000063 ], [ 35.524101980000125, 32.013833743000191 ], [ 35.524902962000112, 32.013846708000131 ], [ 35.524999342000115, 32.013852238000027 ], [ 35.525023053000041, 32.013853597999969 ], [ 35.525585124000088, 32.013885885999969 ], [ 35.52562399500016, 32.013888187000077 ], [ 35.52564318300017, 32.013889266000092 ], [ 35.525982655000178, 32.013872785000046 ], [ 35.525984802000096, 32.013871935000168 ], [ 35.525990010000157, 32.013869849000173 ], [ 35.526147975000185, 32.013806572000192 ], [ 35.526304082000024, 32.013657809000051 ], [ 35.526399127, 32.013450014000171 ], [ 35.526562850000118, 32.012915986000053 ], [ 35.526716905000171, 32.012166955000168 ], [ 35.526863394000145, 32.011721742000191 ], [ 35.527002046000064, 32.011499043000128 ], [ 35.527059080000186, 32.011460022000165 ], [ 35.527075632000106, 32.011448698000152 ], [ 35.527219171000183, 32.011350267000068 ], [ 35.527471496000032, 32.011290319000068 ], [ 35.527952082000184, 32.011387899000169 ], [ 35.528343777000146, 32.011364661000187 ], [ 35.528384921000168, 32.011324101000014 ], [ 35.528388773000131, 32.011320304000151 ], [ 35.528517331000103, 32.011193727000091 ], [ 35.528577399000142, 32.010963756000137 ], [ 35.528559146000134, 32.010704387000089 ], [ 35.528375415000085, 32.010415701 ], [ 35.528104723000069, 32.010231081000029 ], [ 35.527930294000157, 32.010098073000051 ], [ 35.527781854000125, 32.00997247100014 ], [ 35.527746273000105, 32.009772327000064 ], [ 35.527780481999969, 32.009572152000146 ], [ 35.527892509000139, 32.009458226000106 ], [ 35.527897159000133, 32.009453498000084 ], [ 35.527919243000042, 32.009431038000173 ], [ 35.528335454000057, 32.008940765000034 ], [ 35.528578319000189, 32.008680605000166 ], [ 35.528638448000095, 32.008421043000169 ], [ 35.528647453000076, 32.008250379000117 ], [ 35.528647997000121, 32.008240188000059 ], [ 35.528654446000189, 32.008119456000031 ], [ 35.52860142600008, 32.007897094999976 ], [ 35.528435138000134, 32.007630766999966 ], [ 35.528234269000166, 32.007453301000055 ], [ 35.528122286000041, 32.00734042300013 ], [ 35.528121593000037, 32.007339725000065 ], [ 35.528050737000058, 32.007268463 ], [ 35.527832682000053, 32.007143032000045 ], [ 35.527623516000176, 32.007054499000105 ], [ 35.527414343000146, 32.007010632000117 ], [ 35.527083787000151, 32.007063308 ], [ 35.527005942000017, 32.007099413000049 ], [ 35.526979935000099, 32.007111474999988 ], [ 35.526666563000106, 32.007257107000157 ], [ 35.526345260000085, 32.007502521000049 ], [ 35.526136768000072, 32.007658601000173 ], [ 35.525772148999977, 32.007956118000152 ], [ 35.525580752000053, 32.007986180000159 ], [ 35.525380340000027, 32.007942148000097 ], [ 35.525249446000032, 32.007868354000038 ], [ 35.525100738000162, 32.00766116200009 ], [ 35.525099630000057, 32.007335099000045 ], [ 35.525272501000074, 32.006963943000073 ], [ 35.525358318000144, 32.00688369500017 ], [ 35.525375693000058, 32.006867447000047 ], [ 35.525411523000173, 32.006802963000041 ], [ 35.525523720000137, 32.006728708000026 ], [ 35.525548540000045, 32.006705454000098 ], [ 35.525550260000045, 32.006703842000093 ], [ 35.525553975000093, 32.006701855000017 ], [ 35.525607703000048, 32.006673124000088 ], [ 35.525828397000055, 32.006554918000063 ], [ 35.52624549300009, 32.006324064000125 ], [ 35.526488483000094, 32.006101107000063 ], [ 35.526545337000186, 32.005994581000152 ], [ 35.526562724000144, 32.005962093000107 ], [ 35.526583622000089, 32.005923044000156 ], [ 35.526606303000108, 32.005785039000045 ], [ 35.526588100000083, 32.00553961900016 ], [ 35.526391695000086, 32.005286042000023 ], [ 35.526380479000068, 32.005271560000097 ], [ 35.52636187600001, 32.005247512000039 ], [ 35.526191347000065, 32.005139294000173 ], [ 35.526150137000172, 32.005113117000064 ], [ 35.526124394000078, 32.005096765000133 ], [ 35.525976539000055, 32.005042457000059 ], [ 35.525971681000158, 32.00504067300011 ], [ 35.525851532000104, 32.004996547000189 ], [ 35.525626238000086, 32.004976955000132 ], [ 35.525282785000172, 32.005028249000134 ], [ 35.52493988100008, 32.005241023000167 ], [ 35.52462099700017, 32.005564629999981 ], [ 35.524432313000148, 32.005672312000058 ], [ 35.524421622000091, 32.005678413999988 ], [ 35.52440808800003, 32.005686197000045 ], [ 35.524287280000181, 32.005708194000135 ], [ 35.524192534000122, 32.005725454000185 ], [ 35.524182999000118, 32.005727191000062 ], [ 35.524088920000111, 32.005731509000043 ], [ 35.524087619000056, 32.005731567000055 ], [ 35.523946067000054, 32.005737919000069 ], [ 35.523732267000128, 32.005597113000135 ], [ 35.523636728000156, 32.005365270000027 ], [ 35.523647686000174, 32.005133166000178 ], [ 35.523824425000157, 32.004830060000131 ], [ 35.524143034000133, 32.004425572000059 ], [ 35.524168113000144, 32.004409061000047 ], [ 35.524186431000089, 32.004397001000143 ], [ 35.524210141000083, 32.004367069000125 ], [ 35.524540799000079, 32.004151792000187 ], [ 35.524584890000085, 32.004134494000141 ], [ 35.524603409000122, 32.004122283000129 ], [ 35.524604196999974, 32.004121763000057 ], [ 35.524911750000115, 32.003969669000128 ], [ 35.52506538800003, 32.003828099000145 ], [ 35.525206500000024, 32.0035047880001 ], [ 35.525537111000119, 32.003130704000057 ], [ 35.525974619000067, 32.002877253000122 ], [ 35.52635337300012, 32.00275527499997 ], [ 35.52645647900016, 32.002735366000024 ], [ 35.526479791000099, 32.002730865000103 ], [ 35.527040325000144, 32.002622385 ], [ 35.527348559000075, 32.002672063000034 ], [ 35.527551003000099, 32.002974235000181 ], [ 35.527765493000061, 32.00331681199998 ], [ 35.527962863000084, 32.003334005999989 ], [ 35.527969942000027, 32.003334623000171 ], [ 35.527990783000064, 32.003336404000038 ], [ 35.528251211000111, 32.003234863000046 ], [ 35.528392727000096, 32.00303272900004 ], [ 35.528438981000193, 32.002729940000108 ], [ 35.528343261000089, 32.002447657000118 ], [ 35.528200083000172, 32.002165492000131 ], [ 35.527902723000068, 32.001863418000028 ], [ 35.527558106000072, 32.00157174800006 ], [ 35.527272864999986, 32.001330235000012 ], [ 35.526987625, 32.001088860000038 ], [ 35.526844762, 32.000897436 ], [ 35.526843934000112, 32.000655217000144 ], [ 35.526890007000134, 32.000153324999985 ], [ 35.527065936000042, 31.999618137000141 ], [ 35.527289698000061, 31.99919386900018 ], [ 35.527656600000057, 31.999092064000024 ], [ 35.527892356, 31.999182590000089 ], [ 35.52789833800017, 31.999184887000183 ], [ 35.527917709000064, 31.999192307000044 ], [ 35.528105640999968, 31.999218611000117 ], [ 35.528300639000122, 31.999231935000125 ], [ 35.528403614000013, 31.999335787000064 ], [ 35.528426911999986, 31.999359284000093 ], [ 35.528430895000099, 31.999363360000075 ], [ 35.528433881000126, 31.999366874000032 ], [ 35.528436042000067, 31.999369828000113 ], [ 35.528454480000164, 31.999395828000104 ], [ 35.52867614400003, 31.999708398000053 ], [ 35.528855723000049, 31.999950172000183 ], [ 35.529010757000094, 32.000122822000037 ], [ 35.529149138999969, 32.000212377000082 ], [ 35.529336462000117, 32.000301807000028 ], [ 35.529572095000162, 32.000301218000061 ], [ 35.529912932000059, 32.000168897000037 ], [ 35.530456225000137, 31.999814698000137 ], [ 35.530877652000129, 31.999509135000153 ], [ 35.531404539999983, 31.9990995980001 ], [ 35.531688491000125, 31.998967414000049 ], [ 35.531924022000169, 31.998939201999974 ], [ 35.532216697000138, 31.998986796000054 ], [ 35.532395949000033, 31.999131761000058 ], [ 35.532407467000098, 31.999163641000166 ], [ 35.532420159000083, 31.999198773000046 ], [ 35.532478096000034, 31.999359827000092 ], [ 35.532442382000056, 31.99959875900015 ], [ 35.53243269800015, 31.999663794000071 ], [ 35.532405202000177, 31.999848443000189 ], [ 35.532398596000178, 31.999892805000115 ], [ 35.532375878999972, 32.000017567000157 ], [ 35.53235072700005, 32.000155864000135 ], [ 35.532343541000159, 32.000418816000035 ], [ 35.532385396000166, 32.000757880000037 ], [ 35.532443385000079, 32.00107604700014 ], [ 35.532501425000078, 32.001408023000067 ], [ 35.532575402000077, 32.001663868000037 ], [ 35.532718952000039, 32.001811601000099 ], [ 35.532787475000134, 32.001843214000132 ], [ 35.532790337000165, 32.001844534000043 ], [ 35.532897994000109, 32.001894286000095 ], [ 35.533133627000154, 32.001893689000099 ], [ 35.533360627000093, 32.001740792000192 ], [ 35.533538605999979, 32.001518974000135 ], [ 35.533708022000155, 32.001165565000065 ], [ 35.533901741000136, 32.000763765000045 ], [ 35.53408740600014, 32.000424268000131 ], [ 35.534346422000056, 32.00011220100015 ], [ 35.534589089000121, 31.999807079000107 ], [ 35.534742509000068, 31.999516136000125 ], [ 35.534759695000048, 31.999323892 ], [ 35.534710142000108, 31.999102507000089 ], [ 35.534677034000026, 31.998950409000145 ], [ 35.53461151700003, 31.998798252000086 ], [ 35.534619015000146, 31.998625338000124 ], [ 35.534699786000147, 31.998459002000061 ], [ 35.534894493000024, 31.998389321000047 ], [ 35.535146366000163, 31.998354156000062 ], [ 35.535528403000058, 31.998422369000139 ], [ 35.535602264000033, 31.99852685500008 ], [ 35.535611328000073, 31.998539678000157 ], [ 35.535613853000029, 31.998552493000091 ], [ 35.535667733000025, 31.99873342300009 ], [ 35.535660504000077, 31.998982428000033 ], [ 35.535605765000071, 31.999262836000128 ], [ 35.535605116000113, 31.999266361000139 ], [ 35.535604966000108, 31.999271011000189 ], [ 35.535621625000147, 31.99949459100003 ], [ 35.53567940500011, 31.999750476000145 ], [ 35.535753320000083, 31.999985605000177 ], [ 35.535892405000141, 32.000227473999985 ], [ 35.536040764000063, 32.000471854000182 ], [ 35.53615089800013, 32.000614878000079 ], [ 35.536156029000097, 32.00062151100019 ], [ 35.536163191000185, 32.000630769000054 ], [ 35.536294984000165, 32.000723109999967 ], [ 35.536354151000182, 32.000764566000043 ], [ 35.53639045400007, 32.000789978000171 ], [ 35.536547703, 32.000882295999986 ], [ 35.536575965000054, 32.000899107000066 ], [ 35.536692529000106, 32.000968442000044 ], [ 35.536726888000032, 32.00098037000015 ], [ 35.536735243000066, 32.000983270000177 ], [ 35.536969181000075, 32.001064680000184 ], [ 35.537087285000098, 32.001086180000186 ], [ 35.537097414000129, 32.001088024000182 ], [ 35.537156318000029, 32.001098724000144 ], [ 35.537318791000075, 32.00107759399998 ], [ 35.537448444, 32.000987219000081 ], [ 35.537496491000184, 32.000779539000121 ], [ 35.537495855000145, 32.000599740000098 ], [ 35.537478483000143, 32.000315993000129 ], [ 35.537412351000171, 31.999990945000093 ], [ 35.537240458000042, 31.999638549000053 ], [ 35.537052439000036, 31.999306767000121 ], [ 35.536750535000124, 31.998940893000054 ], [ 35.536546539000085, 31.998719906000133 ], [ 35.536356144000081, 31.998558771000035 ], [ 35.536318331000075, 31.998526740000159 ], [ 35.536316299000077, 31.998525259000132 ], [ 35.536025071000097, 31.99831302500013 ], [ 35.535854089000168, 31.998216656000068 ], [ 35.535811252000087, 31.998132837000185 ], [ 35.535790152000118, 31.998091552 ], [ 35.535789978000139, 31.998088734000135 ], [ 35.535780035000073, 31.997894164000058 ], [ 35.535844386000178, 31.997714059000145 ], [ 35.536079741000037, 31.997637368000085 ], [ 35.53636404700012, 31.997608882000065 ], [ 35.536679199000048, 31.997661868000193 ], [ 35.536681873000134, 31.997662318000039 ], [ 35.536685676000161, 31.997664461000113 ], [ 35.536930054000152, 31.997802178000086 ], [ 35.536944974000107, 31.997810586000071 ], [ 35.537063929000112, 31.997876931000121 ], [ 35.537306773000125, 31.998093872000027 ], [ 35.537336838000044, 31.998120761000052 ], [ 35.537357362000137, 31.998139117000164 ], [ 35.537466716000097, 31.998231744000066 ], [ 35.537502149000147, 31.998261758000069 ], [ 35.537789397999973, 31.998504794000098 ], [ 35.538058700000079, 31.998815513000181 ], [ 35.538387094000086, 31.999189484999988 ], [ 35.538582644000087, 31.999358075000089 ], [ 35.53859004200018, 31.999364459000105 ], [ 35.538697419000073, 31.999457120000045 ], [ 35.538881747000062, 31.999538514000051 ], [ 35.539169889999982, 31.999564968000072 ], [ 35.539345470000114, 31.999510827000108 ], [ 35.539372588000049, 31.999502467000127 ], [ 35.539407815000061, 31.999491606000049 ], [ 35.539431194000144, 31.999484398000163 ], [ 35.539481737000131, 31.999468767000053 ], [ 35.539585235000175, 31.99932533600014 ], [ 35.539588770000194, 31.999296018000052 ], [ 35.539590850000025, 31.999278282000148 ], [ 35.539608509000118, 31.999127722000139 ], [ 35.539583733000029, 31.998902895000128 ], [ 35.539446802000157, 31.99866468800019 ], [ 35.539310398000055, 31.998528782000164 ], [ 35.539085482000132, 31.99833166500008 ], [ 35.538804457000026, 31.998073398000145 ], [ 35.538587596000127, 31.997862735000183 ], [ 35.538466926000126, 31.997685921000141 ], [ 35.538426065000181, 31.997447467000143 ], [ 35.538465405000068, 31.997256575000108 ], [ 35.538577029000066, 31.997120028000097 ], [ 35.538856475999978, 31.996935281 ], [ 35.53892544200005, 31.996919469000147 ], [ 35.538945363000153, 31.996914902000185 ], [ 35.539096369000049, 31.996880133000047 ], [ 35.539328323000063, 31.996825002000037 ], [ 35.539584570000045, 31.996858442000132 ], [ 35.539937324000107, 31.997061990000134 ], [ 35.540186678000111, 31.997388394000097 ], [ 35.540508689000035, 31.997919072000172 ], [ 35.54075809800014, 31.998306912000089 ], [ 35.540982758000098, 31.998476689000029 ], [ 35.541119134000155, 31.998558205000165 ], [ 35.541375408000079, 31.99859840300013 ], [ 35.541607344000056, 31.99853650600005 ], [ 35.541625988000192, 31.998478965 ], [ 35.541629600000135, 31.998467791000166 ], [ 35.54170219800011, 31.998243166000123 ], [ 35.541533446000187, 31.998032383000179 ], [ 35.54133276400006, 31.997862544999975 ], [ 35.54110788700001, 31.997631331000036 ], [ 35.540963285000146, 31.997468113000025 ], [ 35.540874569000096, 31.997304887000041 ], [ 35.540882963000058, 31.997215668000024 ], [ 35.540885402000185, 31.997189737000099 ], [ 35.540897670000163, 31.997059506000085 ], [ 35.540908858000194, 31.996997897000028 ], [ 35.540917517000082, 31.996949992000054 ], [ 35.540960585000107, 31.996711719000189 ], [ 35.541071287000193, 31.996318858000109 ], [ 35.541086670000141, 31.996134791000031 ], [ 35.540966092000133, 31.99598517700008 ], [ 35.540781503, 31.995828965000157 ], [ 35.540645059000099, 31.99572701600016 ], [ 35.540420602000097, 31.995611771000085 ], [ 35.540059870999983, 31.995442345000129 ], [ 35.53977933800013, 31.99532033700018 ], [ 35.539402816000063, 31.995219151000128 ], [ 35.53902629300012, 31.995117820000189 ], [ 35.538738067000054, 31.995064171000081 ], [ 35.53834567500013, 31.99501065000004 ], [ 35.538027473000056, 31.994942845000025 ], [ 35.537836191000054, 31.994902049000189 ], [ 35.537768965000168, 31.994875732000025 ], [ 35.537765856000192, 31.994874510000102 ], [ 35.537574082000106, 31.99479915500018 ], [ 35.537570933000154, 31.994797189000053 ], [ 35.537565462000146, 31.994792835000055 ], [ 35.537524532000134, 31.994767857999989 ], [ 35.537509088000093, 31.994748734000041 ], [ 35.537492208000117, 31.994735515000059 ], [ 35.537427845000025, 31.994685111000024 ], [ 35.537421593000033, 31.994651836000173 ], [ 35.537420092000161, 31.994643845000155 ], [ 35.537398864000181, 31.994531735000123 ], [ 35.537341216000016, 31.994313895000175 ], [ 35.537330429000122, 31.993974756000114 ], [ 35.537310470000136, 31.99366001400017 ], [ 35.537290344000098, 31.993345135000141 ], [ 35.537232811000024, 31.993159562000187 ], [ 35.537213413000018, 31.993144253000025 ], [ 35.53720563100012, 31.993138142000191 ], [ 35.537099670000146, 31.993054926000013 ], [ 35.536928783000121, 31.992982796000092 ], [ 35.536644283000044, 31.992951255000094 ], [ 35.536388167000155, 31.992951911000148 ], [ 35.536122738000131, 31.992936385000064 ], [ 35.535876071000075, 31.992896714000096 ], [ 35.535761920000084, 31.992783856000187 ], [ 35.535763905000181, 31.992742572000111 ], [ 35.535764386000153, 31.992732558000171 ], [ 35.535770692000142, 31.992598254000086 ], [ 35.536025818000098, 31.992363412000032 ], [ 35.536356745000035, 31.992104139000162 ], [ 35.536451110000087, 31.991950589000055 ], [ 35.536479009, 31.991797068000039 ], [ 35.536411918000056, 31.991619694000121 ], [ 35.536183503000075, 31.991361848999986 ], [ 35.536019780000117, 31.991210648000049 ], [ 35.535877052000046, 31.991057563000084 ], [ 35.535753421000038, 31.990928665000069 ], [ 35.535736025000176, 31.990683242999978 ], [ 35.535735212000191, 31.990671698000028 ], [ 35.535733416000085, 31.99064619100011 ], [ 35.535771562000036, 31.990611073000082 ], [ 35.535789285000135, 31.99059475700011 ], [ 35.53597913800013, 31.990419547000045 ], [ 35.536291303000098, 31.990233032000162 ], [ 35.536896951000131, 31.989908518000107 ], [ 35.537143038000181, 31.989786707000064 ], [ 35.537246937000134, 31.989665397000181 ], [ 35.53721583500004, 31.989612918000148 ], [ 35.537210963000177, 31.989604682 ], [ 35.537113377000082, 31.989439722000043 ], [ 35.536885620000191, 31.989367596000136 ], [ 35.536642306000147, 31.989291283000114 ], [ 35.536635910000143, 31.98928928100014 ], [ 35.536553422000054, 31.989263468000047 ], [ 35.53650344800019, 31.989251056000057 ], [ 35.536498273000177, 31.98924976800015 ], [ 35.536135912000134, 31.989159559000029 ], [ 35.535812831000158, 31.988966631000096 ], [ 35.535594133000188, 31.988789644000065 ], [ 35.535422969000024, 31.98863663000003 ], [ 35.535298889000103, 31.988378518000161 ], [ 35.535292885000104, 31.988337235000017 ], [ 35.535290756000052, 31.988322597000092 ], [ 35.535269744000061, 31.988176810000027 ], [ 35.535278518000098, 31.987991070000078 ], [ 35.535343825000041, 31.987708379000082 ], [ 35.53538343200006, 31.987404618000085 ], [ 35.535343604000161, 31.987221397999974 ], [ 35.535163988000193, 31.987061217000132 ], [ 35.53515784800004, 31.987054752000063 ], [ 35.535129458000029, 31.987030011000058 ], [ 35.534875487000022, 31.986808680000138 ], [ 35.53486265500004, 31.986797497000168 ], [ 35.534656393000034, 31.986581302000161 ], [ 35.534557817000064, 31.986381602000165 ], [ 35.534537211000099, 31.986114914000098 ], [ 35.534585185000026, 31.985839736000059 ], [ 35.534749835000127, 31.9853141480001 ], [ 35.534943917000192, 31.984838649000096 ], [ 35.535225428000103, 31.984212718000094 ], [ 35.535409987000037, 31.983803891000093 ], [ 35.535672410000188, 31.983535776000053 ], [ 35.53567916500009, 31.983528712000179 ], [ 35.535715135000032, 31.983491269000183 ], [ 35.535800072000086, 31.983402855000179 ], [ 35.536172775000068, 31.983137135 ], [ 35.536353039000062, 31.982966685000122 ], [ 35.536408570000162, 31.982914178000158 ], [ 35.536455695000029, 31.982869669000081 ], [ 35.536679791000097, 31.982610669000167 ], [ 35.536874214000136, 31.982235211000159 ], [ 35.537027875000149, 31.981834214000116 ], [ 35.537032785000179, 31.98182011 ], [ 35.537095873000055, 31.98163664600014 ], [ 35.537194136000153, 31.981350891000034 ], [ 35.537246020000168, 31.981261882000183 ], [ 35.537266443000135, 31.981226845000037 ], [ 35.537330364000013, 31.981117054000094 ], [ 35.537437613000122, 31.980963752000036 ], [ 35.537444098000037, 31.98095444400019 ], [ 35.537447153000187, 31.980950058000133 ], [ 35.537471477000054, 31.980939614000192 ], [ 35.537522095000156, 31.980917880000163 ], [ 35.537586144000045, 31.98089037900013 ], [ 35.53758784900009, 31.980889654000123 ], [ 35.537603477000175, 31.980883009000024 ], [ 35.537809085000106, 31.980915876000154 ], [ 35.538122809000129, 31.98104005700003 ], [ 35.538339165000082, 31.981165897000153 ], [ 35.538343862000033, 31.98116863100006 ], [ 35.538354748000074, 31.981174969000051 ], [ 35.538365672000054, 31.981181328000105 ], [ 35.538436576000095, 31.981222574000128 ], [ 35.53857901300006, 31.981342967000046 ], [ 35.538587561000043, 31.981350191000161 ], [ 35.538773517000152, 31.981507331000159 ], [ 35.538962024000057, 31.981844604000116 ], [ 35.539150897000127, 31.982285024000134 ], [ 35.539306307000174, 31.982659866000063 ], [ 35.539450345000034, 31.982903410000119 ], [ 35.539550803000168, 31.982969562000108 ], [ 35.539560542000174, 31.982975974999988 ], [ 35.539567593000129, 31.982980607000059 ], [ 35.53964919900011, 31.983034224000107 ], [ 35.539678367000079, 31.983034149000048 ], [ 35.539681106000046, 31.983034142000122 ], [ 35.539869410000165, 31.983033657000135 ], [ 35.540089586000079, 31.982976724000139 ], [ 35.540386069000192, 31.982760224000174 ], [ 35.540660596000066, 31.982506299000022 ], [ 35.540835491000053, 31.982130604000133 ], [ 35.540966008000112, 31.981642436000072 ], [ 35.541096592000088, 31.981219933000034 ], [ 35.541294174000086, 31.981041170000083 ], [ 35.541612802000145, 31.980824612000106 ], [ 35.541810248000161, 31.980561443000056 ], [ 35.54175409100003, 31.980298934000132 ], [ 35.541615879000119, 31.980205306000187 ], [ 35.541615147000073, 31.980204810000146 ], [ 35.541588537, 31.980186776000039 ], [ 35.541257863000169, 31.980131411000173 ], [ 35.540751028999978, 31.980048319000048 ], [ 35.540608102000135, 31.979977251000037 ], [ 35.540599772000178, 31.97997309800013 ], [ 35.540563389000113, 31.979954960000043 ], [ 35.540551675000188, 31.979776740000091 ], [ 35.540683330000149, 31.979607589000182 ], [ 35.541056869000101, 31.979353267000135 ], [ 35.541265525000085, 31.979174476000139 ], [ 35.54142973800009, 31.978911393000146 ], [ 35.541571828000144, 31.978610887000173 ], [ 35.541668803000107, 31.978268648000153 ], [ 35.541736130000061, 31.978002719000074 ], [ 35.5417355350001, 31.977836587000013 ], [ 35.541706820000115, 31.977771967000024 ], [ 35.541705702, 31.977769450000096 ], [ 35.541676538000104, 31.977703863000045 ], [ 35.541412956000158, 31.977638037000133 ], [ 35.541081367000174, 31.977647210999976 ], [ 35.540876530000162, 31.977598001 ], [ 35.540729960000135, 31.977523556000165 ], [ 35.540709218000188, 31.977501207000159 ], [ 35.540697396999974, 31.977488481000194 ], [ 35.540622257000166, 31.977407585000037 ], [ 35.540679773000136, 31.977125054000055 ], [ 35.540795632000027, 31.976792489000161 ], [ 35.540998586000114, 31.976268767000136 ], [ 35.541162597000096, 31.975811513000167 ], [ 35.541307357, 31.975379249000127 ], [ 35.541443310000147, 31.975212763000172 ], [ 35.541667010000026, 31.975037737000093 ], [ 35.541949153000189, 31.97488749900009 ], [ 35.542474934999973, 31.974636861000135 ], [ 35.542844812000112, 31.974428340000031 ], [ 35.543108839000013, 31.974205295000161 ], [ 35.543293284000129, 31.973963999000091 ], [ 35.543370534000132, 31.973747783000135 ], [ 35.543408083000088, 31.973340739000037 ], [ 35.543396928000163, 31.972950447000073 ], [ 35.5434433960001, 31.972310738000147 ], [ 35.543520464999972, 31.9720447790001 ], [ 35.543675794000137, 31.971844988000157 ], [ 35.543870118000029, 31.971686660000046 ], [ 35.544162527000026, 31.971636155 ], [ 35.544426184000031, 31.971726775000036 ], [ 35.544542937000017, 31.971786498000085 ], [ 35.544551213000034, 31.971788869000022 ], [ 35.544562482000117, 31.971796590000054 ], [ 35.544846172000177, 31.971941688000186 ], [ 35.545286311999973, 31.972289285000045 ], [ 35.54585338000004, 31.97271968300015 ], [ 35.546273664000125, 31.972967846000131 ], [ 35.546478596000043, 31.973000421999984 ], [ 35.546721835000028, 31.972883531000036 ], [ 35.546945220000111, 31.97262549800007 ], [ 35.547079680000024, 31.972052064000081 ], [ 35.547204990000125, 31.971644787 ], [ 35.547339930000078, 31.971204229000136 ], [ 35.547397269000101, 31.970880125000178 ], [ 35.54746745000017, 31.970360266000057 ], [ 35.547534391000113, 31.969994568000175 ], [ 35.547591636000107, 31.969645524000043 ], [ 35.547586568000042, 31.96960170300008 ], [ 35.547585152000124, 31.969589459000133 ], [ 35.547571159000142, 31.969469018000041 ], [ 35.547378899000194, 31.969237588000055 ], [ 35.547068649000096, 31.968968707000101 ], [ 35.546692619000112, 31.968794124000169 ], [ 35.546404928000186, 31.968638050000038 ], [ 35.546139062, 31.968438095000067 ], [ 35.545939967000152, 31.968325750000133 ], [ 35.545674378000115, 31.96820104000011 ], [ 35.545446086000084, 31.968151474000081 ], [ 35.544967324000083, 31.968090027000073 ], [ 35.544650482000122, 31.968053233000035 ], [ 35.544363203999978, 31.968010021 ], [ 35.544075655000086, 31.967891704000067 ], [ 35.543942711000113, 31.967741561000025 ], [ 35.543928376000054, 31.967662266000104 ], [ 35.543922386000133, 31.967629418000058 ], [ 35.543905105000192, 31.967534662000048 ], [ 35.54395566200003, 31.967252289000044 ], [ 35.544145225000193, 31.966737614000181 ], [ 35.544180054000094, 31.966630603000112 ], [ 35.544210129000192, 31.966538197000091 ], [ 35.544236940000189, 31.966456117000064 ], [ 35.544236867000109, 31.966435826000065 ], [ 35.544236105000039, 31.966224183000065 ], [ 35.543889148, 31.96599301100008 ], [ 35.543608974000108, 31.965855791000138 ], [ 35.543181319000155, 31.965706417000035 ], [ 35.542864604000158, 31.965657077 ], [ 35.542459736000069, 31.965639249000162 ], [ 35.542113681000103, 31.965659032000076 ], [ 35.541900199000054, 31.965634505000082 ], [ 35.541776084000162, 31.965547744000105 ], [ 35.541767150000112, 31.965541492000114 ], [ 35.541730349000034, 31.965515736000157 ], [ 35.541700277000189, 31.965333900000189 ], [ 35.541728645000035, 31.965039183000044 ], [ 35.541801671000087, 31.964844539000126 ], [ 35.542102348000185, 31.964523891000056 ], [ 35.542550295000183, 31.964202860000057 ], [ 35.543108542000084, 31.963850260000186 ], [ 35.543792156000166, 31.963566373000049 ], [ 35.544094554000139, 31.963497664000158 ], [ 35.544550417000096, 31.963358380000159 ], [ 35.544925297000077, 31.963175623000041 ], [ 35.545152655000038, 31.962924208000118 ], [ 35.545276802000103, 31.962654182000165 ], [ 35.545276259000161, 31.962503690000119 ], [ 35.54515797300013, 31.962348618000078 ], [ 35.545153865000145, 31.962343233000126 ], [ 35.545128288000058, 31.962309622000078 ], [ 35.544995343000153, 31.962203444000181 ], [ 35.544671095000183, 31.962078743000063 ], [ 35.544169927000098, 31.961935905000132 ], [ 35.543801429000155, 31.961823997000124 ], [ 35.543580224000038, 31.961717907000036 ], [ 35.543420311000034, 31.961557405000121 ], [ 35.543402540999978, 31.961539641000059 ], [ 35.543380666000076, 31.961517773000025 ], [ 35.543261186000109, 31.961337586000127 ], [ 35.543224617000192, 31.961282437000079 ], [ 35.543209008000076, 31.961261905000185 ], [ 35.543092924000064, 31.961109461000149 ], [ 35.543081633000099, 31.961094694999986 ], [ 35.543041752000079, 31.961042255000109 ], [ 35.542936820000079, 31.960904279000033 ], [ 35.542892675000076, 31.960864959000162 ], [ 35.542859055000179, 31.960835014000111 ], [ 35.542756747000055, 31.96074411100011 ], [ 35.542528287000152, 31.960688201000096 ], [ 35.541887858000166, 31.960702408000145 ], [ 35.541453495000042, 31.960703535000164 ], [ 35.541173700000058, 31.960666638000191 ], [ 35.54083753600014, 31.960441772000081 ], [ 35.540774634000059, 31.960322161000192 ], [ 35.540768440000079, 31.960310341000138 ], [ 35.540762983000093, 31.960299927000165 ], [ 35.540771395000093, 31.960063176000176 ], [ 35.540844514000185, 31.959802585000034 ], [ 35.540894430000037, 31.959642947000134 ], [ 35.540901221000183, 31.959621229000106 ], [ 35.540902039000059, 31.959618830000181 ], [ 35.540908740000191, 31.959597255000119 ], [ 35.540898785000138, 31.959447353000144 ], [ 35.540842744000031, 31.959305319000123 ], [ 35.540637857000036, 31.958998101000077 ], [ 35.540386915000056, 31.958754130000045 ], [ 35.540284126000188, 31.958525558000133 ], [ 35.540261130000033, 31.958426560000134 ], [ 35.540249851000112, 31.958377837000114 ], [ 35.540218325000126, 31.958241654000119 ], [ 35.540244858000108, 31.957894243000055 ], [ 35.540327625000145, 31.957744100000127 ], [ 35.540539851000119, 31.957467367000106 ], [ 35.540955360000112, 31.957095417000062 ], [ 35.541232543000035, 31.956913068000119 ], [ 35.54145466600005, 31.956817799000135 ], [ 35.541621293000048, 31.956825257000048 ], [ 35.541834642000026, 31.956864157999973 ], [ 35.542085128000167, 31.956981871000039 ], [ 35.542307933000188, 31.957123471000045 ], [ 35.542558110000016, 31.957154384000034 ], [ 35.542873100000179, 31.957145672000024 ], [ 35.543085917000099, 31.957081990000063 ], [ 35.543215119000138, 31.956931583000141 ], [ 35.543242066000118, 31.956702674000155 ], [ 35.543287551000105, 31.956481610000139 ], [ 35.543196785000191, 31.956063001000075 ], [ 35.543195455000102, 31.956056865000107 ], [ 35.543182433000084, 31.956020544000182 ], [ 35.54303636200018, 31.955615386000034 ], [ 35.542881279000028, 31.955230683000138 ], [ 35.542877443000066, 31.955221110000139 ], [ 35.542871494000053, 31.955175049000104 ], [ 35.542842773000075, 31.954954882000095 ], [ 35.542839374000039, 31.954929245000017 ], [ 35.542847146000156, 31.954883851000034 ], [ 35.542850263000162, 31.95483156500012 ], [ 35.542857668000124, 31.954822247000095 ], [ 35.542860003000044, 31.954808448000108 ], [ 35.542875632000175, 31.954716093000172 ], [ 35.543041740999968, 31.954534169000055 ], [ 35.543282316000102, 31.954470413000081 ], [ 35.543523120000145, 31.954469785000015 ], [ 35.543865837000169, 31.954453107000063 ], [ 35.544032511000069, 31.954429001000051 ], [ 35.544145656000126, 31.954352862000064 ], [ 35.54415023100006, 31.954349783000055 ], [ 35.544161939000105, 31.954341861000103 ], [ 35.54403126200009, 31.954081661000089 ], [ 35.543789951000065, 31.953940253000098 ], [ 35.543576832000099, 31.953917139000168 ], [ 35.543224719000193, 31.953894384000137 ], [ 35.542622524000024, 31.953864389000046 ], [ 35.54218691900013, 31.953833958000075 ], [ 35.541751424999973, 31.953787743000078 ], [ 35.541528995000078, 31.95374886500008 ], [ 35.541371128000037, 31.953646693000167 ], [ 35.541305725000086, 31.953520606000097 ], [ 35.541298500999972, 31.953441857000087 ], [ 35.541286977000084, 31.95331685900004 ], [ 35.541267213000083, 31.953102486000148 ], [ 35.541432814000189, 31.952778385000045 ], [ 35.541688296000189, 31.952354287000162 ], [ 35.541715206000106, 31.952189992000172 ], [ 35.541719998000133, 31.95216073500012 ], [ 35.541724529000078, 31.952133245000141 ], [ 35.541712059000133, 31.952020549000054 ], [ 35.541705397000101, 31.951959554000098 ], [ 35.541575098000067, 31.951802073000124 ], [ 35.541408118999982, 31.951739378000184 ], [ 35.541083948000107, 31.951763891000155 ], [ 35.540787792000117, 31.951812005000022 ], [ 35.540621486000191, 31.951938689000031 ], [ 35.54050145500014, 31.952065257000015 ], [ 35.540418806000105, 31.952247103000161 ], [ 35.54036426100015, 31.952570774000037 ], [ 35.540346564000174, 31.952799657000071 ], [ 35.540254689000164, 31.952989278000189 ], [ 35.540134711000178, 31.953131624999969 ], [ 35.53993157900004, 31.953313783000112 ], [ 35.539616994000028, 31.953432959000054 ], [ 35.53945965600019, 31.95343336500008 ], [ 35.539271536000058, 31.953375655000116 ], [ 35.539264195000101, 31.95337341700008 ], [ 35.539255488000151, 31.953370763000066 ], [ 35.539234683000132, 31.953337070000032 ], [ 35.539217091000069, 31.953308580000169 ], [ 35.539206134000153, 31.953295223 ], [ 35.539181352000071, 31.953250900000171 ], [ 35.539153094000028, 31.953205176000097 ], [ 35.539116409000087, 31.953145551000091 ], [ 35.539031911000052, 31.953008215000068 ], [ 35.539058726000064, 31.95273985200015 ], [ 35.539150438000149, 31.952455541000177 ], [ 35.539500836, 31.95199682100008 ], [ 35.539722365000159, 31.951783194000086 ], [ 35.539943922000077, 31.951577455000177 ], [ 35.540285204000099, 31.951253186000088 ], [ 35.540669834000141, 31.950942471000019 ], [ 35.540943434000042, 31.950733357000161 ], [ 35.541157845999976, 31.950517913000112 ], [ 35.541386578000072, 31.95019505900018 ], [ 35.541511637000042, 31.949904036000191 ], [ 35.541554922000159, 31.949575320000179 ], [ 35.541606070000114, 31.94936664100004 ], [ 35.541686897000147, 31.949139001000049 ], [ 35.54183487500012, 31.949018561 ], [ 35.542019704000097, 31.948898026000109 ], [ 35.5422199140001, 31.948872283000185 ], [ 35.542420323000101, 31.948903327000096 ], [ 35.542635714000085, 31.949010140000098 ], [ 35.542962970000133, 31.949249399000109 ], [ 35.5432232550001, 31.949432043000115 ], [ 35.543587304000084, 31.949607936 ], [ 35.543802335000066, 31.949613716000158 ], [ 35.54393541200011, 31.949486973000035 ], [ 35.54394509500014, 31.949456406000081 ], [ 35.543960742000081, 31.949407010000073 ], [ 35.544001428000058, 31.94927825100018 ], [ 35.544000610000182, 31.949050826000132 ], [ 35.543948151000052, 31.948893001000101 ], [ 35.543732391000106, 31.948729263000075 ], [ 35.543294263000121, 31.948540883000135 ], [ 35.542878114000018, 31.948352303000149 ], [ 35.5424472360001, 31.948202932000129 ], [ 35.542313364000051, 31.94810845000012 ], [ 35.542060394000089, 31.94784377100018 ], [ 35.54202188000005, 31.947749885 ], [ 35.542013111000131, 31.947728527000038 ], [ 35.541993040000193, 31.947679644000175 ], [ 35.541999726000029, 31.947515326000087 ], [ 35.542088055000136, 31.947306549000132 ], [ 35.542346524000095, 31.946983616000125 ], [ 35.542612740000095, 31.946793401000093 ], [ 35.543049438000025, 31.946539469000072 ], [ 35.543426873000044, 31.946304714000121 ], [ 35.543559995000066, 31.946190512000044 ], [ 35.543559605000041, 31.946082054000158 ], [ 35.543559587, 31.94607693800009 ], [ 35.543559428000094, 31.94603255100003 ], [ 35.543477337000127, 31.945906371000092 ], [ 35.543321528000149, 31.945868871000187 ], [ 35.543061910000176, 31.945869548000132 ], [ 35.542483572000094, 31.945934322000028 ], [ 35.541934911000055, 31.94597999500013 ], [ 35.541586293000194, 31.945955537000088 ], [ 35.54136356500004, 31.945873962000178 ], [ 35.541303741000092, 31.945735182000021 ], [ 35.541280868000058, 31.945669998000142 ], [ 35.541265643000145, 31.945626578000144 ], [ 35.541251151000154, 31.945585247000167 ], [ 35.541265438000039, 31.945421050000164 ], [ 35.541339007000147, 31.945243876000063 ], [ 35.541590242000041, 31.944977750000078 ], [ 35.541834465000136, 31.944831838000084 ], [ 35.542123503000028, 31.944786841000166 ], [ 35.542649959000073, 31.944772791000105 ], [ 35.543161890000079, 31.944809502 ], [ 35.54356251400003, 31.944820997000193 ], [ 35.543814415000156, 31.944788776000053 ], [ 35.543977574000053, 31.944756784999981 ], [ 35.544155009000065, 31.944604704000142 ], [ 35.544172157999981, 31.944548073000135 ], [ 35.54417542200008, 31.944537295000146 ], [ 35.544198939000182, 31.944459167000048 ], [ 35.544124148000094, 31.944295062000094 ], [ 35.543960589000164, 31.944169095000063 ], [ 35.543648834000066, 31.944100438000135 ], [ 35.543270320000147, 31.94403195700005 ], [ 35.542891850000103, 31.943976016000136 ], [ 35.542513616000065, 31.943939095000189 ], [ 35.542098057000089, 31.943908614000065 ], [ 35.541601078000099, 31.943846635 ], [ 35.541326120000065, 31.94371475100013 ], [ 35.54121452000004, 31.943607526000051 ], [ 35.541132369000081, 31.943462461000024 ], [ 35.541103821000036, 31.943381228000135 ], [ 35.54109684000008, 31.943361376000098 ], [ 35.541072434000057, 31.943291973000157 ], [ 35.541101684000125, 31.943152958999974 ], [ 35.541227231000164, 31.943000875000052 ], [ 35.541545460000066, 31.94284843000014 ], [ 35.541961037000078, 31.942885255000078 ], [ 35.54251011100007, 31.942959638000104 ], [ 35.54273247000009, 31.942940176000093 ], [ 35.542902696000112, 31.942851241000085 ], [ 35.543022017000112, 31.942669861000184 ], [ 35.543125935000035, 31.942570248000038 ], [ 35.54316422800008, 31.9424907450001 ], [ 35.543175473000019, 31.942467397000144 ], [ 35.543219760000056, 31.942375267000159 ], [ 35.543363344000056, 31.942277521000051 ], [ 35.543596601000047, 31.942209137000077 ], [ 35.543790122000189, 31.942166357000076 ], [ 35.543949017000102, 31.942144807000091 ], [ 35.544112885000175, 31.942127466000159 ], [ 35.544331403000115, 31.942097165000064 ], [ 35.54461421700006, 31.942024419000063 ], [ 35.544745579000107, 31.941974898000126 ], [ 35.544768516000147, 31.941966243000024 ], [ 35.544772239000167, 31.941964176000113 ], [ 35.544908366000186, 31.941888592999987 ], [ 35.544937067000149, 31.94187265700009 ], [ 35.54493878, 31.941869618000112 ], [ 35.545011123000052, 31.941741278000165 ], [ 35.544970627000055, 31.941555099000141 ], [ 35.544826206000096, 31.941420062000077 ], [ 35.544602135000162, 31.941285095000183 ], [ 35.544323458000065, 31.941129273000058 ], [ 35.544099483000139, 31.941019666000159 ], [ 35.543830919000072, 31.940918771000042 ], [ 35.543632032000062, 31.940847427 ], [ 35.543318598000099, 31.940721143000076 ], [ 35.543149396000103, 31.940632670000127 ], [ 35.542880639000145, 31.940476817999979 ], [ 35.542711376000113, 31.940371435000088 ], [ 35.542647265000028, 31.940329485000177 ], [ 35.542621933000078, 31.940312909 ], [ 35.54256778600012, 31.94028247100016 ], [ 35.542542758000025, 31.94026111800008 ], [ 35.542520840000122, 31.940246794000132 ], [ 35.542427643000167, 31.940185890000066 ], [ 35.542128642000193, 31.939936834000093 ], [ 35.541938357000163, 31.939773732000106 ], [ 35.541798886000095, 31.93968095200006 ], [ 35.541519857000026, 31.939423527000145 ], [ 35.541390153000123, 31.939241808000133 ], [ 35.54132983400018, 31.939055679000091 ], [ 35.541244791000167, 31.938886526000033 ], [ 35.541139888000089, 31.938708970000107 ], [ 35.541084709000074, 31.938573696999981 ], [ 35.541076304000171, 31.938419196000098 ], [ 35.541072155000109, 31.938342917000114 ], [ 35.541068798000083, 31.938281631000166 ], [ 35.541054310000106, 31.938111449000132 ], [ 35.541053276000071, 31.938099616000102 ], [ 35.54105502900012, 31.938039066999977 ], [ 35.541057691000162, 31.937947139000016 ], [ 35.541068044000042, 31.937918708000097 ], [ 35.541105147000167, 31.937816813000097 ], [ 35.541135243000156, 31.937730640000154 ], [ 35.541255014000058, 31.937582515000088 ], [ 35.541448180000032, 31.937442372000078 ], [ 35.541661597000029, 31.937374039000019 ], [ 35.541796678000082, 31.937349875000166 ], [ 35.541837138000062, 31.937342582000042 ], [ 35.54192466100011, 31.937326856000141 ], [ 35.541943167000056, 31.937326385000176 ], [ 35.542088566000075, 31.937322202000132 ], [ 35.54233190400015, 31.937304521000158 ], [ 35.542769044000067, 31.937324660000115 ], [ 35.543186461000062, 31.937374300000158 ], [ 35.5433949990001, 31.937373758000092 ], [ 35.543734235000102, 31.937371604000134 ], [ 35.543891094000173, 31.937384016000067 ], [ 35.54413814000003, 31.937523437000152 ], [ 35.544257975000107, 31.937624860000085 ], [ 35.544370445000141, 31.937745607000068 ], [ 35.544587536000108, 31.937872423000044 ], [ 35.544751925000071, 31.937910180000074 ], [ 35.544908669999984, 31.937890605000177 ], [ 35.545102492000069, 31.937750032000167 ], [ 35.545184088000042, 31.937603411 ], [ 35.545256132000134, 31.937420181000107 ], [ 35.54527082900006, 31.937382746000139 ], [ 35.545345973000053, 31.937191353 ], [ 35.545346845000097, 31.937189131000025 ], [ 35.545347768000113, 31.937185874000193 ], [ 35.545435280000049, 31.93687692200001 ], [ 35.545494409000071, 31.936685834000059 ], [ 35.545545958000162, 31.93650110700014 ], [ 35.545590120999975, 31.936284552000075 ], [ 35.545611623000184, 31.936061575000167 ], [ 35.545581003000109, 31.935864380999988 ], [ 35.545498350000116, 31.935718190999978 ], [ 35.545393341000079, 31.935603767000146 ], [ 35.545079281000028, 31.935483689000137 ], [ 35.544892448999974, 31.935452333 ], [ 35.544257169, 31.935333093000111 ], [ 35.543950844000165, 31.935295708000126 ], [ 35.54378641500017, 31.935245127000087 ], [ 35.543621843000039, 31.935201030000087 ], [ 35.543352659000163, 31.93510619400007 ], [ 35.543188138000119, 31.935030250000182 ], [ 35.542925960000105, 31.934814494000079 ], [ 35.542805734000069, 31.93464923900018 ], [ 35.542737714000168, 31.934388449000096 ], [ 35.54273133200013, 31.934236752000061 ], [ 35.542729405999978, 31.934191056000031 ], [ 35.542735309000022, 31.9341683560001 ], [ 35.542744403000086, 31.934133384000063 ], [ 35.542750309000041, 31.934029376000126 ], [ 35.542794763000188, 31.933938797000053 ], [ 35.542803417000187, 31.933905440000046 ], [ 35.542818723000039, 31.933846438000103 ], [ 35.542957148000028, 31.933603850000111 ], [ 35.542962264000096, 31.93359870200004 ], [ 35.542979047000131, 31.93358181300016 ], [ 35.542982011000049, 31.933578705000059 ], [ 35.543016419000026, 31.933543950000114 ], [ 35.543091002000097, 31.933468653000034 ], [ 35.54312137800008, 31.933434910000187 ], [ 35.543264305000093, 31.933276139999975 ], [ 35.543402215000128, 31.933157809000079 ], [ 35.543452425000055, 31.933114727000032 ], [ 35.543504809000126, 31.933069922000186 ], [ 35.543658489000052, 31.932934811999985 ], [ 35.543820110000183, 31.932802919000039 ], [ 35.543865741000161, 31.932763768000086 ], [ 35.543867883000132, 31.932761932000062 ], [ 35.543875460000152, 31.932755429000167 ], [ 35.543993403000059, 31.93265422900015 ], [ 35.544041315000072, 31.932606053000086 ], [ 35.54410766500007, 31.93253936900004 ], [ 35.544111854000164, 31.93253471700001 ], [ 35.544125863000147, 31.932519159000151 ], [ 35.544186004999972, 31.932452365000131 ], [ 35.544213983000191, 31.932421150000152 ], [ 35.544218735000015, 31.932410146000109 ], [ 35.544229, 31.932386407000024 ], [ 35.544276744000115, 31.932275989000118 ], [ 35.544283974, 31.932080527000096 ], [ 35.544255741000086, 31.931949131000067 ], [ 35.544140822000088, 31.931834872000138 ], [ 35.54386777000002, 31.931764848000171 ], [ 35.543587104000096, 31.931782489000113 ], [ 35.543413260000079, 31.93182338400004 ], [ 35.54315276900013, 31.931938624000168 ], [ 35.543006828000046, 31.932019887000081 ], [ 35.542852956000104, 31.932101170000124 ], [ 35.542675350000138, 31.932199284000092 ], [ 35.542454421000059, 31.932334710000077 ], [ 35.542273197000156, 31.93248341900005 ], [ 35.542154930000095, 31.932588140000121 ], [ 35.542036642000028, 31.932686241000113 ], [ 35.54190273100005, 31.932804531000158 ], [ 35.541863551, 31.932845777000182 ], [ 35.541818657000022, 31.932893116000116 ], [ 35.541672924000181, 31.933046788000013 ], [ 35.541626782000094, 31.933099215000027 ], [ 35.541537124000115, 31.9332010870001 ], [ 35.541515434000075, 31.933225731000164 ], [ 35.541421022000122, 31.933347299000104 ], [ 35.541356698000129, 31.933435845000133 ], [ 35.541311182000072, 31.933498500000098 ], [ 35.541251822000106, 31.93358024000014 ], [ 35.541226272000131, 31.933597356000121 ], [ 35.541206693000049, 31.933610496000142 ], [ 35.541034889000059, 31.933725799000172 ], [ 35.540904769000122, 31.933770954000067 ], [ 35.540899068000101, 31.933772933000171 ], [ 35.540869033000149, 31.933783439000138 ], [ 35.540624062000063, 31.933804364000025 ], [ 35.540402467000092, 31.933754350000129 ], [ 35.540259993000063, 31.933697509000126 ], [ 35.539973507000127, 31.933567624000148 ], [ 35.539664584000093, 31.933400033000055 ], [ 35.539343452000139, 31.933144684000126 ], [ 35.539212699000075, 31.933037224000145 ], [ 35.539101479000124, 31.93289265500016 ], [ 35.539049423000051, 31.932703969000158 ], [ 35.53908039900017, 31.93253874300018 ], [ 35.539206477999983, 31.932400324000184 ], [ 35.539260259000116, 31.932365271000037 ], [ 35.539323030000048, 31.93232435800013 ], [ 35.539403642000138, 31.932271731000128 ], [ 35.539541694000036, 31.932200637999983 ], [ 35.539683896000099, 31.932136297000113 ], [ 35.539833806000047, 31.932055028000036 ], [ 35.539983714000186, 31.93197375900013 ], [ 35.540169111000182, 31.931882251000047 ], [ 35.540268714000149, 31.931826053000179 ], [ 35.540307301000041, 31.93180439200006 ], [ 35.540340134000189, 31.931790640000031 ], [ 35.540500665000081, 31.931723009 ], [ 35.540694193000093, 31.931641627000033 ], [ 35.540861502000155, 31.93157468600009 ], [ 35.541023340000038, 31.931503528000064 ], [ 35.54122860200016, 31.931422115000146 ], [ 35.541469372, 31.931337226000153 ], [ 35.541627223000035, 31.931259314000101 ], [ 35.541781058000026, 31.931167888000175 ], [ 35.541834808000033, 31.931135481000069 ], [ 35.541849988000081, 31.931129099000088 ], [ 35.541875203000131, 31.931111140000098 ], [ 35.541927140000041, 31.931079862000161 ], [ 35.542096765000167, 31.930968243000109 ], [ 35.542239601000063, 31.930850776000057 ], [ 35.542289848000053, 31.930809359000079 ], [ 35.542292089000114, 31.930806658000108 ], [ 35.54245519400007, 31.930610103000106 ], [ 35.542644033000101, 31.930373727000131 ], [ 35.542726207000158, 31.930262608000078 ], [ 35.542783311000107, 31.930185390000076 ], [ 35.542785685000126, 31.930168968000146 ], [ 35.542812654000159, 31.929982403000054 ], [ 35.542740572000014, 31.92973994200014 ], [ 35.542641284000183, 31.929605348000052 ], [ 35.542442997000194, 31.929417185000034 ], [ 35.54229649500013, 31.92934006500019 ], [ 35.542041567000183, 31.929299864000143 ], [ 35.541749105000179, 31.929344447 ], [ 35.541599081000186, 31.929391898000119 ], [ 35.541346360000148, 31.929460050000102 ], [ 35.541184426000086, 31.929504293000093 ], [ 35.541018590000192, 31.929565314000115 ], [ 35.540860670000086, 31.929623075000165 ], [ 35.540679124000178, 31.92968075400006 ], [ 35.54046979300017, 31.929731883000102 ], [ 35.54027217099997, 31.929776215000061 ], [ 35.540078657000151, 31.92981377600006 ], [ 35.539881055000137, 31.929817668 ], [ 35.539525248000075, 31.929845498000191 ], [ 35.539180388000148, 31.929932062000091 ], [ 35.538931144000117, 31.930003580000118 ], [ 35.538240548000033, 31.930209112000057 ], [ 35.538053680000189, 31.930258346000073 ], [ 35.537866743999984, 31.93033421400014 ], [ 35.537565739000058, 31.930441233000181 ], [ 35.537352904000102, 31.93053041100012 ], [ 35.537083097999982, 31.930628611000031 ], [ 35.536911563000103, 31.930668927 ], [ 35.536740087000112, 31.930678243000102 ], [ 35.536705852000068, 31.930669595000097 ], [ 35.53669967400009, 31.930668042000036 ], [ 35.536511039000175, 31.930620632 ], [ 35.536503749000133, 31.930618781000135 ], [ 35.536495659000138, 31.930616727000142 ], [ 35.536292441000057, 31.930479997000191 ], [ 35.536191232000078, 31.930339900000035 ], [ 35.53616675, 31.930306012000074 ], [ 35.536135866000166, 31.930263253000192 ], [ 35.536067452000168, 31.930025149000016 ], [ 35.536063090000141, 31.930006277000075 ], [ 35.536061398000186, 31.929994867 ], [ 35.536040736000075, 31.929851475000078 ], [ 35.536029684000084, 31.929621113000167 ], [ 35.536018576, 31.92942175200011 ], [ 35.536044053000069, 31.929241884000135 ], [ 35.536084867000113, 31.929006884000103 ], [ 35.536110293000092, 31.928860694000036 ], [ 35.536125445999971, 31.928705514000171 ], [ 35.536171412000044, 31.928479514000117 ], [ 35.53626374900017, 31.928142502000128 ], [ 35.536294464000093, 31.927996160000134 ], [ 35.536340679000148, 31.927841040000089 ], [ 35.536381787000153, 31.927690303000134 ], [ 35.536458953000135, 31.927503961000184 ], [ 35.53656737200015, 31.927277805000074 ], [ 35.536650029000157, 31.927149084000177 ], [ 35.536758713000097, 31.92699817200014 ], [ 35.536908726000149, 31.926807278000183 ], [ 35.537058773000012, 31.926625258 ], [ 35.537120650000077, 31.926461221000011 ], [ 35.537110056000074, 31.926361626000073 ], [ 35.537107388000038, 31.92633658200009 ], [ 35.537101171000188, 31.926278229000161 ], [ 35.537003499999969, 31.926036956000189 ], [ 35.536899368000093, 31.925884053000061 ], [ 35.536822891000043, 31.925748692000127 ], [ 35.536794463000035, 31.925621337000166 ], [ 35.536789318000046, 31.925598286000138 ], [ 35.536780757000145, 31.925560401000098 ], [ 35.536814521000053, 31.92543603200005 ], [ 35.536835237, 31.925359887000013 ], [ 35.536844130000134, 31.925351129000035 ], [ 35.536899452000057, 31.925296597000113 ], [ 35.536958195000068, 31.925238751000165 ], [ 35.536973050000142, 31.925224122000088 ], [ 35.536980410000012, 31.925219700000071 ], [ 35.537009323, 31.925202327000136 ], [ 35.537108905000082, 31.925142466000068 ], [ 35.537111051000068, 31.92514161600019 ], [ 35.537118476000103, 31.925139061000039 ], [ 35.537283496000043, 31.92508185100013 ], [ 35.53744185700009, 31.92501014700008 ], [ 35.537738903000161, 31.924909902000024 ], [ 35.537897697000176, 31.924868347000029 ], [ 35.538084063000156, 31.924820666000073 ], [ 35.538242923000155, 31.924796726000068 ], [ 35.538401739000108, 31.924760949000017 ], [ 35.53872049600011, 31.924680374000047 ], [ 35.53876238600003, 31.924669792000032 ], [ 35.538802206000128, 31.924659733 ], [ 35.538988550999989, 31.924606271000016 ], [ 35.53914028100013, 31.924529366000172 ], [ 35.539326334000179, 31.9243933300001 ], [ 35.539381116000072, 31.924234100000035 ], [ 35.539318329000139, 31.924092929000039 ], [ 35.539193754, 31.923998979000032 ], [ 35.538916864000043, 31.923864278 ], [ 35.538743816000078, 31.923799903000088 ], [ 35.538460096000051, 31.923694668 ], [ 35.538238764000027, 31.923618581000028 ], [ 35.537850153000136, 31.92352037600017 ], [ 35.537583313000084, 31.923422565000124 ], [ 35.537407159000054, 31.923320150000109 ], [ 35.537195378000035, 31.923140749000083 ], [ 35.536958547000097, 31.922931399 ], [ 35.536827499000083, 31.922828869000057 ], [ 35.536666174000118, 31.922713733000137 ], [ 35.536535127000036, 31.922611202000098 ], [ 35.536399198000083, 31.922530103000042 ], [ 35.53614272599998, 31.922466503000066 ], [ 35.535630033000132, 31.922459214000128 ], [ 35.535328558000117, 31.922472804000165 ], [ 35.535107665000055, 31.922520571000121 ], [ 35.534901822000165, 31.922619590000068 ], [ 35.534671192000076, 31.922765879000167 ], [ 35.534535849000179, 31.922851896000111 ], [ 35.534400523000159, 31.922942282000122 ], [ 35.53421998400006, 31.923049831000014 ], [ 35.53401416700018, 31.923157446000175 ], [ 35.533983722000073, 31.92319176500007 ], [ 35.533941651000021, 31.92323925900007 ], [ 35.533919045000118, 31.923264779000078 ], [ 35.533934811, 31.923427490000108 ], [ 35.534055719000094, 31.923512859000141 ], [ 35.534221200000161, 31.92358839100018 ], [ 35.534477993, 31.923694972000021 ], [ 35.534659144000159, 31.923762995000061 ], [ 35.534925820000012, 31.923860812999976 ], [ 35.535111942000128, 31.923933191000117 ], [ 35.53528818500007, 31.92401419000015 ], [ 35.53544924199997, 31.9240994540001 ], [ 35.535630117000153, 31.924301171000025 ], [ 35.535640986000033, 31.924313292000022 ], [ 35.535656245000155, 31.92433030300009 ], [ 35.535655164000161, 31.924351442000159 ], [ 35.535654339000189, 31.924366553000084 ], [ 35.535650641000075, 31.924434329000178 ], [ 35.535647089000122, 31.924499419000085 ], [ 35.535641975000033, 31.924595955000086 ], [ 35.535607308000124, 31.924745972000153 ], [ 35.535552618, 31.924887587000057 ], [ 35.535472607000088, 31.925016301000028 ], [ 35.535287290000099, 31.925175296000134 ], [ 35.535146762000181, 31.925244136000117 ], [ 35.534955871000136, 31.925274635999983 ], [ 35.534779899000114, 31.925270856000054 ], [ 35.53448494200012, 31.925213690000135 ], [ 35.534453032000158, 31.925207431000047 ], [ 35.534299737000026, 31.925168364000115 ], [ 35.534288394000043, 31.925165482000011 ], [ 35.534136188000048, 31.925126789000103 ], [ 35.533884633000127, 31.925054573000182 ], [ 35.53366318000019, 31.924990879000063 ], [ 35.5331438770001, 31.924843954000096 ], [ 35.532962752000117, 31.924784384000134 ], [ 35.532872021000173, 31.924746791000132 ], [ 35.532868109000049, 31.924745170000051 ], [ 35.532817334000185, 31.924730079000142 ], [ 35.532769329000018, 31.924704131000112 ], [ 35.532751299000154, 31.924696667000035 ], [ 35.532716219000065, 31.924682143000098 ], [ 35.532499712, 31.924567142000058 ], [ 35.532478056000173, 31.924549401000149 ], [ 35.532470218000071, 31.924542980000012 ], [ 35.53234744700012, 31.92444380600017 ], [ 35.532342474000131, 31.924439028000165 ], [ 35.532325914000012, 31.92442331899997 ], [ 35.532207209000092, 31.924310717000083 ], [ 35.532131365000168, 31.924165205000122 ], [ 35.532110025000179, 31.924078125000051 ], [ 35.532103377000169, 31.924050997999984 ], [ 35.532095668000181, 31.924019735000172 ], [ 35.532095624000135, 31.924007195 ], [ 35.532095455000047, 31.923958291000076 ], [ 35.53209514800011, 31.923869668000123 ], [ 35.532117566000181, 31.92381173900003 ], [ 35.53213052000001, 31.923778267000102 ], [ 35.532179811000105, 31.923651041000028 ], [ 35.532254870000031, 31.92352234100008 ], [ 35.532279214000084, 31.923490857000104 ], [ 35.532358689000148, 31.923388636000084 ], [ 35.532434979000072, 31.923290511000062 ], [ 35.532460319000052, 31.923268771000039 ], [ 35.532490494000172, 31.923242883 ], [ 35.53264039600009, 31.923114277000025 ], [ 35.532765619000088, 31.923015466000152 ], [ 35.532955923000031, 31.922817852000094 ], [ 35.533050839000055, 31.922650490000137 ], [ 35.533110293000163, 31.922406141000067 ], [ 35.533092423000141, 31.922255554000117 ], [ 35.533092309000097, 31.922222579000163 ], [ 35.53308731900006, 31.92221287000018 ], [ 35.533084422000059, 31.92218779600006 ], [ 35.533008564, 31.922037916000079 ], [ 35.532975205000184, 31.921994740000059 ], [ 35.532956796000178, 31.921970897000108 ], [ 35.532945004000112, 31.921955624000191 ], [ 35.53292276000019, 31.921926813000027 ], [ 35.532917321000184, 31.921921912000073 ], [ 35.532685762000142, 31.921713227000112 ], [ 35.532457343000146, 31.921591776000128 ], [ 35.53229723700008, 31.921540465000191 ], [ 35.531878057000029, 31.921483887000136 ], [ 35.531603071000177, 31.921608017000096 ], [ 35.53147133900012, 31.921735169000158 ], [ 35.531350396000164, 31.921829459000151 ], [ 35.531147285000145, 31.922050777000152 ], [ 35.531042979000176, 31.922178 ], [ 35.530966308000131, 31.922319103000177 ], [ 35.53086754900005, 31.922474354000144 ], [ 35.530708886000184, 31.922794195000051 ], [ 35.530648884000186, 31.922977671000126 ], [ 35.530457258000126, 31.923321130000033 ], [ 35.530336667000029, 31.923518707000085 ], [ 35.530182971999977, 31.923697624000056 ], [ 35.529985125000053, 31.923867214000097 ], [ 35.529809032000173, 31.923924019000083 ], [ 35.529461858000047, 31.923957859000041 ], [ 35.529246876000173, 31.923948956000118 ], [ 35.529087062000087, 31.923935263000089 ], [ 35.528805866000084, 31.923889041 ], [ 35.528518890000157, 31.923795769000094 ], [ 35.528298170000028, 31.92370233000014 ], [ 35.528022024000109, 31.923538574000077 ], [ 35.528009609000037, 31.923528130000079 ], [ 35.528000815000041, 31.923520731999986 ], [ 35.527870250000149, 31.923411147000081 ], [ 35.527651608000156, 31.923201168000048 ], [ 35.527476094, 31.922992070000134 ], [ 35.527258905999986, 31.922771238000166 ], [ 35.527157390000127, 31.922652420000134 ], [ 35.527144947000068, 31.922637795000071 ], [ 35.527128313000105, 31.922605286000135 ], [ 35.527113694000093, 31.922581790000152 ], [ 35.527108189000046, 31.92256616300017 ], [ 35.5270872050001, 31.922525372000052 ], [ 35.527036008000039, 31.922425854000039 ], [ 35.526970512000105, 31.922259883000038 ], [ 35.526964164000105, 31.921996958000079 ], [ 35.526990144000138, 31.921669415000054 ], [ 35.527005611000106, 31.921457168000131 ], [ 35.527021238000032, 31.921291135 ], [ 35.527035627000089, 31.921226428000068 ], [ 35.527044343999989, 31.921187226000029 ], [ 35.527074608000191, 31.921051031000047 ], [ 35.527057735000142, 31.920898889000057 ], [ 35.527044092000153, 31.920871023000075 ], [ 35.527037077000045, 31.920856695000111 ], [ 35.526959408000096, 31.920698053000137 ], [ 35.526883269999985, 31.920559868000169 ], [ 35.526823, 31.920375423999985 ], [ 35.526757222000072, 31.920126455000116 ], [ 35.526680238000097, 31.919739283000013 ], [ 35.526657765000095, 31.919494858000178 ], [ 35.526668016000144, 31.919351807000112 ], [ 35.526672494000138, 31.91906574799998 ], [ 35.526704176000123, 31.918812028000161 ], [ 35.526721820000148, 31.918774844999973 ], [ 35.526736952000135, 31.918742955000027 ], [ 35.526811618000124, 31.918585600000085 ], [ 35.526886860000104, 31.918460990000028 ], [ 35.526994584000136, 31.918317698000124 ], [ 35.527134932000024, 31.918197434000092 ], [ 35.527264283000193, 31.918049439000185 ], [ 35.527490702000193, 31.917832014000055 ], [ 35.527604059000055, 31.917694205000089 ], [ 35.52779769000017, 31.917357087000084 ], [ 35.527862104000178, 31.917158525000048 ], [ 35.527899400000081, 31.917001597000024 ], [ 35.527925649, 31.916803131000108 ], [ 35.527935987000149, 31.91663711200016 ], [ 35.527924514000176, 31.916471005000176 ], [ 35.527907790000029, 31.916314213000135 ], [ 35.52782055900019, 31.916120678000027 ], [ 35.527727959000174, 31.915950264000173 ], [ 35.527597306000132, 31.915715407000164 ], [ 35.527428664000183, 31.915482196000141 ], [ 35.527298184000074, 31.915298067000094 ], [ 35.527227533000143, 31.91516902800015 ], [ 35.527123857000106, 31.914947913000105 ], [ 35.526987574000088, 31.914611474000026 ], [ 35.526983273000042, 31.914593346000117 ], [ 35.526977016000103, 31.91456697100017 ], [ 35.526976346000083, 31.91456429700014 ], [ 35.526968402000136, 31.914530955000032 ], [ 35.526943664000044, 31.914427131000139 ], [ 35.526916005000146, 31.914261064000186 ], [ 35.526899140000069, 31.914062845000046 ], [ 35.526887531999989, 31.913855311000077 ], [ 35.526865183000041, 31.913647662000074 ], [ 35.526823488000048, 31.91336141700009 ], [ 35.526820864000172, 31.913343405000035 ], [ 35.526816503000077, 31.913323969000032 ], [ 35.526782453000123, 31.913172858000053 ], [ 35.526738556000112, 31.91299302200008 ], [ 35.526640153000073, 31.912814590000039 ], [ 35.526569277000078, 31.912667231 ], [ 35.526482178000037, 31.912510613000052 ], [ 35.526473706000047, 31.912496684000018 ], [ 35.526448819000052, 31.912455522000187 ], [ 35.526367879000077, 31.912321652000117 ], [ 35.526226622000024, 31.912123738999981 ], [ 35.526052525000125, 31.911838120000084 ], [ 35.525954310000088, 31.911616991000187 ], [ 35.525845119000167, 31.911326560000191 ], [ 35.525735990000101, 31.911054730000103 ], [ 35.525556175000077, 31.910640051000144 ], [ 35.525430179000125, 31.910215936000156 ], [ 35.525299011000129, 31.909824950000143 ], [ 35.525233250000099, 31.909576121000043 ], [ 35.525184196000112, 31.909433219000164 ], [ 35.525140401000158, 31.909281142000054 ], [ 35.525053264000121, 31.909110571999975 ], [ 35.52492796000007, 31.908889509000119 ], [ 35.524884759000145, 31.908818007000036 ], [ 35.524819315000059, 31.908709692000059 ], [ 35.524725196000134, 31.908575211000027 ], [ 35.524661457000093, 31.908484199000156 ], [ 35.524558131000106, 31.908313810000152 ], [ 35.524454681000066, 31.908106502000066 ], [ 35.524464935000026, 31.907963452000104 ], [ 35.524659133000114, 31.907796840000174 ], [ 35.524804965999977, 31.907690374000083 ], [ 35.524918289000027, 31.907593289000147 ], [ 35.525101674000041, 31.907454464000125 ], [ 35.525231155000029, 31.90734803800018 ], [ 35.525344413000141, 31.90723249500013 ], [ 35.525446739000074, 31.907107675000077 ], [ 35.525559807000036, 31.906936613000141 ], [ 35.52565131800003, 31.906788853000023 ], [ 35.525728585000138, 31.906630984000174 ], [ 35.525749862, 31.906572170000118 ], [ 35.525763348000055, 31.906534736000026 ], [ 35.525822519000087, 31.906370488000107 ], [ 35.525882595000098, 31.906136925000055 ], [ 35.525892624000107, 31.906097934000115 ], [ 35.525899934000165, 31.9060609980001 ], [ 35.525953685000104, 31.905787635000138 ], [ 35.525941105000129, 31.905634496000175 ], [ 35.525937581, 31.905591442000173 ], [ 35.525935074000074, 31.905560816000104 ], [ 35.525881141000127, 31.90534155000006 ], [ 35.525738167000043, 31.905024148000109 ], [ 35.525614174000168, 31.904851173000111 ], [ 35.525598919000061, 31.90482989200018 ], [ 35.525586636000185, 31.904812732000039 ], [ 35.525426184000082, 31.904601197000034 ], [ 35.525292279999974, 31.904374661000077 ], [ 35.525229505000027, 31.904178101000184 ], [ 35.525281899000106, 31.903943497000114 ], [ 35.52546753300004, 31.90373871800017 ], [ 35.525688936000108, 31.903609520000145 ], [ 35.525954426000055, 31.903427371000078 ], [ 35.526046117000135, 31.903382758000191 ], [ 35.526108130000182, 31.903352521000102 ], [ 35.52628226600018, 31.903267612000093 ], [ 35.526450495000176, 31.903191667000101 ], [ 35.526868597000146, 31.90295658000008 ], [ 35.527151683000113, 31.902897399000096 ], [ 35.527358554000102, 31.902867296000181 ], [ 35.527540190000025, 31.902844451000135 ], [ 35.527549421000174, 31.902843290000135 ], [ 35.527555035999967, 31.902842571000178 ], [ 35.527569496000126, 31.902820270000177 ], [ 35.527651270000149, 31.902726644000097 ], [ 35.527675970000075, 31.902655704000097 ], [ 35.527693552000073, 31.902628604000142 ], [ 35.527698054000098, 31.902592378000179 ], [ 35.527702152000074, 31.902559199000166 ], [ 35.527704336000113, 31.902541521000103 ], [ 35.527711235000027, 31.902485678000062 ], [ 35.527723944000115, 31.902337408000051 ], [ 35.52771027600005, 31.902204562000065 ], [ 35.527701358, 31.902108765000037 ], [ 35.527691762000131, 31.902007049000133 ], [ 35.527687705000062, 31.901882353000133 ], [ 35.527685780000127, 31.901851356000122 ], [ 35.52768356100006, 31.901830086000132 ], [ 35.527659171000153, 31.901604547000034 ], [ 35.527653228000133, 31.901509165000164 ], [ 35.52765305700018, 31.901507474000084 ], [ 35.527645014000143, 31.901376728000116 ], [ 35.5276354720001, 31.901194414000145 ], [ 35.527617365000083, 31.901019587000121 ], [ 35.527617188000136, 31.901015924000092 ], [ 35.52760358300003, 31.900946214000044 ], [ 35.527580876000172, 31.900829871000099 ], [ 35.527577646000111, 31.900773353000034 ], [ 35.527572970000051, 31.900691515000176 ], [ 35.527566642000068, 31.900579223000136 ], [ 35.527567098000077, 31.900326006000057 ], [ 35.527584226000101, 31.900116991000061 ], [ 35.527629247000164, 31.899951025000178 ], [ 35.5276315320001, 31.899942847000034 ], [ 35.52763349900016, 31.899938615000053 ], [ 35.527638424000145, 31.89992986600015 ], [ 35.527716737000162, 31.89979002900003 ], [ 35.527791959000126, 31.899664573000109 ], [ 35.527911468000184, 31.899447694 ], [ 35.52798680300009, 31.899307018000115 ], [ 35.528093216000116, 31.899173734000101 ], [ 35.528342096000074, 31.899017407000031 ], [ 35.528484445000061, 31.898960125000087 ], [ 35.528671444000167, 31.898917949000179 ], [ 35.528938564000043, 31.898879238000063 ], [ 35.529254575000039, 31.898840402000076 ], [ 35.529530718000046, 31.898832104000064 ], [ 35.529820217000122, 31.898816305000082 ], [ 35.529993952000154, 31.898808260000067 ], [ 35.530171904000156, 31.898777378000148 ], [ 35.530465728000138, 31.898723519000043 ], [ 35.530670394000026, 31.89863183600005 ], [ 35.530803507000087, 31.89848340400016 ], [ 35.530834102000028, 31.898350448000031 ], [ 35.530840344000012, 31.898340427000164 ], [ 35.530840287000103, 31.898323659000027 ], [ 35.530842891000134, 31.898312378000071 ], [ 35.530840202000036, 31.89829914 ], [ 35.530833131000065, 31.898264397000105 ], [ 35.53081583900007, 31.898179427000173 ], [ 35.530677195000123, 31.898016460000065 ], [ 35.530560785000091, 31.897883870000157 ], [ 35.530426520000105, 31.897698064000053 ], [ 35.530390232000116, 31.897568236000154 ], [ 35.530389907000142, 31.897474000000159 ], [ 35.530389789000139, 31.897439722000172 ], [ 35.530389657000114, 31.897401115000093 ], [ 35.530432729000154, 31.897246285000051 ], [ 35.530437169000152, 31.897230272000058 ], [ 35.530443988000115, 31.897205675000066 ], [ 35.530476163000174, 31.897180077000087 ], [ 35.53049142600014, 31.897167934000038 ], [ 35.530508164000082, 31.897154603000104 ], [ 35.530649391000111, 31.897042125000041 ], [ 35.530789379000169, 31.897031082000069 ], [ 35.530809896000164, 31.897029463000024 ], [ 35.530975682000019, 31.897016365000013 ], [ 35.530977663000101, 31.897016361000055 ], [ 35.530979647000095, 31.897016497000038 ], [ 35.531248322000067, 31.897058620000053 ], [ 35.531252988000062, 31.897059352000099 ], [ 35.531266709000079, 31.897062700000049 ], [ 35.531270508000091, 31.897062690000041 ], [ 35.531536592000066, 31.897060896000085 ], [ 35.531712906000109, 31.897035368000104 ], [ 35.531874361000064, 31.896963804000052 ], [ 35.532123892000186, 31.896808595000095 ], [ 35.532290145000161, 31.896691080000039 ], [ 35.532490369000072, 31.896510912000053 ], [ 35.532543624000084, 31.89629335300009 ], [ 35.532525254000177, 31.89612292400011 ], [ 35.532522806000145, 31.89610021600015 ], [ 35.532518370000162, 31.896059361000084 ], [ 35.532494810000173, 31.896028703000184 ], [ 35.532477760000177, 31.896006576000048 ], [ 35.532296707000171, 31.895771615000058 ], [ 35.532277103000183, 31.895752415000061 ], [ 35.532261405000099, 31.895737041000075 ], [ 35.532128160000184, 31.895606750000184 ], [ 35.532095115, 31.895555825000145 ], [ 35.532085319000089, 31.895540668000081 ], [ 35.532044469000084, 31.89547746400018 ], [ 35.531985220000081, 31.895347976000096 ], [ 35.531896061000054, 31.895118371000024 ], [ 35.53180034900015, 31.894915841000113 ], [ 35.531787578000092, 31.89488881800014 ], [ 35.531784078000157, 31.894879246000016 ], [ 35.531728231000045, 31.894730160000165 ], [ 35.531654090000018, 31.894592395000188 ], [ 35.531570413000111, 31.894467195000118 ], [ 35.531324501000029, 31.894233758000098 ], [ 35.531206557000075, 31.894133723999971 ], [ 35.530965572000071, 31.893891962000055 ], [ 35.530793563000145, 31.893775294000193 ], [ 35.530641281000158, 31.893679577000171 ], [ 35.530489079000176, 31.893558772 ], [ 35.530399016000104, 31.893448665000051 ], [ 35.530386174000114, 31.893432944000097 ], [ 35.530356058000109, 31.893396073000133 ], [ 35.530316439000103, 31.893258219000131 ], [ 35.53032568000009, 31.893111930000032 ], [ 35.530344847000151, 31.892969700000151 ], [ 35.530350765000094, 31.892960421000168 ], [ 35.530357988000105, 31.89294909500012 ], [ 35.530367188000127, 31.892934699000193 ], [ 35.530451625000126, 31.892802171000028 ], [ 35.530456884000102, 31.892793985000083 ], [ 35.530483095000079, 31.892779829000176 ], [ 35.530603603000088, 31.89271372200011 ], [ 35.530614987000149, 31.89271045300012 ], [ 35.530694389000132, 31.892687922999983 ], [ 35.530765303000123, 31.892667802 ], [ 35.530775477000077, 31.892667534000168 ], [ 35.53078892000002, 31.892667179000057 ], [ 35.531003779000173, 31.892661567000118 ], [ 35.531199899000057, 31.892681930000151 ], [ 35.531499158000031, 31.892773194000029 ], [ 35.531636670000182, 31.89284809500009 ], [ 35.531823289000101, 31.892939501000058 ], [ 35.531960859000094, 31.893031169000153 ], [ 35.53204047100013, 31.893088787000124 ], [ 35.532080571000051, 31.893117809000046 ], [ 35.532127926000157, 31.893151933000013 ], [ 35.532348997000099, 31.893318496000063 ], [ 35.532580038000106, 31.89350194400015 ], [ 35.532707812000183, 31.893626893000089 ], [ 35.532821068000146, 31.893756245000134 ], [ 35.532958827000073, 31.893902163000121 ], [ 35.533062101000098, 31.894010547 ], [ 35.533238962000098, 31.894143824000139 ], [ 35.533430317000182, 31.894218588000115 ], [ 35.533626324000181, 31.894205552000074 ], [ 35.533771646000105, 31.894183338000175 ], [ 35.533783811000148, 31.89418147900011 ], [ 35.533792891000189, 31.894180047000191 ], [ 35.534008203000042, 31.894066772000144 ], [ 35.534049290000155, 31.89400875400014 ], [ 35.534089066999968, 31.893952571 ], [ 35.534159411000132, 31.893853191000119 ], [ 35.534202970000081, 31.893698359000098 ], [ 35.534212005000029, 31.893636899000171 ], [ 35.534227345000033, 31.893535263000103 ], [ 35.53422678600009, 31.893457761000093 ], [ 35.534226380000064, 31.893401539000081 ], [ 35.534211202000051, 31.89326362700001 ], [ 35.534179809000193, 31.893101698000066 ], [ 35.534176388, 31.893084052000177 ], [ 35.534157687000175, 31.893025905000059 ], [ 35.534126797000113, 31.892929599000126 ], [ 35.534084169000096, 31.892829941000059 ], [ 35.534066340000152, 31.892785177000064 ], [ 35.534063179000157, 31.892778984000188 ], [ 35.534056689000124, 31.892764767000131 ], [ 35.533988454999985, 31.892616419000149 ], [ 35.533867574000055, 31.892431568 ], [ 35.533835692000082, 31.892382753000163 ], [ 35.53372742199997, 31.892261844000188 ], [ 35.533727171000066, 31.89226157600018 ], [ 35.533614360000058, 31.892140946000154 ], [ 35.533422449000057, 31.891953314000091 ], [ 35.533211213000186, 31.891811668000059 ], [ 35.533024700000112, 31.891703496000162 ], [ 35.532867581000176, 31.891641186000186 ], [ 35.532705684000177, 31.891583117999971 ], [ 35.532353840000042, 31.891473247000022 ], [ 35.532005545000061, 31.891386337000142 ], [ 35.531859263000058, 31.891353027000036 ], [ 35.53185871800008, 31.89135290300004 ], [ 35.531696618000183, 31.891316095000036 ], [ 35.531466087000013, 31.891279050000037 ], [ 35.531331249000061, 31.891258957000105 ], [ 35.53132957400004, 31.891258708000123 ], [ 35.531245487000092, 31.891246209000087 ], [ 35.531024690000038, 31.891204911000045 ], [ 35.530802269000162, 31.891172214999983 ], [ 35.530789703000039, 31.891170352000131 ], [ 35.53074526100005, 31.891163762000133 ], [ 35.530490291000092, 31.89112692000009 ], [ 35.530363630000011, 31.891084117000162 ], [ 35.530351952000103, 31.891080165 ], [ 35.530342962000077, 31.891077123000116 ], [ 35.53033910400012, 31.891072907000137 ], [ 35.530334341000184, 31.891067704000136 ], [ 35.530227406000108, 31.89094974600016 ], [ 35.530195408000168, 31.890914456000075 ], [ 35.530189243000052, 31.890898550000031 ], [ 35.53017945300013, 31.890885469000068 ], [ 35.530155581000145, 31.890811269000153 ], [ 35.530116254000177, 31.89070977 ], [ 35.530117033000124, 31.890695959000027 ], [ 35.530120268000132, 31.890635036000049 ], [ 35.530130063000172, 31.890450600000065 ], [ 35.530191648000027, 31.890155191000076 ], [ 35.53019928000009, 31.890118580000149 ], [ 35.530209397000135, 31.89008304400005 ], [ 35.530275971000151, 31.889847413000155 ], [ 35.530359698000041, 31.88960511900018 ], [ 35.530423369000061, 31.889437697 ], [ 35.530490391000114, 31.889284781000185 ], [ 35.530574357000148, 31.889111672000126 ], [ 35.530622575000052, 31.889012913000045 ], [ 35.530640790000064, 31.888975694000067 ], [ 35.5306448770001, 31.888967342000115 ], [ 35.530656567, 31.888953118000188 ], [ 35.530709514000023, 31.888888691999966 ], [ 35.53071938100004, 31.888876549000145 ], [ 35.53072234300015, 31.888873019000187 ], [ 35.530735659000186, 31.888856748000023 ], [ 35.530749151000066, 31.888840261000155 ], [ 35.530870513000139, 31.888736245000075 ], [ 35.530985743000087, 31.888626468000155 ], [ 35.531166877000146, 31.88851807500015 ], [ 35.53138593400007, 31.888391551000154 ], [ 35.531605061000164, 31.888286585000174 ], [ 35.531752499000106, 31.888224917000059 ], [ 35.531877629000178, 31.88807827800008 ], [ 35.531878663000043, 31.88807706700004 ], [ 35.53187858900003, 31.888076369000032 ], [ 35.531866946000093, 31.887965923000081 ], [ 35.531866025000056, 31.88795718199998 ], [ 35.531860050000034, 31.887900549000051 ], [ 35.531652347000147, 31.887727328000153 ], [ 35.53150935900004, 31.887594526000044 ], [ 35.531355929000142, 31.887450055000045 ], [ 35.531252230000177, 31.887263605999976 ], [ 35.531246580000072, 31.887253476000069 ], [ 35.531247388000168, 31.887248399000043 ], [ 35.531251650000115, 31.887223743000163 ], [ 35.531286571000123, 31.887021716000049 ], [ 35.531401525000035, 31.886879528000179 ], [ 35.531598391000159, 31.886832674000061 ], [ 35.531754368000179, 31.886806213000057 ], [ 35.531927512000095, 31.886776891000125 ], [ 35.532165016000022, 31.886732751000011 ], [ 35.532368672000189, 31.886691797000026 ], [ 35.532561978000047, 31.886618881 ], [ 35.532771909000076, 31.886482231000116 ], [ 35.533026029000155, 31.88632517700006 ], [ 35.533202225000139, 31.8862234180001 ], [ 35.533393544999967, 31.886101610000139 ], [ 35.533566512000164, 31.886022966000041 ], [ 35.533732639000164, 31.885970409000038 ], [ 35.533909031000178, 31.88592656000003 ], [ 35.534163554000031, 31.885885334000193 ], [ 35.534540375, 31.885869866000121 ], [ 35.534706855000138, 31.885872402000189 ], [ 35.53486986900009, 31.885874806000174 ], [ 35.535117718000095, 31.885862622000047 ], [ 35.535338086000024, 31.885783857000035 ], [ 35.535497144000033, 31.88564733200019 ], [ 35.535559363000118, 31.885496831000069 ], [ 35.535565433000102, 31.885482148000051 ], [ 35.53555096000008, 31.885323905000178 ], [ 35.535547566000162, 31.885286798000038 ], [ 35.53554689200007, 31.885279426000125 ], [ 35.535538609000184, 31.885272259000146 ], [ 35.535494285000084, 31.885234103000187 ], [ 35.535380735000103, 31.885136356000032 ], [ 35.535361363000106, 31.885119680000059 ], [ 35.535322106000137, 31.88508596000014 ], [ 35.535189355000057, 31.884999497000138 ], [ 35.535008997000091, 31.884901457000012 ], [ 35.534675772000128, 31.884771961000183 ], [ 35.534526235000101, 31.884702870000012 ], [ 35.534403724000185, 31.884616381000058 ], [ 35.534277602000031, 31.884489175000056 ], [ 35.534066425000049, 31.884313147000057 ], [ 35.533906408000064, 31.884174472000041 ], [ 35.533696157000179, 31.883883879000052 ], [ 35.533597368000073, 31.883779855000114 ], [ 35.53347136900004, 31.883687453000107 ], [ 35.533321825000087, 31.883615544000122 ], [ 35.533134793000102, 31.883543588000066 ], [ 35.532886560000065, 31.883442758000058 ], [ 35.532590664000111, 31.883313301999976 ], [ 35.532458062000103, 31.883220917000074 ], [ 35.532390238, 31.883093280000082 ], [ 35.532382760000132, 31.88307920799997 ], [ 35.532386596000094, 31.883043126000189 ], [ 35.532387556000174, 31.883033399 ], [ 35.532388195000124, 31.883027480000123 ], [ 35.532390762000091, 31.883003283 ], [ 35.532410905000063, 31.882813379000083 ], [ 35.532495359000109, 31.882688742000028 ], [ 35.532695197000123, 31.882549157000085 ], [ 35.532837475000179, 31.882479328999977 ], [ 35.532973118000086, 31.882400779000079 ], [ 35.533150147000129, 31.882313249000106 ], [ 35.533196837000048, 31.882290164000096 ], [ 35.533220424000149, 31.882275984000159 ], [ 35.533467767000104, 31.882127288000106 ], [ 35.533593110000083, 31.882031433000066 ], [ 35.533714964000012, 31.881929810000088 ], [ 35.533924827000078, 31.881729466000024 ], [ 35.534138060000032, 31.881549404000054 ], [ 35.534365203999982, 31.88142722200007 ], [ 35.534694063000131, 31.881301823000115 ], [ 35.534896514000081, 31.881250438 ], [ 35.535130606999985, 31.881180375000156 ], [ 35.53537473300014, 31.881098590000079 ], [ 35.535584965000112, 31.881005477000087 ], [ 35.535774585000183, 31.88087465000018 ], [ 35.535896631000128, 31.880781618000128 ], [ 35.536021835000042, 31.880694498000025 ], [ 35.536164159000066, 31.880592679000017 ], [ 35.536292832000186, 31.880505548000031 ], [ 35.53646231200014, 31.880424092000055 ], [ 35.536679382000159, 31.880351110000049 ], [ 35.536859203000063, 31.880298513000014 ], [ 35.537059353000075, 31.880251641000086 ], [ 35.537558102000048, 31.880163424000159 ], [ 35.537771824000117, 31.880125251000095 ], [ 35.538039825, 31.880072146000032 ], [ 35.538298943000143, 31.880028645000095 ], [ 35.538565636000101, 31.879932282000027 ], [ 35.538693162000186, 31.87984938000011 ], [ 35.538831980000111, 31.879736857000125 ], [ 35.539013345000114, 31.87956137700013 ], [ 35.539121209000143, 31.879429067000046 ], [ 35.539225204000161, 31.879277038000168 ], [ 35.539278624000133, 31.879065532000084 ], [ 35.53926247000004, 31.878887460000101 ], [ 35.53916904700003, 31.87871268900011 ], [ 35.539059873000042, 31.87852161100011 ], [ 35.538943213000152, 31.878360145000045 ], [ 35.538880798000037, 31.878221648000078 ], [ 35.538853178000068, 31.878069815 ], [ 35.538887473000159, 31.877914726000085 ], [ 35.53905030500016, 31.877776072000131 ], [ 35.539189165999971, 31.87767665299998 ], [ 35.539246825000077, 31.8775444690001 ], [ 35.539265656000111, 31.877405906000092 ], [ 35.539361832000054, 31.877237269000034 ], [ 35.539504697999973, 31.877151084000104 ], [ 35.539682443000061, 31.877074675000131 ], [ 35.539825173000111, 31.876948896999977 ], [ 35.539817569000036, 31.876809878000131 ], [ 35.539817050000067, 31.876800396000078 ], [ 35.539790658000186, 31.876762420000091 ], [ 35.539688088000048, 31.876616135000177 ], [ 35.539686430000131, 31.876614590000145 ], [ 35.53949437, 31.876424993000171 ], [ 35.539284715000178, 31.876257143000146 ], [ 35.539106212000036, 31.87611894600019 ], [ 35.539041900000086, 31.876050345000067 ], [ 35.538998706000029, 31.876004388000126 ], [ 35.538970290000179, 31.875974155000165 ], [ 35.538873129000024, 31.875862098000027 ], [ 35.538854414000184, 31.875832758000115 ], [ 35.538836361000051, 31.875804458000061 ], [ 35.538795415000038, 31.875740269000175 ], [ 35.538725088000149, 31.87555881500009 ], [ 35.538682712000025, 31.875341775999971 ], [ 35.538651130000062, 31.875190097000143 ], [ 35.538631287000101, 31.875041627000087 ], [ 35.538634142000092, 31.874774169000034 ], [ 35.538668273000155, 31.874572719000014 ], [ 35.538760647000174, 31.874404233000121 ], [ 35.538891790000093, 31.874271861000182 ], [ 35.539076997000052, 31.874159078 ], [ 35.539227695000079, 31.874092743000119 ], [ 35.539579680000145, 31.874025750000158 ], [ 35.539827394000042, 31.874031732000105 ], [ 35.54004797000016, 31.874067520000096 ], [ 35.540334773000041, 31.874152595999988 ], [ 35.540524529000095, 31.874204948000056 ], [ 35.540718271000117, 31.874263771000074 ], [ 35.541008707000174, 31.874348835000148 ], [ 35.541171440000028, 31.874417742999981 ], [ 35.541388513000186, 31.874489892000042 ], [ 35.541867535000165, 31.874668736000103 ], [ 35.542030283000145, 31.874740883000072 ], [ 35.542324754000106, 31.874845802000152 ], [ 35.542557187000057, 31.87491776700017 ], [ 35.542762618000097, 31.875012913000035 ], [ 35.543022265000161, 31.875121161000095 ], [ 35.543293502000154, 31.875193165000042 ], [ 35.543494573000146, 31.875176155000077 ], [ 35.543653063000136, 31.875119519000179 ], [ 35.543852507000111, 31.874971322000079 ], [ 35.544026153000061, 31.874858703000086 ], [ 35.544196093000096, 31.874772445000019 ], [ 35.544358424000109, 31.874682824000161 ], [ 35.544508988000132, 31.874580127000115 ], [ 35.544686592000119, 31.874467497000012 ], [ 35.544864222000058, 31.874361349000139 ], [ 35.545088075000024, 31.874205618000133 ], [ 35.545246171000144, 31.874040197000056 ], [ 35.54542321800011, 31.873818643000163 ], [ 35.545535055000073, 31.87369293900008 ], [ 35.545712492000064, 31.87353394600018 ], [ 35.545859250000149, 31.873431257999982 ], [ 35.546013844000129, 31.873394637999979 ], [ 35.546246155000119, 31.873433624000029 ], [ 35.546412736000093, 31.873469401000079 ], [ 35.546691531000192, 31.873531373000048 ], [ 35.546846400000106, 31.873570562000168 ], [ 35.547044026000094, 31.87365261500014 ], [ 35.547361976000161, 31.87381016300003 ], [ 35.547563648000107, 31.873915314000101 ], [ 35.547718649000046, 31.873990856000148 ], [ 35.547889054000052, 31.874033245000192 ], [ 35.548076242000093, 31.874014714000168 ], [ 35.548277413000108, 31.873981207000099 ], [ 35.548501368000075, 31.873855204000108 ], [ 35.548624914000186, 31.873772302000134 ], [ 35.548833333000118, 31.873643098000116 ], [ 35.54903789500014, 31.87349727700007 ], [ 35.54920381300019, 31.873351699000068 ], [ 35.549315383000192, 31.873199499000123 ], [ 35.549281152000106, 31.873075004000043 ], [ 35.549279067000043, 31.873067420000098 ], [ 35.549264510000171, 31.873014758000181 ], [ 35.54896213100011, 31.87287042000014 ], [ 35.548729568000113, 31.872762110000053 ], [ 35.548578305000149, 31.872670073000165 ], [ 35.548316610000086, 31.872451226000123 ], [ 35.548018039000169, 31.872263898000028 ], [ 35.547835714000087, 31.872165317000167 ], [ 35.547576188999983, 31.872090051000157 ], [ 35.547281853000186, 31.872021638999968 ], [ 35.547111515000097, 31.871995596000033 ], [ 35.546933366000189, 31.871956469000111 ], [ 35.546731959000169, 31.871924026000158 ], [ 35.546302111000102, 31.871826095000131 ], [ 35.546135713000183, 31.871793559000139 ], [ 35.545895526000152, 31.871721621000063 ], [ 35.545744387000127, 31.871662552000032 ], [ 35.545500036000078, 31.87153440100019 ], [ 35.545446849000029, 31.871483951000073 ], [ 35.54541225700018, 31.871451039000192 ], [ 35.545340804000034, 31.871383055000081 ], [ 35.545255159000192, 31.871214890000147 ], [ 35.545176674000174, 31.870924677000176 ], [ 35.545179708000035, 31.87066722100019 ], [ 35.545196542000042, 31.870526969000139 ], [ 35.545216632000063, 31.870328373000063 ], [ 35.545277813999974, 31.870030467000106 ], [ 35.545360091000134, 31.869814091000137 ], [ 35.545468756000162, 31.869634002000055 ], [ 35.545559746000038, 31.869499193000024 ], [ 35.545683901000132, 31.869356969000137 ], [ 35.545820491000029, 31.869229085000029 ], [ 35.546044392000169, 31.869090264000192 ], [ 35.546172865000074, 31.869001291000188 ], [ 35.546388584000056, 31.86888376800016 ], [ 35.546645786000056, 31.868776703000094 ], [ 35.546857517000035, 31.868698221000159 ], [ 35.547002768000084, 31.868637528000193 ], [ 35.54718508100018, 31.868506001000071 ], [ 35.547234409000168, 31.868356925000171 ], [ 35.547233742000174, 31.868172614000116 ], [ 35.547173552000174, 31.868095485000026 ], [ 35.547162742000182, 31.868081633000145 ], [ 35.547079298000028, 31.867974478000065 ], [ 35.546639105000111, 31.867750178000165 ], [ 35.546418287000108, 31.867598291000093 ], [ 35.546356309000146, 31.867536029000121 ], [ 35.546348291000186, 31.867527985000152 ], [ 35.546305601000029, 31.867485152000086 ], [ 35.546267734000025, 31.867332786000077 ], [ 35.546308601000135, 31.867173165000111 ], [ 35.546445405000043, 31.867059512000026 ], [ 35.546632007000028, 31.866973911000116 ], [ 35.546893612000133, 31.866898820000074 ], [ 35.547142629000177, 31.86681305400009 ], [ 35.547304404000158, 31.866755841000042 ], [ 35.547453830999984, 31.866709367000112 ], [ 35.547607398000025, 31.866666408000185 ], [ 35.547935198000118, 31.866541540000185 ], [ 35.548134350999987, 31.86645590400019 ], [ 35.548362276000148, 31.866292265000027 ], [ 35.548428160000071, 31.86611130100016 ], [ 35.548377594000158, 31.865952056000083 ], [ 35.548374378000062, 31.865941927 ], [ 35.548365192000176, 31.865913062 ], [ 35.548118854000052, 31.865598214000102 ], [ 35.547997895000094, 31.865481576000036 ], [ 35.547852071000079, 31.865382759000113 ], [ 35.547594253000057, 31.865316083000096 ], [ 35.547354713000175, 31.865327284000045 ], [ 35.547039398000095, 31.86543436200003 ], [ 35.546865221000132, 31.865530499999977 ], [ 35.546653842000183, 31.8657048 ], [ 35.546542075000048, 31.865800772000171 ], [ 35.546343195000134, 31.865960808000068 ], [ 35.546148478000077, 31.866131539999969 ], [ 35.546020060000103, 31.866234604000169 ], [ 35.545796230000064, 31.866391182000143 ], [ 35.545539033000011, 31.866498105 ], [ 35.54538541200003, 31.866526971000098 ], [ 35.545131821000098, 31.86653467900004 ], [ 35.545034030000068, 31.866476318000082 ], [ 35.545026447000055, 31.866471782000076 ], [ 35.544948644000101, 31.866425249000031 ], [ 35.544923088000132, 31.866251713000054 ], [ 35.544951358000162, 31.866031816000088 ], [ 35.544984226000054, 31.865897018000112 ], [ 35.545049892000122, 31.865698442000053 ], [ 35.545200450000152, 31.865507534000074 ], [ 35.54532473900008, 31.865404341000101 ], [ 35.545469796000077, 31.86529052800006 ], [ 35.54560667200019, 31.865198012000178 ], [ 35.545934162000151, 31.864988039000139 ], [ 35.546182792000081, 31.864796028000171 ], [ 35.546307132999971, 31.864707067000154 ], [ 35.546456392000152, 31.864614518000053 ], [ 35.546659448000071, 31.864468564000049 ], [ 35.546816732000138, 31.864312300999984 ], [ 35.546923973000048, 31.864106429 ], [ 35.546923432000085, 31.863956595000047 ], [ 35.546923422000077, 31.863953963000029 ], [ 35.546915071, 31.86392805700018 ], [ 35.546872993000079, 31.863798106 ], [ 35.546752116000107, 31.863702745000182 ], [ 35.54645324500018, 31.863742565000109 ], [ 35.5463038850001, 31.863806791000115 ], [ 35.546121313000071, 31.863909993000107 ], [ 35.545882074000076, 31.864095498000097 ], [ 35.545720622000033, 31.864241204000052 ], [ 35.545604591000142, 31.864344372000062 ], [ 35.545380904000183, 31.86453984100018 ], [ 35.545186354000066, 31.864710571000103 ], [ 35.544995449000169, 31.86479252100014 ], [ 35.544729657, 31.864850003000072 ], [ 35.54448024800007, 31.864825855000049 ], [ 35.544185129000084, 31.864762793000182 ], [ 35.543981357000121, 31.864710199000058 ], [ 35.543806541000038, 31.864629068 ], [ 35.543689820000054, 31.864540739000063 ], [ 35.543641290000153, 31.864452091000032 ], [ 35.543632651000053, 31.864436324000053 ], [ 35.543610375000128, 31.864395666000064 ], [ 35.543566981000083, 31.864173559000051 ], [ 35.543570551000073, 31.864017561000139 ], [ 35.543586707000145, 31.863872238999988 ], [ 35.543635556000027, 31.863588595000181 ], [ 35.54367663000005, 31.863439544000187 ], [ 35.543808160000083, 31.863052822000157 ], [ 35.543869809000114, 31.86284002400015 ], [ 35.543906412000013, 31.862641382000049 ], [ 35.543922441, 31.862460551000083 ], [ 35.543921743000169, 31.862265673000138 ], [ 35.543887832999985, 31.862109771 ], [ 35.543828111000039, 31.862006289000192 ], [ 35.543815563000067, 31.861984546000031 ], [ 35.543791805000069, 31.861943462000056 ], [ 35.543658220000111, 31.861802054000066 ], [ 35.543528956000046, 31.861667678000117 ], [ 35.543345993000116, 31.861615032000032 ], [ 35.543138619, 31.861707728000056 ], [ 35.543031006000092, 31.861856811000052 ], [ 35.54290290400013, 31.862048503000096 ], [ 35.542783148000183, 31.862265115000071 ], [ 35.542708975000153, 31.862438911000083 ], [ 35.542626457000097, 31.862588068999969 ], [ 35.54241159500009, 31.862943023000071 ], [ 35.542208635000179, 31.863117293000073 ], [ 35.542071845, 31.863188528000023 ], [ 35.54190979700013, 31.863213749000067 ], [ 35.541727713000171, 31.863185753000039 ], [ 35.541706103000138, 31.863182430000052 ], [ 35.54162758700005, 31.863110769000059 ], [ 35.541543602000104, 31.863033908000034 ], [ 35.541455804000122, 31.862906610000152 ], [ 35.541367986000125, 31.862726046000148 ], [ 35.541296539000029, 31.862506408000058 ], [ 35.541204186000073, 31.862258501000099 ], [ 35.541153582000163, 31.862049518000106 ], [ 35.54112810800018, 31.861897259000045 ], [ 35.54112759200018, 31.861751837000099 ], [ 35.541171334000069, 31.861515838000173 ], [ 35.541263444000037, 31.861370600000043 ], [ 35.541401981000035, 31.861235249000117 ], [ 35.541629348000129, 31.8610995250001 ], [ 35.541806721000114, 31.861020011999983 ], [ 35.542030356000055, 31.860904168 ], [ 35.542215277000025, 31.860811532000184 ], [ 35.542350144000068, 31.860712260000128 ], [ 35.542438464999975, 31.860570415000041 ], [ 35.542445709000049, 31.860425396000039 ], [ 35.542418009000073, 31.860250879000034 ], [ 35.542384351000123, 31.860005699 ], [ 35.542377497000075, 31.859955772000035 ], [ 35.542376819000026, 31.859950843000092 ], [ 35.542366480000169, 31.859875481000074 ], [ 35.542331148000073, 31.859737197000186 ], [ 35.542230157000176, 31.859566110000173 ], [ 35.542106308000143, 31.859467651999978 ], [ 35.541866405000064, 31.859326658000043 ], [ 35.541650059000119, 31.859310732000154 ], [ 35.541476242000044, 31.859321045000058 ], [ 35.541314407000073, 31.859403899000142 ], [ 35.541210659000171, 31.859526055000117 ], [ 35.541162942000085, 31.859665259999986 ], [ 35.541090539000038, 31.85991923000006 ], [ 35.541040814999974, 31.860051111000018 ], [ 35.54096805800009, 31.860252240000079 ], [ 35.540903062000041, 31.860407271000042 ], [ 35.540818625999975, 31.860575457000095 ], [ 35.540676326000096, 31.860720823 ], [ 35.540463942000144, 31.860750963000044 ], [ 35.540232216000163, 31.860728452000046 ], [ 35.540000249000059, 31.860636894000095 ], [ 35.53983230900019, 31.860536291000017 ], [ 35.539725565000083, 31.860418342000116 ], [ 35.539716318999979, 31.860408092000171 ], [ 35.539704514000164, 31.8603950050001 ], [ 35.539649801000166, 31.860237043000154 ], [ 35.539605903000108, 31.859822028000167 ], [ 35.539601475000097, 31.85964420800002 ], [ 35.53959304, 31.859453153000118 ], [ 35.539584804000071, 31.859318038000026 ], [ 35.53956464800018, 31.859080935000065 ], [ 35.539548452000076, 31.858889899000076 ], [ 35.53953889800016, 31.858868438000172 ], [ 35.539527650000139, 31.858843172000036 ], [ 35.53947838400012, 31.858731978000037 ], [ 35.539342892000093, 31.858607196000037 ], [ 35.539076371000192, 31.858594635000145 ], [ 35.538898942000117, 31.858657657000037 ], [ 35.538721665000139, 31.858763513999975 ], [ 35.538606266999977, 31.858859349 ], [ 35.538482940000165, 31.85895520400004 ], [ 35.538340419, 31.859038005000059 ], [ 35.538124483000104, 31.859137336 ], [ 35.537958484000114, 31.859164114000123 ], [ 35.537742039000079, 31.859072511000079 ], [ 35.537708288000033, 31.858958880000159 ], [ 35.537704380000093, 31.858945733000041 ], [ 35.537687238000046, 31.858888057000115 ], [ 35.537756768000122, 31.858612253 ], [ 35.537841154000034, 31.858476902000064 ], [ 35.537925728000062, 31.858348174000071 ], [ 35.538087315000041, 31.858193039000128 ], [ 35.538222205000181, 31.858100396 ], [ 35.538380224000036, 31.858011073000171 ], [ 35.538526764999972, 31.857944751000048 ], [ 35.538700207000147, 31.857875118000038 ], [ 35.53893546900008, 31.857778975000144 ], [ 35.539085853000074, 31.857725889000051 ], [ 35.539321054000084, 31.857613258000015 ], [ 35.539459473000079, 31.857444934000171 ], [ 35.539458178000075, 31.857427595000047 ], [ 35.53945323500011, 31.857361388000186 ], [ 35.539447170000187, 31.857280240000193 ], [ 35.539269199000159, 31.857142321000083 ], [ 35.53885175400012, 31.857028130000117 ], [ 35.538623757000039, 31.856982635000179 ], [ 35.538218965000112, 31.856898000000172 ], [ 35.537998772000094, 31.856865589000108 ], [ 35.537825020000128, 31.856846306000193 ], [ 35.537655064999967, 31.856827016000182 ], [ 35.537322598000117, 31.856745432000025 ], [ 35.537059885000133, 31.856686920000129 ], [ 35.536820170000112, 31.856595234000167 ], [ 35.536686570000029, 31.856490737000172 ], [ 35.536593542000162, 31.856327516000079 ], [ 35.536585574000071, 31.856313553000064 ], [ 35.536581579000142, 31.856306550999989 ], [ 35.536538630000052, 31.856158421000032 ], [ 35.536560787000042, 31.85588485400001 ], [ 35.536602897000137, 31.85574636900003 ], [ 35.536706533000029, 31.855591384000093 ], [ 35.536887417000059, 31.855432677000181 ], [ 35.537068526000041, 31.855290598000067 ], [ 35.537291992000064, 31.855174761000171 ], [ 35.537561915000083, 31.855078530000128 ], [ 35.537886314000048, 31.855074459000036 ], [ 35.538187147000144, 31.854988014000071 ], [ 35.538360527000066, 31.854855816000168 ], [ 35.538651271000163, 31.854671601000121 ], [ 35.538890193000043, 31.854539096000053 ], [ 35.539036707999969, 31.854466288000083 ], [ 35.539190908000137, 31.854419814000153 ], [ 35.53944949300012, 31.854386177000094 ], [ 35.539723677999973, 31.854375605000143 ], [ 35.540086623000093, 31.854394398000181 ], [ 35.540318615000103, 31.854449883000029 ], [ 35.540500133000194, 31.854472384000019 ], [ 35.540670014000113, 31.854471944000181 ], [ 35.540870698000049, 31.854451698000105 ], [ 35.541036656000074, 31.854415055000175 ], [ 35.541233375000104, 31.854348600000094 ], [ 35.54138358, 31.854246048000164 ], [ 35.541456400000186, 31.854110866000156 ], [ 35.541446791000169, 31.854005324000127 ], [ 35.54144506200015, 31.853986328000133 ], [ 35.541440427, 31.853936317000034 ], [ 35.541320183000039, 31.853781766000111 ], [ 35.541188383000133, 31.853673463000121 ], [ 35.541056783000045, 31.853574882000032 ], [ 35.540878738000174, 31.853460079000058 ], [ 35.540727776000097, 31.853348443000016 ], [ 35.540603865999969, 31.853230255000028 ], [ 35.540452590000086, 31.853029563000121 ], [ 35.540390192000075, 31.852891488000182 ], [ 35.54030483300005, 31.852749952000181 ], [ 35.540223272000105, 31.852608546 ], [ 35.540142929000126, 31.852484468000057 ], [ 35.540028976000031, 31.852286216000152 ], [ 35.539961623000067, 31.852148437000039 ], [ 35.539870455000141, 31.851997473000154 ], [ 35.539824495000062, 31.851839348000169 ], [ 35.539804282000091, 31.851632117000122 ], [ 35.539803254000162, 31.851621410000064 ], [ 35.539807901000131, 31.851597078000168 ], [ 35.539835509999989, 31.851452513000027 ], [ 35.539884577000066, 31.851322326000172 ], [ 35.539970610000182, 31.851188518000129 ], [ 35.540077379000024, 31.851082700000063 ], [ 35.540158069000142, 31.851015293999978 ], [ 35.540186180000092, 31.850991812000188 ], [ 35.540209019000088, 31.850972664000039 ], [ 35.540241816000048, 31.850945168000067 ], [ 35.54037339600012, 31.850853376000089 ], [ 35.540656980000108, 31.850655790000076 ], [ 35.540829829000131, 31.850563891000036 ], [ 35.541047829000036, 31.850447356000075 ], [ 35.541261887000189, 31.850383391000037 ], [ 35.541570727000135, 31.850326368000026 ], [ 35.541764440000065, 31.850297825000041 ], [ 35.541974556000071, 31.850286712000127 ], [ 35.542179809000061, 31.850300270000162 ], [ 35.542446480000024, 31.850361580000083 ], [ 35.542563026000096, 31.850452164000103 ], [ 35.542636461000029, 31.850629666000088 ], [ 35.54263630700018, 31.850632765000057 ], [ 35.542623991000085, 31.850836698000137 ], [ 35.542608874000166, 31.850864715000057 ], [ 35.542546028000118, 31.85098119100013 ], [ 35.542533463000041, 31.851004478000164 ], [ 35.542497547999972, 31.851072350000095 ], [ 35.542294659000163, 31.851258880000103 ], [ 35.542281664000086, 31.851272020000124 ], [ 35.542250624000189, 31.851303328000029 ], [ 35.542101538000111, 31.851453701000139 ], [ 35.542027369000095, 31.85161884900009 ], [ 35.542019806000098, 31.851635689000091 ], [ 35.542020161000039, 31.851642734000052 ], [ 35.542025244000172, 31.851772078000067 ], [ 35.542142041000147, 31.851932978000093 ], [ 35.542321577999985, 31.852002829000071 ], [ 35.542655825000054, 31.851985474000173 ], [ 35.542859128000089, 31.851960145000078 ], [ 35.543120645000101, 31.851918035000153 ], [ 35.543275530000074, 31.851880431999973 ], [ 35.54341581500006, 31.851822294000158 ], [ 35.543457340000032, 31.851793502000078 ], [ 35.543515779000131, 31.851752984000086 ], [ 35.543541468000058, 31.851735162000068 ], [ 35.54354820500015, 31.851726831000178 ], [ 35.543563739000035, 31.851707911000176 ], [ 35.543633190000151, 31.851623321000147 ], [ 35.543715122000037, 31.851499104000084 ], [ 35.543746235000185, 31.851423044000171 ], [ 35.543753091000042, 31.85140628500011 ], [ 35.543801536000046, 31.851288076000174 ], [ 35.543761613000072, 31.850973944000145 ], [ 35.543712549000077, 31.85077989500013 ], [ 35.543668464000064, 31.850639380000132 ], [ 35.543589999000062, 31.850395805000176 ], [ 35.543502392000164, 31.850272030000156 ], [ 35.543414587000086, 31.850139943000158 ], [ 35.543317406000142, 31.850016193000044 ], [ 35.543195759000128, 31.849884193000094 ], [ 35.543074143000183, 31.849760506000109 ], [ 35.543022981000036, 31.849718649000067 ], [ 35.542943010999977, 31.849653471000011 ], [ 35.542800209000063, 31.849546273000044 ], [ 35.54271441700007, 31.849481871000023 ], [ 35.542482097000061, 31.849288168000101 ], [ 35.54247382799997, 31.849281273000145 ], [ 35.542437569000072, 31.849251073000119 ], [ 35.542189877000055, 31.849094596000043 ], [ 35.542039106000061, 31.848942098000066 ], [ 35.541975739000065, 31.848809946000131 ], [ 35.541970827, 31.84877501200009 ], [ 35.541963721000172, 31.848725255000147 ], [ 35.541955759000189, 31.848669508000057 ], [ 35.54196351100012, 31.848651613000072 ], [ 35.541969020000124, 31.848638895000079 ], [ 35.542012089000082, 31.848540286 ], [ 35.542013071000156, 31.848538028000178 ], [ 35.542020838000155, 31.848520108000116 ], [ 35.542027807000125, 31.848504031000118 ], [ 35.542041158000075, 31.848496699000066 ], [ 35.542055651000112, 31.84848874000005 ], [ 35.542201960000057, 31.848408463000055 ], [ 35.542290903000037, 31.84839794700008 ], [ 35.542294534000064, 31.848397513 ], [ 35.542385498000158, 31.848386637000033 ], [ 35.542414995000172, 31.848383110000157 ], [ 35.542417975000092, 31.84838335600017 ], [ 35.542426553000098, 31.848384065000175 ], [ 35.542599121000137, 31.848399118000088 ], [ 35.542759204000163, 31.848431816000129 ], [ 35.543025870000179, 31.848493126000051 ], [ 35.543200419000129, 31.848554671000045 ], [ 35.543365497000138, 31.848645131000069 ], [ 35.543632327000182, 31.848751952000157 ], [ 35.543850475000113, 31.84877209800004 ], [ 35.544019927000079, 31.848746855000172 ], [ 35.544214809000039, 31.848677299000087 ], [ 35.544234597000127, 31.848670260000119 ], [ 35.544269876000101, 31.848657709000065 ], [ 35.544346724000036, 31.848647334000191 ], [ 35.544451877000142, 31.848633138000082 ], [ 35.544550714000081, 31.848619773000109 ], [ 35.544797800000083, 31.848606727000117 ], [ 35.545107827000038, 31.84860591600011 ], [ 35.545369528000151, 31.848617631000138 ], [ 35.545426979000183, 31.848613369000134 ], [ 35.545428611000148, 31.848613248000049 ], [ 35.545520969000108, 31.848606455000095 ], [ 35.545535889000121, 31.8486053580001 ], [ 35.545602071000076, 31.848600535000116 ], [ 35.545663063000177, 31.848575716000141 ], [ 35.545785870000088, 31.848525653000138 ], [ 35.545988792, 31.84839689000006 ], [ 35.546239363000041, 31.848160626000038 ], [ 35.546283293000158, 31.848119223000083 ], [ 35.546442540999976, 31.847920399000145 ], [ 35.546543542999984, 31.847729903000015 ], [ 35.546625189, 31.847527195000112 ], [ 35.546677883000086, 31.847353454000086 ], [ 35.546667457000126, 31.847163389000059 ], [ 35.546608842000182, 31.84702291300016 ], [ 35.54646776200002, 31.846857994000118 ], [ 35.546288158000095, 31.846767576000104 ], [ 35.546055484000021, 31.84674747400004 ], [ 35.545955429, 31.846756746000096 ], [ 35.545955314000082, 31.846756757000151 ], [ 35.545926475000101, 31.846759427000052 ], [ 35.545687476000126, 31.846781556000167 ], [ 35.545601867000073, 31.846801044000188 ], [ 35.54558603400011, 31.846804648000102 ], [ 35.545503561000089, 31.846823325000173 ], [ 35.54533420000007, 31.846873369000036 ], [ 35.5451212910001, 31.846931843000107 ], [ 35.54492762000018, 31.846969549000164 ], [ 35.544728755000108, 31.84698627500012 ], [ 35.544713919000174, 31.846987537000075 ], [ 35.544675781000024, 31.846990782000091 ], [ 35.54459147100016, 31.846992782000086 ], [ 35.544588957000087, 31.846992842000077 ], [ 35.544467465000025, 31.846995553 ], [ 35.544176566000033, 31.846942485000056 ], [ 35.544166380000036, 31.846938037000086 ], [ 35.544165655000086, 31.846937721000018 ], [ 35.544117092000079, 31.846930240000063 ], [ 35.544053721000068, 31.846889258000033 ], [ 35.544037042000184, 31.846882043000051 ], [ 35.543967911000038, 31.846852141000056 ], [ 35.543935902000158, 31.84681662100013 ], [ 35.543928131000143, 31.846807998000031 ], [ 35.543863659000124, 31.846736723000106 ], [ 35.54384545400012, 31.846716439000033 ], [ 35.543841452000152, 31.846711980000123 ], [ 35.543834919000062, 31.846698534000041 ], [ 35.543805694000071, 31.846638378000023 ], [ 35.543789297000046, 31.846604750000097 ], [ 35.543773098000031, 31.846571528000027 ], [ 35.543769131000147, 31.846536500000127 ], [ 35.543765089000146, 31.84650081 ], [ 35.543764063000083, 31.846491654000147 ], [ 35.543762527000126, 31.846477144 ], [ 35.543755377000082, 31.84641367800009 ], [ 35.543753148000121, 31.846393891000162 ], [ 35.54375526900003, 31.846381552000139 ], [ 35.543761558000142, 31.846344970000132 ], [ 35.543776762000164, 31.846257426000136 ], [ 35.543783953000116, 31.846236832000045 ], [ 35.543793686000129, 31.846188896000172 ], [ 35.543832478000127, 31.846096356000146 ], [ 35.543835583000146, 31.846087612000133 ], [ 35.543851459, 31.84604157800004 ], [ 35.543852413000081, 31.846038813000064 ], [ 35.54391482, 31.84590224700014 ], [ 35.543925585000125, 31.845890804000192 ], [ 35.543941133000146, 31.845874277000178 ], [ 35.543943434000084, 31.845871876000047 ], [ 35.543949518000034, 31.845865238000044 ], [ 35.543983517000129, 31.84582895900013 ], [ 35.544093413000155, 31.84571169100019 ], [ 35.544195373000036, 31.845633907000149 ], [ 35.544231868000168, 31.845606066000073 ], [ 35.54426742600009, 31.84557892000015 ], [ 35.544494670000063, 31.845466723000186 ], [ 35.544852503000072, 31.845312898000145 ], [ 35.545200791000127, 31.845167268000182 ], [ 35.545587976999968, 31.845050566000111 ], [ 35.545984871000144, 31.844925521000164 ], [ 35.546245978000172, 31.844821406000165 ], [ 35.546637650000093, 31.84462197 ], [ 35.546807287000149, 31.844559101000073 ], [ 35.546984134000127, 31.844480992000058 ], [ 35.547276246000138, 31.844369043000142 ], [ 35.547497324000119, 31.844288704000121 ], [ 35.547701206000113, 31.844246173000101 ], [ 35.547979026, 31.844199363000143 ], [ 35.548168145000147, 31.844137989000046 ], [ 35.548239528000067, 31.844112014000075 ], [ 35.548253914000043, 31.844106776 ], [ 35.548306266000111, 31.844087716000047 ], [ 35.548326082000131, 31.844080501000064 ], [ 35.548342401000184, 31.844074541000111 ], [ 35.548415678000083, 31.844024181000179 ], [ 35.54846030200008, 31.843993628000078 ], [ 35.548538683000061, 31.843939731000148 ], [ 35.548690445000034, 31.843727540000089 ], [ 35.548734211000067, 31.843597220000106 ], [ 35.548765573000026, 31.843414656000107 ], [ 35.548722935000058, 31.843219604000126 ], [ 35.548639951000098, 31.843096948000152 ], [ 35.548414219000051, 31.842985097 ], [ 35.54833341900013, 31.842963470000086 ], [ 35.548309325000105, 31.842957011000181 ], [ 35.548218911000049, 31.842932771000108 ], [ 35.54795579000006, 31.842889219000085 ], [ 35.547745357000167, 31.842854265000028 ], [ 35.547716625000078, 31.842851521000171 ], [ 35.547705271000041, 31.84285040900005 ], [ 35.547510704, 31.842831351000086 ], [ 35.547048646000121, 31.842826933000083 ], [ 35.546855500000163, 31.842824622000137 ], [ 35.546693398000059, 31.842825189000109 ], [ 35.54655255900002, 31.842840017000071 ], [ 35.546538287000089, 31.84284152000015 ], [ 35.546506924000084, 31.842842307000126 ], [ 35.546286590000136, 31.842853455000125 ], [ 35.546017720000123, 31.842863320000163 ], [ 35.545924255000102, 31.842854548000162 ], [ 35.545915252000157, 31.842853706000085 ], [ 35.545852426000124, 31.842847831000029 ], [ 35.545846720000156, 31.84284729400008 ], [ 35.545741787000111, 31.842837413000041 ], [ 35.545537879000108, 31.842734095000026 ], [ 35.545483313000034, 31.84262412400011 ], [ 35.545458064000172, 31.842573239000046 ], [ 35.545451859000082, 31.842560753999976 ], [ 35.545430296000177, 31.842517369000063 ], [ 35.545401985000069, 31.84226478700009 ], [ 35.545446042000037, 31.842029772000103 ], [ 35.545507508000185, 31.841862911000078 ], [ 35.545546619000106, 31.841821449000179 ], [ 35.545567203000076, 31.841799627000171 ], [ 35.545679355000118, 31.841680966000013 ], [ 35.545746460000032, 31.841613151 ], [ 35.545769053000072, 31.841590385000075 ], [ 35.545827219000046, 31.841531774000146 ], [ 35.546012598000061, 31.841395589000115 ], [ 35.546150266000041, 31.84130293000004 ], [ 35.546277575000033, 31.841222134000077 ], [ 35.546290089000024, 31.841214805000106 ], [ 35.546366032000151, 31.841170328000032 ], [ 35.546435875000157, 31.841129420000073 ], [ 35.546526942000128, 31.841069575000176 ], [ 35.54655915800015, 31.841048434000072 ], [ 35.546604341000091, 31.841018783000038 ], [ 35.546738541000138, 31.840926132000106 ], [ 35.54692194900008, 31.840771916000108 ], [ 35.546949521000045, 31.840748732000179 ], [ 35.546951332000106, 31.840746755999987 ], [ 35.546953137000173, 31.840744214000154 ], [ 35.546976752000035, 31.840708555000106 ], [ 35.547071671000026, 31.840565226000081 ], [ 35.547102091000056, 31.840395626000088 ], [ 35.547080578000134, 31.840151904000152 ], [ 35.547010667000109, 31.83989985300019 ], [ 35.546979065000187, 31.839742397000123 ], [ 35.546982347999972, 31.839671189000114 ], [ 35.546985342000085, 31.839606260000153 ], [ 35.546985494000069, 31.839602595000088 ], [ 35.546986631999971, 31.839598083000112 ], [ 35.547002607000138, 31.839532265000173 ], [ 35.547019487000114, 31.839462721000075 ], [ 35.547063871000091, 31.839319860000046 ], [ 35.547098200000164, 31.839247792000151 ], [ 35.547118914000123, 31.839204306999989 ], [ 35.547139067000103, 31.839161980000142 ], [ 35.547207234000098, 31.838932817000114 ], [ 35.547216274000164, 31.838876005000031 ], [ 35.547228392000079, 31.838800197000126 ], [ 35.547240972000054, 31.838721502000112 ], [ 35.547250299000041, 31.838621746000058 ], [ 35.547254322000128, 31.838578722000193 ], [ 35.547249978000082, 31.838548602 ], [ 35.547226046000105, 31.838382646000127 ], [ 35.547194529000024, 31.838248862000114 ], [ 35.5471562030001, 31.838103399000033 ], [ 35.547055245000081, 31.837846217999981 ], [ 35.546975532000147, 31.837712702000147 ], [ 35.546895806000123, 31.837576226000067 ], [ 35.546819613000139, 31.837457496000184 ], [ 35.546725970000068, 31.837306121000154 ], [ 35.546639347000109, 31.837178681000125 ], [ 35.546539629000051, 31.83701800800003 ], [ 35.546512832000019, 31.836974831000134 ], [ 35.546493905000148, 31.836944164000158 ], [ 35.546417806000193, 31.836759907999976 ], [ 35.546410479000031, 31.836742313000059 ], [ 35.546400948000041, 31.836672806000081 ], [ 35.54638929000015, 31.836587788000145 ], [ 35.546430837000116, 31.83654053500004 ], [ 35.546446661000175, 31.836522537000178 ], [ 35.546580804000143, 31.836370280000096 ], [ 35.546678026000052, 31.836324225999988 ], [ 35.546688912000036, 31.836319057000026 ], [ 35.546747563, 31.836291211000059 ], [ 35.546905650000042, 31.836279521000108 ], [ 35.546959151000124, 31.836284645000035 ], [ 35.546967239000082, 31.836285420000024 ], [ 35.5471341760001, 31.836301326000068 ], [ 35.547371764000047, 31.836364533000051 ], [ 35.547552065000161, 31.836424087000182 ], [ 35.547710549000101, 31.83647608900003 ], [ 35.547877601000096, 31.836524403000169 ], [ 35.548050271000136, 31.836562459999982 ], [ 35.548064603000114, 31.836565619000169 ], [ 35.54814389600017, 31.836590544000046 ], [ 35.548146402000043, 31.836591332000069 ], [ 35.548181727000042, 31.836591379000026 ], [ 35.548247144000186, 31.83660586000002 ], [ 35.548475575000168, 31.836601595000161 ], [ 35.548562783000079, 31.836570925999979 ], [ 35.54856673900008, 31.836569507000149 ], [ 35.548577289000036, 31.836565816000132 ], [ 35.548712635000072, 31.836518392000073 ], [ 35.548839776000193, 31.836439425000037 ], [ 35.548949145999984, 31.836330352000175 ], [ 35.549036429000012, 31.836138903000062 ], [ 35.54902665000003, 31.836082139000155 ], [ 35.549023829000078, 31.83606561400012 ], [ 35.549012358000084, 31.835998428000039 ], [ 35.549001690000068, 31.835935940000013 ], [ 35.548978079000165, 31.835797766000155 ], [ 35.548837692, 31.835638343000028 ], [ 35.548817489000044, 31.835615410000173 ], [ 35.548770565000041, 31.835562145000097 ], [ 35.548638413000162, 31.835442437000154 ], [ 35.548528103000081, 31.835337749000189 ], [ 35.548417983000036, 31.835240530000078 ], [ 35.548215378000066, 31.835128616000191 ], [ 35.547990698000092, 31.834982941000135 ], [ 35.547836690000167, 31.834889642000178 ], [ 35.547704482000029, 31.834799949000114 ], [ 35.547604308000132, 31.83473775900012 ], [ 35.547587853000095, 31.834727543000156 ], [ 35.547572300000127, 31.834717862000161 ], [ 35.547457605000147, 31.834586975000093 ], [ 35.547377797000138, 31.834380889000045 ], [ 35.547310924000158, 31.834054711000078 ], [ 35.547239999000055, 31.833931882000115 ], [ 35.547098528, 31.833790214000146 ], [ 35.546982799000091, 31.833692021000104 ], [ 35.546828776000098, 31.833594069000185 ], [ 35.546708852000108, 31.833523363000154 ], [ 35.546655050000084, 31.833491599000013 ], [ 35.546648976000142, 31.833488013000078 ], [ 35.546647577000101, 31.833486671000173 ], [ 35.54664135600018, 31.833480704000124 ], [ 35.546624129000122, 31.833463842000128 ], [ 35.546542799000122, 31.833384440000145 ], [ 35.546465437000109, 31.833215122000183 ], [ 35.546438849000026, 31.832982827000023 ], [ 35.546457670000109, 31.832845952000184 ], [ 35.546463454000047, 31.832803644000023 ], [ 35.546466997000095, 31.832777725000142 ], [ 35.54655257800016, 31.832526114000188 ], [ 35.54665240900016, 31.832363451000106 ], [ 35.546763763000115, 31.832182013000192 ], [ 35.546803946000125, 31.832110886000123 ], [ 35.546813295000106, 31.832094375000054 ], [ 35.546857909000096, 31.832017179000047 ], [ 35.546962931000053, 31.831801024000015 ], [ 35.546997522000026, 31.831645083000183 ], [ 35.546990563000065, 31.831500243000107 ], [ 35.546957364000036, 31.831448193000085 ], [ 35.546944897000174, 31.831428497000047 ], [ 35.546915677000072, 31.831382332000032 ], [ 35.546907231999967, 31.831368990000158 ], [ 35.546895674000098, 31.831363795000186 ], [ 35.546714301000122, 31.831282272000124 ], [ 35.54655091799998, 31.831241697000053 ], [ 35.54629174400003, 31.831231245000083 ], [ 35.546268967, 31.831230741000184 ], [ 35.546057597000129, 31.831248487000039 ], [ 35.54570854900004, 31.831260395000186 ], [ 35.545474512000112, 31.831217184000025 ], [ 35.545300990000158, 31.83106460800002 ], [ 35.545236617000057, 31.830939317000059 ], [ 35.545236497000019, 31.830939083000032 ], [ 35.545231824000098, 31.830924721000088 ], [ 35.545216801000038, 31.830877836000013 ], [ 35.54520228400014, 31.830832207000071 ], [ 35.545191090000117, 31.830797020000091 ], [ 35.545187260000148, 31.830745282000066 ], [ 35.545182246000081, 31.830677549000086 ], [ 35.545181373000105, 31.830664587000058 ], [ 35.545181028000172, 31.830660361000071 ], [ 35.545208153000033, 31.83054679300011 ], [ 35.545218914000088, 31.830501736000031 ], [ 35.545223806000138, 31.830494404000092 ], [ 35.545236810000176, 31.830474915000025 ], [ 35.545265351000126, 31.830379442000037 ], [ 35.545347293000134, 31.830308629000115 ], [ 35.545357795000143, 31.830292819000022 ], [ 35.545357827000146, 31.83029278500004 ], [ 35.545483489000048, 31.830132697000124 ], [ 35.545511877000081, 31.830114070999969 ], [ 35.545528772000182, 31.830102985000167 ], [ 35.545674167000186, 31.830007208000097 ], [ 35.545820255000024, 31.829920162 ], [ 35.545986872000071, 31.8298502560001 ], [ 35.546279268999967, 31.82973844900016 ], [ 35.54642961899998, 31.829689439000049 ], [ 35.546730294000099, 31.829584513000043 ], [ 35.546896731000118, 31.829511084000103 ], [ 35.546962484000119, 31.829482870000106 ], [ 35.546985223000149, 31.829473084000142 ], [ 35.546990002000086, 31.829470960000151 ], [ 35.54709168100004, 31.829427291000172 ], [ 35.547232271000155, 31.829326731000037 ], [ 35.54723704200012, 31.8293222100001 ], [ 35.547264999, 31.829294376000121 ], [ 35.547335174000068, 31.829224423000085 ], [ 35.54735528600014, 31.829204375000018 ], [ 35.547424002000128, 31.829082728000174 ], [ 35.547459942000046, 31.828888315000029 ], [ 35.547451138000042, 31.828690355000163 ], [ 35.547409683000069, 31.82849952700019 ], [ 35.547315385000104, 31.828301934000081 ], [ 35.547221354000044, 31.828132101000165 ], [ 35.547151735000057, 31.828003913000032 ], [ 35.547069704000137, 31.827820519000113 ], [ 35.546991684000034, 31.827605409000057 ], [ 35.546990857000083, 31.827376427000161 ], [ 35.547035009000183, 31.827216516000135 ], [ 35.54713608600008, 31.827053072000126 ], [ 35.547206121000102, 31.827007913000045 ], [ 35.547236367000153, 31.826988411000173 ], [ 35.547347020000132, 31.826917242000093 ], [ 35.547558319000132, 31.826836787000104 ], [ 35.547716687000104, 31.826770421999981 ], [ 35.547874955000054, 31.82667629700012 ], [ 35.547992635000185, 31.826585661000081 ], [ 35.548136124000052, 31.826375323000093 ], [ 35.548164271000189, 31.826263363000066 ], [ 35.548173307000013, 31.826227646000063 ], [ 35.548184284000115, 31.826184258000183 ], [ 35.548212042000102, 31.82601058 ], [ 35.54823985500019, 31.825805761000026 ], [ 35.548251387000107, 31.825618315000156 ], [ 35.54827101900014, 31.825434231000031 ], [ 35.548294907000127, 31.82528494100012 ], [ 35.548407741000062, 31.82499647700007 ], [ 35.548567264000042, 31.824566974000106 ], [ 35.548592284000165, 31.824502220000113 ], [ 35.548612718000072, 31.824449334000178 ], [ 35.548655214, 31.824334940000085 ], [ 35.548709489000146, 31.824191490000146 ], [ 35.548719461000076, 31.82416539400009 ], [ 35.548746024000081, 31.82402638200017 ], [ 35.548768033000044, 31.823860471000046 ], [ 35.548749371999975, 31.823675360000095 ], [ 35.548644963000129, 31.823556001000043 ], [ 35.548635208000121, 31.823551659000032 ], [ 35.548620773000096, 31.823530560000165 ], [ 35.548491228000159, 31.823487924000176 ], [ 35.548454695000032, 31.823471675000178 ], [ 35.548428266000087, 31.823465544000101 ], [ 35.548273162000044, 31.823429598000189 ], [ 35.548269080000068, 31.823429532000148 ], [ 35.548085336000099, 31.823426571000027 ], [ 35.548074013000189, 31.82342638900019 ], [ 35.548070317000054, 31.823426329000142 ], [ 35.547871502000191, 31.823442214000124 ], [ 35.547809295000093, 31.823458078000044 ], [ 35.547797798000147, 31.823461010000074 ], [ 35.54759597400016, 31.823512409000159 ], [ 35.547465366000154, 31.823541502000182 ], [ 35.547412813000165, 31.82355319300018 ], [ 35.547331165000173, 31.823571357000105 ], [ 35.54732371200015, 31.823573015000022 ], [ 35.547139675000153, 31.823613942000122 ], [ 35.546895653000036, 31.823633889000121 ], [ 35.546687719000033, 31.823638241000083 ], [ 35.546502282000063, 31.823611814000117 ], [ 35.546330158000046, 31.823523491 ], [ 35.546203031000061, 31.823373331000028 ], [ 35.546147160000146, 31.823135062000119 ], [ 35.54614336000003, 31.823118856 ], [ 35.546142598000131, 31.823110397000107 ], [ 35.546110352000142, 31.822752430000094 ], [ 35.546105410000109, 31.822617447000027 ], [ 35.546108907000132, 31.822351254000125 ], [ 35.546103684000116, 31.822297626000136 ], [ 35.546093142000132, 31.822189385000115 ], [ 35.54609263499998, 31.822186005000049 ], [ 35.546088735000012, 31.822157128000015 ], [ 35.546074145999967, 31.822047115000089 ], [ 35.546068491000142, 31.822034869000163 ], [ 35.54605787100013, 31.822011847000169 ], [ 35.546001291999971, 31.821889200000101 ], [ 35.545860677000178, 31.821750630000167 ], [ 35.545692928000051, 31.821639184000162 ], [ 35.545412561000035, 31.821601308000083 ], [ 35.545241423999983, 31.821649244000128 ], [ 35.545231861, 31.821651947000078 ], [ 35.545219514000166, 31.821660857000097 ], [ 35.545128815, 31.821726477000027 ], [ 35.545102692000057, 31.821745396000097 ], [ 35.545060667000087, 31.821775833 ], [ 35.545024306000187, 31.821825238000088 ], [ 35.54500154200008, 31.821856168000181 ], [ 35.544976712000107, 31.821881458000121 ], [ 35.544955064000135, 31.821919418000107 ], [ 35.544922255000131, 31.821963976000063 ], [ 35.544813161000036, 31.822112137000147 ], [ 35.544763985000031, 31.822251206000033 ], [ 35.544656014000054, 31.822425092000174 ], [ 35.544576725000184, 31.822531837000042 ], [ 35.544549254000117, 31.822568821000061 ], [ 35.544536691000076, 31.82257410200009 ], [ 35.544518651000146, 31.82258168400017 ], [ 35.544513494000171, 31.82258385199998 ], [ 35.544385632000058, 31.822641818000193 ], [ 35.544191274000184, 31.822657827000171 ], [ 35.544032783000091, 31.822596521000094 ], [ 35.543874138000035, 31.822492658999977 ], [ 35.543720034000046, 31.822365815000182 ], [ 35.543606515000192, 31.822234920000085 ], [ 35.543465751000099, 31.82205393300012 ], [ 35.543248040000094, 31.821861590000083 ], [ 35.543116576000045, 31.821742296000025 ], [ 35.542971633000036, 31.821684897000125 ], [ 35.542691400000024, 31.821730438000088 ], [ 35.54268249200004, 31.821731869000132 ], [ 35.542674590000104, 31.821737666000161 ], [ 35.542633229000103, 31.821755530000189 ], [ 35.54246817700016, 31.821890107000058 ], [ 35.542461924000065, 31.82189477300011 ], [ 35.542458302000114, 31.82189760100016 ], [ 35.542308466000179, 31.822041581000178 ], [ 35.542168857000092, 31.822184689000096 ], [ 35.542085765000138, 31.822255642000187 ], [ 35.541945085, 31.822375783000098 ], [ 35.541742158000034, 31.822488194000073 ], [ 35.541579321000142, 31.822504116000175 ], [ 35.541421108000122, 31.822473665000189 ], [ 35.541221757000017, 31.82238540600008 ], [ 35.541058445000033, 31.822219974000063 ], [ 35.540922376000026, 31.822058274000028 ], [ 35.540853888000072, 31.821873292000191 ], [ 35.540830498000105, 31.821653387000026 ], [ 35.540879259000121, 31.82139482700012 ], [ 35.54091035700003, 31.821228750000159 ], [ 35.54098205400004, 31.821062710999968 ], [ 35.54103104800015, 31.82091688200012 ], [ 35.541080162000128, 31.82075850700005 ], [ 35.541151504000027, 31.82049213900001 ], [ 35.54122753200005, 31.820244920999983 ], [ 35.541251494000107, 31.820206472000109 ], [ 35.541262979000066, 31.820188041999984 ], [ 35.541291204000174, 31.82014287700008 ], [ 35.541389338000158, 31.819986069000095 ], [ 35.541410671000051, 31.819952335000153 ], [ 35.541444233000163, 31.81989942600012 ], [ 35.541497161000109, 31.81981598800013 ], [ 35.541690596000024, 31.819541554000182 ], [ 35.541803149000032, 31.819402462000028 ], [ 35.541933661000144, 31.819255434000127 ], [ 35.542118335000168, 31.819069794000029 ], [ 35.542275938000159, 31.818884225000033 ], [ 35.542375055000093, 31.818772083000169 ], [ 35.542523677000133, 31.818613453000182 ], [ 35.542705116000093, 31.818401189000042 ], [ 35.54285786500003, 31.818149966000135 ], [ 35.542883491000055, 31.818089961000055 ], [ 35.542938715000162, 31.817960650000089 ], [ 35.542939222000143, 31.817949775000159 ], [ 35.542946994000033, 31.81778322100007 ], [ 35.542919419000157, 31.817640546000064 ], [ 35.542823867999971, 31.817455495000161 ], [ 35.542696990000138, 31.81737099500009 ], [ 35.542497775000129, 31.817317544000161 ], [ 35.542086635000032, 31.817349468000145 ], [ 35.541856215000109, 31.817384731000118 ], [ 35.541607819000035, 31.817470345000118 ], [ 35.541427252000062, 31.81750928200006 ], [ 35.541250932000082, 31.817536791000123 ], [ 35.541061055000057, 31.81751022900005 ], [ 35.540911718000075, 31.817468199000132 ], [ 35.540639962000114, 31.817341656000053 ], [ 35.540409050000051, 31.817237976000172 ], [ 35.540178248000132, 31.817165297000088 ], [ 35.539988356000038, 31.817134925000062 ], [ 35.539799811000137, 31.817111597000121 ], [ 35.539794661000087, 31.817110971000034 ], [ 35.539772569000036, 31.817108287000167 ], [ 35.539670690000037, 31.817092060000164 ], [ 35.539655342, 31.817089634000126 ], [ 35.539532978000182, 31.817070293000086 ], [ 35.53947314200002, 31.81702380400003 ], [ 35.539466454000035, 31.817018608000126 ], [ 35.539415714000086, 31.816996331000155 ], [ 35.539409860000148, 31.816974647000166 ], [ 35.539401282000142, 31.816967995000141 ], [ 35.539369649000093, 31.816943467000044 ], [ 35.539351116000091, 31.816789075000088 ], [ 35.53939112900008, 31.816623116000073 ], [ 35.539449400000024, 31.816487973 ], [ 35.539539357000081, 31.816352606000123 ], [ 35.53972901800006, 31.816084382000099 ], [ 35.539860048000094, 31.815943977000131 ], [ 35.540020188000028, 31.815821958000072 ], [ 35.540227934000143, 31.815721796000105 ], [ 35.540417556000193, 31.815677624000045 ], [ 35.540607256999976, 31.815655434000121 ], [ 35.540797081000051, 31.815667344000076 ], [ 35.541030956000156, 31.815722823000101 ], [ 35.541216953000173, 31.815773776000185 ], [ 35.541224181000075, 31.81577575700004 ], [ 35.541377577000162, 31.815817789000164 ], [ 35.541411048000157, 31.815826961000027 ], [ 35.541455155000165, 31.815838966000058 ], [ 35.541464405000056, 31.815841620000072 ], [ 35.541637281000135, 31.815867663 ], [ 35.541892616000041, 31.815832760000092 ], [ 35.542031071000054, 31.815738974000112 ], [ 35.542066942000076, 31.81557063200006 ], [ 35.542012931000158, 31.815385654000011 ], [ 35.542011480000099, 31.815380684000161 ], [ 35.541820604000122, 31.815072720000046 ], [ 35.541689030000043, 31.814894280000033 ], [ 35.541655609000031, 31.814848954000013 ], [ 35.541534636000108, 31.814705958000104 ], [ 35.541377001000114, 31.814510074000054 ], [ 35.541230160000111, 31.81428612000019 ], [ 35.541169235000154, 31.814176377000081 ], [ 35.541153762000192, 31.814148505000048 ], [ 35.541145623000148, 31.814133729000105 ], [ 35.541101529000059, 31.813984898000115 ], [ 35.541111935000174, 31.813847763000069 ], [ 35.541175797000164, 31.813707389000172 ], [ 35.541184312000041, 31.813688766000155 ], [ 35.541192050000177, 31.813684237000189 ], [ 35.541362818999971, 31.813582339000106 ], [ 35.541698624000162, 31.81357836900014 ], [ 35.541884946000096, 31.813627771000142 ], [ 35.542184649000149, 31.813726618000089 ], [ 35.54236356600012, 31.813782237000169 ], [ 35.542608327000039, 31.813837685000124 ], [ 35.542896871999972, 31.813861879000171 ], [ 35.543137596000179, 31.813848709000126 ], [ 35.543363860000113, 31.813807679000092 ], [ 35.543523024000137, 31.813737936000109 ], [ 35.543694103000121, 31.813631525000119 ], [ 35.543814065000106, 31.813491003000024 ], [ 35.5438375170001, 31.813403858000186 ], [ 35.543840555000031, 31.813392625000063 ], [ 35.543861317000108, 31.813315847000126 ], [ 35.543864553000049, 31.813303880000092 ], [ 35.543866621, 31.813282532000073 ], [ 35.54388206100009, 31.81312318300013 ], [ 35.543880278000188, 31.813047655000105 ], [ 35.543879336000089, 31.813007782000113 ], [ 35.543877794000139, 31.812945644000138 ], [ 35.543859018000035, 31.812771241000178 ], [ 35.543792717000144, 31.812596965000125 ], [ 35.543705319000026, 31.812475442000107 ], [ 35.543701830000145, 31.812469111000041 ], [ 35.54368017000013, 31.812440989000038 ], [ 35.543579974000011, 31.812310901000103 ], [ 35.543477251000127, 31.812195901000166 ], [ 35.543316065000113, 31.812021871000127 ], [ 35.543162343, 31.811903902000097 ], [ 35.543047171000069, 31.81184026800014 ], [ 35.543011050000189, 31.81182031100019 ], [ 35.543003114999976, 31.811815964000061 ], [ 35.542920938, 31.811770522000074 ], [ 35.542903590000037, 31.811764225000161 ], [ 35.542885005000187, 31.81175744900014 ], [ 35.542632275000017, 31.811665305000133 ], [ 35.542248572000176, 31.811516792000191 ], [ 35.542076745000088, 31.811458054000127 ], [ 35.54193919700009, 31.81138767300007 ], [ 35.541814773000056, 31.81129442800011 ], [ 35.541755847000161, 31.811151273000064 ], [ 35.541763685000092, 31.811135055000136 ], [ 35.541767643000071, 31.811126865000176 ], [ 35.541835296000102, 31.810986056000161 ], [ 35.541991594000081, 31.810854744000153 ], [ 35.542007022000064, 31.810841725000046 ], [ 35.542010187000074, 31.810839054000098 ], [ 35.542024456000092, 31.810832081000115 ], [ 35.54205260800012, 31.810818323000035 ], [ 35.542196004000118, 31.810748246 ], [ 35.542352700000095, 31.810682456000109 ], [ 35.542387476000101, 31.810668713000098 ], [ 35.542457503000151, 31.810641038000028 ], [ 35.542574995000109, 31.810594654000113 ], [ 35.542757259000098, 31.81052569600007 ], [ 35.542768623000143, 31.810519186000079 ], [ 35.542781795000167, 31.810511721000069 ], [ 35.542917496000086, 31.810434815000121 ], [ 35.542966778000107, 31.81038162700014 ], [ 35.542986209, 31.810360656000114 ], [ 35.543015800000092, 31.81032873200013 ], [ 35.543054594000068, 31.810240560000125 ], [ 35.54308283600011, 31.810176581000064 ], [ 35.543084548000081, 31.810172703000092 ], [ 35.543105908000086, 31.810007639000105 ], [ 35.543111342000145, 31.809941954000124 ], [ 35.543119829000034, 31.809839352000154 ], [ 35.543119916000137, 31.809817029000158 ], [ 35.543120517000091, 31.809662222000043 ], [ 35.543104860000142, 31.809516183000142 ], [ 35.543097816999989, 31.809450488000095 ], [ 35.543077102000154, 31.809333726000034 ], [ 35.543066689000113, 31.809282459000144 ], [ 35.543060327000092, 31.809256690000041 ], [ 35.543033326000113, 31.80914719000009 ], [ 35.543023657999981, 31.809107981000125 ], [ 35.542993918000036, 31.808958548000078 ], [ 35.542989169000066, 31.808834556000136 ], [ 35.542986638000116, 31.808768475000079 ], [ 35.542986623000047, 31.808763967000061 ], [ 35.542987519000121, 31.808644892000075 ], [ 35.542987833000154, 31.808598452000126 ], [ 35.542988599000012, 31.808484953000061 ], [ 35.543017050000174, 31.80827308500011 ], [ 35.543034702000057, 31.80813283100008 ], [ 35.543074178000097, 31.807911495000042 ], [ 35.543076975000076, 31.807677853000087 ], [ 35.543061787000056, 31.807537684000124 ], [ 35.543023766000033, 31.807333599 ], [ 35.542970593000121, 31.807248555000115 ], [ 35.542959377000102, 31.807230617000187 ], [ 35.54292435900004, 31.807174625000187 ], [ 35.542762391000167, 31.807009755000024 ], [ 35.542614351000168, 31.806863167000188 ], [ 35.542534700000033, 31.806784322000112 ], [ 35.542455246000031, 31.806714352000029 ], [ 35.542372665000073, 31.806641662000061 ], [ 35.542352452000046, 31.80662387000018 ], [ 35.542339021000089, 31.806609094 ], [ 35.542292648000114, 31.806558079000183 ], [ 35.542190605000087, 31.806445895000138 ], [ 35.542074346000163, 31.80628090600004 ], [ 35.541978266, 31.80612882700018 ], [ 35.541939205000062, 31.805956872000081 ], [ 35.541932835000068, 31.805928566000034 ], [ 35.54193534000018, 31.805889807000085 ], [ 35.541940360000069, 31.805810057000087 ], [ 35.541947991000086, 31.805688832999977 ], [ 35.541974965000179, 31.805642409000086 ], [ 35.541987187000132, 31.805621374 ], [ 35.541988976000027, 31.805614042000116 ], [ 35.541994402000114, 31.805608814000038 ], [ 35.542003617999967, 31.805592929000056 ], [ 35.542049343000144, 31.80551411800019 ], [ 35.542201103000082, 31.805360974000166 ], [ 35.542378277000182, 31.805255676000115 ], [ 35.542570435000073, 31.805141602000106 ], [ 35.542732339000167, 31.805058182000153 ], [ 35.542820379000148, 31.805015484000137 ], [ 35.542857364000099, 31.804997547000028 ], [ 35.542904309000164, 31.804974737000066 ], [ 35.543061248000072, 31.804886965000094 ], [ 35.543303906000119, 31.80472921300003 ], [ 35.543440517000136, 31.804632755 ], [ 35.543561932000159, 31.804532108000103 ], [ 35.543724913, 31.804380908000041 ], [ 35.543821037000157, 31.804267221000146 ], [ 35.543913228000065, 31.804162141000177 ], [ 35.543933616000174, 31.804141374000153 ], [ 35.544038464000153, 31.804022454000062 ], [ 35.544054908000078, 31.803999720000149 ], [ 35.544164892000083, 31.803847671000085 ], [ 35.544316490000028, 31.803651125000158 ], [ 35.544452927000066, 31.803506895000112 ], [ 35.544639895000046, 31.803327730000149 ], [ 35.544792341000061, 31.803186463000088 ], [ 35.544839053000032, 31.803143177000038 ], [ 35.544850887000109, 31.803130039000052 ], [ 35.54500390600009, 31.803008454000178 ], [ 35.545281881000051, 31.80276352400017 ], [ 35.545433425000169, 31.802645466000172 ], [ 35.545604536000042, 31.802508049999972 ], [ 35.545641726999975, 31.802480332000187 ], [ 35.545694918000038, 31.802435061999972 ], [ 35.54579717900009, 31.802348030000076 ], [ 35.546009436000134, 31.802181760000167 ], [ 35.546094922000123, 31.802107728000067 ], [ 35.546135599000024, 31.802072501000112 ], [ 35.546283632999973, 31.801942755000027 ], [ 35.546324754000125, 31.801906855000084 ], [ 35.546386364000057, 31.801833278000117 ], [ 35.54644835300013, 31.801759158000038 ], [ 35.546496442000091, 31.801701657000137 ], [ 35.546602512000163, 31.801557646000049 ], [ 35.546819576000189, 31.801260873999979 ], [ 35.546856043000105, 31.801206755000067 ], [ 35.546908037000151, 31.801129595000077 ], [ 35.546925435000162, 31.801103761000036 ], [ 35.547112277000167, 31.800846384000181 ], [ 35.547177804000171, 31.800715586000024 ], [ 35.547212827000124, 31.800636300000178 ], [ 35.547229288000153, 31.800598997000066 ], [ 35.547243268999978, 31.800567313000101 ], [ 35.547328901000128, 31.80038418200013 ], [ 35.547455013000103, 31.800170507000132 ], [ 35.547535719000052, 31.800039667000135 ], [ 35.547580728000128, 31.799992051000117 ], [ 35.547600482000178, 31.799971153000115 ], [ 35.547737567000013, 31.799825790999989 ], [ 35.547863663000157, 31.799699200000134 ], [ 35.547984735000057, 31.799598691000028 ], [ 35.548058232000187, 31.79952747800013 ], [ 35.548097815000176, 31.799489073000018 ], [ 35.548151294000093, 31.799437187000024 ], [ 35.548191664000058, 31.799401670000179 ], [ 35.548220373, 31.799376412000072 ], [ 35.548294716000044, 31.79931097400015 ], [ 35.548483422, 31.799115169000174 ], [ 35.54853914500012, 31.798920421000048 ], [ 35.548519923000129, 31.798806331000037 ], [ 35.548512735000031, 31.798763713000085 ], [ 35.548470013000042, 31.79851040300008 ], [ 35.548357874000089, 31.798207596000168 ], [ 35.548310360000073, 31.798072303000083 ], [ 35.548240688000192, 31.797787277999987 ], [ 35.548248686000136, 31.797626334000029 ], [ 35.548286526000084, 31.797414019000144 ], [ 35.548292599000149, 31.797396958000036 ], [ 35.548299429000167, 31.797377770000082 ], [ 35.548299336000071, 31.797351982000066 ], [ 35.54832785100001, 31.797298079000143 ], [ 35.548342741, 31.797256169000036 ], [ 35.548354309999979, 31.79722360500017 ], [ 35.548503360000097, 31.796967171000119 ], [ 35.548597232000191, 31.796827983000128 ], [ 35.548703715000045, 31.796663115000172 ], [ 35.548797381000156, 31.796512934000077 ], [ 35.548921020000193, 31.796348020000096 ], [ 35.548931687000049, 31.796334560000048 ], [ 35.548971935000054, 31.796283771000049 ], [ 35.548986869000032, 31.796260901000096 ], [ 35.549010038000063, 31.796235759000183 ], [ 35.549055217000159, 31.796178638000129 ], [ 35.549057506000111, 31.796175744000095 ], [ 35.549155553000105, 31.796051058000046 ], [ 35.54937756400011, 31.795760471000108 ], [ 35.5496160940001, 31.795475053000075 ], [ 35.549735234000025, 31.79534340500004 ], [ 35.549884525000039, 31.795200544000011 ], [ 35.549991024000064, 31.795086968000078 ], [ 35.55033601700012, 31.794724468000084 ], [ 35.550451137000039, 31.794621858000141 ], [ 35.550600168000187, 31.794453495000141 ], [ 35.55069393600013, 31.794332762000181 ], [ 35.550834399000109, 31.794167942000058 ], [ 35.55093233100007, 31.794058052000025 ], [ 35.551047380000057, 31.793937123000035 ], [ 35.551196435000065, 31.79377594500005 ], [ 35.551294380000058, 31.793669716000011 ], [ 35.551409292000187, 31.793556115000115 ], [ 35.551568621000115, 31.793362358000024 ], [ 35.551696172000106, 31.79318658 ], [ 35.551810749000083, 31.79298180800015 ], [ 35.551869991, 31.792850177000162 ], [ 35.551926897000101, 31.792682770000056 ], [ 35.551933324000174, 31.792663862000097 ], [ 35.551954539000064, 31.792419602000166 ], [ 35.551952074000155, 31.792358148000062 ], [ 35.551948549000087, 31.792270250000058 ], [ 35.551938719000191, 31.792018886000051 ], [ 35.551903558000049, 31.791833398000165 ], [ 35.551832893000153, 31.791367723000064 ], [ 35.551804933000142, 31.791150945000084 ], [ 35.551801479, 31.79112416900017 ], [ 35.551780643000086, 31.790975135999986 ], [ 35.55174478400005, 31.790779365000049 ], [ 35.551723405000132, 31.790662602000111 ], [ 35.551706594000052, 31.790577394000138 ], [ 35.551701912000055, 31.79056007500003 ], [ 35.551681294000105, 31.790483609000091 ], [ 35.551668462000123, 31.790436019000083 ], [ 35.551654374000179, 31.790397014000121 ], [ 35.551636631000065, 31.790347893000046 ], [ 35.55159429400004, 31.790230203000078 ], [ 35.551439180000159, 31.789905104000127 ], [ 35.551376503000029, 31.789773800000091 ], [ 35.551374772000145, 31.789770360000148 ], [ 35.551174587000048, 31.78937259200012 ], [ 35.550989514999969, 31.789020096000058 ], [ 35.550869474000081, 31.788811863000149 ], [ 35.550559501000123, 31.788183366000112 ], [ 35.550486399000079, 31.788043351000169 ], [ 35.550376498000162, 31.787836680000055 ], [ 35.550341384000092, 31.78777064600007 ], [ 35.550156227000116, 31.787484801000119 ], [ 35.550037587000077, 31.787296997000055 ], [ 35.549981223000032, 31.787220958000091 ], [ 35.549886221000179, 31.787092792000124 ], [ 35.549791858000106, 31.786957483000037 ], [ 35.549701910000124, 31.786811028999978 ], [ 35.54969037900014, 31.786789685000031 ], [ 35.549666866000052, 31.78674616100011 ], [ 35.549624680000136, 31.786668349000081 ], [ 35.549534580000113, 31.786525700000084 ], [ 35.54943601400015, 31.786368561000131 ], [ 35.549337450000166, 31.786211560000027 ], [ 35.549198246000174, 31.785994217999985 ], [ 35.54915179700015, 31.785922616000107 ], [ 35.549060865000115, 31.785782378000079 ], [ 35.549058394000156, 31.785778567000193 ], [ 35.548964202000036, 31.785644103999971 ], [ 35.548874357000102, 31.785480036000081 ], [ 35.54877151200003, 31.785279648000028 ], [ 35.548694491000163, 31.785148941000159 ], [ 35.548617455000169, 31.785014430000103 ], [ 35.54853623300005, 31.784861895000176 ], [ 35.548480483000048, 31.78472733000018 ], [ 35.548420552000152, 31.78457811800007 ], [ 35.548373404000131, 31.784450858000184 ], [ 35.54835281000004, 31.784345939000161 ], [ 35.548346008000181, 31.784311284000182 ], [ 35.548321805000057, 31.784187484000086 ], [ 35.548300219000055, 31.784011681000038 ], [ 35.548268611000083, 31.783620164000013 ], [ 35.548259285000029, 31.783322438000084 ], [ 35.548258649000161, 31.783009471000071 ], [ 35.548236468000027, 31.782623848000185 ], [ 35.548227278000127, 31.782318511000085 ], [ 35.548230620000083, 31.782147575000124 ], [ 35.548231066000085, 31.782134043999974 ], [ 35.54823244500011, 31.782104590000074 ], [ 35.548240391999968, 31.781930542000055 ], [ 35.54824116500015, 31.781915461000096 ], [ 35.548242846, 31.781878961000132 ], [ 35.548293324000099, 31.781559374000039 ], [ 35.548299138000061, 31.781524975000139 ], [ 35.548316743000157, 31.781420796000134 ], [ 35.548324176000165, 31.781377796000129 ], [ 35.548341305000065, 31.781278548000103 ], [ 35.548406965000027, 31.781006691000073 ], [ 35.548420636000174, 31.780943794000109 ], [ 35.548443312000074, 31.780839473000071 ], [ 35.548486904000129, 31.780668710999976 ], [ 35.54854002899998, 31.780534137000075 ], [ 35.548640032000037, 31.780269944000111 ], [ 35.548705531, 31.780136182999968 ], [ 35.548757508000165, 31.780003304000104 ], [ 35.548830340000109, 31.779844019000166 ], [ 35.548894663000056, 31.779658547000054 ], [ 35.54895022300019, 31.779512695999983 ], [ 35.548973413000169, 31.779457782000065 ], [ 35.54902153300003, 31.779343834000088 ], [ 35.549022677000153, 31.779341012000032 ], [ 35.549030856, 31.779322249000131 ], [ 35.549095807000128, 31.779173411999977 ], [ 35.549180974000024, 31.779004796000095 ], [ 35.549236201000042, 31.778858381000134 ], [ 35.54930432499998, 31.778675153000052 ], [ 35.549389346, 31.77846623400012 ], [ 35.549474511000028, 31.778297335000047 ], [ 35.549572352000041, 31.778121074000126 ], [ 35.549648785000102, 31.777999827000144 ], [ 35.549767961000157, 31.777794058999973 ], [ 35.549848793000081, 31.777658003000113 ], [ 35.549946493, 31.777488930000061 ], [ 35.550057064000043, 31.777275856000188 ], [ 35.550180405, 31.777080926000053 ], [ 35.550369035000188, 31.776787183000181 ], [ 35.550496496000164, 31.776592240000127 ], [ 35.550581516000079, 31.776474353000026 ], [ 35.550692118000143, 31.776316095000084 ], [ 35.550840871000105, 31.776124620000132 ], [ 35.550947062000091, 31.775977363000152 ], [ 35.551061981000146, 31.775826422000193 ], [ 35.551236245000155, 31.775620081000056 ], [ 35.551444479000168, 31.775365882000074 ], [ 35.551754799000093, 31.775015588000031 ], [ 35.551924847000123, 31.774875207000093 ], [ 35.552146033000099, 31.774690442000178 ], [ 35.552384114000176, 31.774479986000131 ], [ 35.55255847900014, 31.774346776000129 ], [ 35.552616371000113, 31.7743002630001 ], [ 35.552689613000155, 31.774241542000141 ], [ 35.552814123000132, 31.774141719000113 ], [ 35.552845806, 31.774116318000097 ], [ 35.552867684000034, 31.774099492000119 ], [ 35.553007828000091, 31.773991740000099 ], [ 35.553185027000097, 31.773868106000123 ], [ 35.553362172000107, 31.773730101000183 ], [ 35.553500443000075, 31.773606429000097 ], [ 35.553727378000133, 31.773416293000139 ], [ 35.55387121900003, 31.77328316500018 ], [ 35.554015044000096, 31.773145248000048 ], [ 35.554136836000055, 31.773026412000149 ], [ 35.554297266000049, 31.772874356000159 ], [ 35.554474252000091, 31.772693793000087 ], [ 35.554629074000104, 31.772541611000065 ], [ 35.554750742000067, 31.772389663000126 ], [ 35.554850135000038, 31.772280326000043 ], [ 35.554897517000029, 31.772202414000162 ], [ 35.554915426000036, 31.772183202000178 ], [ 35.55492571700006, 31.772156261000191 ], [ 35.554971626000054, 31.772080889000165 ], [ 35.554976361000172, 31.772023100000069 ], [ 35.554978269000173, 31.771999829000038 ], [ 35.554985102000103, 31.771916516000147 ], [ 35.554987567000012, 31.771886455000072 ], [ 35.554974719000029, 31.771848163000072 ], [ 35.554903344000081, 31.771635432000153 ], [ 35.554735944000072, 31.771417816999985 ], [ 35.554588341000056, 31.771197925000081 ], [ 35.554567266000163, 31.771166528000094 ], [ 35.55451800700007, 31.771093033000113 ], [ 35.554388437, 31.770980156000121 ], [ 35.554225447000192, 31.770839117000094 ], [ 35.554082475000087, 31.770714933000136 ], [ 35.55397879700007, 31.77060022500001 ], [ 35.553962567000156, 31.770582233000141 ], [ 35.553894202000095, 31.770471869000062 ], [ 35.553855872000099, 31.770409827000094 ], [ 35.553817334000087, 31.770336303000022 ], [ 35.55378909600006, 31.770282692000137 ], [ 35.55372557700008, 31.77009882700014 ], [ 35.553674983000121, 31.769886675000123 ], [ 35.553660915000023, 31.769648991 ], [ 35.553660124000089, 31.76943388899997 ], [ 35.55367218900011, 31.769171050000182 ], [ 35.553695767000079, 31.769034091000151 ], [ 35.553699185000028, 31.769021259000112 ], [ 35.553710264000131, 31.76898452 ], [ 35.553780016000019, 31.768754713000078 ], [ 35.553807462000179, 31.768682773000023 ], [ 35.553824373000054, 31.768638220000128 ], [ 35.553852223000035, 31.768564849000029 ], [ 35.553944285000057, 31.768346679000103 ], [ 35.554013370000177, 31.768204945000093 ], [ 35.554082451000113, 31.768063281000082 ], [ 35.554197707000071, 31.767873300000076 ], [ 35.554280008000035, 31.767737240000031 ], [ 35.554319215000135, 31.767589949000183 ], [ 35.554335386000162, 31.76745688200009 ], [ 35.554348008000147, 31.767301138000164 ], [ 35.554357524000011, 31.767063532000066 ], [ 35.554337078000117, 31.766930564000063 ], [ 35.554280052000024, 31.766718429000036 ], [ 35.554186224000091, 31.766455455000084 ], [ 35.554105725000056, 31.766183916000102 ], [ 35.554038577000028, 31.765954830000169 ], [ 35.553978151000024, 31.76575975500009 ], [ 35.553921169000091, 31.765558893000161 ], [ 35.553874168, 31.765425997000193 ], [ 35.553820507000125, 31.765230833000032 ], [ 35.553772983000101, 31.765090046000182 ], [ 35.553692673000171, 31.764869521000151 ], [ 35.553625757000134, 31.764702717000034 ], [ 35.553548973000034, 31.76454439600019 ], [ 35.553481994000094, 31.76436061000004 ], [ 35.553338423000184, 31.764069443000039 ], [ 35.55322472600011, 31.76378390400015 ], [ 35.553140721000148, 31.763589597000134 ], [ 35.552858404000176, 31.762973288000012 ], [ 35.552694793000057, 31.762658006000038 ], [ 35.551689674000102, 31.760769232000087 ], [ 35.55168939400005, 31.760768706000079 ], [ 35.551675700000033, 31.760767262000115 ], [ 35.551666955000087, 31.760766369000123 ], [ 35.551424252000174, 31.760741088000088 ], [ 35.550471874000038, 31.760627508000084 ], [ 35.550166126000136, 31.760591047 ], [ 35.550161211000045, 31.760591060000081 ], [ 35.548728955000172, 31.760594853000157 ], [ 35.546752968000192, 31.760600060000115 ], [ 35.545315798000104, 31.760603827000182 ], [ 35.544834018000074, 31.760781651000173 ], [ 35.544059871000059, 31.761067332000096 ], [ 35.543560079000088, 31.761282400000084 ], [ 35.542983709000168, 31.761530427000082 ], [ 35.542420506000042, 31.761772712000152 ], [ 35.541907367000078, 31.761993446000133 ], [ 35.541902923000066, 31.761992194000015 ], [ 35.54152632600011, 31.76188606900007 ], [ 35.540828468000086, 31.761689393000097 ], [ 35.54082401800008, 31.761689880000063 ], [ 35.540343926000162, 31.761742428000161 ], [ 35.539391819000173, 31.761846548000051 ], [ 35.538690839000083, 31.761933883000097 ], [ 35.538134772000149, 31.762003157000152 ], [ 35.537140990000182, 31.762218054000073 ], [ 35.536698812000168, 31.762313664000146 ], [ 35.53508237300008, 31.762471229000141 ], [ 35.534658614000136, 31.762552764000077 ], [ 35.53346662000007, 31.762782087000119 ], [ 35.532389853000097, 31.763091639000152 ], [ 35.532030115000168, 31.763277210000126 ], [ 35.531493218000037, 31.763554186000135 ], [ 35.530775660000188, 31.763862824000114 ], [ 35.530058097000051, 31.764171459000124 ], [ 35.529412643000114, 31.764587357000096 ], [ 35.529341051000074, 31.764633474000107 ], [ 35.527725244000067, 31.76494432800007 ], [ 35.526827007000065, 31.764946550000047 ], [ 35.526826109000183, 31.764946297000108 ], [ 35.525747960000047, 31.764642370000104 ], [ 35.525207187000149, 31.764413166000168 ], [ 35.525028306000024, 31.764337298999976 ], [ 35.524755115000062, 31.764221506000126 ], [ 35.524308660000145, 31.764032224000061 ], [ 35.523914574000059, 31.763965904000088 ], [ 35.523409921000109, 31.76388103700009 ], [ 35.523048296000127, 31.763804772000071 ], [ 35.522690797000109, 31.763729338000076 ], [ 35.522254133000047, 31.763507052000136 ], [ 35.521791039000107, 31.763271301000088 ], [ 35.52178617900006, 31.763272145000144 ], [ 35.521720652000056, 31.763283522000108 ], [ 35.520893329999979, 31.763426866000088 ], [ 35.51981888600011, 31.764503445000059 ], [ 35.51820355000001, 31.764967564000187 ], [ 35.516407078000043, 31.764971869000078 ], [ 35.514610604000097, 31.764976147000084 ], [ 35.514607319000106, 31.764975899999968 ], [ 35.513845608000054, 31.764918637000164 ], [ 35.512633858000129, 31.764827440000147 ], [ 35.512633421000032, 31.764827665000098 ], [ 35.511808899000187, 31.765252763000092 ], [ 35.511737107000101, 31.765289780000046 ], [ 35.51101996, 31.765751763000139 ], [ 35.510124175000044, 31.766520928000091 ], [ 35.508463287000154, 31.767001307000157 ], [ 35.507684116000064, 31.767003117000115 ], [ 35.507682515, 31.767002848000175 ], [ 35.506904688000077, 31.766871900000183 ], [ 35.506877234000115, 31.766848573000118 ], [ 35.506357761000174, 31.766407441000069 ], [ 35.505888226000138, 31.765743198000052 ], [ 35.505506321999974, 31.765353956000183 ], [ 35.505106715000068, 31.764946647000158 ], [ 35.504402437000067, 31.763950308000062 ], [ 35.504212177000113, 31.763711120000153 ], [ 35.504005524000149, 31.763451536000161 ], [ 35.503769936000026, 31.762853328000062 ], [ 35.503674711000031, 31.762571365000099 ], [ 35.503612782000175, 31.762387966000119 ], [ 35.503376782000032, 31.761656666000135 ], [ 35.503373656000122, 31.760658716000023 ], [ 35.503370947000121, 31.759793859000126 ], [ 35.50321782400016, 31.75877025200009 ], [ 35.503211761000102, 31.758729753000182 ], [ 35.503208845000074, 31.757798314000127 ], [ 35.502817427000025, 31.75720045900016 ], [ 35.502348793000124, 31.75680231900003 ], [ 35.501957177000065, 31.75613788000004 ], [ 35.50187664200007, 31.75527320000009 ], [ 35.501717892000045, 31.754342115000043 ], [ 35.501170818000105, 31.753744609000194 ], [ 35.501167014000146, 31.753741378000029 ], [ 35.499999305000074, 31.752749303000087 ], [ 35.499295589000099, 31.751886027000069 ], [ 35.498435018000066, 31.750690399000064 ], [ 35.497881465000148, 31.749634004000143 ], [ 35.497808145000135, 31.749494242000139 ], [ 35.496945988000107, 31.74776636900009 ], [ 35.496084474000043, 31.746238098000049 ], [ 35.495145152000134, 31.744709992000082 ], [ 35.493815773000051, 31.742983203999984 ], [ 35.492642670000066, 31.741389014000106 ], [ 35.49260874700019, 31.741349561000106 ], [ 35.492234114000155, 31.740913971000111 ], [ 35.492163623000124, 31.740832043000125 ], [ 35.491975977000038, 31.740613897000173 ], [ 35.491955293000103, 31.740589774000057 ], [ 35.491788183000153, 31.74040039800019 ], [ 35.491627495000159, 31.740208683000048 ], [ 35.491616243000124, 31.740195603000188 ], [ 35.491269087000148, 31.739791937000177 ], [ 35.491157729000179, 31.739662469000166 ], [ 35.490575930000091, 31.739036317 ], [ 35.489985538000099, 31.738401023000051 ], [ 35.489048181000101, 31.737471613000082 ], [ 35.488679017000095, 31.73697864900015 ], [ 35.488500892, 31.736740958999974 ], [ 35.488011695000125, 31.736136507000083 ], [ 35.487640996000096, 31.7356783460001 ], [ 35.486314807000042, 31.733822887000144 ], [ 35.486311495000109, 31.733818313000143 ], [ 35.484981267000194, 31.731692219000081 ], [ 35.484667438000088, 31.731106329000056 ], [ 35.484198277000075, 31.730230205000055 ], [ 35.48380515600013, 31.728966962000072 ], [ 35.483567266000193, 31.727503850000176 ], [ 35.483536165000032, 31.727411758000187 ], [ 35.483253114000149, 31.72657306800005 ], [ 35.482897633000107, 31.725883620000047 ], [ 35.482704805000139, 31.72550975900009 ], [ 35.481799505000026, 31.724194045000161 ], [ 35.481674944000133, 31.72405036400005 ], [ 35.480778068000177, 31.72301575299997 ], [ 35.48070578200003, 31.722932271 ], [ 35.479871797000044, 31.722090434000108 ], [ 35.478206519000082, 31.720409348000089 ], [ 35.475706920000164, 31.718011575 ], [ 35.475161426000113, 31.717488282000147 ], [ 35.474603730000183, 31.716902587999982 ], [ 35.473833744000046, 31.716093906000083 ], [ 35.473465875000102, 31.715885402000026 ], [ 35.47289789000007, 31.715563516000032 ], [ 35.471494088999975, 31.71351034800017 ], [ 35.469848001000059, 31.711862857000028 ], [ 35.468401471999982, 31.711371579000058 ], [ 35.467914903000178, 31.711206345000051 ], [ 35.466474689000165, 31.711147719000166 ], [ 35.465983572000141, 31.711127701000123 ], [ 35.465435938000098, 31.710995414000081 ], [ 35.46429152200011, 31.710718881000048 ], [ 35.460942485000032, 31.710112264000031 ], [ 35.459265352999978, 31.708786971000052 ], [ 35.457467526000187, 31.707053019000114 ], [ 35.456815956000128, 31.706433254000103 ], [ 35.455430060000026, 31.705115171000045 ], [ 35.453513668000085, 31.703687951000063 ], [ 35.452434152000137, 31.702259196000057 ], [ 35.452386544000092, 31.701822235000066 ], [ 35.452311758000121, 31.701135268000144 ], [ 35.452307018000056, 31.699295687000074 ], [ 35.452185417000067, 31.698478319000117 ], [ 35.45185848400007, 31.698377336000021 ], [ 35.450869451000074, 31.698071921000064 ], [ 35.450746818000141, 31.69684575600013 ], [ 35.450741847000131, 31.694904008000094 ], [ 35.450411246000044, 31.694006357000148 ], [ 35.450139901000114, 31.693269943000132 ], [ 35.449392857000078, 31.692443167000135 ], [ 35.448941332000118, 31.691943542000104 ], [ 35.44809814100006, 31.689390079000077 ], [ 35.446653585000092, 31.685304755000118 ], [ 35.446537299000056, 31.685131711 ], [ 35.445884086000149, 31.684159036000096 ], [ 35.445430270000031, 31.683445629000119 ], [ 35.445167547000096, 31.683032451000031 ], [ 35.445255182000153, 31.682227162000117 ], [ 35.445302645000083, 31.681437450000146 ], [ 35.445328121000045, 31.681014793000088 ], [ 35.445424391000188, 31.680765970000039 ], [ 35.44604066100004, 31.679173820000074 ], [ 35.446994423000092, 31.678252305000115 ], [ 35.44732816800007, 31.677883614999985 ], [ 35.447828534000053, 31.677330933000121 ], [ 35.447953169000186, 31.676507255000161 ], [ 35.448030386000084, 31.676155806000111 ], [ 35.448064271000135, 31.676001933000123 ], [ 35.448175524000192, 31.675752304000127 ], [ 35.448344943000052, 31.675372291000031 ], [ 35.448438659000033, 31.67516060100013 ], [ 35.448546632000159, 31.674916686000074 ], [ 35.448846870000125, 31.674273056000118 ], [ 35.449038648000169, 31.674005309999984 ], [ 35.44914680800008, 31.673772242999974 ], [ 35.449240220000149, 31.673571335000076 ], [ 35.449213193000162, 31.672921052000163 ], [ 35.449060005000092, 31.672487808000028 ], [ 35.448957462000067, 31.672011064 ], [ 35.448905227000068, 31.671425864000128 ], [ 35.448714421000091, 31.670840637000083 ], [ 35.448573269000121, 31.670407650000072 ], [ 35.448519554000029, 31.669237154000029 ], [ 35.448567172000082, 31.668001362999973 ], [ 35.448502745000155, 31.667675189000192 ], [ 35.448438657, 31.667351270000097 ], [ 35.448406776000127, 31.667189486000041 ], [ 35.448387416000116, 31.667091232000075 ], [ 35.44824660400019, 31.666984748000175 ], [ 35.448158780000028, 31.666918255999974 ], [ 35.448016622000182, 31.666800290000026 ], [ 35.447663619000025, 31.666507273000036 ], [ 35.447329153000055, 31.66637803500015 ], [ 35.447105356000122, 31.66629157 ], [ 35.446719696000173, 31.666048777000071 ], [ 35.44652150200011, 31.665924076000181 ], [ 35.446366190000049, 31.665750049000053 ], [ 35.446038550000139, 31.665383065000071 ], [ 35.446017052000116, 31.665286085000048 ], [ 35.445961725000075, 31.665036339000153 ], [ 35.445898891000184, 31.664749126000117 ], [ 35.445881390000068, 31.66466911700013 ], [ 35.445893389000105, 31.664459903000079 ], [ 35.445908864000046, 31.664191005000191 ], [ 35.445899814000029, 31.664130569000179 ], [ 35.445857249000142, 31.663844233000134 ], [ 35.445679209000161, 31.663606126000047 ], [ 35.44537452600008, 31.663389882999979 ], [ 35.445316327000114, 31.663175935000083 ], [ 35.445297870000104, 31.663108188000081 ], [ 35.445296949000124, 31.662739694000095 ], [ 35.445169171000032, 31.662306394000154 ], [ 35.444763058000092, 31.662112037000156 ], [ 35.444026905000044, 31.661636442000145 ], [ 35.44354420500008, 31.661182085000121 ], [ 35.443238891000192, 31.660705706000044 ], [ 35.443110373000025, 31.659968870000171 ], [ 35.443134323000095, 31.659727226000086 ], [ 35.443159880000167, 31.659470216000159 ], [ 35.443226543000037, 31.659312197000133 ], [ 35.443260611000028, 31.659231601000045 ], [ 35.443295110000122, 31.65919201100013 ], [ 35.443639777000158, 31.658797312000047 ], [ 35.44390530700008, 31.658580099000119 ], [ 35.443955566000056, 31.658384908000073 ], [ 35.443914551000148, 31.658322132000023 ], [ 35.443828226, 31.658190040000079 ], [ 35.443523780000078, 31.65806052500011 ], [ 35.443485767000027, 31.657945325000185 ], [ 35.443455554000082, 31.657853361000036 ], [ 35.443345170000043, 31.657518882000147 ], [ 35.443318995000084, 31.657193764000056 ], [ 35.443358001000092, 31.65697900400005 ], [ 35.443393921000052, 31.65678172700018 ], [ 35.443545174000064, 31.656456285000104 ], [ 35.443671325000082, 31.656239257000038 ], [ 35.443658591000087, 31.656152614000064 ], [ 35.443645690000039, 31.656065903000126 ], [ 35.443552355000179, 31.656029858000068 ], [ 35.443366510000033, 31.655958045000091 ], [ 35.442859599000087, 31.655893928000182 ], [ 35.44275195400013, 31.655867066000098 ], [ 35.44242852800005, 31.655786270000135 ], [ 35.442123985000137, 31.655613422000044 ], [ 35.441810483000154, 31.655346384000154 ], [ 35.441768385000046, 31.655310598000028 ], [ 35.441488446000051, 31.655092891000095 ], [ 35.441338574000099, 31.654976338000097 ], [ 35.441184410000119, 31.654856412000129 ], [ 35.441001941000025, 31.654546087000142 ], [ 35.44098076400013, 31.654509910000058 ], [ 35.440903804000186, 31.654163180000126 ], [ 35.440953483000101, 31.653729560000158 ], [ 35.441053998000143, 31.653404212000055 ], [ 35.441038859000059, 31.653276498000139 ], [ 35.441028262000145, 31.653187459000151 ], [ 35.440691501000117, 31.653038901000116 ], [ 35.440343198000164, 31.652885218000108 ], [ 35.439607193000086, 31.652431299000114 ], [ 35.439403928000047, 31.652236561000166 ], [ 35.439213030000076, 31.651911734 ], [ 35.439172709000047, 31.651656606000074 ], [ 35.439161664999972, 31.651586660000135 ], [ 35.43913771300015, 31.651288592000185 ], [ 35.439135507000117, 31.651261538000028 ], [ 35.439083397000104, 31.650697963000027 ], [ 35.439131768000095, 31.650333606000174 ], [ 35.439158133000035, 31.650134229000116 ], [ 35.439186108000172, 31.65005364700005 ], [ 35.439233551000086, 31.649917295000137 ], [ 35.439178555000126, 31.64979246900009 ], [ 35.43915718500017, 31.649744032000058 ], [ 35.438850557000194, 31.649651009000138 ], [ 35.438446995, 31.649528492000172 ], [ 35.43819306000006, 31.649290509000139 ], [ 35.437989647, 31.649030736000043 ], [ 35.437920194000014, 31.648716896000167 ], [ 35.437912865000044, 31.648684004000131 ], [ 35.437905512000043, 31.64864019100014 ], [ 35.437861397000063, 31.648380630000077 ], [ 35.437783036000042, 31.648197505000098 ], [ 35.437759511000138, 31.648142307000171 ], [ 35.437505425000097, 31.647839291000139 ], [ 35.437400059000083, 31.647797131 ], [ 35.437074077000091, 31.647666651000065 ], [ 35.436861110000166, 31.647404569000059 ], [ 35.436845413000185, 31.647385221000036 ], [ 35.43679135800005, 31.647306330000163 ], [ 35.436489338000115, 31.646865579000064 ], [ 35.436412150000137, 31.64661981200004 ], [ 35.436387251000099, 31.646540591000132 ], [ 35.436384753000084, 31.64550006200011 ], [ 35.436403898000151, 31.645378345999973 ], [ 35.436459546000151, 31.645022994000101 ], [ 35.436523054000077, 31.644785578000153 ], [ 35.436534971000071, 31.644741027000123 ], [ 35.436629157000084, 31.644520043000114 ], [ 35.43667354500019, 31.644415615000185 ], [ 35.436672451000106, 31.643960382999978 ], [ 35.436665813000104, 31.64393982100006 ], [ 35.43659577700015, 31.643722086000082 ], [ 35.436291232000087, 31.643527520000134 ], [ 35.436068271000181, 31.64335211700012 ], [ 35.435961331000044, 31.643267967000099 ], [ 35.435656271000028, 31.64285659900014 ], [ 35.435502989000156, 31.642336600000192 ], [ 35.435447839, 31.642211631000066 ], [ 35.43542647400011, 31.642163333000155 ], [ 35.434760886000106, 31.641836088 ], [ 35.434522138000091, 31.641806629000143 ], [ 35.434243847000062, 31.641772236000065 ], [ 35.433575550000114, 31.641689623000048 ], [ 35.433523164, 31.641687248000153 ], [ 35.433119395000119, 31.641668711000079 ], [ 35.432836677000182, 31.641573095000183 ], [ 35.432827775000135, 31.641570081000111 ], [ 35.432697125000175, 31.641488504000051 ], [ 35.432535958000074, 31.64138795700012 ], [ 35.432307364000167, 31.641193249000025 ], [ 35.432180185, 31.640976669000054 ], [ 35.432002274000126, 31.640760172000171 ], [ 35.431849003000139, 31.640304639000021 ], [ 35.431798247000017, 31.640153592000047 ], [ 35.431619626000099, 31.63963356000005 ], [ 35.431386272000168, 31.639513899000178 ], [ 35.431295571000192, 31.639467341000056 ], [ 35.431273658000066, 31.639465548000146 ], [ 35.430428184000107, 31.639397171000098 ], [ 35.430098601000111, 31.639332700000182 ], [ 35.429819603999988, 31.639203111000029 ], [ 35.429286757000057, 31.638922181000055 ], [ 35.42924997200015, 31.638828394000029 ], [ 35.429184855000187, 31.638662222000107 ], [ 35.429006487000152, 31.63845608000014 ], [ 35.428829108000116, 31.638250993000099 ], [ 35.428730842000164, 31.638066980000076 ], [ 35.428701892000106, 31.63801270600004 ], [ 35.428599840000174, 31.637687713000048 ], [ 35.428573571000015, 31.637297555000089 ], [ 35.428572717000122, 31.636929056000099 ], [ 35.42876063000017, 31.635996568 ], [ 35.428844295000033, 31.635780258000068 ], [ 35.428936800000145, 31.635541033000095 ], [ 35.42900521100006, 31.635281559000077 ], [ 35.429062517000148, 31.635063883000043 ], [ 35.429163159000154, 31.634781948000068 ], [ 35.429175454000188, 31.634685681000178 ], [ 35.429237728000032, 31.634196519 ], [ 35.42926243800008, 31.633914643000139 ], [ 35.429098629000123, 31.633733135000057 ], [ 35.429008467000131, 31.63363323700014 ], [ 35.428757914000073, 31.633190405000107 ], [ 35.428677703000119, 31.633048497000061 ], [ 35.428168958000015, 31.632203920999984 ], [ 35.42813920500015, 31.632015001000184 ], [ 35.428117643000121, 31.631878842 ], [ 35.428243595000083, 31.631575163000036 ], [ 35.428546981000125, 31.631292811000094 ], [ 35.428849960999969, 31.630837062000126 ], [ 35.429809864999982, 31.629578090000052 ], [ 35.429757976000076, 31.629079612000055 ], [ 35.429908727, 31.628537383000037 ], [ 35.429933081000058, 31.628103809000038 ], [ 35.42998088600001, 31.62769893900014 ], [ 35.430185251000182, 31.627266254000119 ], [ 35.430209668000145, 31.627214498000114 ], [ 35.430312337000032, 31.62710116300002 ], [ 35.4303865870001, 31.627019092000069 ], [ 35.430867171999978, 31.626671472000112 ], [ 35.431293869000058, 31.626381928000114 ], [ 35.431385458000079, 31.62631983700004 ], [ 35.431347445000029, 31.626193711000099 ], [ 35.431043276000025, 31.62612919999998 ], [ 35.430511058000036, 31.626086778000058 ], [ 35.430292888999986, 31.625966456000015 ], [ 35.430079836000061, 31.625849011000184 ], [ 35.429749800000081, 31.625567739000189 ], [ 35.429458591000071, 31.62548114700013 ], [ 35.429242697000177, 31.625416905000122 ], [ 35.429046352000171, 31.625189374000058 ], [ 35.428607944000134, 31.624832679000122 ], [ 35.428575160999969, 31.624543924000079 ], [ 35.428556332000142, 31.624377531000107 ], [ 35.428518313000097, 31.624174181000171 ], [ 35.428479292000134, 31.623965757000121 ], [ 35.428174628000136, 31.623684438000055 ], [ 35.427921041000047, 31.623554800000136 ], [ 35.427734414000156, 31.623395806000133 ], [ 35.427565609000112, 31.62325193200013 ], [ 35.427433786000165, 31.623077064000086 ], [ 35.427336984000135, 31.622948851000046 ], [ 35.427032227000041, 31.622624197000164 ], [ 35.426959978000184, 31.622501084000191 ], [ 35.426765052000064, 31.622169409000037 ], [ 35.426758357000097, 31.622170566000193 ], [ 35.426281565000124, 31.62225294100017 ], [ 35.425878742000066, 31.622322596000174 ], [ 35.424955721000174, 31.62262816700013 ], [ 35.424891541000193, 31.622649411000111 ], [ 35.424884865000024, 31.622650238000119 ], [ 35.424291597000149, 31.62272375800012 ], [ 35.424182277000114, 31.622737328000028 ], [ 35.423625033000064, 31.622759953000184 ], [ 35.422991653000054, 31.622761 ], [ 35.422434163000105, 31.622675185000105 ], [ 35.422337604000177, 31.622650543000191 ], [ 35.421927138000171, 31.622545951000063 ], [ 35.421588939000173, 31.622353802000077 ], [ 35.421394529000054, 31.622243358000162 ], [ 35.421201079000014, 31.622121500000048 ], [ 35.420810887000073, 31.621875743000032 ], [ 35.420615625000096, 31.621750924000139 ], [ 35.420303598000089, 31.621551402000136 ], [ 35.419821219000085, 31.621096951000084 ], [ 35.419389566000177, 31.62064241700017 ], [ 35.418902417000083, 31.620111171000076 ], [ 35.418728495999972, 31.619581248000031 ], [ 35.418657698000175, 31.619289732000027 ], [ 35.418549508000126, 31.618844535000051 ], [ 35.41839603, 31.618172743000059 ], [ 35.418369185000188, 31.617500749000101 ], [ 35.418298403000051, 31.617290049000076 ], [ 35.41816529700003, 31.61689407300014 ], [ 35.417251759000123, 31.616180172000156 ], [ 35.416631517000155, 31.61584197600007 ], [ 35.416617667000025, 31.615834388000167 ], [ 35.416581717000099, 31.615811406000034 ], [ 35.415907266000147, 31.61538028800004 ], [ 35.41562793200012, 31.615055566000024 ], [ 35.415442725000162, 31.614850260000082 ], [ 35.415374055000029, 31.61477413200015 ], [ 35.415221265000127, 31.61440580500016 ], [ 35.414983350000114, 31.614042472000051 ], [ 35.414852662000101, 31.613842788 ], [ 35.414368615000114, 31.612586212000167 ], [ 35.414268180000079, 31.612439675000189 ], [ 35.414115215000095, 31.612216560000093 ], [ 35.413734964000184, 31.611587819000079 ], [ 35.413631512000165, 31.61141676900013 ], [ 35.413538295000194, 31.611178834000043 ], [ 35.413504185000193, 31.611091800000111 ], [ 35.413497281000161, 31.611020858000131 ], [ 35.413451979000115, 31.610551882000038 ], [ 35.413451090000137, 31.610138924000182 ], [ 35.413602419000142, 31.609682601000145 ], [ 35.413930386000175, 31.609053376000077 ], [ 35.414044784000055, 31.608881347000136 ], [ 35.414132430000052, 31.608749590000116 ], [ 35.414638009000043, 31.608250219000126 ], [ 35.414940295000179, 31.608009050000135 ], [ 35.414991910000083, 31.607967821000045 ], [ 35.415456114000108, 31.607451179000066 ], [ 35.415775374000077, 31.607142765000162 ], [ 35.415834910000058, 31.607034727000098 ], [ 35.41600252700016, 31.606730568000046 ], [ 35.416166617000044, 31.60647016900009 ], [ 35.416166002000068, 31.60618833500007 ], [ 35.416089346000149, 31.60607079 ], [ 35.416038792000052, 31.605993437000109 ], [ 35.414518786000031, 31.605887488000121 ], [ 35.414162259000079, 31.605865436000045 ], [ 35.413834880000081, 31.605845167000098 ], [ 35.413251957999989, 31.605672685 ], [ 35.412524389000112, 31.605308781000133 ], [ 35.412085443000024, 31.605089213000042 ], [ 35.411840980000136, 31.604880683000033 ], [ 35.411527238000133, 31.60461314600019 ], [ 35.411127584000099, 31.604207431000134 ], [ 35.41099409300017, 31.604072006000024 ], [ 35.41051180300002, 31.603595887000154 ], [ 35.410232018000102, 31.60303264800018 ], [ 35.410153224000112, 31.602599656000052 ], [ 35.410129567000013, 31.60246920100019 ], [ 35.410090210000078, 31.602310871000043 ], [ 35.40992514300018, 31.601645778000147 ], [ 35.409804249000103, 31.601314386000126 ], [ 35.409695942000155, 31.601017426000055 ], [ 35.409568323000144, 31.600540685000112 ], [ 35.409414890000164, 31.599847249000106 ], [ 35.409249104000082, 31.59930553200013 ], [ 35.409192259000122, 31.598816561000092 ], [ 35.409145814000112, 31.598416918000169 ], [ 35.408990928000037, 31.597029741000085 ], [ 35.408967094000047, 31.596421502999988 ], [ 35.408937510999976, 31.595664110000143 ], [ 35.40906243000012, 31.594861808000189 ], [ 35.409060606000139, 31.593994738000049 ], [ 35.409091284, 31.59370848400016 ], [ 35.409135044000095, 31.593300881000062 ], [ 35.409065328000167, 31.591387382000107 ], [ 35.409041044000105, 31.590721366000082 ], [ 35.409022556000025, 31.589994254000146 ], [ 35.409013409000067, 31.589637462000098 ], [ 35.409021123000173, 31.589234985000132 ], [ 35.409036256000093, 31.588445111000112 ], [ 35.409101088000114, 31.588040150000097 ], [ 35.409161210000093, 31.587664511000185 ], [ 35.4093105070001, 31.586407001000055 ], [ 35.409410470000125, 31.585799839000117 ], [ 35.409352597000066, 31.585521472999972 ], [ 35.409333805000074, 31.585431385000163 ], [ 35.409181131000082, 31.585084817999984 ], [ 35.40916422600003, 31.584795960000065 ], [ 35.409141689000194, 31.58441283500008 ], [ 35.409747582000136, 31.583523125 ], [ 35.410176401000172, 31.582741980000151 ], [ 35.410795202000145, 31.581739368000115 ], [ 35.41083260500011, 31.581678785000179 ], [ 35.411967594000146, 31.579509187000099 ], [ 35.412462879000032, 31.578881814000113 ], [ 35.412927128000149, 31.578293664000171 ], [ 35.413356317000193, 31.577707681000049 ], [ 35.413861688, 31.577186611000116 ], [ 35.414430497000069, 31.576773875000072 ], [ 35.415188875000126, 31.576187366000113 ], [ 35.415516529000058, 31.575471398000047 ], [ 35.416087207000032, 31.574489690000178 ], [ 35.416172479000181, 31.574343141000043 ], [ 35.416203578000136, 31.574262626000063 ], [ 35.416424215, 31.573692397 ], [ 35.416599074000032, 31.572586534000095 ], [ 35.416622767000092, 31.571827719000112 ], [ 35.416621868000107, 31.571415813000101 ], [ 35.416899128000182, 31.570851762000075 ], [ 35.417323544000112, 31.570066656000165 ], [ 35.417403541000056, 31.569918771000061 ], [ 35.417404856000076, 31.569917149000105 ], [ 35.417782255000134, 31.569462924000106 ], [ 35.418095861000154, 31.569039308000072 ], [ 35.418135737000057, 31.56898548300012 ], [ 35.418350448000183, 31.56872499900004 ], [ 35.418375589, 31.568481875000032 ], [ 35.418399927000053, 31.568247979000034 ], [ 35.418349333000151, 31.567920070000184 ], [ 35.418322954000189, 31.567749460000073 ], [ 35.4182016580001, 31.567452880000076 ], [ 35.418119248000039, 31.567251215000169 ], [ 35.417940752, 31.566687897000065 ], [ 35.417903862000173, 31.566377934000116 ], [ 35.417876360000037, 31.566146025000023 ], [ 35.417417489000172, 31.564716008000119 ], [ 35.417112103000079, 31.564001121 ], [ 35.416296683000155, 31.563359975000083 ], [ 35.415488858000174, 31.562724661000061 ], [ 35.414550573000099, 31.562032472000112 ], [ 35.413789831000031, 31.561470069 ], [ 35.413279619999969, 31.561001258000033 ], [ 35.413130385000159, 31.560864097000149 ], [ 35.413005394000038, 31.560674685000095 ], [ 35.412901704000149, 31.560517582000159 ], [ 35.41286192300015, 31.55969390000007 ], [ 35.412911636000103, 31.559238582000035 ], [ 35.412632064000036, 31.558718746000181 ], [ 35.412370697000028, 31.558476562000067 ], [ 35.411744252000119, 31.557896320000168 ], [ 35.411315967000121, 31.557475637000096 ], [ 35.410906977000081, 31.557073880000189 ], [ 35.410475943000108, 31.556749377000074 ], [ 35.409614698000155, 31.556490573000133 ], [ 35.409500599000069, 31.556466298000146 ], [ 35.409108090000188, 31.556382918 ], [ 35.408550649000119, 31.556123637000155 ], [ 35.408043773000145, 31.555885979000038 ], [ 35.40763805000006, 31.555539727000166 ], [ 35.407501435000029, 31.555370338000102 ], [ 35.407358714, 31.555193352000174 ], [ 35.407231532000139, 31.554890004000129 ], [ 35.40702595, 31.554316634000088 ], [ 35.406982084000106, 31.554194099000028 ], [ 35.406955353000114, 31.554158910000012 ], [ 35.406672347000153, 31.553785272000027 ], [ 35.406503585000053, 31.553586408000115 ], [ 35.405974377000121, 31.552962586000149 ], [ 35.405139474000066, 31.552287576000083 ], [ 35.405010902000072, 31.552183629000126 ], [ 35.404869920000124, 31.552126418000057 ], [ 35.403946786000176, 31.551751622000154 ], [ 35.403378747000147, 31.551440194000122 ], [ 35.403237064000052, 31.551362477 ], [ 35.402701872000193, 31.551179024000191 ], [ 35.401033235000057, 31.550607041000035 ], [ 35.400703336, 31.550217321000105 ], [ 35.400660717000108, 31.55013649700004 ], [ 35.400474551000173, 31.549784049000152 ], [ 35.400405856000077, 31.549583478000159 ], [ 35.400296444000105, 31.549264035000135 ], [ 35.400244758999975, 31.54876553600019 ], [ 35.400319220000029, 31.548560037000129 ], [ 35.400370605000091, 31.548418477000155 ], [ 35.400623255000028, 31.548201370000015 ], [ 35.400926585000093, 31.547984117999988 ], [ 35.401255257000116, 31.547766826000156 ], [ 35.401357350000126, 31.547640059000059 ], [ 35.401482591000104, 31.547484720000057 ], [ 35.401658939000129, 31.547050849000129 ], [ 35.401407931000165, 31.546773328000029 ], [ 35.401329048000093, 31.546661132000168 ], [ 35.401087180000161, 31.546427561000087 ], [ 35.40087257800019, 31.546249897000109 ], [ 35.400885541999969, 31.54598819000006 ], [ 35.400908941000068, 31.545512832000156 ], [ 35.400866645000121, 31.544774404000179 ], [ 35.400864764000062, 31.544740093000087 ], [ 35.400889274000122, 31.544653462000099 ], [ 35.401007725000056, 31.544233629000132 ], [ 35.401082092000081, 31.543903061000094 ], [ 35.400900870000044, 31.543629522000117 ], [ 35.400862412000038, 31.543571590000113 ], [ 35.400527992000093, 31.543376344000137 ], [ 35.400221579000061, 31.543197476000103 ], [ 35.400162744000056, 31.543152326000097 ], [ 35.399546728000075, 31.542679176000036 ], [ 35.399348966000048, 31.542442651000044 ], [ 35.399054387000092, 31.542090359000042 ], [ 35.398584452000193, 31.541512145000183 ], [ 35.398140394000052, 31.540704265000102 ], [ 35.397987191000084, 31.54003251000006 ], [ 35.397960906000151, 31.539555604000043 ], [ 35.39804237300001, 31.539149708000025 ], [ 35.398061110000071, 31.539056813000059 ], [ 35.398339034000173, 31.538817973 ], [ 35.398718357000178, 31.538600613000142 ], [ 35.399261660000093, 31.538187981000135 ], [ 35.399489238000115, 31.538035876000038 ], [ 35.399284364000039, 31.537774842000147 ], [ 35.398086944000056, 31.536983209000084 ], [ 35.398110880000104, 31.536939910000115 ], [ 35.398254827000187, 31.536679985000035 ], [ 35.39847389200014, 31.536549809000121 ], [ 35.398524345000112, 31.536519789000124 ], [ 35.39875141300007, 31.536194286000068 ], [ 35.398826393000036, 31.535922624000193 ], [ 35.398877198000093, 31.535738858000059 ], [ 35.398876421000125, 31.535348653000028 ], [ 35.398875859000043, 31.535066815000164 ], [ 35.398929496000164, 31.534819280000193 ], [ 35.398951017000059, 31.534719899000038 ], [ 35.399102445000153, 31.534502873 ], [ 35.399229828000159, 31.534437158000173 ], [ 35.399481790000038, 31.53430721400008 ], [ 35.399709284000039, 31.534198514000138 ], [ 35.399885788000063, 31.533851377000133 ], [ 35.399889470000176, 31.533799585000111 ], [ 35.399910429000045, 31.533504466000124 ], [ 35.399830150000071, 31.532768419000035 ], [ 35.399863396000171, 31.532691710000165 ], [ 35.400009315000034, 31.532355400000085 ], [ 35.400276747000134, 31.531983895000167 ], [ 35.400337454000123, 31.531899676000023 ], [ 35.400234771000044, 31.531808933000036 ], [ 35.400046879000172, 31.531642853000164 ], [ 35.399707898000088, 31.531448388000172 ], [ 35.399551750000114, 31.531358851000107 ], [ 35.399146508000172, 31.531186042000115 ], [ 35.398731858000133, 31.53099563100011 ], [ 35.39806930200001, 31.530407196000169 ], [ 35.397689326000034, 31.530277680000097 ], [ 35.397404702000131, 31.530111383000133 ], [ 35.397208035000119, 31.529996536000112 ], [ 35.397065753000049, 31.529844829000069 ], [ 35.396903524000038, 31.529671803000156 ], [ 35.396574393000094, 31.52921020000008 ], [ 35.396548329000041, 31.529173739000157 ], [ 35.396370033000039, 31.528610317000073 ], [ 35.396267278000153, 31.527808346000086 ], [ 35.396277772000133, 31.527454197000168 ], [ 35.396290877000069, 31.527006265000068 ], [ 35.39622003900007, 31.525784024000075 ], [ 35.396177125000065, 31.525041646000147 ], [ 35.396124384000075, 31.52390202800018 ], [ 35.396139848000075, 31.52364933500013 ], [ 35.39615722100018, 31.523364441000183 ], [ 35.396199043000081, 31.522963532000119 ], [ 35.396206953000046, 31.522887496000067 ], [ 35.39608950100012, 31.521044989000131 ], [ 35.396151408000151, 31.520483122000087 ], [ 35.39623504400015, 31.520349548000013 ], [ 35.396315562000041, 31.520220843000118 ], [ 35.396472337000148, 31.519970483 ], [ 35.396492181000042, 31.51993881900006 ], [ 35.396617919000107, 31.51954842900011 ], [ 35.396642186000065, 31.519006412000124 ], [ 35.396651655000085, 31.518886828000177 ], [ 35.396691616000112, 31.518377625000028 ], [ 35.396764856000118, 31.518061225000167 ], [ 35.396791934000021, 31.517943937000041 ], [ 35.396802607000097, 31.517851197000027 ], [ 35.396841744000085, 31.517510326000149 ], [ 35.39684055000015, 31.516903312000181 ], [ 35.39648044400019, 31.516558858999986 ], [ 35.396105488000103, 31.516275725000014 ], [ 35.395649526, 31.51603787200014 ], [ 35.395345355000188, 31.5157781690001 ], [ 35.395263896000074, 31.515423730000123 ], [ 35.395212797000056, 31.515201711000145 ], [ 35.395391314000165, 31.514798775000031 ], [ 35.395456987000159, 31.514650713000037 ], [ 35.396062943, 31.513956164000035 ], [ 35.397326394, 31.51302215000004 ], [ 35.397837098000025, 31.51266671400009 ], [ 35.397856974000035, 31.512652874000025 ], [ 35.397874051000144, 31.512637207000068 ], [ 35.398235936000162, 31.512305447000131 ], [ 35.398497599000052, 31.512035485000183 ], [ 35.398614641000108, 31.511914687000171 ], [ 35.398979041000075, 31.511362028000178 ], [ 35.399169636000124, 31.511090125000123 ], [ 35.399067136000156, 31.510418224000034 ], [ 35.398558210000147, 31.509009902000059 ], [ 35.398006212000155, 31.507522230000063 ], [ 35.39785870500009, 31.50712483600006 ], [ 35.397605914000053, 31.506218166000167 ], [ 35.397043198000063, 31.504199447000019 ], [ 35.39639085400006, 31.502844587000027 ], [ 35.396318520000136, 31.502694330000111 ], [ 35.396070826000084, 31.501773700000172 ], [ 35.396000579000031, 31.501512813000147 ], [ 35.395631524000123, 31.500429449000023 ], [ 35.395134053999982, 31.499022362000062 ], [ 35.395020605000127, 31.498701226000151 ], [ 35.394945737000114, 31.498514473000057 ], [ 35.394580328000188, 31.497602672000028 ], [ 35.394358510000131, 31.496609142000068 ], [ 35.394233253000152, 31.496048171999973 ], [ 35.394347242000094, 31.494699398000137 ], [ 35.394416692000163, 31.493876249000152 ], [ 35.394569447000094, 31.491999317000079 ], [ 35.395036144000073, 31.490631363000091 ], [ 35.395062303000032, 31.490553396000109 ], [ 35.395133022135489, 31.490342259490124 ], [ 35.3882673, 31.4860761 ], [ 35.3840912, 31.4819593 ], [ 35.3768523, 31.477165 ], [ 35.375196, 31.4760827 ], [ 35.3729637, 31.4742955 ], [ 35.369485, 31.4718221 ], [ 35.3592282, 31.4650048 ], [ 35.3579178, 31.4646428 ], [ 35.3558046, 31.4630977 ], [ 35.3548383, 31.4623912 ], [ 35.352793818057556, 31.460904809723051 ], [ 35.352755142999968, 31.460881314000119 ], [ 35.352311828000154, 31.460601857000029 ], [ 35.351970257000062, 31.460417622000136 ], [ 35.351400495000178, 31.460120195000115 ], [ 35.351052318000029, 31.459912853 ], [ 35.350735502000134, 31.459678422000081 ], [ 35.350513928999987, 31.459479961000056 ], [ 35.350302673000101, 31.459254433000069 ], [ 35.349985919000176, 31.458947705000071 ], [ 35.349648, 31.45866812800017 ], [ 35.349183710000148, 31.458307371000046 ], [ 35.348950862379397, 31.458120881453997 ], [ 35.34798734148594, 31.457502757567976 ], [ 35.347822250000149, 31.457450888000153 ], [ 35.347590157000013, 31.457360804000132 ], [ 35.347303864000082, 31.457190378000064 ], [ 35.346890721589759, 31.456799247186076 ], [ 35.34323243339464, 31.454452359504945 ], [ 35.34279414100007, 31.454211671999985 ], [ 35.342313729000068, 31.453926723000166 ], [ 35.34214966400009, 31.453804712000078 ], [ 35.341792584000018, 31.453548452 ], [ 35.341407094000147, 31.453310544000033 ], [ 35.340985908999983, 31.453054421000104 ], [ 35.340507642000148, 31.452767700999971 ], [ 35.340115114000184, 31.452548186000058 ], [ 35.339693885000031, 31.452255345000083 ], [ 35.339379766000093, 31.452029619000029 ], [ 35.339106861363774, 31.451825592301937 ], [ 35.3388404, 31.4516565 ], [ 35.337195556543364, 31.450599622245537 ], [ 35.33703392700005, 31.450508843000136 ], [ 35.336651632000098, 31.450307485000167 ], [ 35.336295129000177, 31.450092150000046 ], [ 35.335926279000034, 31.449861043 ], [ 35.335557401000074, 31.449608867000109 ], [ 35.335188684000059, 31.449351404000026 ], [ 35.334850564000135, 31.449109764000127 ], [ 35.334505026000159, 31.448850377000042 ], [ 35.334130007000113, 31.448545639000088 ], [ 35.333742675000053, 31.448251338000148 ], [ 35.333630497408258, 31.448168942962166 ], [ 35.3332714, 31.4479256 ], [ 35.3212522, 31.4398331 ], [ 35.3185256, 31.4380814 ], [ 35.317110168972306, 31.437178179920355 ], [ 35.316873571000144, 31.437067570000124 ], [ 35.316598277000082, 31.436930324000116 ], [ 35.316265735000115, 31.436744015000045 ], [ 35.315910174000123, 31.436547858000097 ], [ 35.315543098000092, 31.43634198400008 ], [ 35.315061402000026, 31.436077227000112 ], [ 35.314637121000032, 31.435861533000036 ], [ 35.314384835000112, 31.43571447000005 ], [ 35.314127923000171, 31.435543242999984 ], [ 35.313864300000091, 31.435396119000075 ], [ 35.313554614000054, 31.435209782000015 ], [ 35.313279311000088, 31.435052941000095 ], [ 35.31298177979275, 31.43487364284924 ], [ 35.3115963, 31.4341856 ], [ 35.311007108760649, 31.433803199099042 ], [ 35.310648922000155, 31.433617583 ], [ 35.310396649000154, 31.433470512000042 ], [ 35.310213096000155, 31.433342977000052 ], [ 35.309945782826617, 31.433114370130994 ], [ 35.3054568, 31.4302009 ], [ 35.3011092, 31.4282674 ], [ 35.3003734, 31.4275774 ], [ 35.3000801, 31.4270534 ], [ 35.2993364, 31.4258471 ], [ 35.298334, 31.4252222 ], [ 35.2971949, 31.4245026 ], [ 35.2960656, 31.4237803 ], [ 35.2937705, 31.4223665 ], [ 35.2932491, 31.4220337 ], [ 35.2926317, 31.4214073 ], [ 35.2923918, 31.4211758 ], [ 35.2917694, 31.420448 ], [ 35.2916462, 31.4203223 ], [ 35.2909298, 31.4195027 ], [ 35.289734, 31.4181895 ], [ 35.2890472, 31.4175823 ], [ 35.2879513, 31.4166259 ], [ 35.2867999, 31.4158527 ], [ 35.286354, 31.4155402 ], [ 35.2850877, 31.4147512 ], [ 35.2833553, 31.4140043 ], [ 35.2823388, 31.4135585 ], [ 35.280244295793686, 31.41225819021496 ], [ 35.279842944000166, 31.412061017000042 ], [ 35.279342903999975, 31.411798248000082 ], [ 35.279024172000106, 31.411623669000107 ], [ 35.278603506000081, 31.41136726700006 ], [ 35.278157367000063, 31.411100027000145 ], [ 35.277724061000072, 31.410854549000078 ], [ 35.277313285000048, 31.410634074000029 ], [ 35.277000974000032, 31.410464985000146 ], [ 35.276688668000133, 31.410306815000069 ], [ 35.27620441300013, 31.410034090000124 ], [ 35.275796441000125, 31.409815933000118 ], [ 35.27545864200016, 31.40961408700008 ], [ 35.275178344000039, 31.409395865000192 ], [ 35.274904135000156, 31.409193986000048 ], [ 35.274636503000067, 31.408992103000173 ], [ 35.274381024000149, 31.408783239000115 ], [ 35.273919559000092, 31.408408887000064 ], [ 35.273490638, 31.408048893000114 ], [ 35.273162676000084, 31.407796940000139 ], [ 35.272742168999969, 31.407480202000045 ], [ 35.27229649200018, 31.407113026000047 ], [ 35.271791801000063, 31.406695426000113 ], [ 35.271360951000133, 31.406375376000085 ], [ 35.271195866797356, 31.406239688439509 ], [ 35.2702325, 31.4055604 ], [ 35.2692737, 31.4048016 ], [ 35.26789, 31.4036203 ], [ 35.2658601, 31.4019178 ], [ 35.2643892, 31.4007044 ], [ 35.2640623, 31.4004401 ], [ 35.2621739, 31.3988683 ], [ 35.2614512, 31.398345 ], [ 35.2599953, 31.3973034 ], [ 35.2578311, 31.3957728 ], [ 35.2570661, 31.3953064 ], [ 35.2556038, 31.3944834 ], [ 35.2541377, 31.3936497 ], [ 35.2511965, 31.3920032 ], [ 35.2508923, 31.3919616 ], [ 35.2505681, 31.3918405 ], [ 35.250183, 31.3915543 ], [ 35.2498862, 31.3912297 ], [ 35.2497311, 31.3910939 ], [ 35.2483505, 31.3900674 ], [ 35.2469009, 31.388861 ], [ 35.2440104, 31.3864088 ], [ 35.2426613, 31.385182 ], [ 35.2388852, 31.381513 ], [ 35.237582, 31.3802901 ], [ 35.2344566, 31.3777949 ], [ 35.232994, 31.376656 ], [ 35.2314132, 31.3754512 ], [ 35.2304749, 31.3747671 ], [ 35.2297537, 31.3742413 ], [ 35.229736466100896, 31.374230166035787 ], [ 35.22909603100004, 31.374025547000144 ], [ 35.228493031000028, 31.373818538000023 ], [ 35.228089773000079, 31.373671745000024 ], [ 35.227758140000105, 31.373595969000121 ], [ 35.227459847000034, 31.373506024000051 ], [ 35.227100613000118, 31.373382899000092 ], [ 35.226658599000132, 31.373255062000112 ], [ 35.226293952000105, 31.373160402000053 ], [ 35.225879536999969, 31.373065676000067 ], [ 35.225264569000103, 31.372936796000033 ], [ 35.224761790000173, 31.372818469000094 ], [ 35.224485541748926, 31.372725828061107 ], [ 35.2239482, 31.3727181 ], [ 35.2178199, 31.3723981 ], [ 35.209358508723632, 31.37199447384506 ], [ 35.208654786000068, 31.371982244000094 ], [ 35.20833220500009, 31.371974272000159 ], [ 35.208297486000163, 31.371973414000081 ], [ 35.207878556000139, 31.371963055000037 ], [ 35.207550064000145, 31.371924642000124 ], [ 35.207355926000048, 31.371873409999978 ], [ 35.207117114000027, 31.371809421000137 ], [ 35.206973366608921, 31.371769172169667 ], [ 35.2067654, 31.3717438 ], [ 35.205789422421333, 31.371603652308444 ], [ 35.205530834000058, 31.371584786000085 ], [ 35.205194953000046, 31.371539955 ], [ 35.204874020000091, 31.371488781000039 ], [ 35.204621125452562, 31.371435888082296 ], [ 35.203484, 31.3712726 ], [ 35.200435, 31.3706282 ], [ 35.1981394, 31.3699044 ], [ 35.1969138, 31.3693964 ], [ 35.1947427, 31.3687785 ], [ 35.1935154, 31.3684791 ], [ 35.1921785, 31.3682416 ], [ 35.1900412, 31.3678468 ], [ 35.1866708, 31.36744 ], [ 35.1863225, 31.3674056 ], [ 35.1843616, 31.3669312 ], [ 35.1808385, 31.3659475 ], [ 35.1786851, 31.365145 ], [ 35.177009522219969, 31.364593612013657 ], [ 35.176963928000021, 31.364583616000061 ], [ 35.17656092500016, 31.364511633000063 ], [ 35.175638160000119, 31.364336698999978 ], [ 35.174919029000023, 31.364213183000061 ], [ 35.174679261999984, 31.36418225400007 ], [ 35.174451637000118, 31.364171970000143 ], [ 35.173804407000034, 31.364140916000053 ], [ 35.172641837000072, 31.364048118000028 ], [ 35.171719032000055, 31.363996392000161 ], [ 35.170890985000028, 31.363958786000069 ], [ 35.170832908000079, 31.363956146000021 ], [ 35.170808212000168, 31.363955023000017 ], [ 35.169765506000033, 31.36393410900007 ], [ 35.169282109946799, 31.363923214732949 ], [ 35.169162792594001, 31.363922542790515 ], [ 35.168912802000193, 31.363949257000115 ], [ 35.168481334000035, 31.364006044000064 ], [ 35.167750973000068, 31.364043773000105 ], [ 35.166943269000058, 31.36405293200005 ], [ 35.16648966200006, 31.364043330000129 ], [ 35.165648828000144, 31.363957628000151 ], [ 35.165015368490295, 31.363899186336717 ], [ 35.1635262, 31.3638908 ], [ 35.163242869933796, 31.363835181927438 ], [ 35.163181455000029, 31.363833403000115 ], [ 35.162606183000037, 31.363766737000105 ], [ 35.162074304000157, 31.363655396000183 ], [ 35.162058526000067, 31.363652093000042 ], [ 35.162006962000078, 31.363641293000171 ], [ 35.161313264027541, 31.363456397696197 ], [ 35.1609577, 31.3633866 ], [ 35.1563995, 31.3625163 ], [ 35.156188977068787, 31.362459635243574 ], [ 35.15611615600011, 31.362446992000059 ], [ 35.155824034000091, 31.362377248000143 ], [ 35.155710679000038, 31.36235020100014 ], [ 35.155158338000092, 31.362218413000051 ], [ 35.154023320000135, 31.361989749000145 ], [ 35.152994584000112, 31.361730753000188 ], [ 35.152143336, 31.361547862000066 ], [ 35.151114558000188, 31.361364880000053 ], [ 35.150422918000118, 31.361227642000074 ], [ 35.149695663000102, 31.361060014000032 ], [ 35.148986329000024, 31.360861947999979 ], [ 35.147979623000026, 31.360604617000092 ], [ 35.147585899000148, 31.360469413000089 ], [ 35.146908969000094, 31.360212519000186 ], [ 35.146279155, 31.35998263100015 ], [ 35.145350173000054, 31.359685083000045 ], [ 35.144351423000046, 31.359356981000076 ], [ 35.143406699000025, 31.359045884000182 ], [ 35.142808374000026, 31.358897028000115 ], [ 35.142162990000088, 31.358653652000044 ], [ 35.141596114000038, 31.358396789000039 ], [ 35.140777696000043, 31.357869705000155 ], [ 35.140062750000027, 31.357397516000049 ], [ 35.140032171000087, 31.357377320000182 ], [ 35.139754614000083, 31.357193963000157 ], [ 35.139014801000087, 31.356761469000105 ], [ 35.138900272357823, 31.356693641981163 ], [ 35.1384926, 31.3565446 ], [ 35.1367057, 31.3559067 ], [ 35.1348333, 31.3552879 ], [ 35.1327568, 31.3552259 ], [ 35.1295177, 31.3552172 ], [ 35.127657565489748, 31.3552172 ], [ 35.127481811000109, 31.355234092000103 ], [ 35.127213113000096, 31.355278868000084 ], [ 35.126964131000079, 31.355306747000157 ], [ 35.126564395000059, 31.355340233000106 ], [ 35.126046764000137, 31.35535672900005 ], [ 35.125555240000153, 31.355378875000099 ], [ 35.12488025100015, 31.355434576000164 ], [ 35.124607624000078, 31.35546314000004 ], [ 35.123984994000068, 31.355547056000091 ], [ 35.123054410000179, 31.355675640000072 ], [ 35.122412268000119, 31.355725717000041 ], [ 35.121861759000126, 31.355775922000191 ], [ 35.121370226000067, 31.355803690000187 ], [ 35.121146332000023, 31.355815939000024 ], [ 35.121138829000188, 31.355816350000168 ], [ 35.120963927000105, 31.355825880000054 ], [ 35.120387295000171, 31.35588726400016 ], [ 35.120007067000188, 31.355948788000092 ], [ 35.119305935000057, 31.356032556000116 ], [ 35.118971716000033, 31.356066065000107 ], [ 35.118539954000028, 31.35609456800006 ], [ 35.118107510000129, 31.35615041200009 ], [ 35.117851945000041, 31.356189543000028 ], [ 35.117484874000127, 31.35622866000017 ], [ 35.117196484000033, 31.356250924000051 ], [ 35.116790165000111, 31.356289942000046 ], [ 35.116624047181055, 31.356303070839463 ], [ 35.1139622, 31.3566993 ], [ 35.1105746, 31.3567764 ], [ 35.1102895, 31.3567829 ], [ 35.108381670454079, 31.35643130647491 ], [ 35.108289356000114, 31.356418563000148 ], [ 35.107889669000144, 31.356395761000044 ], [ 35.107360901000106, 31.356377998000085 ], [ 35.106980891000092, 31.356383324000149 ], [ 35.106613878000189, 31.356366111000057 ], [ 35.106155282000088, 31.356303939000099 ], [ 35.105746711312804, 31.356263550979428 ], [ 35.10519, 31.3562531 ], [ 35.1000902, 31.3558269 ], [ 35.09944488660895, 31.355775341549187 ], [ 35.099260000000129, 31.355776148000189 ], [ 35.09867685200004, 31.355781272000058 ], [ 35.098132932000112, 31.355803267000056 ], [ 35.097785570000156, 31.35583670900013 ], [ 35.097372684000106, 31.355870021000044 ], [ 35.096875880000027, 31.355903045000105 ], [ 35.096843708000051, 31.355905194000059 ], [ 35.096789495999985, 31.355908816000181 ], [ 35.095950582000057, 31.355975491000095 ], [ 35.09513139500001, 31.356025340000031 ], [ 35.094502387000034, 31.356064084000025 ], [ 35.093932981000194, 31.35610978200009 ], [ 35.093526655000119, 31.356148726000129 ], [ 35.09296315600011, 31.356198797000104 ], [ 35.092510853000078, 31.356232056000067 ], [ 35.091790045000153, 31.356270700999971 ], [ 35.09141657400005, 31.356298463000144 ], [ 35.091029815000127, 31.356314940000175 ], [ 35.090640262000136, 31.356331835000049 ], [ 35.090417426000158, 31.356325986000058 ], [ 35.089598276000061, 31.3563421180001 ], [ 35.089165715000092, 31.356347270000185 ], [ 35.088641474000156, 31.356386084 ], [ 35.088018859000044, 31.356430441000043 ], [ 35.087620018595182, 31.356440145671165 ], [ 35.0859671, 31.3567408 ], [ 35.085311, 31.3567588 ], [ 35.084092668580631, 31.356778830001797 ], [ 35.083974946000012, 31.356793573000061 ], [ 35.083711159000131, 31.35682861100014 ], [ 35.083439018000092, 31.356849548000184 ], [ 35.082985722000046, 31.356884464000075 ], [ 35.082144846000119, 31.356933079999976 ], [ 35.081543092000061, 31.356967771000086 ], [ 35.080611730000101, 31.357016355000042 ], [ 35.079647638000097, 31.357069400000057 ], [ 35.079626163000171, 31.357070582000176 ], [ 35.079337770000052, 31.357086490000086 ], [ 35.078595903, 31.35714230300016 ], [ 35.07809297100016, 31.357205336000163 ], [ 35.077507739000055, 31.357282512000154 ], [ 35.076699813000175, 31.357366429000081 ], [ 35.076048587000116, 31.357429367000123 ], [ 35.07510059800012, 31.357499031000032 ], [ 35.074136218999968, 31.357547464000049 ], [ 35.073462517, 31.357589930000188 ], [ 35.073033849000069, 31.357624840000028 ], [ 35.072531134000144, 31.357645503000072 ], [ 35.072193166000091, 31.357645135000041 ], [ 35.071657433000041, 31.357672803000185 ], [ 35.071088505000034, 31.357714599000076 ], [ 35.070544540000071, 31.357756417000189 ], [ 35.069967452000128, 31.357762826000055 ], [ 35.069497780000177, 31.357762305000108 ], [ 35.069036173000086, 31.357747628000084 ], [ 35.068367638999973, 31.357738426000026 ], [ 35.066915880000067, 31.35776088900019 ], [ 35.065758144000029, 31.35774188900001 ], [ 35.06508634, 31.357723364000037 ], [ 35.064476477000085, 31.357687221000106 ], [ 35.063670382000112, 31.35764197200001 ], [ 35.062967500000013, 31.357650034000187 ], [ 35.062037168000131, 31.357657827000025 ], [ 35.06098584924851, 31.357662103608853 ], [ 35.0591293, 31.3577704 ], [ 35.0528239, 31.3581489 ], [ 35.0498851, 31.3579457 ], [ 35.0497755, 31.3579826 ], [ 35.0496632, 31.3580126 ], [ 35.0495487, 31.3580357 ], [ 35.0494325, 31.3580517 ], [ 35.0493153, 31.3580607 ], [ 35.0491977, 31.3580624 ], [ 35.0490802, 31.3580569 ], [ 35.0489635, 31.3580443 ], [ 35.0488481, 31.3580246 ], [ 35.0487346, 31.3579978 ], [ 35.0481713, 31.3578193 ], [ 35.047728152217282, 31.357807944998036 ], [ 35.047711994000053, 31.357810159000167 ], [ 35.047553491000031, 31.357826585000112 ], [ 35.047530685000083, 31.357828952000034 ], [ 35.047205440000084, 31.357862707999971 ], [ 35.04668854200014, 31.357915171000172 ], [ 35.046171672000185, 31.35794994500003 ], [ 35.045348379000188, 31.357976641000107 ], [ 35.044779795000181, 31.358002464000037 ], [ 35.04411823099997, 31.358045922000031 ], [ 35.043342875000121, 31.358080346000065 ], [ 35.043012131000125, 31.358079910000185 ], [ 35.042371320000143, 31.358087944000147 ], [ 35.042341595000096, 31.358088339000119 ], [ 35.042313511000032, 31.358088713000143 ], [ 35.041771726999968, 31.358096028000091 ], [ 35.041079155000091, 31.358121670000116 ], [ 35.039900795999984, 31.35815553700013 ], [ 35.039264072000094, 31.35817293000008 ], [ 35.038406111000029, 31.358207215000164 ], [ 35.037579251000011, 31.358206093000092 ], [ 35.036803940000084, 31.358213912999986 ], [ 35.036390641000082, 31.3581867850001 ], [ 35.035828231000096, 31.358159167999986 ], [ 35.035156381000093, 31.358167049000031 ], [ 35.034143424000035, 31.35818340600008 ], [ 35.033679673333211, 31.358181789988016 ], [ 35.0299981, 31.3588095 ], [ 35.0258685, 31.3591365 ], [ 35.0239793, 31.3591776 ], [ 35.020919, 31.3592443 ], [ 35.0121655, 31.3584242 ], [ 35.0092099, 31.3580866 ], [ 35.0027247, 31.3571809 ], [ 34.9998418, 31.3567536 ], [ 34.997582256018667, 31.355936514842284 ], [ 34.997398723000117, 31.355891990000032 ], [ 34.996655463000081, 31.355751652000095 ], [ 34.996006686000101, 31.355657833000066 ], [ 34.995209400000078, 31.355517395 ], [ 34.994344694000119, 31.355346894000036 ], [ 34.994317527000078, 31.355341537000186 ], [ 34.994258189000163, 31.355329837000113 ], [ 34.993609606, 31.355154833000029 ], [ 34.993136928000183, 31.354968572000189 ], [ 34.992637156000058, 31.354782192000187 ], [ 34.992272294000031, 31.354700464000189 ], [ 34.991704677000087, 31.354595137999979 ], [ 34.991007457000137, 31.354436809000106 ], [ 34.99037445600004, 31.354245179000088 ], [ 34.990346628000054, 31.354236755000102 ], [ 34.990237175000175, 31.354203588000132 ], [ 34.989683113000126, 31.354063467000174 ], [ 34.989196462000109, 31.353958269000145 ], [ 34.988439461999974, 31.353806162000069 ], [ 34.987939377000089, 31.353689381000095 ], [ 34.98735817000005, 31.353572383000028 ], [ 34.987047316000087, 31.353502220000166 ], [ 34.986645163000105, 31.353361227000107 ], [ 34.986145218000047, 31.353186376000167 ], [ 34.98546943600013, 31.352999657000055 ], [ 34.984861196000054, 31.352859420000073 ], [ 34.984388216000184, 31.35274267 ], [ 34.983495979000168, 31.352567116000046 ], [ 34.983186707000129, 31.352523933000157 ], [ 34.983159015000183, 31.352520065000192 ], [ 34.982739050000134, 31.352461410000046 ], [ 34.98194145500014, 31.352332376000163 ], [ 34.981062829000109, 31.352168451000011 ], [ 34.980495105000045, 31.352051519000099 ], [ 34.980157137000106, 31.351992918000178 ], [ 34.979859785000031, 31.351911209000036 ], [ 34.979170385000032, 31.351793979000149 ], [ 34.978894769000135, 31.351755850000075 ], [ 34.978486242000145, 31.351677247000055 ], [ 34.978005144000122, 31.351528330000065 ], [ 34.977383603000135, 31.351330958000119 ], [ 34.976611954000134, 31.351142608000146 ], [ 34.976085385000033, 31.35105596000011 ], [ 34.975041212000065, 31.350843706000092 ], [ 34.97422413400011, 31.350701975 ], [ 34.973570248000044, 31.350638473000117 ], [ 34.973152637, 31.350583159000109 ], [ 34.972916540000085, 31.350504859000068 ], [ 34.972638655000139, 31.350456495000117 ], [ 34.972329800000068, 31.35044817000005 ], [ 34.971930217000136, 31.350408455000093 ], [ 34.971657913000172, 31.350361230000146 ], [ 34.971113028000104, 31.350313420000134 ], [ 34.970704313000113, 31.350312652000071 ], [ 34.97022287600015, 31.35030399700014 ], [ 34.969768657000145, 31.350310889000184 ], [ 34.969042076000164, 31.350293943000167 ], [ 34.968233680000083, 31.350292409000076 ], [ 34.967379718000132, 31.350321929000188 ], [ 34.967007317000139, 31.350313467000035 ], [ 34.966680420000159, 31.350297271000102 ], [ 34.966280838000159, 31.350257538000108 ], [ 34.965455936000126, 31.350162947000172 ], [ 34.964774823000141, 31.350091527000131 ], [ 34.964093690000027, 31.350027854000132 ], [ 34.963494351000065, 31.349956584000097 ], [ 34.963176589000057, 31.349901501000033 ], [ 34.962813610000126, 31.349807293000083 ], [ 34.962060189000056, 31.349634463000143 ], [ 34.961424610000165, 31.349547542000153 ], [ 34.960997777999978, 31.349507743000174 ], [ 34.960579932000087, 31.349483603000124 ], [ 34.959962560000122, 31.349404459000141 ], [ 34.959300707000182, 31.349318250000181 ], [ 34.959045783129248, 31.349294601123027 ], [ 34.9577094, 31.3492493 ], [ 34.9559759, 31.3490876 ], [ 34.952782, 31.3485092 ], [ 34.951104, 31.3481967 ], [ 34.950580458434786, 31.348099194157779 ], [ 34.950245710000161, 31.348063697000043 ], [ 34.949797428000181, 31.348005427000032 ], [ 34.949595990000034, 31.347990783000057 ], [ 34.949572194000041, 31.347989058000167 ], [ 34.949308853000161, 31.347969971000111 ], [ 34.948947521000093, 31.347940553000171 ], [ 34.948733543000174, 31.347888394 ], [ 34.948465172000112, 31.347851203000062 ], [ 34.947863773000165, 31.347822486000041 ], [ 34.947382976000085, 31.34776646500012 ], [ 34.946934148000082, 31.347669287000087 ], [ 34.946381220000148, 31.347571893 ], [ 34.945764070000052, 31.34748119700015 ], [ 34.945307287, 31.347411477000094 ], [ 34.944658157000106, 31.347307041000136 ], [ 34.94414521900012, 31.347237201000041 ], [ 34.943784499000117, 31.34716767700013 ], [ 34.943226221000145, 31.347047708000105 ], [ 34.942857736000121, 31.346936876000143 ], [ 34.942313000000183, 31.346791354000175 ], [ 34.942023163000044, 31.346736170000042 ], [ 34.942008017000035, 31.346733286000187 ], [ 34.941984443000081, 31.346728798000186 ], [ 34.941471432000185, 31.346686425000144 ], [ 34.940966343000184, 31.346630400000038 ], [ 34.940766136000093, 31.346588685000029 ], [ 34.940573890000167, 31.346519508000085 ], [ 34.940069323000046, 31.346339678000106 ], [ 34.939436471000079, 31.346118352000133 ], [ 34.938940587000104, 31.345946428000104 ], [ 34.938437226000133, 31.345748908000076 ], [ 34.938093900000126, 31.345630364000044 ], [ 34.937750622000124, 31.345551066000041 ], [ 34.937327136000079, 31.345442071000036 ], [ 34.936812003, 31.345342742000071 ], [ 34.93635408800003, 31.345273060000181 ], [ 34.935518613000113, 31.345114131000059 ], [ 34.935198104000165, 31.34505446300011 ], [ 34.934797527000114, 31.344975034000186 ], [ 34.934591438000041, 31.344925476000185 ], [ 34.934374107999986, 31.344846440000026 ], [ 34.93360082200013, 31.344536424000125 ], [ 34.93259385000016, 31.344239562999974 ], [ 34.931941835000089, 31.344012239 ], [ 34.93115214200003, 31.34381406600005 ], [ 34.930847296000081, 31.343732334000038 ], [ 34.930669624000075, 31.343684698000175 ], [ 34.930339686000138, 31.343596248000154 ], [ 34.928852012000164, 31.343229602000179 ], [ 34.928291381000065, 31.343142048000061 ], [ 34.928267405000042, 31.343138302000114 ], [ 34.927066235000098, 31.342950635000136 ], [ 34.926367913000092, 31.342840994000028 ], [ 34.925532044000079, 31.342770432 ], [ 34.924172102, 31.342687694000119 ], [ 34.923699286700263, 31.342697323233651 ], [ 34.9231127, 31.3430611 ], [ 34.922672, 31.3432077 ], [ 34.9222245, 31.3432429 ], [ 34.92087305269407, 31.343389809915482 ], [ 34.920682934000183, 31.343492950000154 ], [ 34.920315230000085, 31.343728162000048 ], [ 34.920069929000135, 31.343937439000058 ], [ 34.919487702000026, 31.344303361000129 ], [ 34.918783062000159, 31.344695212000147 ], [ 34.918078335000018, 31.345060776000025 ], [ 34.917380810000168, 31.345379073000117 ], [ 34.917035726448745, 31.345567709947929 ], [ 34.9169884, 31.3456185 ], [ 34.9127647, 31.3492346 ], [ 34.9121432, 31.3496208 ], [ 34.9113922, 31.3499085 ], [ 34.911068058549901, 31.34994365702654 ], [ 34.91089299500004, 31.350104471000122 ], [ 34.91088839300005, 31.350108688000034 ], [ 34.910864999000069, 31.350130124000032 ], [ 34.910709281000152, 31.350351290000049 ], [ 34.910673712000118, 31.350690905000192 ], [ 34.910707162000051, 31.35101588100008 ], [ 34.910825642000077, 31.351452106000181 ], [ 34.910946776000173, 31.351996771000017 ], [ 34.910954994000122, 31.352033720000179 ], [ 34.911029300000052, 31.352368235000029 ], [ 34.911113443000033, 31.353018230000089 ], [ 34.911163266000131, 31.353564779000124 ], [ 34.911075996000193, 31.353948519000028 ], [ 34.910919893000141, 31.354287852000141 ], [ 34.910738754000192, 31.354548908000083 ], [ 34.910732878000033, 31.354557385000135 ], [ 34.910694869, 31.354612220000149 ], [ 34.910418138000125, 31.354980789000024 ], [ 34.910404585825013, 31.35499739850869 ], [ 34.909792, 31.3563778 ], [ 34.9097161, 31.3564986 ], [ 34.9086594, 31.3570564 ], [ 34.9070711, 31.3579038 ], [ 34.9059176, 31.3585409 ], [ 34.904730073648309, 31.359253565363922 ], [ 34.904501444000118, 31.359413020000034 ], [ 34.903989144000036, 31.359740634000104 ], [ 34.903472229000158, 31.360073310000132 ], [ 34.902959718000091, 31.360413039000093 ], [ 34.902561413000114, 31.360631286000114 ], [ 34.902120328000137, 31.360873735000155 ], [ 34.901947252000184, 31.360954579000122 ], [ 34.901943842000094, 31.360956172000158 ], [ 34.901714143692608, 31.361063503152977 ], [ 34.901595855662485, 31.361134490867833 ], [ 34.901309215000083, 31.361322375000157 ], [ 34.901108217000115, 31.361466970000151 ], [ 34.901103549000084, 31.361470329000156 ], [ 34.900853716000142, 31.361650117000124 ], [ 34.900680040000168, 31.361776243000065 ], [ 34.900675855000088, 31.361779282000043 ], [ 34.900469323000038, 31.36192926800004 ], [ 34.900027905000115, 31.362269160000096 ], [ 34.899615015000052, 31.362572619000048 ], [ 34.89928743400003, 31.36280321800001 ], [ 34.898931524000091, 31.363058054000135 ], [ 34.898570250000034, 31.363295614000094 ], [ 34.898171718000071, 31.363525966000168 ], [ 34.897915566000052, 31.363659355000095 ], [ 34.897588263000046, 31.363853379000147 ], [ 34.89723230400017, 31.364120401000037 ], [ 34.896847647000016, 31.364472610000121 ], [ 34.896491439000044, 31.364812771000118 ], [ 34.896119245000193, 31.365168037000046 ], [ 34.895732742000064, 31.3654315980001 ], [ 34.895345968000072, 31.365774565000152 ], [ 34.89497454300016, 31.366143924000028 ], [ 34.894494870000131, 31.366566000000148 ], [ 34.894015236000087, 31.366974828000025 ], [ 34.893519804000107, 31.367489378000187 ], [ 34.893052270000169, 31.367959884000186 ], [ 34.892510899000058, 31.368408221999971 ], [ 34.892488044199986, 31.368431598481017 ], [ 34.8923281, 31.3686671 ], [ 34.8911269, 31.3704076 ], [ 34.890320684746378, 31.371616237233553 ], [ 34.89027814700006, 31.371709118000069 ], [ 34.890138233000187, 31.372039443000119 ], [ 34.889828112000032, 31.372528020000175 ], [ 34.889667077000126, 31.372790225000074 ], [ 34.889662079000061, 31.372798359000058 ], [ 34.889470529, 31.373110119000103 ], [ 34.889386784525442, 31.373268390518621 ], [ 34.888983130242991, 31.374354628728145 ], [ 34.888973330000169, 31.374412262000078 ], [ 34.888929962000134, 31.374750088000155 ], [ 34.888872633000119, 31.375039540000103 ], [ 34.88874496000011, 31.375340933000132 ], [ 34.888588915000071, 31.37567847400004 ], [ 34.888404285000092, 31.376160741000092 ], [ 34.888247741999976, 31.376643074000128 ], [ 34.888148113, 31.376956589000031 ], [ 34.888032975999977, 31.377241597000136 ], [ 34.88787676000004, 31.377627401000098 ], [ 34.887663372000134, 31.378254390000052 ], [ 34.887492651000116, 31.378797076000183 ], [ 34.887378353000088, 31.379267468000023 ], [ 34.887278552999987, 31.379629247000025 ], [ 34.887178670000026, 31.38001519200003 ], [ 34.887092663000089, 31.38047353800016 ], [ 34.887020613000175, 31.380931917000169 ], [ 34.886948731000075, 31.381390368000154 ], [ 34.886875261000057, 31.381737416000078 ], [ 34.886761705000083, 31.381990507000182 ], [ 34.886648064000156, 31.382267836000096 ], [ 34.886480860000177, 31.382596185000182 ], [ 34.886288007000132, 31.382978793000063 ], [ 34.88612742100014, 31.38329299500009 ], [ 34.885918869000136, 31.383607075000157 ], [ 34.885774049000077, 31.383921388000147 ], [ 34.885667273000081, 31.384154144000036 ], [ 34.885662823000075, 31.384163844000113 ], [ 34.885589170000117, 31.384324449000189 ], [ 34.885340506000148, 31.384693174000063 ], [ 34.885149532000185, 31.384910060000038 ], [ 34.885141615000123, 31.384919060000072 ], [ 34.885133820000078, 31.384927152000046 ], [ 34.884808265000061, 31.385265090000132 ], [ 34.884528060000093, 31.385537976000137 ], [ 34.884367798000142, 31.385708577000116 ], [ 34.884239426000192, 31.385920266000142 ], [ 34.884039076000136, 31.38618652100007 ], [ 34.883678675000056, 31.386561790000087 ], [ 34.883541911618906, 31.386703298483862 ], [ 34.883228, 31.3871796 ], [ 34.881848, 31.3894094 ], [ 34.8815456, 31.3899368 ], [ 34.8812741, 31.3903493 ], [ 34.88062938990241, 31.39139657704753 ], [ 34.880606648000139, 31.391516969 ], [ 34.880544776000193, 31.392060489000073 ], [ 34.880551435000143, 31.392596714000092 ], [ 34.880643589000101, 31.393206724000152 ], [ 34.88075208500004, 31.393654434000041 ], [ 34.880946828000049, 31.394338130000108 ], [ 34.881056430000058, 31.394845310000164 ], [ 34.881143189000056, 31.395249006000029 ], [ 34.881147762000182, 31.39527028599997 ], [ 34.881182841000111, 31.395433353000044 ], [ 34.881335534000073, 31.395881881000037 ], [ 34.881540557000051, 31.396305883000139 ], [ 34.881837638000036, 31.397136750000072 ], [ 34.882193586000028, 31.398283719000176 ], [ 34.882448524000154, 31.399236445000156 ], [ 34.882601178000186, 31.399699626000029 ], [ 34.882847778000155, 31.400265924000166 ], [ 34.883000563000053, 31.40069239200011 ], [ 34.883127580000178, 31.401111469000057 ], [ 34.883271643000114, 31.401589355000112 ], [ 34.88338229600015, 31.401990703000138 ], [ 34.883501056000171, 31.402328870000133 ], [ 34.883672852000188, 31.402676682000106 ], [ 34.884019611000042, 31.403407477000087 ], [ 34.884258188000103, 31.403875950000042 ], [ 34.884387675000085, 31.404344213000172 ], [ 34.884515307000186, 31.405299005000131 ], [ 34.88463690517586, 31.405958395826755 ], [ 34.8866362, 31.4111663 ], [ 34.8868308, 31.4115837 ], [ 34.8876285, 31.4132943 ], [ 34.888728669405417, 31.415348896149656 ], [ 34.888895318000095, 31.415547859000071 ], [ 34.888910734000149, 31.41556626400012 ], [ 34.889181252000128, 31.415889164000191 ], [ 34.889333083000167, 31.416226422000193 ], [ 34.889615558, 31.416657579000059 ], [ 34.890072008000118, 31.417295059000026 ], [ 34.890683779000028, 31.418358230000024 ], [ 34.890925028000026, 31.418691060000185 ], [ 34.891156439000042, 31.419065364000062 ], [ 34.891348994000111, 31.419414697000093 ], [ 34.891657746000078, 31.41985564099997 ], [ 34.891985505000093, 31.420363073000033 ], [ 34.892372718000047, 31.421025668000084 ], [ 34.892690556000048, 31.421649407000075 ], [ 34.89294032000015, 31.422189970000147 ], [ 34.892943587000161, 31.422195967 ], [ 34.892978986000116, 31.422269062000112 ], [ 34.893162101000087, 31.422647181000059 ], [ 34.893316000000141, 31.422963227000082 ], [ 34.893362092551449, 31.423057288928764 ], [ 34.8936224, 31.4235217 ], [ 34.8940584, 31.4247707 ], [ 34.8942227, 31.4253735 ], [ 34.8943992, 31.4259737 ], [ 34.8945878, 31.4265712 ], [ 34.8947887, 31.4271657 ], [ 34.8950016, 31.4277572 ], [ 34.8951861, 31.4282424 ], [ 34.8957715, 31.4297019 ], [ 34.895826066491452, 31.42983075536322 ], [ 34.896074156000054, 31.430276223000135 ], [ 34.896093814000096, 31.430316751000134 ], [ 34.896135200000174, 31.430402075000075 ], [ 34.896319962000177, 31.43078330100019 ], [ 34.89649714899997, 31.431219609000038 ], [ 34.896502364000185, 31.431232868000166 ], [ 34.896516192000036, 31.43126773500012 ], [ 34.896660773, 31.431632277000062 ], [ 34.896661547738383, 31.431634512505862 ], [ 34.8974012, 31.4329681 ], [ 34.8979114, 31.4336576 ], [ 34.898642, 31.4347715 ], [ 34.8989604, 31.4354668 ], [ 34.8990405, 31.4356662 ], [ 34.8991246, 31.4358643 ], [ 34.8992128, 31.4360611 ], [ 34.899305, 31.4362566 ], [ 34.8993793, 31.4364073 ], [ 34.8998166, 31.4371041 ], [ 34.9003885, 31.4377251 ], [ 34.9005102, 31.4378254 ], [ 34.9007665, 31.4380367 ], [ 34.9035162, 31.4402728 ], [ 34.9039104, 31.440599 ], [ 34.9042979, 31.440931 ], [ 34.9046786, 31.4412688 ], [ 34.9051451, 31.4417319 ], [ 34.9054191, 31.4419613 ], [ 34.9057787, 31.4423157 ], [ 34.9058725, 31.4424103 ], [ 34.9065389, 31.4430971 ], [ 34.9072861, 31.4438969 ], [ 34.9078293, 31.4445003 ], [ 34.9084378, 31.4451986 ], [ 34.9086064, 31.4453991 ], [ 34.9087708, 31.445602 ], [ 34.9089311, 31.4458074 ], [ 34.9090871, 31.4460152 ], [ 34.9092389, 31.4462253 ], [ 34.9093864, 31.4464376 ], [ 34.9095296, 31.4466521 ], [ 34.9095909, 31.4467466 ], [ 34.9097901, 31.4470505 ], [ 34.9099955, 31.4473513 ], [ 34.9102069, 31.447649 ], [ 34.9104244, 31.4479434 ], [ 34.9106479, 31.4482346 ], [ 34.9108772, 31.4485224 ], [ 34.9111124, 31.4488067 ], [ 34.9113533, 31.4490875 ], [ 34.9115242, 31.4492805 ], [ 34.912702, 31.4505118 ], [ 34.9148052, 31.4527569 ], [ 34.9181709, 31.4562334 ], [ 34.9196128, 31.4575969 ], [ 34.9216396, 31.4598862 ], [ 34.9221361, 31.4606017 ], [ 34.9222866, 31.4608269 ], [ 34.9224416, 31.4610498 ], [ 34.9226012, 31.4612703 ], [ 34.9227652, 31.4614885 ], [ 34.9229336, 31.4617041 ], [ 34.9231064, 31.4619172 ], [ 34.9232835, 31.4621277 ], [ 34.9234649, 31.4623354 ], [ 34.9235656, 31.4624477 ], [ 34.923775380820949, 31.462726182316526 ], [ 34.923913525000046, 31.462862112000039 ], [ 34.924010193000015, 31.46297310000017 ], [ 34.924053108000123, 31.463022372000182 ], [ 34.924148454000033, 31.463131941000086 ], [ 34.92431805800004, 31.463367870000184 ], [ 34.924552888000107, 31.463671310000052 ], [ 34.924774704000129, 31.463929904000111 ], [ 34.924970819000123, 31.464098603000139 ], [ 34.925140533000103, 31.464244839000173 ], [ 34.925358841000048, 31.46441513700006 ], [ 34.925642881000101, 31.464649419000068 ], [ 34.925891339000088, 31.464853114000107 ], [ 34.926080232000174, 31.465127839000047 ], [ 34.926280684000062, 31.465493977000108 ], [ 34.926481395000053, 31.46582967500018 ], [ 34.926764631000026, 31.466277309000077 ], [ 34.927000643000042, 31.466684109000028 ], [ 34.927189551000026, 31.467009635000124 ], [ 34.927307355000153, 31.467253690000177 ], [ 34.92742497200004, 31.467558695000093 ], [ 34.927530796000099, 31.467904328000145 ], [ 34.927648414000032, 31.468209329000103 ], [ 34.927780480000138, 31.468522399000051 ], [ 34.928004602000044, 31.468949535000036 ], [ 34.928193047000093, 31.469376592000117 ], [ 34.928334451000069, 31.469702009000116 ], [ 34.928546390000122, 31.4701900660001 ], [ 34.928711565000185, 31.470485028000155 ], [ 34.928912143000105, 31.470871523000085 ], [ 34.929088819000128, 31.471278260000076 ], [ 34.929289186000119, 31.471735781000177 ], [ 34.929448343000047, 31.472010435000186 ], [ 34.929483817000119, 31.472071571000072 ], [ 34.929525059000184, 31.472142647999988 ], [ 34.929636649908907, 31.472379969619016 ], [ 34.9300529, 31.4730272 ], [ 34.9305343, 31.4738077 ], [ 34.9305976, 31.4739128 ], [ 34.9306972, 31.4740824 ], [ 34.9307933, 31.4742534 ], [ 34.930886, 31.4744258 ], [ 34.9309751, 31.4745996 ], [ 34.9310607, 31.4747747 ], [ 34.9311427, 31.474951 ], [ 34.9312211, 31.4751285 ], [ 34.9312272, 31.4751428 ], [ 34.9313812, 31.4754931 ], [ 34.9315424, 31.475841 ], [ 34.9317106, 31.4761865 ], [ 34.9318858, 31.4765294 ], [ 34.932068, 31.4768696 ], [ 34.932257, 31.4772071 ], [ 34.9323604, 31.4773855 ], [ 34.9326343, 31.4778628 ], [ 34.9328984, 31.4783442 ], [ 34.9331526, 31.4788294 ], [ 34.9332922, 31.4791058 ], [ 34.9336824, 31.4798708 ], [ 34.9340883, 31.4806298 ], [ 34.9345095, 31.4813827 ], [ 34.9345939, 31.4815296 ], [ 34.9350736, 31.4823795 ], [ 34.9355359, 31.4832364 ], [ 34.9359796, 31.484098 ], [ 34.936024717000457, 31.484185581150967 ], [ 34.936161667000192, 31.484384548000037 ], [ 34.936203308000188, 31.484427251000113 ], [ 34.93621413, 31.484438350000062 ], [ 34.936476778000099, 31.484707443 ], [ 34.936686371000121, 31.485068651000063 ], [ 34.93694084800012, 31.485546002000035 ], [ 34.93713563100016, 31.485855672000071 ], [ 34.937375471999985, 31.486165508000113 ], [ 34.937585260000162, 31.486462314000164 ], [ 34.937884693000115, 31.48697837300017 ], [ 34.938139291000084, 31.48741704300005 ], [ 34.938334045000033, 31.487739673000078 ], [ 34.938468799000134, 31.487997635000113 ], [ 34.938633223000068, 31.488345920000086 ], [ 34.93885762300016, 31.488823203000038 ], [ 34.939082364, 31.489184511000076 ], [ 34.939366830000097, 31.489649029000134 ], [ 34.939585290000082, 31.491838133999977 ], [ 34.939642414000161, 31.49204576000011 ], [ 34.93973402600011, 31.492268327000147 ], [ 34.939813903000072, 31.492569856000159 ], [ 34.939888079000184, 31.49285157300011 ], [ 34.939956768000059, 31.493039496999984 ], [ 34.940065632000028, 31.49332629100013 ], [ 34.940203047000125, 31.493692130000113 ], [ 34.940294757000061, 31.493939360000127 ], [ 34.940415718000054, 31.494308897000053 ], [ 34.940484384, 31.49450668500009 ], [ 34.940570150000042, 31.494763765000016 ], [ 34.940655998000182, 31.494991181000046 ], [ 34.940719123000179, 31.495114834000049 ], [ 34.940793560000031, 31.495307630000184 ], [ 34.940873862000103, 31.495520308000039 ], [ 34.940994746000172, 31.495860322000055 ], [ 34.941086462000101, 31.49610755000009 ], [ 34.941194995000103, 31.496453599000063 ], [ 34.941275034000057, 31.496700803000067 ], [ 34.941338034000125, 31.496868913000128 ], [ 34.941406690000122, 31.497071632000143 ], [ 34.941538316, 31.497452324000164 ], [ 34.941677399000071, 31.497871364000048 ], [ 34.941728750000152, 31.498029586000143 ], [ 34.941797607000069, 31.49816311100011 ], [ 34.941895039000144, 31.498425149000127 ], [ 34.94195198500006, 31.498696965000022 ], [ 34.942037757000037, 31.498954042999969 ], [ 34.942118141000094, 31.499082661000159 ], [ 34.942186970000193, 31.499226122000039 ], [ 34.942266928000095, 31.499502919000122 ], [ 34.94231266200012, 31.499670992000063 ], [ 34.942364095000016, 31.499858876000189 ], [ 34.942412281000088, 31.500089594000087 ], [ 34.942569153000136, 31.500501908000103 ], [ 34.942623807000189, 31.50065618800005 ], [ 34.94271501500009, 31.500854513000036 ], [ 34.942810183000176, 31.501162133999969 ], [ 34.942919397000139, 31.501505222000162 ], [ 34.94297033600003, 31.501694021000048 ], [ 34.943010191000042, 31.50184827400011 ], [ 34.943064855000102, 31.501999313000056 ], [ 34.943127058000186, 31.502218503999984 ], [ 34.943185314000061, 31.502378994000139 ], [ 34.943268934, 31.502699976000031 ], [ 34.943363784000042, 31.502948690000039 ], [ 34.943473034000021, 31.503394790000186 ], [ 34.943520123000098, 31.503608736000103 ], [ 34.943560168000147, 31.503753545999984 ], [ 34.943599974000051, 31.503983187000074 ], [ 34.943661438000163, 31.504288409000139 ], [ 34.943716199000164, 31.504464674000019 ], [ 34.943788783000116, 31.50473532400008 ], [ 34.943829185000084, 31.504986880000104 ], [ 34.943883403000143, 31.505295259000093 ], [ 34.943912206000164, 31.505462026000146 ], [ 34.943959504000134, 31.505660261000116 ], [ 34.944039014000168, 31.506097631000046 ], [ 34.944061084, 31.506260651000048 ], [ 34.944093273000135, 31.506565813000066 ], [ 34.94411845500008, 31.506732574000125 ], [ 34.944143380000071, 31.506990509000047 ], [ 34.94416487400008, 31.507182419000117 ], [ 34.944190266000078, 31.50733346800007 ], [ 34.944237844999975, 31.507606107000186 ], [ 34.94425208500013, 31.507804270000122 ], [ 34.944258899000147, 31.507952110000133 ], [ 34.944280529000139, 31.508096811000087 ], [ 34.944316889000163, 31.508266767000123 ], [ 34.944320032000121, 31.508433480000178 ], [ 34.94430087600017, 31.508691327000065 ], [ 34.944306898000093, 31.508886090000146 ], [ 34.944319103000169, 31.509336357000166 ], [ 34.94432895500006, 31.509572770000091 ], [ 34.944298728000149, 31.509905492000087 ], [ 34.944251959000098, 31.510213092000129 ], [ 34.944208443000036, 31.510360615000025 ], [ 34.944203874000095, 31.510376032000124 ], [ 34.944184361000168, 31.510441874000037 ], [ 34.944170268000164, 31.510568879000175 ], [ 34.944166633000123, 31.510601641000051 ], [ 34.944162918000075, 31.510635102000037 ], [ 34.944129069000041, 31.510796033000133 ], [ 34.944118317000061, 31.510817571000132 ], [ 34.94411158500003, 31.510831005 ], [ 34.944058430000155, 31.510937087000116 ], [ 34.943970081000032, 31.511173579000115 ], [ 34.943895355000052, 31.511363876000132 ], [ 34.943847208000079, 31.511576282000135 ], [ 34.943779192000136, 31.511778149000065 ], [ 34.943677140000034, 31.512089649000075 ], [ 34.943622462000121, 31.512343474000033 ], [ 34.943513550000034, 31.512695334000171 ], [ 34.94342493400012, 31.513024196 ], [ 34.943336350000095, 31.513341434000154 ], [ 34.94332471223688, 31.513379980827697 ], [ 34.9432561, 31.5137467 ], [ 34.9432516, 31.5138051 ], [ 34.9431407, 31.514443 ], [ 34.9430803, 31.5146358 ], [ 34.9430064, 31.5148559 ], [ 34.9429369, 31.515077 ], [ 34.942872, 31.5152991 ], [ 34.9428116, 31.5155222 ], [ 34.9427557, 31.5157461 ], [ 34.9427045, 31.5159708 ], [ 34.9426964, 31.5160081 ], [ 34.9425776, 31.5165369 ], [ 34.9424481, 31.5170637 ], [ 34.9423078, 31.5175886 ], [ 34.9421569, 31.5181113 ], [ 34.9419953, 31.5186316 ], [ 34.9418232, 31.5191495 ], [ 34.9416405, 31.5196647 ], [ 34.9416245, 31.5197084 ], [ 34.9411436, 31.5209778 ], [ 34.940676949305562, 31.522139960077581 ], [ 34.940645780000068, 31.522261139000193 ], [ 34.940606330000151, 31.522419873 ], [ 34.940556965000098, 31.522595283000157 ], [ 34.940458375999981, 31.522896008000032 ], [ 34.94042859800004, 31.523067304 ], [ 34.940372335105458, 31.523230422765202 ], [ 34.9403675, 31.5232807 ], [ 34.940409, 31.523664 ], [ 34.9404341, 31.5237682 ], [ 34.9409053, 31.5250066 ], [ 34.9409372, 31.5250701 ], [ 34.9415667, 31.5265167 ], [ 34.941732633067048, 31.527031229078258 ], [ 34.941740462000041, 31.52704522199997 ], [ 34.941846277000025, 31.527262605000146 ], [ 34.941943350000145, 31.527509015000078 ], [ 34.941943454000125, 31.527509278000025 ], [ 34.941958006999982, 31.527539958999967 ], [ 34.94200428500011, 31.527637856000183 ], [ 34.942101910000076, 31.52778652100011 ], [ 34.942233014000124, 31.528020866000077 ], [ 34.942227558000184, 31.528259078000076 ], [ 34.942194143000165, 31.528437413000177 ], [ 34.942141350000156, 31.528717097000026 ], [ 34.942111651000118, 31.529146983000089 ], [ 34.942091972000185, 31.529353810000032 ], [ 34.942072515000064, 31.529540348000012 ], [ 34.942024434000075, 31.52978361400011 ], [ 34.942000279000126, 31.530001777000109 ], [ 34.941985524000074, 31.530212633000133 ], [ 34.941960502000143, 31.530675008000117 ], [ 34.941950353000095, 31.530885873000045 ], [ 34.941916241000115, 31.531076395000184 ], [ 34.941916061000086, 31.531082242000082 ], [ 34.941908748000117, 31.531170124000027 ], [ 34.941896973000098, 31.5313116210001 ], [ 34.941863425000179, 31.531477835000032 ], [ 34.941838683000071, 31.531785269000068 ], [ 34.941819121000037, 31.532008306000137 ], [ 34.941813658000058, 31.532247574000053 ], [ 34.941798879000146, 31.532466602000056 ], [ 34.941787245539693, 31.532593493209127 ], [ 34.941773969006505, 31.532947294129013 ], [ 34.941773773000023, 31.532957302000113 ], [ 34.941768347000107, 31.533184454000093 ], [ 34.941762581014025, 31.533250768097606 ], [ 34.9417149, 31.5345214 ], [ 34.941710827090709, 31.534837533185534 ], [ 34.941715532000103, 31.534955422000053 ], [ 34.941725819000169, 31.535096646000056 ], [ 34.941748321000091, 31.535452444000157 ], [ 34.941731230000187, 31.53595993100015 ], [ 34.941735773000119, 31.536210425000093 ], [ 34.941714194000156, 31.536447476999967 ], [ 34.941698058999975, 31.536621831000048 ], [ 34.941697415000135, 31.536845470000117 ], [ 34.941706662000058, 31.537234637000097 ], [ 34.9417111140001, 31.537516416000074 ], [ 34.941725777000158, 31.537851905000025 ], [ 34.941735046000133, 31.538138224000193 ], [ 34.941738015999988, 31.538229949000026 ], [ 34.941740577000132, 31.538312040000164 ], [ 34.941745262000097, 31.538513283000043 ], [ 34.941775698000129, 31.538799626000184 ], [ 34.941785122000169, 31.539184287000126 ], [ 34.941805115000136, 31.539497452000035 ], [ 34.941835526000091, 31.539907170000163 ], [ 34.941865863000032, 31.540229235000083 ], [ 34.941870585000061, 31.540417090000062 ], [ 34.941874949000066, 31.540730223000139 ], [ 34.941890089000083, 31.540900205000185 ], [ 34.941915481000024, 31.541225289000067 ], [ 34.941930493000029, 31.541440011000077 ], [ 34.941919396000117, 31.541636783000172 ], [ 34.941913588000148, 31.541882746 ], [ 34.941912518000038, 31.54225399600017 ], [ 34.941932164000093, 31.542687859000125 ], [ 34.941942421000135, 31.54295520300019 ], [ 34.941972986999986, 31.543196806000026 ], [ 34.941967126000122, 31.543460664000179 ], [ 34.941982219000067, 31.543648542000085 ], [ 34.942007556000135, 31.543934874000172 ], [ 34.942038151000077, 31.544167525000148 ], [ 34.94206379700006, 31.544346476000101 ], [ 34.942089214000134, 31.544605962999981 ], [ 34.94209977700018, 31.544823142000098 ], [ 34.942125940000153, 31.545052122000072 ], [ 34.942161391000127, 31.545312404000128 ], [ 34.942160502000149, 31.54562179100003 ], [ 34.942150792000064, 31.545850906000055 ], [ 34.942145547000052, 31.546072278000111 ], [ 34.942117658000143, 31.546328483000082 ], [ 34.942080274000091, 31.546681829000192 ], [ 34.94205636900017, 31.546983346000161 ], [ 34.942028384000082, 31.54721629800008 ], [ 34.941982372000155, 31.547480284000073 ], [ 34.941922110000121, 31.547891853000124 ], [ 34.941865480000104, 31.548586325000031 ], [ 34.941832714000043, 31.548935738000068 ], [ 34.941786176000107, 31.549324011000124 ], [ 34.941758038000046, 31.549665683000114 ], [ 34.941725363000103, 31.549984090000123 ], [ 34.941708486000039, 31.55024376900019 ], [ 34.941649521000045, 31.550490746000094 ], [ 34.941653704000146, 31.55063822700015 ], [ 34.941718629000093, 31.550892935000093 ], [ 34.941768118000027, 31.551021206000144 ], [ 34.941831134999973, 31.55119615000001 ], [ 34.941952835000109, 31.551507064000191 ], [ 34.942060934000096, 31.551798574000145 ], [ 34.942169125000078, 31.552058939000119 ], [ 34.942268319000107, 31.552299979000168 ], [ 34.942350601000157, 31.552528653000081 ], [ 34.942485408000039, 31.552975581000112 ], [ 34.942548424999984, 31.55315045500015 ], [ 34.942620639000097, 31.553333168000108 ], [ 34.942697105000036, 31.553523569000106 ], [ 34.942764655000133, 31.553725650000047 ], [ 34.942845773000101, 31.55395883000017 ], [ 34.942917755, 31.554164863999972 ], [ 34.942983086000027, 31.554394701000092 ], [ 34.943049617999975, 31.554549923000138 ], [ 34.943116050000185, 31.554798290000178 ], [ 34.943146986000045, 31.554970278000042 ], [ 34.943150231000061, 31.555216331000054 ], [ 34.943133911000132, 31.55545557500011 ], [ 34.943132638000122, 31.55549820300007 ], [ 34.943132250000076, 31.555512176000093 ], [ 34.943127258117038, 31.555691780303366 ], [ 34.9431334, 31.5557138 ], [ 34.9432879, 31.5566184 ], [ 34.9432978, 31.556857 ], [ 34.943291591389467, 31.557206256029428 ], [ 34.943305937000162, 31.557331573000056 ], [ 34.943309431999978, 31.557489974000134 ], [ 34.94332481400005, 31.557634941000117 ], [ 34.943346614000063, 31.557787145000134 ], [ 34.943350304000035, 31.557812905000105 ], [ 34.943355629000166, 31.55785068400013 ], [ 34.943386548000149, 31.558086648000142 ], [ 34.943405506000147, 31.558305816000143 ], [ 34.943428754000081, 31.5585204140001 ], [ 34.943432259000133, 31.558675434000179 ], [ 34.943439665000028, 31.55884737100007 ], [ 34.943451061000076, 31.559005787000046 ], [ 34.94348558400003, 31.559305806999987 ], [ 34.943497038000089, 31.55944407200019 ], [ 34.943520330000069, 31.559585675000051 ], [ 34.943535627000131, 31.559760939000171 ], [ 34.943539132000183, 31.559915958000147 ], [ 34.943566398000144, 31.560107243000061 ], [ 34.943589643000166, 31.560265685000047 ], [ 34.943612675000111, 31.560440966000044 ], [ 34.943631978000042, 31.560596090000104 ], [ 34.943682448000118, 31.560845550000124 ], [ 34.94370178500003, 31.560990526000069 ], [ 34.943721089000064, 31.561145649000025 ], [ 34.943748104000065, 31.561424654000064 ], [ 34.943763072000081, 31.561714558000062 ], [ 34.943782406000082, 31.561859532000028 ], [ 34.943805536000184, 31.56200113500006 ], [ 34.943860312000083, 31.562125963000085 ], [ 34.94404087700002, 31.562348783000061 ], [ 34.944162532000064, 31.562510811000152 ], [ 34.944319717000042, 31.56267968200018 ], [ 34.944425657000068, 31.562811311000132 ], [ 34.944562579000035, 31.562987816000089 ], [ 34.944922988000087, 31.563399068000024 ], [ 34.94508965600005, 31.563648983000178 ], [ 34.945270968000102, 31.56407359800005 ], [ 34.94531737900013, 31.56453612100006 ], [ 34.945335843000066, 31.56481440400006 ], [ 34.945363688000157, 31.565092778000178 ], [ 34.945386935000045, 31.565309702000036 ], [ 34.945433289000164, 31.565619607000144 ], [ 34.945459143000164, 31.565788625000096 ], [ 34.945490471000085, 31.566057914999988 ], [ 34.94552803900018, 31.56633215200003 ], [ 34.945546642000181, 31.566504112000075 ], [ 34.945579330000044, 31.566757905000031 ], [ 34.945645326000033, 31.567105901000048 ], [ 34.945678439000176, 31.567269647000103 ], [ 34.945720613000105, 31.567603079000151 ], [ 34.945748588000185, 31.567836358000193 ], [ 34.945762372000104, 31.568024654000112 ], [ 34.945790535000015, 31.568249761000175 ], [ 34.945821826000042, 31.568590990000075 ], [ 34.945856272000071, 31.568805542000064 ], [ 34.945880056000078, 31.569008585000063 ], [ 34.945892668000056, 31.569262336 ], [ 34.94593987900015, 31.569503406000081 ], [ 34.946019779000153, 31.569998762000012 ], [ 34.946042427000066, 31.570485824000173 ], [ 34.946079960000077, 31.570715036000138 ], [ 34.946108357000014, 31.570917244000157 ], [ 34.946141003000093, 31.571187383000051 ], [ 34.94619759700015, 31.571486250000191 ], [ 34.946249408000085, 31.57178919200004 ], [ 34.946272728000054, 31.571981594000135 ], [ 34.946308542000168, 31.572179730000187 ], [ 34.946349027000053, 31.572414233000131 ], [ 34.946372306000114, 31.572563092000109 ], [ 34.946374705000039, 31.572762286000057 ], [ 34.946390844000064, 31.573048808000124 ], [ 34.946373027999982, 31.573295591000033 ], [ 34.946386282000049, 31.573497626000176 ], [ 34.946418001000097, 31.573920869000119 ], [ 34.946449481, 31.574253715000111 ], [ 34.946453247000136, 31.574550852000073 ], [ 34.946479874000147, 31.574970916000041 ], [ 34.946506549000105, 31.575315587000034 ], [ 34.946552102000055, 31.575678971000059 ], [ 34.946588437000173, 31.575984135999988 ], [ 34.946610876000136, 31.576198096000155 ], [ 34.946647148000125, 31.576467610000066 ], [ 34.946688216000155, 31.576729169000089 ], [ 34.946691892999979, 31.577116704000105 ], [ 34.94670491100004, 31.57740195000008 ], [ 34.946769002000053, 31.577671450000025 ], [ 34.946814681000035, 31.57793302000016 ], [ 34.946901580000031, 31.578285850000043 ], [ 34.94697010100009, 31.578618772000027 ], [ 34.947016765000058, 31.578823482000132 ], [ 34.947062425000126, 31.579033545000186 ], [ 34.947122022000144, 31.579263437000179 ], [ 34.947177002000103, 31.579437867000024 ], [ 34.947255312000152, 31.579628199000183 ], [ 34.947301018000019, 31.579822410000133 ], [ 34.947342451000168, 31.580014849000179 ], [ 34.947392875000105, 31.580228939000108 ], [ 34.947424778000141, 31.580415159999973 ], [ 34.947475214000065, 31.580565837000108 ], [ 34.947497999000063, 31.580716384000027 ], [ 34.947539120000044, 31.580902693000098 ], [ 34.947593784000105, 31.581247494000138 ], [ 34.947640512000078, 31.581488420000142 ], [ 34.947681712000076, 31.581646969000019 ], [ 34.947727741000108, 31.581785728000057 ], [ 34.947824226000193, 31.582011750000106 ], [ 34.947839282000189, 31.58205525600016 ], [ 34.947839574, 31.582056100000045 ], [ 34.947943422000094, 31.582355627000084 ], [ 34.947997347000182, 31.582497220000164 ], [ 34.948031447000176, 31.582585390000133 ], [ 34.948061083000141, 31.582662016000086 ], [ 34.948069188000034, 31.58269222600012 ], [ 34.948100178000061, 31.582807737000167 ], [ 34.948180846000184, 31.58309826600015 ], [ 34.948269119000145, 31.583317998000041 ], [ 34.948318074000156, 31.583470151000085 ], [ 34.948391837000145, 31.583640252 ], [ 34.948393127000088, 31.583642912000073 ], [ 34.948407711000016, 31.583672978000095 ], [ 34.948485127000026, 31.583832586000142 ], [ 34.9485831880001, 31.58408404700009 ], [ 34.94868155000006, 31.584288229000094 ], [ 34.948742668000136, 31.584505792000073 ], [ 34.948833561000129, 31.584790424000175 ], [ 34.948882374000164, 31.584936165000045 ], [ 34.948953455000094, 31.585124226000062 ], [ 34.949041637000107, 31.585377778000066 ], [ 34.949085720000085, 31.585506598999984 ], [ 34.949125540000182, 31.585630617000163 ], [ 34.949128150000035, 31.585638868000046 ], [ 34.949155131000055, 31.585718927000187 ], [ 34.949188719000176, 31.585818593000056 ], [ 34.949289048000026, 31.58614397000008 ], [ 34.949384984000176, 31.586392607000107 ], [ 34.949475772000028, 31.586597618000098 ], [ 34.949539301000073, 31.586838367000041 ], [ 34.949605527000188, 31.586996895000027 ], [ 34.949611747596926, 31.587019020509519 ], [ 34.9496665, 31.5871517 ], [ 34.949939, 31.5878815 ], [ 34.95015595154598, 31.588574209338436 ], [ 34.950169465000158, 31.588607625000066 ], [ 34.950235812000017, 31.588841544000161 ], [ 34.950309374000085, 31.58902742700019 ], [ 34.950373127000148, 31.589188064000041 ], [ 34.950427065000156, 31.589327472000036 ], [ 34.950462656533205, 31.589438675486988 ], [ 34.9504962, 31.5894909 ], [ 34.950647, 31.5898808 ], [ 34.950844, 31.5904607 ], [ 34.9509543, 31.5907356 ], [ 34.9510296, 31.5909506 ], [ 34.9510698, 31.5912054 ], [ 34.9511684, 31.5914498 ], [ 34.9511856, 31.5915747 ], [ 34.9512783, 31.5918646 ], [ 34.9515507, 31.5926444 ], [ 34.951565812759164, 31.592696228641913 ], [ 34.951620236, 31.592833426000027 ], [ 34.951665637000133, 31.592965981000077 ], [ 34.951758651000034, 31.593178599000112 ], [ 34.951772136000159, 31.593209425000168 ], [ 34.951773277000143, 31.593213442000035 ], [ 34.951839663000158, 31.593376831000171 ], [ 34.951925443000107, 31.593671245000166 ], [ 34.951926748000176, 31.593675685 ], [ 34.951932204000059, 31.59369201200019 ], [ 34.95197749990993, 31.593827558204008 ], [ 34.9519812, 31.5938334 ], [ 34.9520858, 31.5940384 ], [ 34.9522135, 31.5943533 ], [ 34.9523239, 31.5945584 ], [ 34.9523937, 31.5946634 ], [ 34.9525102, 31.5947785 ], [ 34.9527549, 31.5950338 ], [ 34.952762762009428, 31.595042037331485 ], [ 34.952793308000082, 31.595069228000114 ], [ 34.952950271000191, 31.595223781000186 ], [ 34.953098025000145, 31.595375429000114 ], [ 34.953270143, 31.595527829000162 ], [ 34.953419597000106, 31.595660594000037 ], [ 34.95348755100008, 31.595718182000155 ], [ 34.953549193000185, 31.595770421000111 ], [ 34.953599453000095, 31.595812938 ], [ 34.953787006000084, 31.595980588000032 ], [ 34.953965333000156, 31.59615195300006 ], [ 34.95411718400004, 31.5963107930001 ], [ 34.954259068000056, 31.596443544000124 ], [ 34.95444397600005, 31.596615484000154 ], [ 34.954560443, 31.596711261000166 ], [ 34.954723519000026, 31.596860612000171 ], [ 34.954911095000057, 31.597021706000191 ], [ 34.955037721000053, 31.597134836000123 ], [ 34.955260607000014, 31.597328554000171 ], [ 34.955399811000177, 31.59747870200016 ], [ 34.955561934000173, 31.597615858000154 ], [ 34.955712543000118, 31.597750384999983 ], [ 34.955859296000085, 31.597909214000083 ], [ 34.955996120000066, 31.598026731000118 ], [ 34.956115171000022, 31.598142101000064 ], [ 34.956294936000063, 31.598331361000135 ], [ 34.956375237000088, 31.598408745000143 ], [ 34.956415247000166, 31.598447220000025 ], [ 34.95644190600018, 31.598472855000068 ], [ 34.956545113813647, 31.598575475284008 ], [ 34.9566572, 31.5986706 ], [ 34.9572514, 31.5992762 ], [ 34.957641609771883, 31.599709137468015 ], [ 34.957663096000147, 31.599730737000073 ], [ 34.95787298900018, 31.599923295 ], [ 34.95791045929456, 31.59996491886367 ], [ 34.9586285, 31.6006763 ], [ 34.959088943764542, 31.601176079080151 ], [ 34.959244632999969, 31.601330481000105 ], [ 34.959365475000027, 31.601455785000155 ], [ 34.959493529000156, 31.601593293000178 ], [ 34.959717647000048, 31.601825547000033 ], [ 34.959863459000189, 31.601972247999981 ], [ 34.959994990000155, 31.602103631000148 ], [ 34.960144460000095, 31.602238151000051 ], [ 34.960276170000157, 31.60236347600005 ], [ 34.960411307000072, 31.602500997000163 ], [ 34.960427602545053, 31.602519143189312 ], [ 34.9606181, 31.6026827 ], [ 34.9609212, 31.6030291 ], [ 34.961183, 31.6033282 ], [ 34.961994, 31.604117 ], [ 34.962594, 31.6047675 ], [ 34.962909582171172, 31.605100655863875 ], [ 34.96297227600013, 31.605156760000057 ], [ 34.963163659000088, 31.605338983000138 ], [ 34.963215349000052, 31.605388199000117 ], [ 34.963403678000134, 31.605587049000064 ], [ 34.963424598000074, 31.605614310000078 ], [ 34.963526701705113, 31.60574736328282 ], [ 34.96361813069219, 31.605841306718517 ], [ 34.963665837000065, 31.605887081000162 ], [ 34.963776053000117, 31.605987982999977 ], [ 34.96388804293526, 31.606118641995437 ], [ 34.963946669993639, 31.606178881395049 ], [ 34.964004798495246, 31.606234102238339 ], [ 34.9642638, 31.6064737 ], [ 34.9647825, 31.6069792 ], [ 34.965498741690759, 31.607765281445563 ], [ 34.96550813500005, 31.607774235000193 ], [ 34.965630777970546, 31.607909749515493 ], [ 34.965719013053338, 31.608002421252014 ], [ 34.965842465000037, 31.608122596000158 ], [ 34.965974159999973, 31.608260103000077 ], [ 34.966134252000074, 31.608431205000159 ], [ 34.966395686000055, 31.608699876000117 ], [ 34.966537880000089, 31.608852623000075 ], [ 34.966744307000056, 31.609063481000078 ], [ 34.966827316000035, 31.609132784000053 ], [ 34.966852746000029, 31.609154016000048 ], [ 34.966868846000125, 31.609167434000085 ], [ 34.966897082000173, 31.60920011200011 ], [ 34.96694243800016, 31.609252757000093 ], [ 34.967071589000113, 31.609402665000061 ], [ 34.967181763000156, 31.609521880999978 ], [ 34.967284828000061, 31.609653204000097 ], [ 34.967354897882821, 31.60974528635316 ], [ 34.967447, 31.6098501 ], [ 34.9677801, 31.610264 ], [ 34.967820255011205, 31.610310563588747 ], [ 34.967835839000088, 31.61032700100003 ], [ 34.967992979000144, 31.610497108000118 ], [ 34.968080237000095, 31.610576243000025 ], [ 34.968094502000099, 31.610589181000194 ], [ 34.968104030000177, 31.610597794000114 ], [ 34.968162839000172, 31.610651033000181 ], [ 34.968279098000096, 31.610775263000164 ], [ 34.968461432000083, 31.610945346000108 ], [ 34.968631944000151, 31.611103501000116 ], [ 34.968795399000101, 31.611251987000173 ], [ 34.968949454000153, 31.61140588100011 ], [ 34.969062579000024, 31.61153278200004 ], [ 34.969216636000056, 31.611686676000147 ], [ 34.969428180000136, 31.61189662400011 ], [ 34.969585354000174, 31.61205594900008 ], [ 34.969764563000183, 31.612226094 ], [ 34.969880868000132, 31.612334046000058 ], [ 34.970031770000162, 31.612498786 ], [ 34.970102559000054, 31.612570222000045 ], [ 34.970142443000157, 31.612610537000137 ], [ 34.970230992000154, 31.612700040000163 ], [ 34.970432200000062, 31.612897142000122 ], [ 34.970438496615706, 31.612903951616339 ], [ 34.9704863, 31.6129503 ], [ 34.970853024630109, 31.61332017091086 ], [ 34.971010549000084, 31.613458808000075 ], [ 34.971111841000095, 31.613579274000074 ], [ 34.971341279000058, 31.613814124000157 ], [ 34.971514176000085, 31.614008494000075 ], [ 34.97173736600007, 31.614240724000069 ], [ 34.971945009000081, 31.614448395000124 ], [ 34.972024143000056, 31.614527539000107 ], [ 34.972068161000152, 31.614571517000172 ], [ 34.972247390000177, 31.614738912000121 ], [ 34.972448600000121, 31.614938760000086 ], [ 34.972593962000076, 31.615083896000044 ], [ 34.972755866000114, 31.61526534800015 ], [ 34.973007440000174, 31.61553948500017 ], [ 34.973042476725716, 31.615582435312678 ], [ 34.9731046, 31.6156153 ], [ 34.9734038, 31.6159342 ], [ 34.973467193259928, 31.616023333365476 ], [ 34.973596381000164, 31.616157244000192 ], [ 34.973601435000035, 31.616162360000089 ], [ 34.97361855500003, 31.616179690000138 ], [ 34.973722360000181, 31.616284656000119 ], [ 34.973884162000047, 31.616442999000128 ], [ 34.974034556000049, 31.616554109999981 ], [ 34.974232529000176, 31.616735630000107 ], [ 34.974425840000094, 31.61693637500008 ], [ 34.974763153000026, 31.61723765000005 ], [ 34.974911444000156, 31.617399840000189 ], [ 34.975041855000029, 31.617534941000088 ], [ 34.975199234000172, 31.617685521999988 ], [ 34.975397043999976, 31.617867039000032 ], [ 34.975518477000037, 31.617971331000092 ], [ 34.975713406000068, 31.61818603 ], [ 34.975825685000189, 31.618328846000111 ], [ 34.975955883000154, 31.618548778000047 ], [ 34.976122127000053, 31.618776456000035 ], [ 34.976198397000132, 31.618896660000189 ], [ 34.976248609000038, 31.618968480000092 ], [ 34.976311183000064, 31.619058098000039 ], [ 34.976416141000016, 31.619208419000131 ], [ 34.976461483000037, 31.619257778000076 ], [ 34.976488239000162, 31.619286904000148 ], [ 34.976561319000155, 31.619366445000082 ], [ 34.976716212000099, 31.619590932000108 ], [ 34.976895397000078, 31.619782206000139 ], [ 34.977069589999985, 31.619994256000098 ], [ 34.977171225000177, 31.620114858000079 ], [ 34.977312316, 31.620326918000046 ], [ 34.977326098999981, 31.62034758599998 ], [ 34.977336169000125, 31.62036301 ], [ 34.977446676000113, 31.62053226900008 ], [ 34.977518176790284, 31.620632018426175 ], [ 34.9778587, 31.6210604 ], [ 34.978074498889882, 31.621397368226233 ], [ 34.978149091000091, 31.621499341000174 ], [ 34.978295844000058, 31.621689919000119 ], [ 34.978320920000158, 31.621723949000113 ], [ 34.978357554000183, 31.621773666000024 ], [ 34.978449631000046, 31.621898900000076 ], [ 34.978586158000098, 31.622094604000154 ], [ 34.978704315000186, 31.622260608000033 ], [ 34.978840115000025, 31.622484916000076 ], [ 34.978974454000081, 31.622700766000037 ], [ 34.979034191000096, 31.62278486200006 ], [ 34.979129852000142, 31.622924333000128 ], [ 34.979188124000132, 31.623001874000067 ], [ 34.97924081300016, 31.623071867000078 ], [ 34.97936948500012, 31.62325015000016 ], [ 34.979456135000191, 31.623372062000158 ], [ 34.979540798000187, 31.62349868900003 ], [ 34.979550314999983, 31.623512093000102 ], [ 34.979574600000149, 31.623553101000084 ], [ 34.979745802000082, 31.623842196000112 ], [ 34.979800159000092, 31.623913634000189 ], [ 34.979822791000174, 31.623943377000046 ], [ 34.979867439000145, 31.624002009000094 ], [ 34.979946191000067, 31.624121861999981 ], [ 34.980096324000158, 31.624346194000111 ], [ 34.980102561000024, 31.624355154000114 ], [ 34.980111836, 31.624368284000127 ], [ 34.980247636000058, 31.624560522000081 ], [ 34.980338610000103, 31.624681853000084 ], [ 34.980351377000034, 31.624698880000153 ], [ 34.980372393000152, 31.62472491800014 ], [ 34.980440856000087, 31.624809523000124 ], [ 34.980540983000083, 31.624944774000028 ], [ 34.980659133000074, 31.625116839000157 ], [ 34.980798595000067, 31.625328889000116 ], [ 34.980942484000025, 31.625549054000146 ], [ 34.981096215000036, 31.625785652000161 ], [ 34.981174947000113, 31.625914733000116 ], [ 34.981357161000119, 31.626221980000025 ], [ 34.981500269000037, 31.626424881000048 ], [ 34.981588933000126, 31.626601188000166 ], [ 34.981601555000111, 31.626626084000065 ], [ 34.981607283000187, 31.626638713000148 ], [ 34.98169082600009, 31.626822894000043 ], [ 34.981766505378957, 31.626952991661593 ], [ 34.981875669794256, 31.62710840522109 ], [ 34.98195141400015, 31.627206730000182 ], [ 34.982080901000131, 31.627391991000138 ], [ 34.982250091000083, 31.627639182000053 ], [ 34.98242366900007, 31.627841248000095 ], [ 34.982449953000128, 31.627871846000119 ], [ 34.982515606000106, 31.627963560000069 ], [ 34.982525946000123, 31.627978093000138 ], [ 34.98255496600018, 31.628018742 ], [ 34.982568455000148, 31.628037637000091 ], [ 34.98257741499998, 31.628045630000088 ], [ 34.982596391000129, 31.628062560000103 ], [ 34.982741336000174, 31.628191829000059 ], [ 34.982866670000021, 31.628325646000178 ], [ 34.98300309200016, 31.628505208000149 ], [ 34.983128292, 31.628694191000022 ], [ 34.98328410900001, 31.628889078999975 ], [ 34.983473688000174, 31.629153709000036 ], [ 34.983542455000077, 31.629252547000078 ], [ 34.983586426999977, 31.629315795000139 ], [ 34.983619261000058, 31.629363022000064 ], [ 34.983788496000102, 31.629595629 ], [ 34.983931846000075, 31.629765534000114 ], [ 34.983969306000176, 31.629809933000161 ], [ 34.984074260000114, 31.629958668000143 ], [ 34.984121292000111, 31.630025319000026 ], [ 34.984317748000024, 31.630307363000099 ], [ 34.984415290000129, 31.630421145000128 ], [ 34.984449626000128, 31.630461198000148 ], [ 34.984497252000153, 31.630516805000013 ], [ 34.984696947000032, 31.630755310000154 ], [ 34.984806299000013, 31.630894100000091 ], [ 34.984931499000083, 31.631085969000026 ], [ 34.985056798000073, 31.63123725600002 ], [ 34.985161681000136, 31.631385548000083 ], [ 34.985351353, 31.631615298000042 ], [ 34.985459801000104, 31.631720052000048 ], [ 34.985581821999972, 31.631865484000173 ], [ 34.985678022000116, 31.63199572100018 ], [ 34.985806734000107, 31.632167306000099 ], [ 34.985928534999971, 31.632335990000172 ], [ 34.986077613000077, 31.632530791000022 ], [ 34.986162119000142, 31.632661641000027 ], [ 34.986297583000123, 31.632833238000103 ], [ 34.986405951000052, 31.632972795 ], [ 34.98655575500004, 31.633140753000077 ], [ 34.986670743000104, 31.633335492000128 ], [ 34.986931513, 31.633658374000163 ], [ 34.987036430999979, 31.633795036000095 ], [ 34.987117673000171, 31.633914256000025 ], [ 34.987273476000155, 31.634123582000143 ], [ 34.987405501000183, 31.634289392000142 ], [ 34.987605313000188, 31.634553965000123 ], [ 34.98775897600018, 31.63476300300016 ], [ 34.987901178000072, 31.634943346000114 ], [ 34.987992628000143, 31.635065471000132 ], [ 34.98817213600006, 31.635280686000101 ], [ 34.988294095000128, 31.635455145000094 ], [ 34.988388831000179, 31.635580164000032 ], [ 34.988490481000042, 31.635708154000156 ], [ 34.988573213000166, 31.635825964000105 ], [ 34.988691728000106, 31.635994569000104 ], [ 34.988833888000102, 31.636195202000124 ], [ 34.989081114000157, 31.636541236000141 ], [ 34.989273782000112, 31.63676584100017 ], [ 34.989406853, 31.636910022000109 ], [ 34.989623872000095, 31.637147424000034 ], [ 34.98977434000011, 31.637318620000144 ], [ 34.989916881000113, 31.637499031000061 ], [ 34.98992032700005, 31.637503405000075 ], [ 34.989932197000144, 31.637518362000151 ], [ 34.989939869000068, 31.63752802900018 ], [ 34.990128825000056, 31.637723318000042 ], [ 34.990199047000033, 31.637796615000184 ], [ 34.99022510900005, 31.637823818000015 ], [ 34.990229874000192, 31.637828758000069 ], [ 34.990419301000145, 31.63803278600011 ], [ 34.990625760000057, 31.638279113000124 ], [ 34.990735851000181, 31.638392533000115 ], [ 34.990837401000078, 31.638494663000188 ], [ 34.990970506000167, 31.638626933000126 ], [ 34.991159392000156, 31.638852235000115 ], [ 34.99127836200006, 31.638972433000106 ], [ 34.991484889000162, 31.639191704000041 ], [ 34.991663473000017, 31.639387044000046 ], [ 34.991803434000133, 31.639546238999969 ], [ 34.991959012000052, 31.639720119000174 ], [ 34.992003859000135, 31.639770293000083 ], [ 34.992005330000154, 31.639772082000093 ], [ 34.992161784000132, 31.639962284000035 ], [ 34.992171882000093, 31.639974560000155 ], [ 34.99218108600013, 31.639983453000127 ], [ 34.992350361000035, 31.64014587000014 ], [ 34.992511333000039, 31.640338077000138 ], [ 34.992630247000079, 31.640482300000087 ], [ 34.992845327000111, 31.640709898000068 ], [ 34.993030836000116, 31.640905176000103 ], [ 34.993202407000183, 31.641073444000142 ], [ 34.993321317000095, 31.641220627000166 ], [ 34.993517334000046, 31.641430928000034 ], [ 34.993622314, 31.641548072000148 ], [ 34.993783163999979, 31.64179431600013 ], [ 34.993805677000182, 31.641817748000108 ], [ 34.993823153000051, 31.641835885000091 ], [ 34.993866576251023, 31.641880950183484 ], [ 34.9939014, 31.6419089 ], [ 34.993965146914441, 31.641983248029113 ], [ 34.994210937000162, 31.64223833200009 ], [ 34.99425361700014, 31.642282626000167 ], [ 34.994267744000126, 31.642299066000135 ], [ 34.994518815000049, 31.642565548000164 ], [ 34.994672938000065, 31.642730753000023 ], [ 34.994812888000126, 31.642898966000189 ], [ 34.994985840000027, 31.643114370000092 ], [ 34.995146828000031, 31.643303614000104 ], [ 34.995332365000024, 31.643489942000087 ], [ 34.995594822000157, 31.643751294000026 ], [ 34.995713883000121, 31.643907492000153 ], [ 34.995792001000041, 31.644032902000049 ], [ 34.995907482000064, 31.644171126000117 ], [ 34.9960159150001, 31.644294259999981 ], [ 34.996127944000193, 31.644429447000107 ], [ 34.996229333000144, 31.644534605000104 ], [ 34.996359010000162, 31.644660803000022 ], [ 34.996467450000068, 31.644780977000039 ], [ 34.996656475000179, 31.644958290000034 ], [ 34.996929672000135, 31.645207750999987 ], [ 34.997084870000151, 31.64533906500003 ], [ 34.997281165000174, 31.645435432000113 ], [ 34.997631575000185, 31.645633939999982 ], [ 34.997820893000039, 31.645757276999973 ], [ 34.998243161867876, 31.645991539689383 ], [ 34.9985332, 31.6461161 ], [ 34.999381, 31.6465676 ], [ 34.999341599854226, 31.646627080356282 ], [ 34.999401473000091, 31.64666253900009 ], [ 34.999404151000135, 31.646664125000086 ], [ 34.999665223000079, 31.646818650000171 ], [ 34.999782215000153, 31.646948209000129 ], [ 35.000042717000042, 31.647209057000055 ], [ 35.00027234200013, 31.64742997400009 ], [ 35.000480100000061, 31.64763225300004 ], [ 35.000651889000153, 31.647788534000085 ], [ 35.000856721000048, 31.647974883000188 ], [ 35.001058230000126, 31.648174474000086 ], [ 35.001331262000122, 31.648432663000051 ], [ 35.001684875000024, 31.648754750000137 ], [ 35.001834298, 31.648895140000036 ], [ 35.001865088999978, 31.64892406600012 ], [ 35.001893804000133, 31.648951042000192 ], [ 35.001952702499771, 31.649004453370232 ], [ 35.0038238, 31.6505156 ], [ 35.004537616714565, 31.651233925805581 ], [ 35.004643361000035, 31.651319479000165 ], [ 35.004661276000149, 31.651333973000078 ], [ 35.004668678000087, 31.651339974000166 ], [ 35.004744813000059, 31.651401537000027 ], [ 35.004958975000193, 31.651548017000039 ], [ 35.005225929000062, 31.651734460000114 ], [ 35.005458637000118, 31.651912817000039 ], [ 35.005700745000127, 31.652085973000169 ], [ 35.005882182000107, 31.652207596000153 ], [ 35.006077768000125, 31.652338118000159 ], [ 35.006273166000142, 31.652479281000183 ], [ 35.006422190000194, 31.652583165000067 ], [ 35.006732610000142, 31.652782923000075 ], [ 35.007067152000104, 31.652951997000059 ], [ 35.007241078000106, 31.653045282000051 ], [ 35.007470860000126, 31.653133301000139 ], [ 35.007800081000084, 31.653250790000129 ], [ 35.007995833000109, 31.653306906000182 ], [ 35.00828478000011, 31.653384380000034 ], [ 35.00869803400019, 31.653496646000065 ], [ 35.008999810000148, 31.653584143000103 ], [ 35.009319032000064, 31.653680193000071 ], [ 35.00966592400016, 31.65377966900013 ], [ 35.009909261000132, 31.653848258000039 ], [ 35.010104839000178, 31.653910007000093 ], [ 35.010403973000052, 31.654002569000113 ], [ 35.010599432000163, 31.654043814000033 ], [ 35.010782835000157, 31.654098709000039 ], [ 35.010934457000076, 31.654146649000097 ], [ 35.011116711000057, 31.654199709000068 ], [ 35.01137994000004, 31.654288832000077 ], [ 35.011559377000083, 31.654350553000086 ], [ 35.011730962000172, 31.654384925000102 ], [ 35.011942378000072, 31.65443641100012 ], [ 35.012385091000169, 31.65456674800015 ], [ 35.012700172000052, 31.654676381000058 ], [ 35.01298354000005, 31.654748478999977 ], [ 35.013320933000159, 31.654824747000077 ], [ 35.013636060000067, 31.654913946000079 ], [ 35.014150517000076, 31.65508532500013 ], [ 35.014465794000103, 31.655181355000082 ], [ 35.01471699700005, 31.655273833000138 ], [ 35.015174293392128, 31.655447108955467 ], [ 35.0153547, 31.6554982 ], [ 35.0156779, 31.6555757 ], [ 35.0158415, 31.6556285 ], [ 35.01598773096763, 31.655702587764186 ], [ 35.016385972000194, 31.655840708000028 ], [ 35.016888636000033, 31.655984789000172 ], [ 35.017048214000113, 31.656012302000192 ], [ 35.017242107000072, 31.656096022000042 ], [ 35.017461612000034, 31.656144126000072 ], [ 35.017704969000192, 31.656209321000063 ], [ 35.018056004000186, 31.656305325 ], [ 35.018367193000074, 31.656391124000095 ], [ 35.018526766000036, 31.656422085000088 ], [ 35.018774072000099, 31.656490663000056 ], [ 35.01905333100018, 31.656562744000098 ], [ 35.019276764000097, 31.656624451000141 ], [ 35.019468254000117, 31.656675964000044 ], [ 35.019623677000141, 31.656723898000109 ], [ 35.019799174000184, 31.656782221000071 ], [ 35.019946826000137, 31.656843814000069 ], [ 35.020187143000044, 31.656945987000086 ], [ 35.020391269000015, 31.65702386900017 ], [ 35.020598342000028, 31.65710999900017 ], [ 35.020795872, 31.657190618000186 ], [ 35.021006395000143, 31.657282318000114 ], [ 35.021184322000181, 31.657362907000106 ], [ 35.021333281000182, 31.657429644000047 ], [ 35.021540521000077, 31.657515771000192 ], [ 35.021793055000046, 31.657607532000043 ], [ 35.021958183000038, 31.657663159000094 ], [ 35.022163985000191, 31.657728286000065 ], [ 35.022455401000116, 31.657820106000031 ], [ 35.022688531000028, 31.657895210000049 ], [ 35.02287311300006, 31.657945297000026 ], [ 35.023067412000046, 31.65799546900007 ], [ 35.023316864000094, 31.658065100000044 ], [ 35.02348532700006, 31.658101352000017 ], [ 35.023640795000119, 31.6581292730001 ], [ 35.023815700000114, 31.658157221000124 ], [ 35.024129011000014, 31.658177764000129 ], [ 35.024533936000068, 31.658189422000021 ], [ 35.024906569000052, 31.658203780000179 ], [ 35.025191686000142, 31.65823470600003 ], [ 35.025492953000082, 31.658262836000063 ], [ 35.025951197000154, 31.658305922000068 ], [ 35.026265497000054, 31.65832582500002 ], [ 35.026404746000139, 31.658389723000028 ], [ 35.026657106000073, 31.658572860000163 ], [ 35.026838302000101, 31.658670074000042 ], [ 35.027022760000079, 31.658783851000123 ], [ 35.027210543000081, 31.658883821000188 ], [ 35.027352895000149, 31.65896160300008 ], [ 35.027738189000047, 31.65915599200008 ], [ 35.028005804000088, 31.659292575999984 ], [ 35.028028759042328, 31.659304099642249 ], [ 35.0280669, 31.6593177 ], [ 35.0284754, 31.6594963 ], [ 35.0288801, 31.659681 ], [ 35.029281, 31.6598716 ], [ 35.0295309, 31.6599945 ], [ 35.029772, 31.660117 ], [ 35.0300106, 31.660243 ], [ 35.0302465, 31.6603726 ], [ 35.0304798, 31.6605057 ], [ 35.0307104, 31.6606422 ], [ 35.0309381, 31.6607822 ], [ 35.0311629, 31.6609255 ], [ 35.0312524, 31.6609841 ], [ 35.0315598, 31.661183 ], [ 35.0318712, 31.6613772 ], [ 35.0321866, 31.6615668 ], [ 35.0325057, 31.6617516 ], [ 35.0325109, 31.6617546 ], [ 35.033419, 31.6622606 ], [ 35.0343372, 31.6627531 ], [ 35.0346523, 31.6629177 ], [ 35.0347911, 31.6629911 ], [ 35.0349284, 31.6630666 ], [ 35.0350641, 31.6631442 ], [ 35.0351982, 31.6632237 ], [ 35.0353307, 31.6633053 ], [ 35.0354615, 31.6633888 ], [ 35.0355905, 31.6634742 ], [ 35.0356984, 31.6635481 ], [ 35.0358549, 31.6636549 ], [ 35.0360136, 31.6637594 ], [ 35.0361743, 31.6638615 ], [ 35.0363372, 31.6639611 ], [ 35.036502, 31.6640584 ], [ 35.0365647, 31.6640944 ], [ 35.0372759, 31.6644276 ], [ 35.0378237, 31.6645993 ], [ 35.0389023, 31.6649631 ], [ 35.0390012, 31.6650062 ], [ 35.0391141, 31.6650553 ], [ 35.039228, 31.6651028 ], [ 35.0393429, 31.6651486 ], [ 35.0394586, 31.6651926 ], [ 35.0395753, 31.6652349 ], [ 35.0396928, 31.6652755 ], [ 35.0396982, 31.6652773 ], [ 35.0400692, 31.665435 ], [ 35.0403195, 31.6655856 ], [ 35.0404339, 31.665663 ], [ 35.0405499, 31.6657386 ], [ 35.0406674, 31.6658125 ], [ 35.0407864, 31.6658846 ], [ 35.0409069, 31.6659549 ], [ 35.0410223, 31.6660199 ], [ 35.042663, 31.667111 ], [ 35.0427316, 31.6671659 ], [ 35.0429031, 31.6673018 ], [ 35.0430772, 31.667435 ], [ 35.0432541, 31.6675657 ], [ 35.0433023, 31.6676005 ], [ 35.0436842, 31.6678702 ], [ 35.0440716, 31.6681342 ], [ 35.0441267, 31.668171 ], [ 35.0442546, 31.6682547 ], [ 35.0443841, 31.6683364 ], [ 35.0445154, 31.6684162 ], [ 35.0446482, 31.668494 ], [ 35.0447826, 31.6685698 ], [ 35.0449185, 31.6686436 ], [ 35.0450559, 31.6687153 ], [ 35.0451947, 31.668785 ], [ 35.0452469, 31.6688105 ], [ 35.0459614, 31.669231 ], [ 35.0460274, 31.6692783 ], [ 35.0466422, 31.6696537 ], [ 35.0467444, 31.6697037 ], [ 35.0483026, 31.6706135 ], [ 35.0488599, 31.6709509 ], [ 35.0493368, 31.6712396 ], [ 35.0500397, 31.6716536 ], [ 35.0509084, 31.6722117 ], [ 35.051134647577911, 31.672359666529925 ], [ 35.051134944000125, 31.672359817000029 ], [ 35.051333623002812, 31.672460534101052 ], [ 35.0517736, 31.6725213 ], [ 35.0521242, 31.6728157 ], [ 35.0524324, 31.6730525 ], [ 35.052847, 31.6733136 ], [ 35.0531944, 31.6735311 ], [ 35.0535034, 31.673721 ], [ 35.0538291, 31.6739309 ], [ 35.0544299, 31.6743035 ], [ 35.0551251, 31.6747198 ], [ 35.0553912, 31.6748586 ], [ 35.0554856, 31.6749171 ], [ 35.0558941, 31.6752494 ], [ 35.0564467, 31.6756501 ], [ 35.0567302, 31.6758626 ], [ 35.0570172, 31.6760235 ], [ 35.0572329, 31.6761017 ], [ 35.0579877, 31.6765117 ], [ 35.0587107, 31.6768944 ], [ 35.0594882, 31.6773433 ], [ 35.0601083, 31.6777501 ], [ 35.0609942, 31.6782906 ], [ 35.0616121, 31.6787052 ], [ 35.0620054, 31.6789844 ], [ 35.0623889, 31.6792531 ], [ 35.0627255, 31.6794959 ], [ 35.0630302, 31.6797478 ], [ 35.0632038, 31.679851 ], [ 35.0633562, 31.6799663 ], [ 35.0635369, 31.6800817 ], [ 35.0637728, 31.6802171 ], [ 35.064191, 31.6804782 ], [ 35.0644036, 31.6806118 ], [ 35.0647189, 31.6808576 ], [ 35.064918, 31.6810322 ], [ 35.0653502, 31.6813934 ], [ 35.066034, 31.681979 ], [ 35.066351, 31.6822849 ], [ 35.06656, 31.6824973 ], [ 35.0670206, 31.6828493 ], [ 35.0673785, 31.6830619 ], [ 35.0678875, 31.6833674 ], [ 35.0683944, 31.6836498 ], [ 35.0689792, 31.684008 ], [ 35.0692946, 31.6841508 ], [ 35.0699243, 31.6843986 ], [ 35.0709984, 31.6848786 ], [ 35.071477, 31.6851034 ], [ 35.0719485, 31.6853372 ], [ 35.0722455, 31.6855184 ], [ 35.0726106, 31.6856916 ], [ 35.0727523, 31.685745 ], [ 35.0730219, 31.6858465 ], [ 35.0735715, 31.686035 ], [ 35.0744295, 31.686345 ], [ 35.0752729, 31.6866302 ], [ 35.0763967, 31.6871314 ], [ 35.0772972, 31.687499 ], [ 35.0779319, 31.6877421 ], [ 35.0785446, 31.6879935 ], [ 35.0796118, 31.6884068 ], [ 35.0804202, 31.6887197 ], [ 35.0810903, 31.688984 ], [ 35.0815082, 31.6891106 ], [ 35.0818274, 31.6892351 ], [ 35.0825436, 31.6895207 ], [ 35.0828945, 31.6896877 ], [ 35.0832066, 31.6898032 ], [ 35.083469, 31.6898822 ], [ 35.0841445, 31.6901459 ], [ 35.0846976, 31.6903585 ], [ 35.0851408, 31.6905287 ], [ 35.0852791, 31.6906106 ], [ 35.0853144, 31.6907107 ], [ 35.0852788, 31.6908167 ], [ 35.085257512978231, 31.690850851787097 ], [ 35.08528623300009, 31.690937903000076 ], [ 35.085287778000122, 31.69094258500013 ], [ 35.085293850000085, 31.690961192000145 ], [ 35.085140525000099, 31.691245128000048 ], [ 35.085010691000036, 31.691461166000124 ], [ 35.084919798000044, 31.691644478 ], [ 35.084905662000097, 31.691672955000172 ], [ 35.0848336950001, 31.69181793100006 ], [ 35.084780046000049, 31.692003112 ], [ 35.084750368000073, 31.692133785000124 ], [ 35.084714915000063, 31.692266984000184 ], [ 35.084704119898355, 31.692318717819496 ], [ 35.084679094270754, 31.692517019482725 ], [ 35.084676227000045, 31.692598736000093 ], [ 35.084672986000044, 31.692799820000062 ], [ 35.084675502000096, 31.693007957000134 ], [ 35.084680903000105, 31.693276901000161 ], [ 35.084721653000088, 31.69360873 ], [ 35.084749978000048, 31.693725377000135 ], [ 35.084768526000119, 31.693801763000067 ], [ 35.084800811000036, 31.693934891000083 ], [ 35.084849973000019, 31.694142230000125 ], [ 35.084859914000049, 31.694184284000187 ], [ 35.084874061000107, 31.694244136000179 ], [ 35.084941308000055, 31.694482986000025 ], [ 35.085032117000026, 31.694726932000151 ], [ 35.085120734000157, 31.694887172999984 ], [ 35.08520281, 31.695128576000172 ], [ 35.085215547795336, 31.69516541645763 ], [ 35.0852638, 31.6952688 ], [ 35.085599302022587, 31.695768739523565 ], [ 35.085714487000189, 31.695910255000115 ], [ 35.08572967200007, 31.695922771000085 ], [ 35.085740332000057, 31.695931557999984 ], [ 35.086008353000125, 31.696151866000093 ], [ 35.086187634000169, 31.696302894000155 ], [ 35.086375671000155, 31.696438783000133 ], [ 35.086613764000049, 31.69660994700007 ], [ 35.086843133000116, 31.696773568000026 ], [ 35.087100819000113, 31.696961943000076 ], [ 35.08726841400005, 31.69710034600007 ], [ 35.08744771400012, 31.697241298 ], [ 35.087580643065394, 31.697335731722571 ], [ 35.087851740345243, 31.697503386673382 ], [ 35.088041557000167, 31.697606359000133 ], [ 35.088232617000131, 31.69770455000014 ], [ 35.088491385000054, 31.69782549700011 ], [ 35.088706000000172, 31.697933788000114 ], [ 35.088881243000174, 31.69802872300005 ], [ 35.089128131000166, 31.698159662000137 ], [ 35.089378159000091, 31.698288068000124 ], [ 35.089554579000094, 31.698363697000048 ], [ 35.089786808000042, 31.698492085000055 ], [ 35.090169061000154, 31.698716155000113 ], [ 35.09034540100015, 31.698854562000065 ], [ 35.090503808000051, 31.698969421000072 ], [ 35.090589940743854, 31.699027655669045 ], [ 35.0906386, 31.6990573 ], [ 35.0912751, 31.6994128 ], [ 35.0919638, 31.6998335 ], [ 35.09224936797127, 31.700051715785094 ], [ 35.092281791000175, 31.700073565000139 ], [ 35.092346837000036, 31.700117449000061 ], [ 35.092511684999977, 31.700228012000025 ], [ 35.092717691000189, 31.700373914000011 ], [ 35.092882695000128, 31.700489198000184 ], [ 35.093140891000189, 31.700682142000119 ], [ 35.093256298000028, 31.700788008000188 ], [ 35.093371691000073, 31.700903244000131 ], [ 35.093520651000176, 31.701064661000089 ], [ 35.093622196000126, 31.70118460600014 ], [ 35.093786958000067, 31.701363371000127 ], [ 35.093877615000054, 31.701490349000153 ], [ 35.093990149000092, 31.701652578000164 ], [ 35.094101007000063, 31.701837845000114 ], [ 35.094249344000161, 31.70197432000009 ], [ 35.094372950999968, 31.702113025000131 ], [ 35.094526850000193, 31.702282338000032 ], [ 35.094642072000113, 31.702407015000119 ], [ 35.094798744000116, 31.702599861000067 ], [ 35.09492498600008, 31.702743290000171 ], [ 35.095057955000186, 31.702909623000153 ], [ 35.095186993000027, 31.703060098000094 ], [ 35.095316033000017, 31.703208250000046 ], [ 35.095414952000112, 31.703321146000178 ], [ 35.095530346000089, 31.703441100000134 ], [ 35.09565397800003, 31.70356571200017 ], [ 35.095758328000102, 31.703685657000051 ], [ 35.095893617000058, 31.703847483000118 ], [ 35.096058378000066, 31.704033220000099 ], [ 35.096173745000101, 31.704176707000158 ], [ 35.096302954000066, 31.70432246200005 ], [ 35.096415538000144, 31.704451855 ], [ 35.096596760000068, 31.704658743000095 ], [ 35.096770765000144, 31.704837160000181 ], [ 35.096899798000095, 31.704994680000084 ], [ 35.097015163000094, 31.705142819000173 ], [ 35.097160800000154, 31.705335652000031 ], [ 35.097284382000112, 31.705502609000121 ], [ 35.097372250000092, 31.705627187000118 ], [ 35.09753418300005, 31.705838849000031 ], [ 35.097636880000152, 31.705968092000148 ], [ 35.097787945000107, 31.706175022000025 ], [ 35.097878631000128, 31.706285511000033 ], [ 35.098018699000193, 31.706452483000191 ], [ 35.098153325000112, 31.706624096999974 ], [ 35.098323490000098, 31.70684753300003 ], [ 35.098510710000141, 31.707143553000151 ], [ 35.098902087000113, 31.707774151000137 ], [ 35.099034730000142, 31.707950201000131 ], [ 35.099233706000064, 31.708205859000145 ], [ 35.099505799000156, 31.708524078999972 ], [ 35.099771153000063, 31.708825170000125 ], [ 35.099976947000016, 31.709035456000095 ], [ 35.100229158000047, 31.709302502000185 ], [ 35.100634716000172, 31.709671214000139 ], [ 35.100641466000013, 31.709677421000038 ], [ 35.100644102000103, 31.709679817000051 ], [ 35.10087298000019, 31.709887869000056 ], [ 35.101165121000122, 31.710126555000045 ], [ 35.101570077000019, 31.710450522000144 ], [ 35.101977233000184, 31.710868902000129 ], [ 35.102269165000166, 31.711153030000162 ], [ 35.102547953000112, 31.711397406000117 ], [ 35.102946315000054, 31.711732707000067 ], [ 35.102949038298711, 31.711735039785029 ], [ 35.1031267, 31.7117613 ], [ 35.1033452, 31.7119584 ], [ 35.1036455, 31.7122387 ], [ 35.10394, 31.7125235 ], [ 35.1042066, 31.7127902 ], [ 35.1044106, 31.712994 ], [ 35.1046187, 31.7131947 ], [ 35.1048309, 31.7133923 ], [ 35.1050471, 31.7135867 ], [ 35.1052673, 31.7137778 ], [ 35.1053551, 31.7138522 ], [ 35.1055086, 31.7139837 ], [ 35.1056594, 31.7141175 ], [ 35.1058075, 31.7142535 ], [ 35.1059528, 31.7143916 ], [ 35.1060755, 31.7145122 ], [ 35.1063983, 31.7147826 ], [ 35.1067712, 31.7150009 ], [ 35.1071827, 31.7151605 ], [ 35.1076204, 31.7152567 ], [ 35.108071, 31.7152864 ], [ 35.1081875, 31.7152831 ], [ 35.1087025, 31.71522 ], [ 35.108778, 31.715204 ], [ 35.1093038, 31.7150822 ], [ 35.109827, 31.7149526 ], [ 35.1103476, 31.7148152 ], [ 35.1104252, 31.714794 ], [ 35.111141, 31.7146033 ], [ 35.1118607, 31.7144234 ], [ 35.1123054, 31.7143179 ], [ 35.1126173, 31.714248 ], [ 35.1129305, 31.7141828 ], [ 35.113245, 31.7141222 ], [ 35.1135607, 31.7140663 ], [ 35.1138775, 31.7140152 ], [ 35.1139778, 31.714 ], [ 35.1155004, 31.7137756 ], [ 35.115768848306843, 31.713756808016214 ], [ 35.115784667000014, 31.713754560000154 ], [ 35.116135992000068, 31.713718540000173 ], [ 35.11631041600009, 31.713701478000189 ], [ 35.116545325000118, 31.713699752000025 ], [ 35.116851780000161, 31.71369230200014 ], [ 35.117088839000132, 31.713684869000133 ], [ 35.117338592000067, 31.713671879000117 ], [ 35.117598043000157, 31.713689265000141 ], [ 35.117761205000136, 31.713725670000031 ], [ 35.117942314000118, 31.713783087000081 ], [ 35.118114510000169, 31.713852053000096 ], [ 35.118306797000173, 31.713940055000137 ], [ 35.118540936000102, 31.714048591000051 ], [ 35.118764510000119, 31.714169097000081 ], [ 35.118972429000166, 31.714289592000171 ], [ 35.119149029000027, 31.714404356000045 ], [ 35.119298766000099, 31.714513393000118 ], [ 35.119461834999981, 31.71464534100005 ], [ 35.11966873200015, 31.714799652000067 ], [ 35.119796069000131, 31.714889510000091 ], [ 35.119945781000069, 31.715027220000081 ], [ 35.120122374, 31.715155300000049 ], [ 35.120269978000181, 31.715258630000051 ], [ 35.120397303000118, 31.715363773000149 ], [ 35.120549839000148, 31.715478026000085 ], [ 35.1207016890001, 31.71562327800001 ], [ 35.120835829000157, 31.71583925800013 ], [ 35.120857889000035, 31.716038953000066 ], [ 35.120860966, 31.716095181000071 ], [ 35.120862028000147, 31.716114899000104 ], [ 35.120871004000151, 31.716281619000029 ], [ 35.120882017000099, 31.716482223000128 ], [ 35.120915259000185, 31.716708416000131 ], [ 35.12093973900005, 31.716964479000069 ], [ 35.120946192000133, 31.717107725000176 ], [ 35.120947831717309, 31.717228320470973 ], [ 35.1210145, 31.7178832 ], [ 35.1210527, 31.7182585 ], [ 35.12106370889893, 31.718393999405194 ], [ 35.121064287000081, 31.718397334000031 ], [ 35.121089181000173, 31.718563351 ], [ 35.121114186, 31.718785241999967 ], [ 35.121135618000039, 31.718954781000093 ], [ 35.121138993000045, 31.719213645000025 ], [ 35.121146720441125, 31.719415719621232 ], [ 35.1211653, 31.7196444 ], [ 35.1213325, 31.7205498 ], [ 35.1215664, 31.7211806 ], [ 35.1218437, 31.7216627 ], [ 35.1219209, 31.721767 ], [ 35.1220663, 31.7219584 ], [ 35.1222077, 31.722152 ], [ 35.1223451, 31.7223476 ], [ 35.1224785, 31.7225453 ], [ 35.1226079, 31.7227449 ], [ 35.1227332, 31.7229465 ], [ 35.1228543, 31.7231498 ], [ 35.1229713, 31.723355 ], [ 35.123032, 31.7234653 ], [ 35.1232699, 31.7238926 ], [ 35.1235165, 31.7243162 ], [ 35.1237717, 31.7247361 ], [ 35.1239776, 31.7250625 ], [ 35.1245377, 31.7259542 ], [ 35.1246928, 31.7262078 ], [ 35.1252786, 31.7271515 ], [ 35.1256858, 31.7277848 ], [ 35.1259083, 31.7281193 ], [ 35.1261377, 31.7284504 ], [ 35.1263738, 31.7287781 ], [ 35.1266165, 31.7291022 ], [ 35.1268658, 31.7294226 ], [ 35.1269627, 31.7295438 ], [ 35.1270364, 31.7296338 ], [ 35.1271119, 31.7297226 ], [ 35.1271892, 31.7298102 ], [ 35.1272683, 31.7298967 ], [ 35.1273492, 31.729982 ], [ 35.1274317, 31.7300661 ], [ 35.127516, 31.730149 ], [ 35.127602, 31.7302306 ], [ 35.1276896, 31.7303108 ], [ 35.1277702, 31.7303822 ], [ 35.1281839, 31.7306852 ], [ 35.1285274, 31.7308677 ], [ 35.1286493, 31.7309247 ], [ 35.1287701, 31.7309835 ], [ 35.1288896, 31.7310441 ], [ 35.1290079, 31.7311064 ], [ 35.1291249, 31.7311706 ], [ 35.1292406, 31.7312364 ], [ 35.1293549, 31.731304 ], [ 35.1294678, 31.7313732 ], [ 35.1295793, 31.7314441 ], [ 35.1296869, 31.7315151 ], [ 35.1306875, 31.7323166 ], [ 35.1307989, 31.7324252 ], [ 35.1313348, 31.7328733 ], [ 35.1317299, 31.7331197 ], [ 35.1327255, 31.7336798 ], [ 35.1328421, 31.7337468 ], [ 35.1337097, 31.7341573 ], [ 35.1338598, 31.7342122 ], [ 35.1339495, 31.7342429 ], [ 35.1340399, 31.7342723 ], [ 35.1341308, 31.7343003 ], [ 35.1342222, 31.7343269 ], [ 35.1343037, 31.7343505 ], [ 35.1344067, 31.7343761 ], [ 35.1344997, 31.7343986 ], [ 35.1345699, 31.7344147 ], [ 35.1348542, 31.7344557 ], [ 35.1351425, 31.7344538 ], [ 35.135386399897953, 31.734415515889033 ], [ 35.13552130100004, 31.734346003000098 ], [ 35.135699696000131, 31.73415439300004 ], [ 35.135759338000128, 31.734010625000053 ], [ 35.135812248000036, 31.733830143000034 ], [ 35.135861656000031, 31.733498174000033 ], [ 35.135898110000028, 31.733278226000095 ], [ 35.135931241000037, 31.733089349000181 ], [ 35.135941328000058, 31.732851136000136 ], [ 35.135948098000085, 31.73263680600013 ], [ 35.135954865000031, 31.732428185 ], [ 35.135941849, 31.732213843000068 ], [ 35.135935048000078, 31.732060241000113 ], [ 35.135941793000029, 31.731879801000105 ], [ 35.135958612000081, 31.731673933000138 ], [ 35.136028307000061, 31.731129757000076 ], [ 35.136078518000033, 31.730820477000066 ], [ 35.136125075999985, 31.730541349000077 ], [ 35.136151609000137, 31.730352468000149 ], [ 35.13618801500013, 31.730188955000187 ], [ 35.136303797000153, 31.72994087100011 ], [ 35.136419010002577, 31.729811460784088 ], [ 35.1365737, 31.7295825 ], [ 35.13667701503546, 31.729490293390029 ], [ 35.136729756000136, 31.729423329000099 ], [ 35.136921971000106, 31.729254625000181 ], [ 35.136988390296594, 31.729212397175505 ], [ 35.1370378, 31.7291683 ], [ 35.1374931, 31.7289434 ], [ 35.137812636612644, 31.728863300727355 ], [ 35.137950519000128, 31.728759837000098 ], [ 35.13810241300007, 31.728703629000051 ], [ 35.13858086200014, 31.728718561000051 ], [ 35.138908112802376, 31.728750028020695 ], [ 35.1389723, 31.7287524 ], [ 35.139032375216026, 31.728760128777793 ], [ 35.139583720000189, 31.728802346000123 ], [ 35.139849962000028, 31.72883765500012 ], [ 35.140027511000028, 31.72886227500004 ], [ 35.140222366000103, 31.728896628000143 ], [ 35.140445907000185, 31.728933463000089 ], [ 35.140818288, 31.729021744000192 ], [ 35.140973074000044, 31.729061004000073 ], [ 35.141227896000146, 31.729154150000113 ], [ 35.14145714700004, 31.729271732000086 ], [ 35.141588822000188, 31.729350083000099 ], [ 35.141732023000031, 31.729450494000105 ], [ 35.141945737000128, 31.729621332000022 ], [ 35.142143287000124, 31.729800122000086 ], [ 35.142315165000127, 31.729912739999975 ], [ 35.142444028000057, 31.730008280000106 ], [ 35.142564301000164, 31.73012086500006 ], [ 35.14271029400004, 31.730240865000042 ], [ 35.142879341000082, 31.730395120000139 ], [ 35.143108865000102, 31.73059703600012 ], [ 35.143282028000101, 31.730762073 ], [ 35.143445287000191, 31.730939785000146 ], [ 35.143603614000085, 31.731104812000069 ], [ 35.14374215800018, 31.731265602 ], [ 35.143902914000137, 31.731489604000103 ], [ 35.143995628000027, 31.731643532000191 ], [ 35.144089668000163, 31.731786895000084 ], [ 35.144222264000121, 31.731965999000181 ], [ 35.144304928012382, 31.732081761203002 ], [ 35.1447514, 31.7325866 ], [ 35.1452195, 31.7330216 ], [ 35.145240715673189, 31.733044107369718 ], [ 35.145370131000107, 31.73314311300004 ], [ 35.145571163000056, 31.7333177430001 ], [ 35.145766073, 31.733521750000193 ], [ 35.145909243000176, 31.733675633000018 ], [ 35.146112871000128, 31.733911985000077 ], [ 35.146136434820114, 31.733936864968694 ], [ 35.1461864, 31.7339833 ], [ 35.1464775, 31.7342539 ], [ 35.147313410259208, 31.734931436585558 ], [ 35.147317944000065, 31.734934809000151 ], [ 35.147320114207183, 31.734936870386576 ], [ 35.1475157, 31.7350954 ], [ 35.147903601544755, 31.73543769420106 ], [ 35.148017640000091, 31.735517357 ], [ 35.148247696999988, 31.735696928000038 ], [ 35.148389091000183, 31.735808746000032 ], [ 35.148529516000167, 31.735894563000159 ], [ 35.148727154000142, 31.735981957000092 ], [ 35.148974428000031, 31.736062897000011 ], [ 35.149264228, 31.736167458000068 ], [ 35.149456767000061, 31.736237587000119 ], [ 35.149751353000056, 31.736336443000084 ], [ 35.15013629900011, 31.736434638000162 ], [ 35.15027226626934, 31.736499298429496 ], [ 35.1508681, 31.7366682 ], [ 35.150905, 31.7366325 ], [ 35.1509077, 31.7366346 ], [ 35.154033, 31.7336056 ], [ 35.165008, 31.7323469 ], [ 35.1797631, 31.7205453 ], [ 35.1868032, 31.7212329 ], [ 35.1888262, 31.7214305 ], [ 35.1917703, 31.7218094 ], [ 35.1955683, 31.7222981 ], [ 35.1964962, 31.7224175 ], [ 35.1973332, 31.7225252 ], [ 35.2057582, 31.7236093 ], [ 35.2185528, 31.7158679 ], [ 35.2190327, 31.7155775 ], [ 35.2200274, 31.7161987 ], [ 35.2206855, 31.7166097 ], [ 35.2245196, 31.7190039 ], [ 35.2285285, 31.7175602 ], [ 35.2285113, 31.7174317 ], [ 35.2288195, 31.7170966 ], [ 35.2288724, 31.7169948 ], [ 35.2289495, 31.7168536 ], [ 35.2290645, 31.7166645 ], [ 35.2291311, 31.7165494 ], [ 35.2291545, 31.7164768 ], [ 35.2291738, 31.7164225 ], [ 35.2292438, 31.7163225 ], [ 35.2293481, 31.7162228 ], [ 35.2293613, 31.716159 ], [ 35.2293704, 31.7161129 ], [ 35.2294507, 31.7159993 ], [ 35.2294872, 31.7158921 ], [ 35.2294719, 31.7157261 ], [ 35.2294826, 31.7155911 ], [ 35.229483, 31.7154486 ], [ 35.2295012, 31.7153711 ], [ 35.2295267, 31.7153154 ], [ 35.2295677, 31.715165 ], [ 35.2296053, 31.7150923 ], [ 35.2297251, 31.7149511 ], [ 35.2297545, 31.7148791 ], [ 35.2297849, 31.7147165 ], [ 35.2297937, 31.7146601 ], [ 35.2298377, 31.7146385 ], [ 35.229925, 31.7145958 ], [ 35.2300537, 31.7145175 ], [ 35.2301353, 31.714436 ], [ 35.2302894, 31.7142448 ], [ 35.2304254, 31.7140519 ], [ 35.2304783, 31.7139608 ], [ 35.230469, 31.7138406 ], [ 35.2304787, 31.7137465 ], [ 35.2304931, 31.7137045 ], [ 35.230554, 31.713662 ], [ 35.2306355, 31.7136172 ], [ 35.230723, 31.7135204 ], [ 35.2308372, 31.7134077 ], [ 35.2309716, 31.7133504 ], [ 35.2310764, 31.7132986 ], [ 35.2311317, 31.7132289 ], [ 35.2311788, 31.7130936 ], [ 35.2312467, 31.712947 ], [ 35.2312527, 31.7129428 ], [ 35.2390761, 31.7096214 ], [ 35.2427256, 31.7122055 ], [ 35.2427696, 31.7122357 ], [ 35.2437958, 31.719956 ], [ 35.2443116, 31.7204312 ], [ 35.2497885, 31.7255021 ], [ 35.2514625, 31.7325427 ], [ 35.2514744, 31.732634 ], [ 35.251415, 31.7327758 ], [ 35.2514101, 31.7328718 ], [ 35.2514762, 31.7331046 ], [ 35.25155, 31.7332415 ], [ 35.2516496, 31.7333288 ], [ 35.2517182, 31.7334375 ], [ 35.2517186, 31.7335503 ], [ 35.2516774, 31.7336512 ], [ 35.2515754, 31.7338056 ], [ 35.2514976, 31.7339388 ], [ 35.251474, 31.7340819 ], [ 35.2515445, 31.7341711 ], [ 35.2516044, 31.7342437 ], [ 35.2516247, 31.7343554 ], [ 35.251584, 31.7344536 ], [ 35.2515063, 31.7345165 ], [ 35.2515341, 31.7345661 ], [ 35.2515625, 31.7346481 ], [ 35.2515874, 31.7348091 ], [ 35.2516123, 31.7348889 ], [ 35.2515586, 31.7349902 ], [ 35.2515787, 31.7350793 ], [ 35.2516338, 31.7352694 ], [ 35.2517151, 31.7354632 ], [ 35.2516946, 31.7356169 ], [ 35.2517488, 31.7357141 ], [ 35.2518583, 31.7360524 ], [ 35.2519901, 31.7363174 ], [ 35.2520207, 31.7364719 ], [ 35.2520628, 31.736566 ], [ 35.2521526, 31.7367755 ], [ 35.2522549, 31.7369813 ], [ 35.2522199, 31.7372755 ], [ 35.25228, 31.7375193 ], [ 35.2521403, 31.7377009 ], [ 35.2520928, 31.7378088 ], [ 35.2520211, 31.7379424 ], [ 35.2519613, 31.7383133 ], [ 35.2518701, 31.7384764 ], [ 35.2515908, 31.7387849 ], [ 35.2515395, 31.7388376 ], [ 35.25819, 31.7424424 ], [ 35.260571, 31.746648 ], [ 35.2619396, 31.7475813 ], [ 35.263365, 31.7485727 ], [ 35.2633249, 31.7488579 ], [ 35.2633019, 31.7489178 ], [ 35.2632982, 31.7489272 ], [ 35.2632319, 31.7490942 ], [ 35.2631901, 31.7491599 ], [ 35.2630325, 31.7494032 ], [ 35.2628536, 31.7497495 ], [ 35.2626772, 31.7500695 ], [ 35.2625461, 31.7502033 ], [ 35.2622428, 31.7504892 ], [ 35.2619368, 31.750781 ], [ 35.2615687, 31.7511119 ], [ 35.261256, 31.7514071 ], [ 35.2610578, 31.7515755 ], [ 35.2609001, 31.7516943 ], [ 35.2606197, 31.7519076 ], [ 35.2604484, 31.7520103 ], [ 35.2603217, 31.7520829 ], [ 35.259935, 31.7522339 ], [ 35.259744, 31.7523018 ], [ 35.2595072, 31.7524038 ], [ 35.2594597, 31.7524723 ], [ 35.2594282, 31.7525868 ], [ 35.259305, 31.7531706 ], [ 35.2592501, 31.7533766 ], [ 35.2592178, 31.7535229 ], [ 35.2592151, 31.7536057 ], [ 35.2592629, 31.7539038 ], [ 35.2594537, 31.7545121 ], [ 35.2595406, 31.7547938 ], [ 35.2596423, 31.7550401 ], [ 35.2597162, 31.7552467 ], [ 35.2597057, 31.7554186 ], [ 35.259598, 31.7556931 ], [ 35.2594677, 31.7559789 ], [ 35.2594443, 31.7561903 ], [ 35.2594785, 31.7563108 ], [ 35.2594961, 31.7565014 ], [ 35.2595462, 31.7566058 ], [ 35.2595926, 31.7566946 ], [ 35.2596328, 31.7567548 ], [ 35.2596776, 31.7568035 ], [ 35.2597254, 31.7568378 ], [ 35.2597816, 31.7568714 ], [ 35.2529193, 31.7629286 ], [ 35.252894, 31.7632193 ], [ 35.2528126, 31.7641537 ], [ 35.2528013, 31.7642823 ], [ 35.2525445, 31.76723 ], [ 35.2524962, 31.7673634 ], [ 35.2524447, 31.7674725 ], [ 35.2524152, 31.7676004 ], [ 35.2524009, 31.7677153 ], [ 35.2523672, 31.7679292 ], [ 35.2523039, 31.7681913 ], [ 35.2522415, 31.7683293 ], [ 35.2521274, 31.7686549 ], [ 35.2520505, 31.7689631 ], [ 35.2519543, 31.7692842 ], [ 35.2518357, 31.7697214 ], [ 35.2517477, 31.7700669 ], [ 35.2517454, 31.7701832 ], [ 35.2517547, 31.7704631 ], [ 35.2517684, 31.7705055 ], [ 35.2522721, 31.7704676 ], [ 35.2524446, 31.7704531 ], [ 35.2527659, 31.7705194 ], [ 35.2529385, 31.7706306 ], [ 35.2535557, 31.7706781 ], [ 35.2569877, 31.7804588 ], [ 35.2575916, 31.7853605 ], [ 35.2576553, 31.7853745 ], [ 35.257931, 31.7854465 ], [ 35.2591738, 31.785446 ], [ 35.2629958, 31.789966 ], [ 35.2629168, 31.7899697 ], [ 35.2628528, 31.790015 ], [ 35.2628108, 31.7900257 ], [ 35.2627785, 31.790019 ], [ 35.2627243, 31.7900084 ], [ 35.262694, 31.7899722 ], [ 35.262625, 31.7899948 ], [ 35.2625122, 31.7900085 ], [ 35.262409, 31.7900048 ], [ 35.2622686, 31.79001 ], [ 35.2620053, 31.7900372 ], [ 35.2619426, 31.7900874 ], [ 35.2618941, 31.7901567 ], [ 35.2618123, 31.7902504 ], [ 35.2617376, 31.7903578 ], [ 35.2616709, 31.790435 ], [ 35.261601, 31.7904974 ], [ 35.2615205, 31.7905864 ], [ 35.2614513, 31.7906483 ], [ 35.2614062, 31.7907009 ], [ 35.2614183, 31.7907549 ], [ 35.2613621, 31.7908395 ], [ 35.2613296, 31.7909062 ], [ 35.2612466, 31.7910521 ], [ 35.2611693, 31.7910867 ], [ 35.2610729, 31.7911475 ], [ 35.2609089, 31.7912806 ], [ 35.26078, 31.7913493 ], [ 35.2606173, 31.7914559 ], [ 35.2605294, 31.7915261 ], [ 35.2605114, 31.7915625 ], [ 35.2604294, 31.7916622 ], [ 35.2602947, 31.7917911 ], [ 35.2602373, 31.7918949 ], [ 35.2599816, 31.7921006 ], [ 35.2599128, 31.7922988 ], [ 35.2598617, 31.7924811 ], [ 35.2598139, 31.7926496 ], [ 35.2598044, 31.7929489 ], [ 35.259734, 31.794501 ], [ 35.2596492, 31.7963713 ], [ 35.2595288, 31.7989856 ], [ 35.2594397, 31.8009212 ], [ 35.2593017, 31.8010771 ], [ 35.2592031, 31.8010578 ], [ 35.2590842, 31.8010223 ], [ 35.2588806, 31.801075 ], [ 35.2587984, 31.8011177 ], [ 35.2587034, 31.8012112 ], [ 35.2585995, 31.8012703 ], [ 35.258479, 31.8013144 ], [ 35.2583672, 31.8014281 ], [ 35.2582109, 31.8015494 ], [ 35.2580539, 31.8016871 ], [ 35.2578856, 31.8018154 ], [ 35.2578323, 31.8019937 ], [ 35.2577385, 31.8023079 ], [ 35.2576666, 31.8024741 ], [ 35.2576021, 31.8025762 ], [ 35.2575065, 31.802653 ], [ 35.257406, 31.8027336 ], [ 35.2573754, 31.8027553 ], [ 35.2573439, 31.802773 ], [ 35.2573225, 31.802785 ], [ 35.2572686, 31.8028075 ], [ 35.2572252, 31.8028245 ], [ 35.2571991, 31.802833 ], [ 35.2571823, 31.8028427 ], [ 35.2571643, 31.8028531 ], [ 35.2571502, 31.8028665 ], [ 35.2571371, 31.8028847 ], [ 35.2571294, 31.8029005 ], [ 35.2571247, 31.8029155 ], [ 35.257121, 31.8029344 ], [ 35.2571142, 31.8029547 ], [ 35.2570779, 31.8030668 ], [ 35.25693, 31.8033079 ], [ 35.2569028, 31.8033507 ], [ 35.256876, 31.8033861 ], [ 35.2568437, 31.8034142 ], [ 35.2567061, 31.8035333 ], [ 35.2567092, 31.8035486 ], [ 35.2567142, 31.8035733 ], [ 35.2567212, 31.8035934 ], [ 35.2567175, 31.803601 ], [ 35.2567132, 31.8036098 ], [ 35.2566954, 31.803619 ], [ 35.2566783, 31.8036315 ], [ 35.2566572, 31.8036469 ], [ 35.2566406, 31.803659 ], [ 35.2566308, 31.8036634 ], [ 35.2566152, 31.8036704 ], [ 35.2565745, 31.8036648 ], [ 35.2565548, 31.8036711 ], [ 35.2565388, 31.8036828 ], [ 35.2565285, 31.8036984 ], [ 35.256525, 31.8037161 ], [ 35.2565121, 31.8037551 ], [ 35.2564845, 31.8037723 ], [ 35.2572389, 31.8107755 ], [ 35.2553757, 31.8128455 ], [ 35.2554447, 31.8128604 ], [ 35.2555109, 31.812882 ], [ 35.255649, 31.8129259 ], [ 35.2557195, 31.8129377 ], [ 35.2558073, 31.8129461 ], [ 35.2558817, 31.8129584 ], [ 35.2560322, 31.813097 ], [ 35.2561802, 31.8132402 ], [ 35.2562682, 31.8133363 ], [ 35.2562993, 31.8133951 ], [ 35.2563363, 31.8134505 ], [ 35.2567703, 31.8138099 ], [ 35.2568396, 31.8139551 ], [ 35.256943, 31.8141464 ], [ 35.2570448, 31.8143432 ], [ 35.2571265, 31.8147787 ], [ 35.2573201, 31.8152135 ], [ 35.2575149, 31.8156978 ], [ 35.2576579, 31.8160106 ], [ 35.2577055, 31.8160812 ], [ 35.2580324, 31.8165284 ], [ 35.2581015, 31.8166646 ], [ 35.2583367, 31.8168965 ], [ 35.2583841, 31.8170223 ], [ 35.2584119, 31.8173297 ], [ 35.2583386, 31.8173691 ], [ 35.258608, 31.8176361 ], [ 35.2588268, 31.8178719 ], [ 35.2590618, 31.8181367 ], [ 35.2591912, 31.8182043 ], [ 35.2595434, 31.8185368 ], [ 35.2595529, 31.818692 ], [ 35.2597864, 31.8188707 ], [ 35.2599333, 31.8189674 ], [ 35.2600231, 31.8190448 ], [ 35.2601783, 31.8191702 ], [ 35.260491, 31.8193746 ], [ 35.2607421, 31.8194927 ], [ 35.2609839, 31.8199945 ], [ 35.2609814, 31.8201724 ], [ 35.2609844, 31.820324 ], [ 35.2613394, 31.820653 ], [ 35.2614095, 31.8208718 ], [ 35.2614693, 31.8209598 ], [ 35.2615415, 31.8212491 ], [ 35.2615211, 31.8213673 ], [ 35.26142, 31.8215584 ], [ 35.2613607, 31.8216707 ], [ 35.2613467, 31.8217061 ], [ 35.2612725, 31.8218952 ], [ 35.2613106, 31.822172 ], [ 35.2612898, 31.8223114 ], [ 35.2612837, 31.8223895 ], [ 35.2612719, 31.8225752 ], [ 35.2612629, 31.8226143 ], [ 35.26124, 31.822665 ], [ 35.2612908, 31.8227374 ], [ 35.2612947, 31.8227835 ], [ 35.2613798, 31.8229955 ], [ 35.2615, 31.8231202 ], [ 35.2615446, 31.8231537 ], [ 35.2616092, 31.8231954 ], [ 35.2616622, 31.8232929 ], [ 35.2617143, 31.8233639 ], [ 35.2617858, 31.8234758 ], [ 35.2618535, 31.8235721 ], [ 35.2619704, 31.8236959 ], [ 35.2620629, 31.8237816 ], [ 35.2622011, 31.8238668 ], [ 35.2622721, 31.8239117 ], [ 35.2623498, 31.8239672 ], [ 35.2626848, 31.8242478 ], [ 35.2629615, 31.8245024 ], [ 35.2630831, 31.8246349 ], [ 35.2632077, 31.8247735 ], [ 35.2633093, 31.8248932 ], [ 35.2633982, 31.8249774 ], [ 35.2635187, 31.8250678 ], [ 35.2636036, 31.8250958 ], [ 35.2637395, 31.8251895 ], [ 35.2638891, 31.825299 ], [ 35.2640393, 31.8254606 ], [ 35.2642761, 31.8255475 ], [ 35.2644348, 31.8255215 ], [ 35.2645905, 31.8255229 ], [ 35.2647014, 31.8255669 ], [ 35.2650458, 31.8255465 ], [ 35.2646753, 31.8257241 ], [ 35.2644396, 31.8259804 ], [ 35.2641189, 31.8263731 ], [ 35.2638502, 31.8267154 ], [ 35.2636689, 31.8268129 ], [ 35.262781, 31.8272636 ], [ 35.2610883, 31.8280227 ], [ 35.2597748, 31.8286316 ], [ 35.2588652, 31.8290111 ], [ 35.2583749, 31.8291404 ], [ 35.2579061, 31.8292248 ], [ 35.2566879, 31.8293623 ], [ 35.2560372, 31.8293467 ], [ 35.2556055, 31.829547 ], [ 35.2552201, 31.829742 ], [ 35.254517, 31.8300478 ], [ 35.2538233, 31.8304641 ], [ 35.2510963, 31.830389 ], [ 35.251798, 31.8319084 ], [ 35.252061, 31.8324345 ], [ 35.2522197, 31.8325507 ], [ 35.2523954, 31.832719 ], [ 35.252539, 31.832898 ], [ 35.2526777, 31.8331346 ], [ 35.2527529, 31.8332979 ], [ 35.2528047, 31.8334295 ], [ 35.2528966, 31.8338427 ], [ 35.2529641, 31.8340901 ], [ 35.2530149, 31.8342834 ], [ 35.253098, 31.8344725 ], [ 35.253222, 31.8346907 ], [ 35.2534017, 31.8348798 ], [ 35.2535794, 31.8350105 ], [ 35.2539436, 31.835267 ], [ 35.2543926, 31.8355609 ], [ 35.2549726, 31.8359506 ], [ 35.2553758, 31.8362229 ], [ 35.2556843, 31.8364527 ], [ 35.2559431, 31.8367125 ], [ 35.2560583, 31.8368908 ], [ 35.2562937, 31.8372623 ], [ 35.2566337, 31.8378112 ], [ 35.2567665, 31.8379994 ], [ 35.2568876, 31.8381501 ], [ 35.2570627, 31.838294 ], [ 35.2570524, 31.8383793 ], [ 35.2569224, 31.8394605 ], [ 35.2566222, 31.8396695 ], [ 35.2564746, 31.8397974 ], [ 35.2563272, 31.839923 ], [ 35.2561509, 31.8400736 ], [ 35.2559734, 31.8402213 ], [ 35.2557269, 31.840449 ], [ 35.2554534, 31.8406423 ], [ 35.2553361, 31.8407246 ], [ 35.2551727, 31.8408394 ], [ 35.2550356, 31.8409367 ], [ 35.2549975, 31.8409692 ], [ 35.2547623, 31.8411245 ], [ 35.2544334, 31.8412713 ], [ 35.2540671, 31.8415811 ], [ 35.2535413, 31.8419957 ], [ 35.2534946, 31.8421108 ], [ 35.253404, 31.8421781 ], [ 35.2530536, 31.8423472 ], [ 35.252848, 31.8423371 ], [ 35.2526657, 31.8423642 ], [ 35.2524601, 31.8424772 ], [ 35.2522731, 31.8425991 ], [ 35.2520348, 31.8427241 ], [ 35.2519619, 31.8427504 ], [ 35.2518647, 31.8428621 ], [ 35.2518076, 31.8429024 ], [ 35.2516959, 31.8430329 ], [ 35.2516547, 31.8430895 ], [ 35.2515701, 31.8431864 ], [ 35.2515181, 31.8433016 ], [ 35.2513807, 31.8435696 ], [ 35.2513234, 31.8436818 ], [ 35.251174, 31.8437986 ], [ 35.2510405, 31.843904 ], [ 35.2509316, 31.8439317 ], [ 35.2507073, 31.8439766 ], [ 35.2504739, 31.8440279 ], [ 35.2504224, 31.8439972 ], [ 35.250245, 31.8441632 ], [ 35.2502158, 31.8441403 ], [ 35.2499489, 31.8443183 ], [ 35.249753, 31.8444119 ], [ 35.249634, 31.8445166 ], [ 35.2486353, 31.8450764 ], [ 35.2485423, 31.8450853 ], [ 35.2481024, 31.8451004 ], [ 35.2480445, 31.8451037 ], [ 35.2473894, 31.8451162 ], [ 35.2472722, 31.845117 ], [ 35.2467069, 31.8451355 ], [ 35.2463442, 31.8451396 ], [ 35.2453273, 31.8451714 ], [ 35.2449143, 31.8452538 ], [ 35.2447555, 31.8452602 ], [ 35.2438895, 31.8452467 ], [ 35.2432637, 31.8452804 ], [ 35.2430073, 31.8452922 ], [ 35.2422414, 31.8452941 ], [ 35.2418737, 31.845259 ], [ 35.2333695, 31.841954 ], [ 35.2323596, 31.8423275 ], [ 35.2300735, 31.8426476 ], [ 35.229927, 31.8432969 ], [ 35.2296412, 31.8442113 ], [ 35.2292966, 31.8449762 ], [ 35.2289835, 31.8458101 ], [ 35.228878, 31.8462218 ], [ 35.228845, 31.8465309 ], [ 35.2284246, 31.8479369 ], [ 35.2272022, 31.8495423 ], [ 35.2259746, 31.8511362 ], [ 35.2253528, 31.8520362 ], [ 35.2250597, 31.8525264 ], [ 35.2249552, 31.8528464 ], [ 35.2249469, 31.8528876 ], [ 35.2248603, 31.8533492 ], [ 35.224834, 31.8534838 ], [ 35.2248119, 31.8537592 ], [ 35.2248119, 31.8538334 ], [ 35.2248081, 31.8541619 ], [ 35.2248114, 31.8541978 ], [ 35.2248151, 31.8542338 ], [ 35.2248193, 31.8542697 ], [ 35.224824, 31.8543055 ], [ 35.2256397, 31.8592708 ], [ 35.225647, 31.8593196 ], [ 35.2256532, 31.8593552 ], [ 35.2256603, 31.8593908 ], [ 35.2256681, 31.8594262 ], [ 35.2256768, 31.8594616 ], [ 35.2256862, 31.8594967 ], [ 35.2256964, 31.8595317 ], [ 35.2257074, 31.8595666 ], [ 35.2257191, 31.8596012 ], [ 35.2257316, 31.8596357 ], [ 35.2257449, 31.8596699 ], [ 35.2257589, 31.8597039 ], [ 35.2257737, 31.8597377 ], [ 35.2257892, 31.8597713 ], [ 35.2258055, 31.8598046 ], [ 35.2258225, 31.8598376 ], [ 35.2258403, 31.8598703 ], [ 35.2258588, 31.8599028 ], [ 35.225878, 31.8599349 ], [ 35.2258979, 31.8599667 ], [ 35.2259185, 31.8599982 ], [ 35.2259398, 31.8600294 ], [ 35.2259618, 31.8600602 ], [ 35.2259844, 31.8600906 ], [ 35.2260078, 31.8601207 ], [ 35.2262755, 31.8604202 ], [ 35.227113, 31.8614258 ], [ 35.2272533, 31.8616232 ], [ 35.2275919, 31.8620994 ], [ 35.2276107, 31.8621258 ], [ 35.2276389, 31.8621655 ], [ 35.2276579, 31.8621983 ], [ 35.2276774, 31.8622321 ], [ 35.2276941, 31.8622661 ], [ 35.227714, 31.8623012 ], [ 35.2277314, 31.862332 ], [ 35.2277476, 31.8623591 ], [ 35.2277653, 31.8623943 ], [ 35.2277831, 31.862427 ], [ 35.2278002, 31.86246 ], [ 35.2278166, 31.8624932 ], [ 35.2278323, 31.8625267 ], [ 35.2278473, 31.8625604 ], [ 35.2278616, 31.8625944 ], [ 35.2278752, 31.8626285 ], [ 35.2278881, 31.8626629 ], [ 35.2279003, 31.8626974 ], [ 35.2279118, 31.8627322 ], [ 35.2279225, 31.8627671 ], [ 35.2279325, 31.8628021 ], [ 35.2279418, 31.8628373 ], [ 35.2279503, 31.8628726 ], [ 35.2279582, 31.8629081 ], [ 35.2279653, 31.8629436 ], [ 35.2279716, 31.8629793 ], [ 35.2279772, 31.863015 ], [ 35.2279821, 31.8630509 ], [ 35.2279862, 31.8630868 ], [ 35.2279896, 31.8631227 ], [ 35.2279922, 31.8631587 ], [ 35.2279941, 31.8631948 ], [ 35.2279952, 31.8632308 ], [ 35.2279956, 31.8632669 ], [ 35.2279952, 31.863303 ], [ 35.2279941, 31.863339 ], [ 35.2279923, 31.8633751 ], [ 35.2279897, 31.8634111 ], [ 35.2279863, 31.863447 ], [ 35.2279822, 31.863483 ], [ 35.2279774, 31.8635188 ], [ 35.2279718, 31.8635545 ], [ 35.2279655, 31.8635902 ], [ 35.2279584, 31.8636258 ], [ 35.2279506, 31.8636612 ], [ 35.2279421, 31.8636966 ], [ 35.2279329, 31.8637318 ], [ 35.2279229, 31.8637668 ], [ 35.2279122, 31.8638017 ], [ 35.2279007, 31.8638364 ], [ 35.2278886, 31.863871 ], [ 35.2278757, 31.8639053 ], [ 35.2278621, 31.8639395 ], [ 35.2278479, 31.8639735 ], [ 35.2278329, 31.8640072 ], [ 35.2278172, 31.8640407 ], [ 35.2278008, 31.8640739 ], [ 35.2277838, 31.864107 ], [ 35.227766, 31.8641397 ], [ 35.2277476, 31.8641722 ], [ 35.2277285, 31.8642043 ], [ 35.2277088, 31.8642362 ], [ 35.2276883, 31.8642678 ], [ 35.2276673, 31.8642991 ], [ 35.2276456, 31.8643301 ], [ 35.2276232, 31.8643607 ], [ 35.2276003, 31.864391 ], [ 35.2275766, 31.8644209 ], [ 35.2275524, 31.8644504 ], [ 35.2275276, 31.8644796 ], [ 35.2275022, 31.8645085 ], [ 35.2274762, 31.8645369 ], [ 35.2274496, 31.8645649 ], [ 35.2274224, 31.8645925 ], [ 35.2273946, 31.8646197 ], [ 35.2270865, 31.8649959 ], [ 35.2266448, 31.8655889 ], [ 35.2262867, 31.8661595 ], [ 35.2256103, 31.8674504 ], [ 35.2238854, 31.8750024 ], [ 35.2235329, 31.8765672 ], [ 35.2233872, 31.877214 ], [ 35.2232787, 31.8776802 ], [ 35.2230116, 31.8788275 ], [ 35.220211, 31.8826655 ], [ 35.2137296, 31.8824251 ], [ 35.213685, 31.8823974 ], [ 35.2136351, 31.8823593 ], [ 35.2135852, 31.8823235 ], [ 35.2134803, 31.8822362 ], [ 35.2132782, 31.8820526 ], [ 35.2130642, 31.8818533 ], [ 35.2129209, 31.8817166 ], [ 35.2127916, 31.8816023 ], [ 35.2127032, 31.8815305 ], [ 35.212576, 31.8815997 ], [ 35.2124974, 31.8816562 ], [ 35.2124595, 31.8816901 ], [ 35.2124255, 31.8817128 ], [ 35.2124108, 31.8817191 ], [ 35.2122664, 31.8817811 ], [ 35.2120447, 31.8818573 ], [ 35.2118353, 31.8819243 ], [ 35.2116736, 31.8820032 ], [ 35.2114672, 31.8820952 ], [ 35.2113286, 31.8821438 ], [ 35.2111634, 31.8821848 ], [ 35.2110363, 31.8822258 ], [ 35.2108618, 31.8822568 ], [ 35.2105321, 31.8822802 ], [ 35.2101191, 31.8823091 ], [ 35.2100533, 31.8823016 ], [ 35.209974, 31.8822555 ], [ 35.2098877, 31.8821149 ], [ 35.2097434, 31.881817 ], [ 35.2097028, 31.881569 ], [ 35.2096818, 31.8814916 ], [ 35.2096259, 31.8814465 ], [ 35.2095516, 31.8814304 ], [ 35.2094853, 31.8814398 ], [ 35.2093737, 31.8815137 ], [ 35.2092066, 31.8815868 ], [ 35.2089253, 31.8816646 ], [ 35.2086613, 31.8817363 ], [ 35.2083708, 31.8817928 ], [ 35.2081301, 31.8819112 ], [ 35.2080277, 31.8819569 ], [ 35.2079088, 31.881942 ], [ 35.2077824, 31.8818676 ], [ 35.2074992, 31.8817369 ], [ 35.207285, 31.8817402 ], [ 35.2070444, 31.8816621 ], [ 35.206919, 31.881583 ], [ 35.2068408, 31.8815347 ], [ 35.2067224, 31.8814026 ], [ 35.2066513, 31.8812824 ], [ 35.206666, 31.8810782 ], [ 35.2067459, 31.8807204 ], [ 35.2067679, 31.8805366 ], [ 35.206801, 31.8803809 ], [ 35.2069196, 31.8801698 ], [ 35.2069474, 31.8800144 ], [ 35.2069659, 31.8797368 ], [ 35.2069971, 31.8794304 ], [ 35.2070722, 31.8791382 ], [ 35.2046008, 31.873539 ], [ 35.2041722, 31.8725771 ], [ 35.2042094, 31.8721663 ], [ 35.2042302, 31.8719405 ], [ 35.2042614, 31.8715449 ], [ 35.2042703, 31.8713413 ], [ 35.2042708, 31.8711504 ], [ 35.2042515, 31.8710008 ], [ 35.2042114, 31.8707789 ], [ 35.2041564, 31.8706964 ], [ 35.2041727, 31.8705912 ], [ 35.2042165, 31.8703635 ], [ 35.2042542, 31.8702656 ], [ 35.2042987, 31.8701772 ], [ 35.2044682, 31.8700288 ], [ 35.2047055, 31.8698224 ], [ 35.2047613, 31.8697654 ], [ 35.2048649, 31.8696075 ], [ 35.204973, 31.8694334 ], [ 35.2050162, 31.8693676 ], [ 35.2050455, 31.8693231 ], [ 35.2050432, 31.8692718 ], [ 35.2050333, 31.8691707 ], [ 35.2049982, 31.8690273 ], [ 35.2049748, 31.8689225 ], [ 35.2049698, 31.8688854 ], [ 35.2049782, 31.8688176 ], [ 35.2050116, 31.8687356 ], [ 35.2050918, 31.8686086 ], [ 35.2051428, 31.8684724 ], [ 35.2052599, 31.8682626 ], [ 35.2053719, 31.8680244 ], [ 35.2054036, 31.8679245 ], [ 35.2054153, 31.8677904 ], [ 35.2054412, 31.8677341 ], [ 35.2055298, 31.8676014 ], [ 35.2056074, 31.8674259 ], [ 35.2056864, 31.8671399 ], [ 35.2056946, 31.8670388 ], [ 35.205724, 31.8668559 ], [ 35.2057748, 31.8667531 ], [ 35.2058425, 31.8665718 ], [ 35.2058776, 31.8665103 ], [ 35.2059252, 31.8664279 ], [ 35.2059309, 31.8662315 ], [ 35.2059365, 31.8662048 ], [ 35.2059428, 31.8661978 ], [ 35.2059923, 31.86614 ], [ 35.2061221, 31.8660379 ], [ 35.2062305, 31.865903 ], [ 35.2063678, 31.8657655 ], [ 35.2064161, 31.8656955 ], [ 35.2064575, 31.8655885 ], [ 35.2064775, 31.8654413 ], [ 35.2064768, 31.8653537 ], [ 35.2064858, 31.8653495 ], [ 35.2114614, 31.8629902 ], [ 35.2117967, 31.8584274 ], [ 35.2145319, 31.8507563 ], [ 35.2138071, 31.8471154 ], [ 35.2150048, 31.8431351 ], [ 35.2149854, 31.8431308 ], [ 35.2162139, 31.8390209 ], [ 35.2152999, 31.8269386 ], [ 35.2153288, 31.8266423 ], [ 35.2151538, 31.8260873 ], [ 35.2151564, 31.8256746 ], [ 35.2152173, 31.8253515 ], [ 35.2153775, 31.8249494 ], [ 35.2154934, 31.8244989 ], [ 35.2155346, 31.8240233 ], [ 35.2154807, 31.823449 ], [ 35.2152332, 31.8227276 ], [ 35.2152168, 31.8224906 ], [ 35.2152817, 31.8221281 ], [ 35.2154921, 31.8217361 ], [ 35.2157787, 31.8214439 ], [ 35.2159086, 31.821212 ], [ 35.2159462, 31.8209618 ], [ 35.2158685, 31.8207011 ], [ 35.2157746, 31.8205253 ], [ 35.2154246, 31.8200844 ], [ 35.2153316, 31.8198534 ], [ 35.2152838, 31.8195688 ], [ 35.2151245, 31.8190393 ], [ 35.2149794, 31.8188778 ], [ 35.2143121, 31.8185529 ], [ 35.2139563, 31.8184706 ], [ 35.2131712, 31.8183685 ], [ 35.213037, 31.8182808 ], [ 35.2128637, 31.8180778 ], [ 35.2128209, 31.8180277 ], [ 35.2123555, 31.8179375 ], [ 35.2122093, 31.8179091 ], [ 35.2114167, 31.8176115 ], [ 35.2101951, 31.817245 ], [ 35.2098308, 31.8171357 ], [ 35.2097439, 31.8173158 ], [ 35.2094836, 31.8178549 ], [ 35.2094486, 31.8180269 ], [ 35.2096287, 31.8183475 ], [ 35.2099163, 31.8186669 ], [ 35.2100894, 31.8190035 ], [ 35.2101605, 31.8194251 ], [ 35.2101, 31.8197636 ], [ 35.2098699, 31.8202116 ], [ 35.2095838, 31.820475 ], [ 35.2091236, 31.8206215 ], [ 35.2088584, 31.8206702 ], [ 35.2085292, 31.8205193 ], [ 35.2083784, 31.8203784 ], [ 35.2081837, 31.8202968 ], [ 35.2078954, 31.8203602 ], [ 35.2076299, 31.820586 ], [ 35.2074082, 31.8210203 ], [ 35.2073591, 31.8213152 ], [ 35.207227, 31.8216827 ], [ 35.2072442, 31.8219451 ], [ 35.2075288, 31.8222829 ], [ 35.2076351, 31.8225164 ], [ 35.2074615, 31.8229559 ], [ 35.2071086, 31.8231932 ], [ 35.2067137, 31.823375 ], [ 35.2062344, 31.8233775 ], [ 35.2051905, 31.8232539 ], [ 35.2038577, 31.8233961 ], [ 35.2031724, 31.8235181 ], [ 35.2028919, 31.8235954 ], [ 35.202683, 31.8238091 ], [ 35.2020114, 31.8242451 ], [ 35.2011934, 31.8246024 ], [ 35.2005417, 31.8248007 ], [ 35.1999369, 31.8250892 ], [ 35.1997773, 31.8253242 ], [ 35.1995848, 31.8253858 ], [ 35.1991255, 31.8255328 ], [ 35.1983806, 31.825684 ], [ 35.194737, 31.8265811 ], [ 35.1892449, 31.8264656 ], [ 35.1890468, 31.8264815 ], [ 35.1881743, 31.8264289 ], [ 35.1878549, 31.8264096 ], [ 35.1871039, 31.8262309 ], [ 35.1859557, 31.8261298 ], [ 35.1853267, 31.8260366 ], [ 35.1846542, 31.8258958 ], [ 35.1841421, 31.8259395 ], [ 35.1831052, 31.8248836 ], [ 35.1824385, 31.8240728 ], [ 35.1824652, 31.8238258 ], [ 35.1824505, 31.8234957 ], [ 35.182223, 31.8227202 ], [ 35.1822784, 31.8224496 ], [ 35.1822892, 31.8221898 ], [ 35.1822589, 31.8215078 ], [ 35.1820341, 31.8213199 ], [ 35.1818619, 31.8210584 ], [ 35.1818078, 31.8208113 ], [ 35.182043, 31.8202376 ], [ 35.1823545, 31.8200064 ], [ 35.1831944, 31.8192037 ], [ 35.1835795, 31.8186701 ], [ 35.1838708, 31.8181774 ], [ 35.1840802, 31.8176113 ], [ 35.184171, 31.8173195 ], [ 35.1842725, 31.8167724 ], [ 35.1844059, 31.8167304 ], [ 35.1844299, 31.816631 ], [ 35.1843931, 31.8165455 ], [ 35.1844047, 31.8163507 ], [ 35.1844734, 31.8162429 ], [ 35.1846765, 31.8160917 ], [ 35.1846975, 31.8159522 ], [ 35.1846649, 31.8158564 ], [ 35.1845514, 31.8157132 ], [ 35.1845133, 31.8155714 ], [ 35.1845838, 31.8154969 ], [ 35.1846544, 31.8152608 ], [ 35.1843549, 31.8146461 ], [ 35.184284, 31.8143064 ], [ 35.1842993, 31.8140222 ], [ 35.1844195, 31.8138488 ], [ 35.1846773, 31.8138226 ], [ 35.1853915, 31.8135832 ], [ 35.1864921, 31.8126005 ], [ 35.1871341, 31.8119652 ], [ 35.1871197, 31.8116838 ], [ 35.1869933, 31.8114096 ], [ 35.1869994, 31.8110633 ], [ 35.1870163, 31.8109799 ], [ 35.1874035, 31.8103617 ], [ 35.1876009, 31.8099018 ], [ 35.1876418, 31.8097201 ], [ 35.1876302, 31.8095054 ], [ 35.1876283, 31.8093707 ], [ 35.1875728, 31.8093649 ], [ 35.1869002, 31.8092933 ], [ 35.1852235, 31.8091149 ], [ 35.1849735, 31.8090842 ], [ 35.1841295, 31.8090084 ], [ 35.1837636, 31.8089428 ], [ 35.1829293, 31.8086464 ], [ 35.182699136464336, 31.808588776236718 ], [ 35.18255898600006, 31.808572156000082 ], [ 35.182524995000165, 31.808568202000117 ], [ 35.182427641000118, 31.808554368000046 ], [ 35.182264282000176, 31.808531078000044 ], [ 35.18191662300012, 31.808450676000177 ], [ 35.18169683900004, 31.808403699999985 ], [ 35.181511212000032, 31.808363918000111 ], [ 35.181348189000175, 31.808328228000164 ], [ 35.181228726000143, 31.80830212800015 ], [ 35.180873801000132, 31.808246380000128 ], [ 35.180178628000078, 31.808153486000094 ], [ 35.179939704000049, 31.80810396600009 ], [ 35.179935374000024, 31.808103562000042 ], [ 35.179541373000063, 31.808066805000124 ], [ 35.179331317000049, 31.808048150000104 ], [ 35.17901994500005, 31.8080234090001 ], [ 35.178569959000129, 31.808003282000072 ], [ 35.178365349999979, 31.807979131000138 ], [ 35.177927748, 31.807942940000089 ], [ 35.177553667000097, 31.807924659999969 ], [ 35.176996102000032, 31.807888434000176 ], [ 35.176958305074947, 31.807888423543037 ], [ 35.1761301, 31.8079033 ], [ 35.1750855, 31.8080159 ], [ 35.174911736936792, 31.807984676437112 ], [ 35.174846760000037, 31.807990128000085 ], [ 35.174592399828057, 31.807999921164015 ], [ 35.1738348, 31.8081049 ], [ 35.1736202, 31.8081081 ], [ 35.1735583, 31.808109 ], [ 35.172676407899182, 31.808121782014819 ], [ 35.172281051000084, 31.808165072000179 ], [ 35.171744575000105, 31.808200977000183 ], [ 35.171325797503371, 31.808239485469279 ], [ 35.1707671, 31.8083182 ], [ 35.170747, 31.808321 ], [ 35.170214888608115, 31.808396008709273 ], [ 35.17002947800006, 31.808429268000168 ], [ 35.169764276237025, 31.808457954889636 ], [ 35.168916, 31.8085773 ], [ 35.168678879766638, 31.808593319747885 ], [ 35.168563813, 31.80860987900013 ], [ 35.168561096000076, 31.808610270000031 ], [ 35.168441286000075, 31.808627562000083 ], [ 35.168008592000149, 31.808678987000121 ], [ 35.167905130000122, 31.808676839000157 ], [ 35.16789637300019, 31.808676658000024 ], [ 35.167545235000091, 31.808669386000133 ], [ 35.167242644854163, 31.808673823990102 ], [ 35.1637501, 31.80921 ], [ 35.158376256145274, 31.8100372016855 ], [ 35.158015437000131, 31.810121762000051 ], [ 35.15757198700004, 31.81020682500008 ], [ 35.157209732000183, 31.810271067000087 ], [ 35.156832303000101, 31.810328821000041 ], [ 35.156266060000064, 31.810438064000095 ], [ 35.155518792000066, 31.810547226000097 ], [ 35.155073360000131, 31.810624389000168 ], [ 35.15464312000006, 31.810688592000076 ], [ 35.154182677999984, 31.810752781000133 ], [ 35.153703668686518, 31.810792471842234 ], [ 35.1521841, 31.8110482 ], [ 35.1503865, 31.8113711 ], [ 35.1495048, 31.8115229 ], [ 35.1492766, 31.8115961 ], [ 35.1483688, 31.8119911 ], [ 35.1483135, 31.8120248 ], [ 35.1479992, 31.8121515 ], [ 35.1477395, 31.8122663 ], [ 35.14742, 31.8123913 ], [ 35.1470428, 31.8125411 ], [ 35.1469717, 31.8125692 ], [ 35.1468149, 31.8125985 ], [ 35.1465487, 31.8126553 ], [ 35.1463658, 31.8126907 ], [ 35.1459587, 31.8127063 ], [ 35.1456139, 31.8127467 ], [ 35.145015, 31.8129054 ], [ 35.1447905, 31.812947 ], [ 35.1447534, 31.8129532 ], [ 35.1447281, 31.8129524 ], [ 35.1442112, 31.8130053 ], [ 35.1439911, 31.8130278 ], [ 35.1433231, 31.8130884 ], [ 35.1432528, 31.8130962 ], [ 35.14282909716335, 31.813224218785646 ], [ 35.142513265, 31.813334969999971 ], [ 35.142260132000104, 31.813432499000157 ], [ 35.142250307000097, 31.813436284000034 ], [ 35.142235946000085, 31.813441771000043 ], [ 35.142194017000065, 31.813457812000024 ], [ 35.141946739000048, 31.813554343000135 ], [ 35.141627331000052, 31.813668448000044 ], [ 35.141050405000101, 31.813887815000157 ], [ 35.140638411000111, 31.814010600000131 ], [ 35.140288147000092, 31.814115808000111 ], [ 35.139814239000145, 31.814273786000058 ], [ 35.139350725000156, 31.814431629000069 ], [ 35.13902108700006, 31.814536984000142 ], [ 35.138794433000157, 31.814633379000043 ], [ 35.138557536000178, 31.814738787000067 ], [ 35.138186611000151, 31.814879206000057 ], [ 35.13791868300018, 31.814993189000177 ], [ 35.137630306, 31.815089688000057 ], [ 35.1372696090001, 31.81523011000013 ], [ 35.136909084000024, 31.815361651999979 ], [ 35.136610295000082, 31.815475757000115 ], [ 35.136352773000112, 31.815572271000121 ], [ 35.135983971000144, 31.815731283000105 ], [ 35.135659912000051, 31.815865099000177 ], [ 35.135384881000107, 31.815982174000169 ], [ 35.135080444000096, 31.816132769000092 ], [ 35.135007442372704, 31.816170772502517 ], [ 35.1345655, 31.8165643 ], [ 35.13389, 31.8168355 ], [ 35.132779182297909, 31.817448700625707 ], [ 35.132316161000062, 31.817738333000079 ], [ 35.131832136000071, 31.818107787000088 ], [ 35.131306196000082, 31.818468476000191 ], [ 35.130872700999987, 31.81879484000018 ], [ 35.13026992000016, 31.81926355700017 ], [ 35.129955786000096, 31.819510198000046 ], [ 35.129918978000035, 31.819539098000121 ], [ 35.12990873900003, 31.819545997000091 ], [ 35.129904610000096, 31.819549235000181 ], [ 35.129411138000137, 31.819942066000067 ], [ 35.129120949000026, 31.820191153000167 ], [ 35.128851216000157, 31.820448850999981 ], [ 35.128633135000143, 31.820706581000024 ], [ 35.128414899000063, 31.820955855000193 ], [ 35.12818626100011, 31.821204981000051 ], [ 35.127822420000143, 31.821496856000124 ], [ 35.127354742000136, 31.821814446000133 ], [ 35.126969614000075, 31.822097709 ], [ 35.126397083000086, 31.822466660000089 ], [ 35.126043048000156, 31.822672439000144 ], [ 35.125741973000061, 31.822897275000059 ], [ 35.12553850900008, 31.823041714000055 ], [ 35.125212869000109, 31.823232431000122 ], [ 35.124981271565318, 31.823362806716567 ], [ 35.1247868, 31.8234775 ], [ 35.1243621, 31.8237303 ], [ 35.124152895840254, 31.823816145085843 ], [ 35.124115769000127, 31.823834647000183 ], [ 35.12381722900011, 31.82398479699998 ], [ 35.123498392000101, 31.82413211000005 ], [ 35.123169478000079, 31.82428801400016 ], [ 35.12275356300006, 31.824468656000136 ], [ 35.122339784000189, 31.824653528000169 ], [ 35.121960033000107, 31.824812349000069 ], [ 35.121580125000094, 31.824956657000143 ], [ 35.121197094000138, 31.8250894090001 ], [ 35.120753631000127, 31.825246069000116 ], [ 35.120390748000034, 31.825361499000053 ], [ 35.119997358000148, 31.825453795000044 ], [ 35.119617665000078, 31.825543140000093 ], [ 35.119200700000135, 31.825603570000112 ], [ 35.11872598900004, 31.825646625 ], [ 35.118282011000076, 31.825652075000107 ], [ 35.117821394000089, 31.825628485000095 ], [ 35.117540021000138, 31.825599387000182 ], [ 35.117167234000135, 31.825552891000086 ], [ 35.116909632000102, 31.825520852000182 ], [ 35.116546920000133, 31.82546562400006 ], [ 35.116190981999978, 31.825404622000178 ], [ 35.115919873000053, 31.825346644000149 ], [ 35.115735110912219, 31.825300718562616 ], [ 35.1156556, 31.8252864 ], [ 35.1153463, 31.8252315 ], [ 35.115201890455339, 31.825184275789841 ], [ 35.115187743000035, 31.825181360000158 ], [ 35.114751306000073, 31.825081119000117 ], [ 35.114256455000088, 31.824971813000161 ], [ 35.113761452000062, 31.824848836000172 ], [ 35.113250540000081, 31.824789396000028 ], [ 35.112830060000078, 31.824743695999985 ], [ 35.112346648000084, 31.824743318000174 ], [ 35.111899542000174, 31.824747476000141 ], [ 35.111457719000157, 31.824747127000023 ], [ 35.111090348, 31.824733168000193 ], [ 35.110627398000076, 31.824737309000113 ], [ 35.110158829000113, 31.824746093000101 ], [ 35.109695877000036, 31.824750230000177 ], [ 35.109200724000175, 31.824772519000192 ], [ 35.108689728000172, 31.824790282000151 ], [ 35.108189285000094, 31.824817071000098 ], [ 35.107743776000063, 31.824867437000023 ], [ 35.107397635000098, 31.824908016999984 ], [ 35.107110257000159, 31.824939486000062 ], [ 35.106753558000037, 31.824975547000065 ], [ 35.106476739000129, 31.825011673000063 ], [ 35.106199924000066, 31.82504314900018 ], [ 35.10592838600013, 31.825079278000032 ], [ 35.105692328000146, 31.825116705000028 ], [ 35.10568826400015, 31.825117347000116 ], [ 35.105614249000155, 31.82512903900016 ], [ 35.105321392000178, 31.825187837000044 ], [ 35.105213996552685, 31.825210964896389 ], [ 35.1052053, 31.8252207 ], [ 35.104892719595476, 31.825631257215406 ], [ 35.104696545000081, 31.827033988000153 ], [ 35.104692077000095, 31.827034629000082 ], [ 35.104691862000152, 31.827034660000038 ], [ 35.104068294034825, 31.827124146978804 ], [ 35.1040412, 31.8271925 ], [ 35.1039642, 31.8274489 ], [ 35.1039398, 31.8275526 ], [ 35.1038739, 31.8278863 ], [ 35.1037935, 31.8283816 ], [ 35.1037087, 31.8290112 ], [ 35.1035918, 31.8297917 ], [ 35.1035894, 31.8298075 ], [ 35.1033601, 31.8311122 ], [ 35.1032425, 31.8317958 ], [ 35.103188, 31.8320748 ], [ 35.1030481, 31.8326789 ], [ 35.1030119, 31.8328744 ], [ 35.1029889, 31.8329539 ], [ 35.1026082, 31.8328285 ], [ 35.1023052, 31.8327476 ], [ 35.1019397, 31.8326639 ], [ 35.101634, 31.8326073 ], [ 35.1013676, 31.8325727 ], [ 35.1011126, 31.8325483 ], [ 35.1005899, 31.8325647 ], [ 35.1003992, 31.8326131 ], [ 35.1003901, 31.8326136 ], [ 35.0999976, 31.832721 ], [ 35.0996553, 31.8328373 ], [ 35.0991926, 31.8330202 ], [ 35.0989667, 31.8331226 ], [ 35.0986486, 31.8332705 ], [ 35.0983703, 31.8334281 ], [ 35.0977954, 31.8337506 ], [ 35.0972435, 31.8341007 ], [ 35.0970033, 31.8342826 ], [ 35.0965027, 31.8347156 ], [ 35.0961349, 31.8350721 ], [ 35.0958757, 31.8353424 ], [ 35.0957245, 31.835521 ], [ 35.0955256, 31.8357829 ], [ 35.0954259, 31.8359204 ], [ 35.0946628, 31.8368948 ], [ 35.0946159, 31.8369523 ], [ 35.0942769, 31.8374316 ], [ 35.0940504, 31.8377493 ], [ 35.0937707, 31.8381431 ], [ 35.093703, 31.8382405 ], [ 35.0936323, 31.8383386 ], [ 35.0935728, 31.8384185 ], [ 35.0935086, 31.838507 ], [ 35.0929861, 31.8392472 ], [ 35.0929142, 31.8393508 ], [ 35.0925355, 31.8399293 ], [ 35.0924796, 31.8400133 ], [ 35.0923701, 31.8401868 ], [ 35.0922418, 31.8403811 ], [ 35.0921295, 31.8405614 ], [ 35.0914638, 31.8416019 ], [ 35.0911743, 31.8420751 ], [ 35.0911381, 31.8421387 ], [ 35.0911133, 31.842203 ], [ 35.0910461, 31.8423337 ], [ 35.0908939, 31.8426182 ], [ 35.0908129, 31.8427957 ], [ 35.0907376, 31.8429314 ], [ 35.0905465, 31.8433225 ], [ 35.0905, 31.843443 ], [ 35.0904161, 31.8436137 ], [ 35.0903195, 31.8437844 ], [ 35.0901995, 31.8440261 ], [ 35.0900861, 31.8442554 ], [ 35.0899848, 31.8444695 ], [ 35.089579, 31.8453084 ], [ 35.0892628, 31.8459411 ], [ 35.0892004, 31.8460499 ], [ 35.0890925, 31.8462475 ], [ 35.0890787, 31.8462729 ], [ 35.0888402, 31.8468535 ], [ 35.0884669, 31.8475375 ], [ 35.0878164, 31.8484073 ], [ 35.087042, 31.8492629 ], [ 35.0868841, 31.8494163 ], [ 35.0868603, 31.8494395 ], [ 35.0858783, 31.8503941 ], [ 35.0858583, 31.8504231 ], [ 35.083306, 31.852365 ], [ 35.0829192, 31.8525251 ], [ 35.0805365, 31.8535108 ], [ 35.0802957, 31.8536017 ], [ 35.0779174, 31.8544991 ], [ 35.0765066, 31.8549281 ], [ 35.0753601, 31.855348 ], [ 35.073424, 31.8558445 ], [ 35.0734146, 31.8558469 ], [ 35.0727968, 31.8560054 ], [ 35.0697543, 31.8564341 ], [ 35.0689373, 31.856544 ], [ 35.0678468, 31.8565822 ], [ 35.0638296, 31.8567833 ], [ 35.0635377, 31.8567749 ], [ 35.0616981, 31.8567225 ], [ 35.0603985, 31.8565758 ], [ 35.060312, 31.8565561 ], [ 35.0602526, 31.8565426 ], [ 35.0585291, 31.85615 ], [ 35.058293, 31.8560648 ], [ 35.0581379, 31.8560074 ], [ 35.0579835, 31.8559489 ], [ 35.0578295, 31.8558893 ], [ 35.0576761, 31.8558286 ], [ 35.0575233, 31.8557669 ], [ 35.057371, 31.8557042 ], [ 35.0572193, 31.8556405 ], [ 35.0570683, 31.8555757 ], [ 35.0569178, 31.8555099 ], [ 35.056768, 31.8554431 ], [ 35.0566188, 31.8553752 ], [ 35.0564702, 31.8553064 ], [ 35.0563223, 31.8552365 ], [ 35.056175, 31.8551656 ], [ 35.0560284, 31.8550937 ], [ 35.0558825, 31.8550208 ], [ 35.0557373, 31.8549469 ], [ 35.0555928, 31.8548721 ], [ 35.0554489, 31.8547963 ], [ 35.0553058, 31.8547194 ], [ 35.0551634, 31.8546417 ], [ 35.0550217, 31.854563 ], [ 35.0548808, 31.8544833 ], [ 35.0547406, 31.8544026 ], [ 35.0546012, 31.854321 ], [ 35.0544626, 31.8542384 ], [ 35.0543247, 31.8541549 ], [ 35.0541876, 31.8540705 ], [ 35.0541158, 31.8540255 ], [ 35.0540513, 31.8539851 ], [ 35.0539158, 31.8538988 ], [ 35.0537811, 31.8538117 ], [ 35.0536473, 31.8537235 ], [ 35.0535829, 31.8536804 ], [ 35.0533852, 31.8535466 ], [ 35.047502, 31.8505042 ], [ 35.0469346, 31.8502297 ], [ 35.0466962, 31.8499307 ], [ 35.0464444, 31.8496525 ], [ 35.0460221, 31.8492027 ], [ 35.0453669, 31.8484934 ], [ 35.0446981, 31.8477767 ], [ 35.0438897, 31.8469071 ], [ 35.0430787, 31.8460291 ], [ 35.043011, 31.8459733 ], [ 35.0399227, 31.8426262 ], [ 35.0398498, 31.8425472 ], [ 35.0395642, 31.8423091 ], [ 35.0385892, 31.8415006 ], [ 35.0379842, 31.840993 ], [ 35.0378226, 31.8408514 ], [ 35.0375743, 31.8406487 ], [ 35.0374245, 31.8405205 ], [ 35.0373075, 31.8404291 ], [ 35.0371885, 31.8403404 ], [ 35.0369823, 31.8401716 ], [ 35.0362247, 31.8395405 ], [ 35.0361288, 31.8394524 ], [ 35.0360888, 31.8394146 ], [ 35.0360145, 31.8393249 ], [ 35.0357017, 31.8389632 ], [ 35.0354797, 31.8387019 ], [ 35.0352049, 31.8383752 ], [ 35.035168, 31.8383407 ], [ 35.0351076, 31.8382758 ], [ 35.0348741, 31.8380281 ], [ 35.034668, 31.8378198 ], [ 35.0343894, 31.8375354 ], [ 35.0342609, 31.8374027 ], [ 35.0338203, 31.8369608 ], [ 35.0336536, 31.8367938 ], [ 35.0333799, 31.8365133 ], [ 35.0331832, 31.8363129 ], [ 35.0330514, 31.8361876 ], [ 35.0326124, 31.8357716 ], [ 35.0324302, 31.8356017 ], [ 35.0319805, 31.8351845 ], [ 35.031782, 31.8349983 ], [ 35.031305, 31.8345439 ], [ 35.0311626, 31.8344095 ], [ 35.0308574, 31.8341239 ], [ 35.0307149, 31.8339918 ], [ 35.0305846, 31.8338795 ], [ 35.0300428, 31.8335642 ], [ 35.0296502, 31.833332 ], [ 35.0287439, 31.8327925 ], [ 35.0285658, 31.8326716 ], [ 35.0285318, 31.8326496 ], [ 35.0283453, 31.8325343 ], [ 35.0283141, 31.8325118 ], [ 35.0279716, 31.8322993 ], [ 35.0276625, 31.832105 ], [ 35.0273924, 31.831935 ], [ 35.0273688, 31.8319203 ], [ 35.0273242, 31.8318954 ], [ 35.0262289, 31.8312063 ], [ 35.0260843, 31.8311147 ], [ 35.0258055, 31.8310095 ], [ 35.0257165, 31.8309722 ], [ 35.0254445, 31.8308737 ], [ 35.0251651, 31.8307679 ], [ 35.0244579, 31.830506 ], [ 35.0242177, 31.8304137 ], [ 35.02397, 31.8303418 ], [ 35.0238052, 31.830292 ], [ 35.0237451, 31.8302755 ], [ 35.0236346, 31.8302421 ], [ 35.0236236, 31.8302387 ], [ 35.0235498, 31.8302155 ], [ 35.0234987, 31.8302036 ], [ 35.0225931, 31.8299329 ], [ 35.022203, 31.8298168 ], [ 35.0219664, 31.8297601 ], [ 35.0217988, 31.8297176 ], [ 35.0217818, 31.8297175 ], [ 35.0212819, 31.8296035 ], [ 35.0202905, 31.829384 ], [ 35.0195633, 31.8292268 ], [ 35.0184416, 31.8289817 ], [ 35.0180439, 31.8288937 ], [ 35.0175643, 31.828782 ], [ 35.0172617, 31.8287156 ], [ 35.0169407, 31.8286475 ], [ 35.0164994, 31.8285504 ], [ 35.0161731, 31.8284716 ], [ 35.0160238, 31.8284815 ], [ 35.0157444, 31.828498 ], [ 35.0153792, 31.8285268 ], [ 35.0150623, 31.8285511 ], [ 35.0146684, 31.8285781 ], [ 35.0145014, 31.8285909 ], [ 35.0142447, 31.828608 ], [ 35.0140681, 31.8286201 ], [ 35.0139213, 31.8286311 ], [ 35.0137318, 31.8286511 ], [ 35.0132545, 31.8287091 ], [ 35.0124601, 31.8288059 ], [ 35.011812, 31.828881 ], [ 35.0111889, 31.8289517 ], [ 35.0106339, 31.8290179 ], [ 35.0105112, 31.8290318 ], [ 35.0101221, 31.8290763 ], [ 35.0100158, 31.8290931 ], [ 35.0080662, 31.8292665 ], [ 35.0066255, 31.8293928 ], [ 35.0057674, 31.8294658 ], [ 35.0046398, 31.8295593 ], [ 35.0038475, 31.8296274 ], [ 35.0031341, 31.8296883 ], [ 35.0030215, 31.8296966 ], [ 35.0025337, 31.8297375 ], [ 35.0020548, 31.8297785 ], [ 35.0010927, 31.8298592 ], [ 35.0002077, 31.8299305 ], [ 34.999147, 31.8300212 ], [ 34.9985229, 31.8300752 ], [ 34.998491, 31.830078 ], [ 34.9979949, 31.8301208 ], [ 34.9969623, 31.8301952 ], [ 34.9966974, 31.8301582 ], [ 34.9945318, 31.8303316 ], [ 34.9924476, 31.8304228 ], [ 34.9901252, 31.8303744 ], [ 34.9882308, 31.8304866 ], [ 34.9863494, 31.8306492 ], [ 34.9836966, 31.8309403 ], [ 34.9818575, 31.8313278 ], [ 34.978415, 31.8321917 ], [ 34.977965, 31.8323876 ], [ 34.977775, 31.8326068 ], [ 34.9776606, 31.832828 ], [ 34.9775764, 31.8334919 ], [ 34.9776133, 31.8349466 ], [ 34.9775868, 31.8358164 ], [ 34.9776335, 31.8363879 ], [ 34.97774, 31.8368464 ], [ 34.9778587, 31.8370919 ], [ 34.978058, 31.8373299 ], [ 34.9783222, 31.8375703 ], [ 34.9799507, 31.8385884 ], [ 34.9799788, 31.8386059 ], [ 34.9817402, 31.839707 ], [ 34.982525, 31.8402872 ], [ 34.9825279, 31.8402845 ], [ 34.9828413, 31.8405212 ], [ 34.9833026, 31.8408669 ], [ 34.9837731, 31.841211 ], [ 34.9838466, 31.8412636 ], [ 34.9840046, 31.8413771 ], [ 34.9840555, 31.8414139 ], [ 34.9841216, 31.8414681 ], [ 34.9845819, 31.8417676 ], [ 34.9846787, 31.8418337 ], [ 34.9846905, 31.841849 ], [ 34.9856123, 31.8424176 ], [ 34.9858844, 31.8425843 ], [ 34.9860753, 31.8426968 ], [ 34.9861707, 31.8427556 ], [ 34.9866015, 31.8430173 ], [ 34.9868789, 31.8431852 ], [ 34.9873183, 31.84347 ], [ 34.9875435, 31.8436181 ], [ 34.9881492, 31.8440131 ], [ 34.9886777, 31.8443798 ], [ 34.9898629, 31.8452002 ], [ 34.9909271, 31.8459274 ], [ 34.9911669, 31.8460964 ], [ 34.9916962, 31.8464597 ], [ 34.9918567, 31.8465687 ], [ 34.9919884, 31.8466597 ], [ 34.9920934, 31.8467346 ], [ 34.9921696, 31.846789 ], [ 34.9921715, 31.8467903 ], [ 34.9921844, 31.8467996 ], [ 34.9921887, 31.8468026 ], [ 34.9921942, 31.8468066 ], [ 34.9921988, 31.8468149 ], [ 34.9924354, 31.8472483 ], [ 34.9925126, 31.847405 ], [ 34.9925143, 31.8474083 ], [ 34.9926545, 31.8476929 ], [ 34.9929105, 31.8482671 ], [ 34.9929727, 31.8484106 ], [ 34.9929772, 31.848421 ], [ 34.9929928, 31.8484569 ], [ 34.9930629, 31.8486188 ], [ 34.993077, 31.8486513 ], [ 34.993194, 31.8489214 ], [ 34.9933184, 31.8491623 ], [ 34.9934729, 31.849543 ], [ 34.9937265, 31.8501769 ], [ 34.993829, 31.8504892 ], [ 34.9939203, 31.8507685 ], [ 34.9939473, 31.8508751 ], [ 34.9939666, 31.8509371 ], [ 34.9941075, 31.8512107 ], [ 34.9942915, 31.8515075 ], [ 34.9945893, 31.8519849 ], [ 34.9947132, 31.8521333 ], [ 34.9947926, 31.8522231 ], [ 34.9948701, 31.852288 ], [ 34.995084, 31.8525308 ], [ 34.9953208, 31.8527016 ], [ 34.9956073, 31.8528938 ], [ 34.9959315, 31.8530221 ], [ 34.9962681, 31.8531612 ], [ 34.9972783, 31.853461 ], [ 34.9978144, 31.853643 ], [ 34.9983934, 31.8538339 ], [ 34.9983947, 31.8538344 ], [ 34.9993393, 31.8541412 ], [ 35.0001815, 31.8543589 ], [ 35.001448, 31.8547533 ], [ 35.0018252, 31.8548545 ], [ 35.0024852, 31.8550316 ], [ 35.0034664, 31.855214 ], [ 35.0059897, 31.8555421 ], [ 35.0077001, 31.8557311 ], [ 35.0108043, 31.8559484 ], [ 35.0121195, 31.8560931 ], [ 35.0136199, 31.8563085 ], [ 35.0155763, 31.8566409 ], [ 35.0167934, 31.8567365 ], [ 35.0186557, 31.8567018 ], [ 35.0209365, 31.8565404 ], [ 35.0250961, 31.8563644 ], [ 35.0268385, 31.8562404 ], [ 35.028002, 31.8562172 ], [ 35.0303334, 31.8562727 ], [ 35.0308907, 31.8563998 ], [ 35.0314095, 31.8566269 ], [ 35.0318857, 31.8569128 ], [ 35.0327155, 31.857611 ], [ 35.0330934, 31.857987 ], [ 35.0336896, 31.8588421 ], [ 35.0344059, 31.8607341 ], [ 35.0345021, 31.8611084 ], [ 35.0345322, 31.8612253 ], [ 35.0345743, 31.8613894 ], [ 35.0346184, 31.8615609 ], [ 35.0346633, 31.8617355 ], [ 35.0347015, 31.8618842 ], [ 35.034746, 31.8620574 ], [ 35.0347804, 31.8621915 ], [ 35.0350812, 31.8631523 ], [ 35.0354124, 31.8645205 ], [ 35.0353942, 31.8648585 ], [ 35.03608, 31.8668947 ], [ 35.0361518, 31.8671107 ], [ 35.0361929, 31.8672333 ], [ 35.0366924, 31.8687206 ], [ 35.0372898, 31.8704946 ], [ 35.0372898, 31.8707652 ], [ 35.037236, 31.8715345 ], [ 35.0372664, 31.8723389 ], [ 35.037289, 31.8730243 ], [ 35.0374574, 31.8763816 ], [ 35.037508, 31.8765444 ], [ 35.0379419, 31.8768314 ], [ 35.0381527, 31.8769445 ], [ 35.0381637, 31.8769862 ], [ 35.0382259, 31.8772658 ], [ 35.0384137, 31.8788781 ], [ 35.0386396, 31.8808309 ], [ 35.0386703, 31.8811466 ], [ 35.0386766, 31.8812035 ], [ 35.0387913, 31.8823433 ], [ 35.0387918, 31.8823546 ], [ 35.0390073, 31.8844054 ], [ 35.0390548, 31.8848987 ], [ 35.0390729, 31.8851112 ], [ 35.0390836, 31.8852132 ], [ 35.0390888, 31.8852674 ], [ 35.0391126, 31.8855368 ], [ 35.0391439, 31.8858722 ], [ 35.0387353, 31.8866202 ], [ 35.0380068, 31.8879478 ], [ 35.0382125, 31.889 ], [ 35.0391881, 31.8941498 ], [ 35.0390736, 31.8945388 ], [ 35.038931, 31.8950295 ], [ 35.0387773, 31.8955264 ], [ 35.0386164, 31.8961119 ], [ 35.0385224, 31.8965147 ], [ 35.0385248, 31.8965147 ], [ 35.0384037, 31.8978437 ], [ 35.0384901, 31.8987276 ], [ 35.0385756, 31.8997146 ], [ 35.0388178, 31.9022666 ], [ 35.0388726, 31.9028038 ], [ 35.0389194, 31.9032846 ], [ 35.0388767, 31.9053255 ], [ 35.0388696, 31.9057826 ], [ 35.038856, 31.906499 ], [ 35.0388569, 31.9066388 ], [ 35.0388588, 31.9068417 ], [ 35.0386342, 31.9079302 ], [ 35.0383756, 31.9091836 ], [ 35.0383107, 31.9095003 ], [ 35.0381926, 31.9100773 ], [ 35.0380727, 31.9106797 ], [ 35.0376527, 31.911626 ], [ 35.0374564, 31.9119431 ], [ 35.0370222, 31.9130783 ], [ 35.0369966, 31.913147 ], [ 35.0367902, 31.913818 ], [ 35.0365518, 31.9145848 ], [ 35.0364528, 31.9148491 ], [ 35.0363137, 31.915226 ], [ 35.0360793, 31.9157481 ], [ 35.0360355, 31.9158462 ], [ 35.0359883, 31.9159949 ], [ 35.0359121, 31.9162276 ], [ 35.035841, 31.9164484 ], [ 35.0358011, 31.916573 ], [ 35.0357522, 31.9166783 ], [ 35.0356588, 31.9168805 ], [ 35.0355664, 31.917081 ], [ 35.0354729, 31.9172816 ], [ 35.0353874, 31.9174861 ], [ 35.0352993, 31.9176872 ], [ 35.0352527, 31.9177874 ], [ 35.0352053, 31.9178888 ], [ 35.035162, 31.9179806 ], [ 35.0351106, 31.9180905 ], [ 35.0350167, 31.9182905 ], [ 35.0349213, 31.9184921 ], [ 35.0348271, 31.9186938 ], [ 35.0347316, 31.9188943 ], [ 35.0346382, 31.9190954 ], [ 35.0345417, 31.9192982 ], [ 35.0344636, 31.919466 ], [ 35.034442, 31.9194993 ], [ 35.0343072, 31.9196941 ], [ 35.0341669, 31.9198901 ], [ 35.0340279, 31.9200905 ], [ 35.0338883, 31.9202944 ], [ 35.0337458, 31.9204988 ], [ 35.0336558, 31.92063 ], [ 35.0335921, 31.9207004 ], [ 35.0334213, 31.9208907 ], [ 35.0331052, 31.9212425 ], [ 35.0329542, 31.9214159 ], [ 35.032889, 31.9214874 ], [ 35.0328012, 31.9215876 ], [ 35.0318829, 31.9226071 ], [ 35.0318551, 31.9226336 ], [ 35.0310587, 31.9234712 ], [ 35.0296807, 31.9245374 ], [ 35.0294108, 31.9246937 ], [ 35.0293774, 31.9247145 ], [ 35.0292841, 31.9247697 ], [ 35.0287511, 31.9250834 ], [ 35.0285093, 31.9252279 ], [ 35.02753, 31.9254363 ], [ 35.0274328, 31.9254536 ], [ 35.0255006, 31.9257665 ], [ 35.0231265, 31.9259914 ], [ 35.0223397, 31.926032 ], [ 35.0204652, 31.9260462 ], [ 35.0195391, 31.9262 ], [ 35.0187384, 31.9263329 ], [ 35.0163848, 31.9267144 ], [ 35.014896, 31.9269585 ], [ 35.0137048, 31.9271517 ], [ 35.0124889, 31.9276915 ], [ 35.0117529, 31.9281397 ], [ 35.0100711, 31.9288935 ], [ 35.0094254, 31.9292144 ], [ 35.0082097, 31.9301972 ], [ 35.0078902, 31.9305185 ], [ 35.0069864, 31.9314223 ], [ 35.0062017, 31.9320501 ], [ 35.0058372, 31.9323381 ], [ 35.0049756, 31.9329996 ], [ 35.0040752, 31.9338538 ], [ 35.0031689, 31.9348399 ], [ 35.0029179, 31.9352853 ], [ 35.0027566, 31.9356734 ], [ 35.002587, 31.9361511 ], [ 35.0024308, 31.9370989 ], [ 35.0023435, 31.9374933 ], [ 35.002835, 31.9391754 ], [ 35.0087895, 31.9436488 ], [ 35.0057813, 31.9468851 ], [ 35.0057752, 31.947252 ], [ 35.005254, 31.9489612 ], [ 35.0052263, 31.9490497 ], [ 35.0037197, 31.9496301 ], [ 35.0026936, 31.9499114 ], [ 35.001054, 31.9501202 ], [ 35.0008855, 31.9501673 ], [ 35.0008593, 31.9501424 ], [ 35.0008107, 31.9501688 ], [ 35.0005673, 31.9503477 ], [ 35.0004248, 31.9504529 ], [ 34.9992106, 31.951346 ], [ 34.9946338, 31.9555742 ], [ 34.9949139, 31.9558808 ], [ 34.9949763, 31.9560736 ], [ 34.9949414, 31.9562985 ], [ 34.9949104, 31.9563249 ], [ 34.9917694, 31.9593577 ], [ 34.9903168, 31.9610005 ], [ 34.9902968, 31.9610529 ], [ 34.9902757, 31.9611244 ], [ 34.9883976, 31.9675242 ], [ 34.9883451, 31.9677028 ], [ 34.9881396, 31.9676968 ], [ 34.9880001, 31.9677033 ], [ 34.9878185, 31.9677323 ], [ 34.9875464, 31.9678226 ], [ 34.987362, 31.9685184 ], [ 34.9873259, 31.968666 ], [ 34.9868387, 31.9706001 ], [ 34.9878318, 31.9708053 ], [ 34.9892808, 31.9708557 ], [ 34.991724065690121, 31.97183305140193 ], [ 34.991878017000033, 31.971881059000054 ], [ 34.992120657000044, 31.971962925000071 ], [ 34.992308145000095, 31.972019616000011 ], [ 34.992469843000151, 31.972076400000105 ], [ 34.992721556999982, 31.972166454000103 ], [ 34.992905333000124, 31.972254558000088 ], [ 34.993140655000047, 31.972355152000091 ], [ 34.993346405000182, 31.9724496340001 ], [ 34.99354127100014, 31.972531417000027 ], [ 34.993761755000094, 31.972616343000141 ], [ 34.993934510000088, 31.972682444000156 ], [ 34.994014145, 31.972722850000139 ], [ 34.994018386000107, 31.972725002000118 ], [ 34.99413297000018, 31.972783112000172 ], [ 34.99422451200013, 31.972939961000066 ], [ 34.994272073000047, 31.973099835000141 ], [ 34.994334918000163, 31.973367674000031 ], [ 34.994393269000113, 31.973649734000105 ], [ 34.994444362000024, 31.973784533000128 ], [ 34.994488143000183, 31.973935098000084 ], [ 34.994539298000063, 31.974113861000035 ], [ 34.994597715000168, 31.974298413000042 ], [ 34.994641386000126, 31.974495903000047 ], [ 34.994688716000155, 31.974684099000115 ], [ 34.994728768000073, 31.974875243000156 ], [ 34.994740513658805, 31.974916302412058 ], [ 34.9949029, 31.9754317 ], [ 34.995242776793596, 31.976774924103662 ], [ 34.995254697000178, 31.976812389000031 ], [ 34.995323669000186, 31.977078826000138 ], [ 34.995324981000124, 31.977083340000149 ], [ 34.995335632000035, 31.977133286000026 ], [ 34.995357355000124, 31.977235152999981 ], [ 34.99539754000017, 31.977369933000148 ], [ 34.995459493000055, 31.977598877000105 ], [ 34.995495932000154, 31.977780715000051 ], [ 34.995536080000079, 31.977931133000027 ], [ 34.995590461000063, 31.97821642800011 ], [ 34.995652490000111, 31.978482996000139 ], [ 34.995714346999989, 31.978752520000057 ], [ 34.995755055000188, 31.978947326000025 ], [ 34.995757038516302, 31.978961942237035 ], [ 34.99584509331563, 31.97938022534596 ], [ 34.995857761000138, 31.979421807000108 ], [ 34.995919097000069, 31.979632571000138 ], [ 34.995985286000121, 31.979819109000118 ], [ 34.996041855000101, 31.980017746000101 ], [ 34.996084626000027, 31.980178599000169 ], [ 34.996127055000045, 31.980344662000164 ], [ 34.996188486000051, 31.98051498600006 ], [ 34.996245132000126, 31.980681216000107 ], [ 34.996306554000057, 31.980855484000131 ], [ 34.996339630000136, 31.980993212000158 ], [ 34.996415193000075, 31.981200054000055 ], [ 34.996452858000112, 31.981353993000084 ], [ 34.996504677000189, 31.981605322000178 ], [ 34.996525968774286, 31.981711628408689 ], [ 34.9967132, 31.9823601 ], [ 34.9968231, 31.9827556 ], [ 34.9969308, 31.9831433 ], [ 34.9969968, 31.9834369 ], [ 34.9971567, 31.9841475 ], [ 34.9971753, 31.9842241 ], [ 34.9972931, 31.9847085 ], [ 34.9974122, 31.9851985 ], [ 34.9974245, 31.9852575 ], [ 34.9977211, 31.9866854 ], [ 34.9977936, 31.9870344 ], [ 34.9979403, 31.9877367 ], [ 34.9980722, 31.9883678 ], [ 34.9981088, 31.9885821 ], [ 34.9982408, 31.9893539 ], [ 34.9983836, 31.9901899 ], [ 34.9984777, 31.9907401 ], [ 34.998565957378489, 31.991256443380994 ], [ 34.998622334000174, 31.991356956000061 ], [ 34.998628956, 31.991368761000047 ], [ 34.998660736000147, 31.991425460000016 ], [ 34.998736909000172, 31.991590314000177 ], [ 34.998772957000142, 31.991731143000038 ], [ 34.998777338522729, 31.99176944070156 ], [ 34.9988644, 31.991973 ], [ 34.998994, 31.9926473 ], [ 34.999005, 31.9927095 ], [ 34.9990768, 31.9931153 ], [ 34.9991542, 31.9935522 ], [ 34.999202, 31.9939605 ], [ 34.9992613, 31.994468 ], [ 34.999307, 31.9948584 ], [ 34.9993092, 31.9949074 ], [ 34.999312668084514, 31.994984442855262 ], [ 34.999330218000125, 31.995071360000054 ], [ 34.999341940000022, 31.99522243600012 ], [ 34.99938357100018, 31.995508582000184 ], [ 34.999385884000105, 31.995524479000153 ], [ 34.999388797999984, 31.995552525000164 ], [ 34.999405623000087, 31.995713330000058 ], [ 34.999396208000064, 31.995852393000121 ], [ 34.999393127000076, 31.995897268000192 ], [ 34.999389021000127, 31.995957077000071 ], [ 34.99938438800018, 31.996173365000061 ], [ 34.999376025000117, 31.996358647000079 ], [ 34.99937798604455, 31.996467784112042 ], [ 34.9993946, 31.9968117 ], [ 34.9994033, 31.9969908 ], [ 34.999392, 31.9972546 ], [ 34.9993728, 31.9975981 ], [ 34.9993325, 31.9983189 ], [ 34.9992997, 31.998907 ], [ 34.9992932, 31.9991065 ], [ 34.9992668, 31.9999083 ], [ 34.9992363, 32.0008399 ], [ 34.9992356, 32.0008604 ], [ 34.9992064, 32.0016966 ], [ 34.9992039, 32.0017695 ], [ 34.9991798, 32.0024757 ], [ 34.9991704, 32.002753 ], [ 34.9991181, 32.0047212 ], [ 34.9992448, 32.006893 ], [ 34.9992871, 32.0076191 ], [ 34.9993156, 32.0081974 ], [ 34.9993169, 32.0082572 ], [ 34.9993375, 32.0087418 ], [ 34.9994384, 32.0111206 ], [ 34.999555, 32.0123121 ], [ 34.9996306, 32.0130841 ], [ 34.9996709, 32.0138546 ], [ 34.999658, 32.0142446 ], [ 34.9995904, 32.0162795 ], [ 34.9995502, 32.0174887 ], [ 34.9998516, 32.0178956 ], [ 35.0023435, 32.0186594 ], [ 35.002549089967367, 32.018840766005177 ], [ 35.002583749000109, 32.01885145500006 ], [ 35.002770327000121, 32.018915314000083 ], [ 35.002930279, 32.018979128000069 ], [ 35.003138134999972, 32.019070357000032 ], [ 35.003287316000183, 32.019143171000053 ], [ 35.003425770999968, 32.019206949000193 ], [ 35.003585663000081, 32.019298098000149 ], [ 35.003740107000056, 32.01938458900014 ], [ 35.003910543000131, 32.019493932000046 ], [ 35.00406484500013, 32.019643973000086 ], [ 35.004224615000169, 32.019789511000056 ], [ 35.004380770000068, 32.019924900000149 ], [ 35.004513966000047, 32.020047708 ], [ 35.004673541000045, 32.020206916000063 ], [ 35.004762293000056, 32.020285504000128 ], [ 35.004771587000164, 32.02029373400012 ], [ 35.004817310000078, 32.020334252000112 ], [ 35.00493972400011, 32.020470711000087 ], [ 35.005157792000034, 32.020729915000061 ], [ 35.005135002000088, 32.020787935000044 ], [ 35.005132095000135, 32.020795296000074 ], [ 35.005098739, 32.020879746000105 ], [ 35.005071705000091, 32.021061336000059 ], [ 35.00506052500009, 32.021324677000052 ], [ 35.005049357000189, 32.021510799000168 ], [ 35.005040171620763, 32.021631892335414 ], [ 35.0051774, 32.0218208 ], [ 35.0051949, 32.0218512 ], [ 35.0050996, 32.0222096 ], [ 35.0049511, 32.0227544 ], [ 35.0049292, 32.0228569 ], [ 35.004863987744116, 32.023404582148999 ], [ 35.004863773000125, 32.023499883000113 ], [ 35.004863735000129, 32.023516763000089 ], [ 35.00485812300019, 32.023657521000189 ], [ 35.004857264, 32.023672173000136 ], [ 35.004846801000156, 32.023911843000064 ], [ 35.004828742000143, 32.024144876999969 ], [ 35.004828056000122, 32.024156008000091 ], [ 35.004815927999971, 32.024327898000138 ], [ 35.004796376000172, 32.024563185000147 ], [ 35.004770742000176, 32.024708419999968 ], [ 35.004745133000085, 32.024842944000113 ], [ 35.004731984000159, 32.025026106000155 ], [ 35.004725348000136, 32.025182222000126 ], [ 35.004687059000048, 32.02536520200016 ], [ 35.004661156000168, 32.025628942000139 ], [ 35.004648058000157, 32.025790401000052 ], [ 35.004628741000033, 32.025994969000124 ], [ 35.004590384000153, 32.026134830000046 ], [ 35.004590007000047, 32.026301805000116 ], [ 35.004551693000053, 32.026495494000073 ], [ 35.004551215000049, 32.026634147000095 ], [ 35.004531818000089, 32.026801093000017 ], [ 35.004525215000172, 32.026941005000083 ], [ 35.004512165000165, 32.027080905999981 ], [ 35.00450555000009, 32.027226313000028 ], [ 35.004492581000136, 32.027403980000088 ], [ 35.004473155000142, 32.027581634000057 ], [ 35.004441006000036, 32.027829159000191 ], [ 35.004427869000097, 32.028006823000169 ], [ 35.004414835000091, 32.028211401000192 ], [ 35.004389043000117, 32.028426669000055 ], [ 35.004369693000115, 32.028572055000041 ], [ 35.004363105000095, 32.028706614000043 ], [ 35.004356573000109, 32.028888515000062 ], [ 35.004343461000076, 32.029055332000098 ], [ 35.004336773000034, 32.029233006000084 ], [ 35.004317345000061, 32.029486046000045 ], [ 35.004297975000043, 32.029567177000104 ], [ 35.004292804000045, 32.029588930000045 ], [ 35.004285284000161, 32.029620562000161 ], [ 35.004266798, 32.029774901000053 ], [ 35.004264546, 32.029793706000135 ], [ 35.004259489000049, 32.029835828000046 ], [ 35.004246309, 32.030105085 ], [ 35.004207585000188, 32.030406426000184 ], [ 35.004188266000085, 32.030610994000028 ], [ 35.004162461000192, 32.030831756 ], [ 35.004130282000119, 32.031090129000177 ], [ 35.004110836999985, 32.031277225 ], [ 35.004104009000173, 32.03144405200004 ], [ 35.004084800000044, 32.03160014700012 ], [ 35.00407801800003, 32.031745553000064 ], [ 35.004007975000036, 32.03199851100004 ], [ 35.003988612000114, 32.032149253000057 ], [ 35.003983173999984, 32.032213216000116 ], [ 35.003978281000059, 32.032269929000108 ], [ 35.003975699000193, 32.032299862000173 ], [ 35.003949928000111, 32.032504419000134 ], [ 35.003924021000159, 32.032768299000111 ], [ 35.003929846000062, 32.032972768000093 ], [ 35.003954813000064, 32.03312358300019 ], [ 35.003966941000158, 32.033226208000087 ], [ 35.003970069000104, 32.033252680000146 ], [ 35.003971855000032, 32.033267901000045 ], [ 35.003967991000081, 32.033294244000047 ], [ 35.003961646000164, 32.033337799000151 ], [ 35.003936737000174, 32.033508798000184 ], [ 35.00393018900013, 32.033583636000174 ], [ 35.003924004000112, 32.033654335000051 ], [ 35.003912967000133, 32.0337790210001 ], [ 35.003871576, 32.034161381000104 ], [ 35.003859516999967, 32.03437272300016 ], [ 35.003830436000158, 32.034505414000023 ], [ 35.003789553000047, 32.034662741000034 ], [ 35.003748634000146, 32.034908419000089 ], [ 35.003736610000033, 32.035105107 ], [ 35.00370725900018, 32.035282040000027 ], [ 35.003654772000175, 32.035522767000089 ], [ 35.003604492000136, 32.035738839000032 ], [ 35.00359647199997, 32.035773349000067 ], [ 35.003591064000091, 32.035796735000019 ], [ 35.003549863000103, 32.035974913000018 ], [ 35.003537081000161, 32.036117049999973 ], [ 35.003532556000039, 32.036167367000132 ], [ 35.00352016800008, 32.036304168000186 ], [ 35.003501639000035, 32.036524519000068 ], [ 35.003455051000117, 32.036716079000087 ], [ 35.003420098000163, 32.036883281000087 ], [ 35.003384904000086, 32.037084722000145 ], [ 35.003367188000027, 32.037237015000187 ], [ 35.003332666000176, 32.03743394900016 ], [ 35.00332641, 32.037469538000153 ], [ 35.003314565000039, 32.037536924000051 ], [ 35.003305551000153, 32.037589938000167 ], [ 35.003296792000071, 32.037641448000159 ], [ 35.00329126000014, 32.037674412000058 ], [ 35.00324434800018, 32.03793501600012 ], [ 35.00322090700007, 32.038131547000148 ], [ 35.003179990000149, 32.038303528000085 ], [ 35.00315789900003, 32.038414951000163 ], [ 35.003145013000051, 32.038480454000137 ], [ 35.003137431000084, 32.03854159500014 ], [ 35.003114350000089, 32.038725444000136 ], [ 35.003114500000095, 32.03873192400016 ], [ 35.003111140000158, 32.038755168000137 ], [ 35.003091979000089, 32.038887732000092 ], [ 35.003045358000065, 32.039094087000024 ], [ 35.003015859000186, 32.039334852000138 ], [ 35.002992510000126, 32.039492208000183 ], [ 35.002963110000167, 32.039688727 ], [ 35.002939515000094, 32.03988046600017 ], [ 35.002916142000174, 32.040047546000153 ], [ 35.002886867000143, 32.040190096 ], [ 35.002851935000137, 32.040347292000035 ], [ 35.002834239000094, 32.040489863000062 ], [ 35.002776103000031, 32.040666749000138 ], [ 35.002746785000113, 32.040828888000135 ], [ 35.00271148000013, 32.041004966000116 ], [ 35.002676555000164, 32.041157371000054 ], [ 35.002641481000126, 32.041304702000048 ], [ 35.002606631853766, 32.041416066764818 ], [ 35.0025903, 32.041497 ], [ 35.0025469, 32.0416903 ], [ 35.0016716, 32.0448909 ], [ 35.0005443, 32.0487455 ], [ 35.0003569, 32.049377 ], [ 34.999616, 32.0518565 ], [ 34.999376935274441, 32.05222122575352 ], [ 34.999368246000074, 32.052260961000172 ], [ 34.999267957000029, 32.052557545000013 ], [ 34.999203340000122, 32.052811777000102 ], [ 34.999126545743081, 32.053045255748138 ], [ 34.9994557, 32.0530643 ], [ 34.99900578817185, 32.053422235018004 ], [ 34.998980840000172, 32.053512424000075 ], [ 34.99889476400017, 32.053815090000057 ], [ 34.998816027000146, 32.054020968000088 ], [ 34.998779248, 32.054154072000074 ], [ 34.99875913000011, 32.054226879000112 ], [ 34.9987546320001, 32.054240117000177 ], [ 34.998710600000038, 32.054392082000049 ], [ 34.998701304000122, 32.054424360000041 ], [ 34.998686748000182, 32.054474898000137 ], [ 34.99867376200018, 32.054541998 ], [ 34.998666820000153, 32.054577868000138 ], [ 34.998636341000179, 32.054735352000193 ], [ 34.998600221000061, 32.054971454 ], [ 34.998592739000117, 32.055128836000051 ], [ 34.998563803000025, 32.055334796000068 ], [ 34.998542080000107, 32.055498212000089 ], [ 34.998501728000178, 32.055845625000131 ], [ 34.998453757000163, 32.055983492000109 ], [ 34.998452924000048, 32.05598588700019 ], [ 34.998446127000079, 32.056003001000192 ], [ 34.998397443848795, 32.05612557495526 ], [ 34.9983779, 32.0562698 ], [ 34.9983044, 32.056465 ], [ 34.9982101, 32.0566601 ], [ 34.9980946, 32.0569972 ], [ 34.9980107, 32.0571747 ], [ 34.9979791, 32.0573433 ], [ 34.997939263653571, 32.057383783782271 ], [ 34.997938732000136, 32.057385508000095 ], [ 34.997911157000033, 32.057481454000026 ], [ 34.997908374000076, 32.057491139000035 ], [ 34.99789919900013, 32.057523110000091 ], [ 34.997884098000043, 32.057575721000092 ], [ 34.997870174000127, 32.057624233000013 ], [ 34.997851290000142, 32.057715499000153 ], [ 34.997848752000152, 32.057727764000163 ], [ 34.997820806000107, 32.057863272000191 ], [ 34.99774099900003, 32.058029549000025 ], [ 34.997691497000176, 32.05811189700006 ], [ 34.997681497000031, 32.058128599000042 ], [ 34.997645985000133, 32.058187911000118 ], [ 34.997588057428217, 32.05828598824386 ], [ 34.997507, 32.0585143 ], [ 34.9974126, 32.0587538 ], [ 34.9973182, 32.0589845 ], [ 34.9972133, 32.0592506 ], [ 34.9970433, 32.0596387 ], [ 34.9970013, 32.0597895 ], [ 34.9968756, 32.0599846 ], [ 34.9968022, 32.0601798 ], [ 34.9967287, 32.0603661 ], [ 34.996689821788223, 32.060415534055132 ], [ 34.996676063000166, 32.06044418100015 ], [ 34.996623959719578, 32.06055885945797 ], [ 34.9966236, 32.0607121 ], [ 34.9965294, 32.060854 ], [ 34.996435, 32.0610847 ], [ 34.9963614, 32.0613242 ], [ 34.9962672, 32.061475 ], [ 34.9961833, 32.0616524 ], [ 34.9961098, 32.0618831 ], [ 34.996080905337713, 32.061929316130929 ], [ 34.996072211000126, 32.061952001000179 ], [ 34.995985191000045, 32.062157013999979 ], [ 34.995968743999981, 32.062192406000065 ], [ 34.995951430000162, 32.062229665000075 ], [ 34.995944443000042, 32.062244872000178 ], [ 34.995860787000026, 32.062425092000183 ], [ 34.995798746000162, 32.062561808000112 ], [ 34.995783264000124, 32.062602221000134 ], [ 34.995782598000062, 32.06260377000018 ], [ 34.995730320000177, 32.062740502000167 ], [ 34.995680546000131, 32.062866672000098 ], [ 34.995618314000126, 32.063013956000191 ], [ 34.995549923000056, 32.063176869000074 ], [ 34.99545049000011, 32.063381863000188 ], [ 34.995375913000089, 32.063571116000105 ], [ 34.995316639000123, 32.063725590000104 ], [ 34.995299658000079, 32.063769806000039 ], [ 34.995243737000123, 32.063906534000182 ], [ 34.995162921000031, 32.064074781000159 ], [ 34.995150446000139, 32.06410195300009 ], [ 34.995127221000075, 32.064152606000107 ], [ 34.995044828000118, 32.064332300000046 ], [ 34.994957815000134, 32.064532099000132 ], [ 34.994909142627279, 32.06464965698396 ], [ 34.9947849, 32.065005 ], [ 34.9946469350825, 32.065303249839317 ], [ 34.994572113000174, 32.065504692000047 ], [ 34.994516188999967, 32.065641417000109 ], [ 34.99444168600013, 32.065799105000167 ], [ 34.994366951000075, 32.065983144000029 ], [ 34.994279908000067, 32.066193372000043 ], [ 34.994205403000024, 32.066351060000102 ], [ 34.994080026000063, 32.066676906000055 ], [ 34.99399913100018, 32.066876715000149 ], [ 34.993918426000164, 32.067065957000182 ], [ 34.993862298000181, 32.067218465 ], [ 34.993812508000133, 32.067349845000024 ], [ 34.993762718000085, 32.067481227000087 ], [ 34.99367572500006, 32.06767045800018 ], [ 34.993594968000082, 32.067880836000029 ], [ 34.993526604000067, 32.068027967000035 ], [ 34.993445731000065, 32.068217208000135 ], [ 34.99344367600014, 32.068221983000115 ], [ 34.993407793000131, 32.068305351000049 ], [ 34.993387661000042, 32.068352176000133 ], [ 34.993346224999982, 32.068448548999982 ], [ 34.993290210000055, 32.068622051000148 ], [ 34.993221836000089, 32.068774536000092 ], [ 34.993148327683798, 32.068902962455731 ], [ 34.993098173978197, 32.069031261597928 ], [ 34.993079103000127, 32.069090065000125 ], [ 34.993023968000045, 32.069310349999967 ], [ 34.992953537000176, 32.069491999000036 ], [ 34.992953436280658, 32.069492319223379 ], [ 34.9929537, 32.0695179 ], [ 34.9929438, 32.0695802 ], [ 34.9929214, 32.0696401 ], [ 34.992891929392371, 32.069687871597196 ], [ 34.992887005, 32.069703528 ], [ 34.992868241000053, 32.069821593000086 ], [ 34.992866005000053, 32.069835664000095 ], [ 34.992865502000086, 32.069839045000151 ], [ 34.992862645000116, 32.069856512000058 ], [ 34.992857263000019, 32.069864329000097 ], [ 34.992820929035069, 32.06991710259986 ], [ 34.9928209, 32.0699194 ], [ 34.9928205, 32.0700331 ], [ 34.9927956, 32.070157 ], [ 34.9927818, 32.0702009 ], [ 34.9927602, 32.0702658 ], [ 34.9927372, 32.0703304 ], [ 34.9927129, 32.0703946 ], [ 34.9927062, 32.0704102 ], [ 34.9926842, 32.0704462 ], [ 34.9926552, 32.0704784 ], [ 34.9926472, 32.0704861 ], [ 34.992620762829681, 32.070517106557787 ], [ 34.992565297000056, 32.070677914000157 ], [ 34.992487222000079, 32.070872937000047 ], [ 34.992412909000052, 32.071084312000039 ], [ 34.992350261000183, 32.07126273300014 ], [ 34.992299384000148, 32.071431311000083 ], [ 34.992236736000109, 32.071609734000162 ], [ 34.992231520000075, 32.071626105000178 ], [ 34.992217324000137, 32.07167066500017 ], [ 34.992166205000046, 32.07183111900008 ], [ 34.992091994000077, 32.072070394000093 ], [ 34.992048948000047, 32.072215735000157 ], [ 34.992000968450938, 32.072362867293648 ], [ 34.9918509, 32.0729369 ], [ 34.9918432, 32.072951 ], [ 34.9918232, 32.0729778 ], [ 34.9917981, 32.0730012 ], [ 34.991776888064656, 32.073015102417081 ], [ 34.991746581000143, 32.073123645000123 ], [ 34.991745460000175, 32.073126740000077 ], [ 34.991739749000146, 32.07314251300005 ], [ 34.991731606000087, 32.073164999000142 ], [ 34.991687939000087, 32.073285586999987 ], [ 34.991674656339718, 32.073321629374455 ], [ 34.9916691, 32.0733561 ], [ 34.9912638, 32.074509 ], [ 34.9912371, 32.0746535 ], [ 34.9912171, 32.0747614 ], [ 34.9871266, 32.0875576 ], [ 34.9863064, 32.089783 ], [ 34.986181892587176, 32.089686643488008 ], [ 34.986015133000024, 32.089643729000102 ], [ 34.985867665000114, 32.08957230600015 ], [ 34.985671126999989, 32.089467261000038 ], [ 34.985469640000133, 32.089353893000066 ], [ 34.985302500000159, 32.08927412200012 ], [ 34.985046695000051, 32.089173197000036 ], [ 34.984797106000087, 32.089102439000044 ], [ 34.984595496999987, 32.089039371000183 ], [ 34.984393880000084, 32.088980391000064 ], [ 34.984157803000187, 32.088933890000078 ], [ 34.983778834000191, 32.088908124000056 ], [ 34.983572250000179, 32.088916068000174 ], [ 34.983340703000124, 32.088978494 ], [ 34.98317817800006, 32.089041046000034 ], [ 34.983045008000033, 32.089145359000042 ], [ 34.982821153000089, 32.089308407000033 ], [ 34.982814356000176, 32.089313325000091 ], [ 34.98280207300013, 32.089326125000071 ], [ 34.982791283000097, 32.089339494000058 ], [ 34.982783976000121, 32.089348498000106 ], [ 34.982759403000159, 32.089378640000064 ], [ 34.982714580000049, 32.089433621000126 ], [ 34.982680207000158, 32.089507092000076 ], [ 34.982661161000181, 32.089547801000151 ], [ 34.982635736000134, 32.089588759000151 ], [ 34.982612904000177, 32.089651138000079 ], [ 34.982610908000026, 32.089655503000188 ], [ 34.982603907000055, 32.089674654000078 ], [ 34.982532586000104, 32.089866300000097 ], [ 34.982532389000028, 32.089879122000127 ], [ 34.982527982000079, 32.089891756999975 ], [ 34.98252138700019, 32.089910665000161 ], [ 34.982512204769975, 32.090009408111641 ], [ 34.982866, 32.0911868 ], [ 34.9831478, 32.0915698 ], [ 34.9833426, 32.0921713 ], [ 34.9837549, 32.0928808 ], [ 34.9841237, 32.0931086 ], [ 34.985149, 32.0946816 ], [ 34.985422430788617, 32.095340820064571 ], [ 34.985453073000087, 32.095394430999988 ], [ 34.985458473758257, 32.095427716821476 ], [ 34.9856929, 32.0959929 ], [ 34.985664200913995, 32.096344541960129 ], [ 34.985666385000172, 32.096355380000034 ], [ 34.985715688000028, 32.0965673930001 ], [ 34.985770537000064, 32.096812387999989 ], [ 34.985819780000156, 32.09704793100002 ], [ 34.985821906006208, 32.09706548897389 ], [ 34.986149, 32.0980196 ], [ 34.9861518, 32.0982317 ], [ 34.9864718, 32.0990106 ], [ 34.9863421, 32.1000115 ], [ 34.9861573, 32.1003065 ], [ 34.9882054, 32.1016289 ], [ 34.9891814, 32.1019024 ], [ 34.9899185, 32.1018684 ], [ 34.9903969, 32.1021225 ], [ 34.9910617, 32.1023617 ], [ 34.9907768, 32.1033222 ], [ 34.9902053, 32.1040041 ], [ 34.9901054, 32.1042612 ], [ 34.9900783, 32.1044762 ], [ 34.9902431, 32.1049324 ], [ 34.9903836, 32.1051349 ], [ 34.9909679, 32.1054467 ], [ 34.9914954, 32.1054844 ], [ 34.9918593, 32.1054654 ], [ 34.9923849, 32.1057792 ], [ 34.9926426, 32.1060292 ], [ 34.9927289, 32.106102 ], [ 34.9929097, 32.1062065 ], [ 34.99322, 32.1064223 ], [ 34.9935258, 32.1071926 ], [ 34.9935714, 32.1072437 ], [ 34.9935901, 32.1072909 ], [ 34.9935469, 32.1076112 ], [ 34.9935504, 32.1078554 ], [ 34.9935559, 32.1079179 ], [ 34.9935493, 32.1081625 ], [ 34.9935393, 32.1082987 ], [ 34.9935464, 32.1083487 ], [ 34.99359, 32.1084719 ], [ 34.993684, 32.1086376 ], [ 34.9937581, 32.1087487 ], [ 34.9938509, 32.1091539 ], [ 34.993838, 32.1093033 ], [ 34.9937946, 32.1094569 ], [ 34.9936957, 32.1096228 ], [ 34.9935372, 32.1098693 ], [ 34.9934597, 32.1100814 ], [ 34.9933122, 32.1105996 ], [ 34.9932576, 32.1108103 ], [ 34.9931723, 32.1111839 ], [ 34.9931201, 32.111378 ], [ 34.9930944, 32.1115243 ], [ 34.9930467, 32.1116904 ], [ 34.9930416, 32.1119619 ], [ 34.9928588, 32.1124596 ], [ 34.9928023, 32.1125912 ], [ 34.992757, 32.1126679 ], [ 34.9926766, 32.1127814 ], [ 34.9924139, 32.1130814 ], [ 34.992306, 32.1131848 ], [ 34.9921368, 32.1133228 ], [ 34.9920347, 32.1133713 ], [ 34.9919909, 32.1133655 ], [ 34.9917827, 32.1131735 ], [ 34.9911969, 32.1135109 ], [ 34.99013887428147, 32.114109243874196 ], [ 34.990001962000122, 32.114264905000141 ], [ 34.989809567000123, 32.114474097000027 ], [ 34.98966989600018, 32.11458587300001 ], [ 34.989468007000085, 32.114750097000126 ], [ 34.989281713000139, 32.114901386000099 ], [ 34.989126443000089, 32.115026240000134 ], [ 34.988986797000052, 32.115124909000031 ], [ 34.988947704000111, 32.11526969300013 ], [ 34.988939488000142, 32.115447645000131 ], [ 34.988954332000162, 32.115744140000061 ], [ 34.98897694700014, 32.115974703000177 ], [ 34.988968783000189, 32.11613278700014 ], [ 34.988968367000155, 32.116304128000024 ], [ 34.988960221000184, 32.116521535000118 ], [ 34.988967357000092, 32.116719239000133 ], [ 34.988959259000126, 32.116916775000163 ], [ 34.988943184000107, 32.117127686000117 ], [ 34.988950502000193, 32.117318629000181 ], [ 34.988934424000092, 32.117529537000053 ], [ 34.988933665558939, 32.117536511047035 ], [ 34.9889484, 32.1178226 ], [ 34.988949, 32.1181381 ], [ 34.988940839166148, 32.118260036459134 ], [ 34.988955009000108, 32.118391924000093 ], [ 34.988954841200247, 32.118460806045576 ], [ 34.9889792, 32.1186566 ], [ 34.988959735725146, 32.11874254130305 ], [ 34.988953903000038, 32.118846490000067 ], [ 34.988930162000088, 32.119076970000094 ], [ 34.988937447000069, 32.119281298000146 ], [ 34.988952460000178, 32.119439424000063 ], [ 34.98885925400009, 32.11957100800015 ], [ 34.988758202999975, 32.11972892600005 ], [ 34.988664798000173, 32.119873754000139 ], [ 34.98857157499998, 32.120011962000035 ], [ 34.988400587000058, 32.120196107000083 ], [ 34.988237515000094, 32.120393370000158 ], [ 34.988151875000085, 32.120544835000146 ], [ 34.988033674000178, 32.120740909 ], [ 34.987940399000024, 32.120898840000052 ], [ 34.987831675000052, 32.121010669000157 ], [ 34.987722967000138, 32.121115876000033 ], [ 34.987629575000028, 32.121254080000142 ], [ 34.987551782000082, 32.121379067000078 ], [ 34.9874585230001, 32.121530519000146 ], [ 34.987310973000149, 32.121675108000147 ], [ 34.98717102, 32.121826476000024 ], [ 34.987031315000081, 32.121944732000088 ], [ 34.986852819000092, 32.122082784000099 ], [ 34.986759457000176, 32.122207743000047 ], [ 34.986706663000064, 32.122265281000011 ], [ 34.986664288000043, 32.122311414000023 ], [ 34.986650713000074, 32.122326193000106 ], [ 34.986634790000096, 32.122349464000138 ], [ 34.986585905000027, 32.122420909000141 ], [ 34.986565300000166, 32.122451166000019 ], [ 34.986479560000191, 32.122642084 ], [ 34.986339785999974, 32.12278682800013 ], [ 34.986298961999978, 32.122823813000082 ], [ 34.986286588000041, 32.122835016000181 ], [ 34.98623092400004, 32.122885410000094 ], [ 34.986090988, 32.123096096000097 ], [ 34.986063500000057, 32.123223734000192 ], [ 34.986059835, 32.123240752000186 ], [ 34.986044428000071, 32.123311742 ], [ 34.986024827000165, 32.123470510000175 ], [ 34.985934173000089, 32.123638592000077 ], [ 34.985868548000099, 32.123794881000094 ], [ 34.985866213000179, 32.123802626000156 ], [ 34.985842081000101, 32.123867252000139 ], [ 34.985817209000174, 32.123933862000172 ], [ 34.985708907000117, 32.124208015000193 ], [ 34.985665269000037, 32.12444564700013 ], [ 34.985609034000106, 32.124621117000061 ], [ 34.985539556000049, 32.124862366000059 ], [ 34.985526161999985, 32.125056090000101 ], [ 34.985495638000145, 32.125213286000132 ], [ 34.985452319000046, 32.125388780000094 ], [ 34.985390627000072, 32.125695140000062 ], [ 34.985325628000112, 32.12593273300007 ], [ 34.985286484000085, 32.126093581000077 ], [ 34.98525163700009, 32.126258097000175 ], [ 34.985259658000132, 32.126495821000105 ], [ 34.985272202000147, 32.126645768000174 ], [ 34.985276145000171, 32.126792037000143 ], [ 34.985297047000131, 32.127044439000031 ], [ 34.985275023000099, 32.127245613000184 ], [ 34.985262089000116, 32.127387623000175 ], [ 34.985257258000161, 32.127599820000057 ], [ 34.985239421000188, 32.127848489000144 ], [ 34.985243112000035, 32.128097055000069 ], [ 34.985251343000073, 32.128250800000103 ], [ 34.985272533000057, 32.128386109000189 ], [ 34.985323541000184, 32.12858361100001 ], [ 34.985348759000146, 32.128832356000089 ], [ 34.98537414700013, 32.12901163600003 ], [ 34.985400043000141, 32.129186968000113 ], [ 34.985421215000088, 32.129329746000053 ], [ 34.985442227000078, 32.129538185000115 ], [ 34.985471766000103, 32.129779609000025 ], [ 34.985492851000174, 32.129958882000039 ], [ 34.98551832000004, 32.13010518700014 ], [ 34.985556850551575, 32.130310984102813 ], [ 34.9867527, 32.1317757 ], [ 34.986794112321917, 32.131848180131428 ], [ 34.986822444000154, 32.131884491000108 ], [ 34.986976842000104, 32.132060333000084 ], [ 34.987071225000193, 32.132264815000156 ], [ 34.987165514000083, 32.132440554000027 ], [ 34.987361365000083, 32.132662831000061 ], [ 34.987472045000175, 32.132773216000032 ], [ 34.987607293000167, 32.132925353000076 ], [ 34.987736429000165, 32.133072407000157 ], [ 34.987865551000027, 32.133224675000179 ], [ 34.987982282000189, 32.133366351000177 ], [ 34.988197464000052, 32.133607823000091 ], [ 34.988332717000162, 32.133760100000131 ], [ 34.98846185300016, 32.133907154000042 ], [ 34.988609388000043, 32.134048884000038 ], [ 34.988701777000131, 32.134257870000113 ], [ 34.988658390000182, 32.134394051000129 ], [ 34.988636609000082, 32.134465013000124 ], [ 34.988625840000168, 32.134500095000192 ], [ 34.988608647000035, 32.134556430000146 ], [ 34.988540366000166, 32.134713560000137 ], [ 34.988498105000133, 32.134795633000124 ], [ 34.988476318000039, 32.134837837000077 ], [ 34.988391785000033, 32.135001593000084 ], [ 34.988267596000185, 32.13533687000006 ], [ 34.988174537000191, 32.135604006000108 ], [ 34.988068957000166, 32.135913109 ], [ 34.987957209000172, 32.136237842000185 ], [ 34.987932010000122, 32.136452681000094 ], [ 34.987869935000049, 32.136645613000042 ], [ 34.987826416000075, 32.136834210000131 ], [ 34.987770249000164, 32.137048993000064 ], [ 34.987708118000057, 32.137263764000124 ], [ 34.987682854000127, 32.137504813000078 ], [ 34.987657512000112, 32.13777742200017 ], [ 34.987620017000154, 32.13800801800005 ], [ 34.98760087800008, 32.138249076000136 ], [ 34.987575819000028, 32.138406284000155 ], [ 34.987668018000136, 32.13855834400016 ], [ 34.987945304000164, 32.138600826000072 ], [ 34.988130297000112, 32.138595941000119 ], [ 34.988182230531358, 32.138599170742275 ], [ 34.9891102, 32.1385816 ], [ 34.989197, 32.1386705 ], [ 34.9892619, 32.1388259 ], [ 34.9898469, 32.1405275 ], [ 34.9903313, 32.1417042 ], [ 34.9904263, 32.1419706 ], [ 34.990430292355583, 32.142151453707932 ], [ 34.990448004000086, 32.142199009000024 ], [ 34.990450646000113, 32.142206102000159 ], [ 34.990464138, 32.142242339000063 ], [ 34.990388753000104, 32.142392556000118 ], [ 34.990311235000036, 32.142464705000123 ], [ 34.990296632000025, 32.142478316000108 ], [ 34.990281358000175, 32.142492552000022 ], [ 34.99025673400007, 32.142541970000025 ], [ 34.990233097000157, 32.142589410000085 ], [ 34.990195153000059, 32.14266557500008 ], [ 34.990049162000162, 32.142905564000102 ], [ 34.989909130000115, 32.143146832000184 ], [ 34.989848487000131, 32.14322746400012 ], [ 34.989820357000099, 32.143264853000062 ], [ 34.989758601000176, 32.143346936000057 ], [ 34.989613499000086, 32.14356086000015 ], [ 34.989495095000052, 32.143761021000103 ], [ 34.989453625324437, 32.143823878087595 ], [ 34.9891481, 32.1443786 ], [ 34.9890345, 32.1445966 ], [ 34.9884408, 32.1455311 ], [ 34.988172410232302, 32.145928635074803 ], [ 34.988073247000159, 32.146081214000162 ], [ 34.987976346000039, 32.146222229000159 ], [ 34.987901021000141, 32.146345108000105 ], [ 34.987831135000192, 32.146477154000024 ], [ 34.987809078929551, 32.146513798938884 ], [ 34.9877769, 32.1465836 ], [ 34.9877069, 32.1467647 ], [ 34.9874886, 32.1470971 ], [ 34.9873096338059, 32.147350810898693 ], [ 34.987303615000087, 32.14736308200014 ], [ 34.987177212000176, 32.147580138000023 ], [ 34.987094366000065, 32.147728083000061 ], [ 34.986965726000108, 32.14791089 ], [ 34.98691994709872, 32.147967172871432 ], [ 34.9867043, 32.148329 ], [ 34.9866388, 32.1484361 ], [ 34.98661834522089, 32.148444440626477 ], [ 34.986576032000187, 32.148512366000034 ], [ 34.986571871000081, 32.148519046000047 ], [ 34.98656554900009, 32.148529322 ], [ 34.986432481000122, 32.148626450000052 ], [ 34.986143877000018, 32.148594794000132 ], [ 34.985850687000095, 32.148609770000121 ], [ 34.985630690000107, 32.148628963000192 ], [ 34.985419987000171, 32.148640281000041 ], [ 34.985172539000132, 32.148643643000128 ], [ 34.984911291, 32.148666564000166 ], [ 34.98463182800009, 32.148689452000099 ], [ 34.984402731000046, 32.14870453900005 ], [ 34.984182746000045, 32.14871978400015 ], [ 34.983993542, 32.148744383000121 ], [ 34.983967695000104, 32.148747719000085 ], [ 34.983646585000031, 32.148800544999972 ], [ 34.983635314000026, 32.148804470000073 ], [ 34.983362628000066, 32.148898101000043 ], [ 34.983078465000062, 32.148944228000062 ], [ 34.982890582000095, 32.148971225000082 ], [ 34.98259734700008, 32.14900183200001 ], [ 34.982404882000026, 32.14900542800018 ], [ 34.982203272000049, 32.149024508000139 ], [ 34.98191456800015, 32.149031733000129 ], [ 34.981474877000096, 32.149015292000058 ], [ 34.98119533400012, 32.149003227000037 ], [ 34.98093880100015, 32.148994868000159 ], [ 34.98069600700012, 32.148990620000177 ], [ 34.980489845000136, 32.148974604000102 ], [ 34.980161293000094, 32.148956106000185 ], [ 34.9799688760001, 32.148940252999978 ], [ 34.979593402000091, 32.148877144000039 ], [ 34.979327664000152, 32.148841711000046 ], [ 34.979195695000158, 32.148893744000134 ], [ 34.979172694000113, 32.14890280000003 ], [ 34.97912125400012, 32.148923055000182 ], [ 34.978937760000065, 32.149047420000102 ], [ 34.978893022000079, 32.149086712000155 ], [ 34.978865716000143, 32.149110695000047 ], [ 34.978822889000014, 32.149148380000099 ], [ 34.978662276000136, 32.149261091000085 ], [ 34.97852919800016, 32.149358211000106 ], [ 34.978373224000052, 32.149470788000087 ], [ 34.978249264000112, 32.149563982000188 ], [ 34.978116174000093, 32.149665046 ], [ 34.977973808000058, 32.149766094000029 ], [ 34.977849866999975, 32.149851537000075 ], [ 34.977601986000025, 32.150022419000038 ], [ 34.977464431000101, 32.150119532000133 ], [ 34.97733118400015, 32.150216651000108 ], [ 34.977183226000193, 32.150367428000038 ], [ 34.976943906000088, 32.150556079000125 ], [ 34.976719716, 32.15072305700005 ], [ 34.976553922000164, 32.150852103000091 ], [ 34.97632977700016, 32.151000060000172 ], [ 34.976141467000048, 32.151125114000024 ], [ 34.975899346000176, 32.151307278 ], [ 34.97570222600001, 32.151443871000026 ], [ 34.975406400000054, 32.151641009000173 ], [ 34.975231492000148, 32.151770033 ], [ 34.97500281400005, 32.151940806000027 ], [ 34.97473781400015, 32.152129968000054 ], [ 34.974594287000116, 32.152228475000129 ], [ 34.974422515819484, 32.152340265259888 ], [ 34.9744281, 32.1524019 ], [ 34.974464763319105, 32.152906469314672 ], [ 34.974493959000142, 32.152977626 ], [ 34.974551673000121, 32.153141327000128 ], [ 34.974618230000033, 32.153342947000112 ], [ 34.974684847000162, 32.153521883 ], [ 34.974751672000082, 32.153685601000063 ], [ 34.974804990000052, 32.15381871600016 ], [ 34.974830888690931, 32.153887687182625 ], [ 34.9750826, 32.1543821 ], [ 34.9752868, 32.1546871 ], [ 34.9755901, 32.1551573 ], [ 34.9759732, 32.1556606 ], [ 34.9762375, 32.1560752 ], [ 34.9765932, 32.1565047 ], [ 34.977201, 32.1574078 ], [ 34.97723, 32.1574509 ], [ 34.9773069, 32.1576188 ], [ 34.9773261, 32.1576609 ], [ 34.9773437, 32.1577755 ], [ 34.9773408, 32.1579247 ], [ 34.9773395, 32.158279 ], [ 34.9773056, 32.1586054 ], [ 34.9772901, 32.1587351 ], [ 34.977229208803138, 32.158843405799544 ], [ 34.977207815000156, 32.15892738000008 ], [ 34.977156821000051, 32.158999153000082 ], [ 34.977123029999973, 32.15904671200019 ], [ 34.977088450000167, 32.159095542000102 ], [ 34.976952194000091, 32.159263812000177 ], [ 34.97680004900019, 32.159488840000165 ], [ 34.976692992000096, 32.159638423 ], [ 34.976516344000061, 32.159858753000151 ], [ 34.97642786, 32.160000338000032 ], [ 34.97625138300009, 32.160153600000115 ], [ 34.976147582000124, 32.160259648000192 ], [ 34.97598489600017, 32.160397151999973 ], [ 34.975854667000135, 32.160601786000029 ], [ 34.975738442000193, 32.160707951000063 ], [ 34.97552461700019, 32.160955829000102 ], [ 34.975403679000124, 32.161089464999975 ], [ 34.975208508000037, 32.161297922000074 ], [ 34.975096980000046, 32.161443409000128 ], [ 34.974989854000057, 32.161616663000075 ], [ 34.974885399000016, 32.161718343000132 ], [ 34.974860423999985, 32.161742644000128 ], [ 34.974804027000062, 32.161797519000118 ], [ 34.97472022300002, 32.161919528 ], [ 34.974597415000176, 32.162071617000095 ], [ 34.974544791000085, 32.162122023000165 ], [ 34.97447702300019, 32.162186936000126 ], [ 34.974420894000048, 32.162240655 ], [ 34.97426759200016, 32.162398042000177 ], [ 34.974132839000106, 32.162492335000081 ], [ 34.973984340000186, 32.162586605000058 ], [ 34.973831043000189, 32.162676918000159 ], [ 34.973654724000085, 32.162767189000078 ], [ 34.973427231000187, 32.162916401000189 ], [ 34.973227634000068, 32.163038192000045 ], [ 34.973088255, 32.163128529000119 ], [ 34.972870083000089, 32.163258174000134 ], [ 34.972693803000084, 32.163332660000037 ], [ 34.972521913000037, 32.163438720000102 ], [ 34.972208485000067, 32.163634408000178 ], [ 34.972013517000107, 32.163760148000051 ], [ 34.971841645999973, 32.16385831700012 ], [ 34.971600218000106, 32.164011444000096 ], [ 34.971437808000132, 32.164101740000092 ], [ 34.971261298000115, 32.164199897000117 ], [ 34.971057048000091, 32.164325618000134 ], [ 34.970903914000189, 32.164415930000132 ], [ 34.970630008000114, 32.164572940000028 ], [ 34.970582321000165, 32.16462780300003 ], [ 34.970578247000162, 32.164632503000064 ], [ 34.970560775976374, 32.164652657568674 ], [ 34.9705605, 32.1647551 ], [ 34.9706546, 32.1651882 ], [ 34.9708543, 32.1658912 ], [ 34.9709044, 32.1660008 ], [ 34.9709319, 32.1661816 ], [ 34.9708755, 32.1663433 ], [ 34.97086039692779, 32.166355636805761 ], [ 34.970870232000095, 32.166385447000152 ], [ 34.97072162700016, 32.166515219000019 ], [ 34.970559006000087, 32.166621294000038 ], [ 34.970396504000121, 32.166743007000036 ], [ 34.970178251000107, 32.166900266000027 ], [ 34.970001786000182, 32.167041678000146 ], [ 34.969790820000128, 32.167198243000087 ], [ 34.969682466000052, 32.167283433000193 ], [ 34.96966084100012, 32.167300434000083 ], [ 34.969626838000067, 32.167324279000184 ], [ 34.969470477000186, 32.167433928000094 ], [ 34.969233480000184, 32.167598898000108 ], [ 34.969098902000098, 32.167685437000046 ], [ 34.968917845000078, 32.167807114000084 ], [ 34.968773752000175, 32.167921111000169 ], [ 34.968653066000115, 32.168015428000103 ], [ 34.968490406000171, 32.168133333000185 ], [ 34.968279295, 32.168280737000089 ], [ 34.968153646000189, 32.168372366000142 ], [ 34.96802801900003, 32.1684566670001 ], [ 34.9678676690001, 32.168577536000043 ], [ 34.967676981000125, 32.168705815000123 ], [ 34.967656414801731, 32.168717853866212 ], [ 34.9673796, 32.1689575 ], [ 34.9672674, 32.1690287 ], [ 34.967148565647371, 32.169038944340741 ], [ 34.967062809000083, 32.169079602000011 ], [ 34.967057234000094, 32.169082245000141 ], [ 34.967001335000134, 32.169108766000136 ], [ 34.966672697000149, 32.169097140000076 ], [ 34.96643833100012, 32.169080763000011 ], [ 34.966027400000144, 32.169053614000177 ], [ 34.965595924000127, 32.169026990000134 ], [ 34.965410417000157, 32.169015355000113 ], [ 34.965158663000125, 32.168995982000013 ], [ 34.964915681999969, 32.168980571000077 ], [ 34.96462848900012, 32.168957466000052 ], [ 34.964407022000159, 32.168949705000045 ], [ 34.964387322000164, 32.168949012000041 ], [ 34.964288253, 32.168945528000108 ], [ 34.964244849000181, 32.168974903000162 ], [ 34.964240913000026, 32.168977567000184 ], [ 34.964223883548705, 32.168989091999606 ], [ 34.9642237, 32.1690764 ], [ 34.9643984, 32.1710077 ], [ 34.9644693, 32.1717073 ], [ 34.964564, 32.1731391 ], [ 34.9645582, 32.1732152 ], [ 34.9645245, 32.173277 ], [ 34.9643844, 32.1733053 ], [ 34.963751788472671, 32.173394855788395 ], [ 34.963417396000182, 32.173450265000099 ], [ 34.963236074000122, 32.173480063000056 ], [ 34.96304594999998, 32.173517170000025 ], [ 34.962909648999982, 32.173544731000106 ], [ 34.962860300000102, 32.17355470900003 ], [ 34.962696694000044, 32.173587780000162 ], [ 34.962427029000025, 32.173632338000118 ], [ 34.96209537500016, 32.17368804400013 ], [ 34.961841616000186, 32.173731365000094 ], [ 34.96183224300006, 32.17373297600011 ], [ 34.961812445000191, 32.173736380000037 ], [ 34.961688455000058, 32.173822510000036 ], [ 34.961568874000193, 32.173931052000171 ], [ 34.96143399400006, 32.174061688000108 ], [ 34.961230183000112, 32.17425657900003 ], [ 34.961199329000067, 32.174287721000098 ], [ 34.961160242000119, 32.174327174000098 ], [ 34.961092792000045, 32.174395238000045 ], [ 34.960955432000048, 32.174522766999985 ], [ 34.960813776000066, 32.17464634300012 ], [ 34.960667429000125, 32.174788790000093 ], [ 34.960547826999971, 32.17490494000009 ], [ 34.960428236000155, 32.175017426000181 ], [ 34.960313135000092, 32.175122312000155 ], [ 34.960126923000132, 32.175302160000115 ], [ 34.959998455000175, 32.175448447 ], [ 34.959852107000131, 32.175590749999969 ], [ 34.959633857000028, 32.175792516000172 ], [ 34.959576379000055, 32.175848481000116 ], [ 34.959570095000117, 32.175854620000166 ], [ 34.959503257906881, 32.175919918684379 ], [ 34.959450463763169, 32.17607786389695 ], [ 34.95944742100005, 32.176111294000066 ], [ 34.959415944000057, 32.176291590000062 ], [ 34.959397915000068, 32.176460499000086 ], [ 34.959361931000103, 32.176651918000061 ], [ 34.959334979000175, 32.176813342000059 ], [ 34.959323872000084, 32.176903494000101 ], [ 34.959318369000073, 32.176948156000037 ], [ 34.959303457000033, 32.177068741000141 ], [ 34.959249414000112, 32.177380880000158 ], [ 34.959222194000176, 32.177518349000081 ], [ 34.959187874000179, 32.17770723700005 ], [ 34.959153359000084, 32.177906828000118 ], [ 34.959139925000045, 32.177971762000027 ], [ 34.959126155000149, 32.178038522000179 ], [ 34.959109015000138, 32.178154293000091 ], [ 34.959105390000104, 32.178178822000064 ], [ 34.959103112000093, 32.178204328000049 ], [ 34.9590893190001, 32.178358726000056 ], [ 34.9590891470001, 32.178360982000072 ], [ 34.959077686000114, 32.178490872000168 ], [ 34.959067429000072, 32.178545243000087 ], [ 34.95905539000006, 32.178609143000074 ], [ 34.959046916000034, 32.178654121000079 ], [ 34.95903295100004, 32.178791616000183 ], [ 34.959005627000124, 32.178966285000115 ], [ 34.958978021000121, 32.17912319800007 ], [ 34.958947108000132, 32.179337876000034 ], [ 34.958899296000084, 32.179552662000049 ], [ 34.958875380000052, 32.179692955000064 ], [ 34.958831057000054, 32.179844622000076 ], [ 34.958796949000089, 32.180016318000071 ], [ 34.958772680396258, 32.18014954742501 ], [ 34.958760492653013, 32.180223128433575 ], [ 34.958717714000159, 32.180508342999985 ], [ 34.958693340000139, 32.180814763000114 ], [ 34.958662585000127, 32.180972233000034 ], [ 34.958628299000168, 32.181146888000171 ], [ 34.958583973000032, 32.181358721000038 ], [ 34.958535875000166, 32.181615777000161 ], [ 34.958505845335658, 32.181760509560014 ], [ 34.958440564273509, 32.182154630628716 ], [ 34.958422646000088, 32.182297109000046 ], [ 34.958391141137838, 32.182455816440509 ], [ 34.958215, 32.1835902 ], [ 34.9581292, 32.1842418 ], [ 34.9575721, 32.1873332 ], [ 34.9570901, 32.1900344 ], [ 34.9571308, 32.1903108 ], [ 34.9573014, 32.1905427 ], [ 34.9580772, 32.1915339 ], [ 34.9588596, 32.1924862 ], [ 34.9591442, 32.1928484 ], [ 34.9593559, 32.1932818 ], [ 34.959378, 32.1933865 ], [ 34.9597307, 32.193411 ], [ 34.9600779, 32.1934259 ], [ 34.9600776, 32.1935449 ], [ 34.960074592153227, 32.193581080593681 ], [ 34.960092446000033, 32.193583573000069 ], [ 34.960096614000065, 32.19358415500011 ], [ 34.960100423000085, 32.193584728000076 ], [ 34.960099838000133, 32.193737327000179 ], [ 34.960083994000058, 32.19401501800013 ], [ 34.960081000000173, 32.194078700999967 ], [ 34.960077338000076, 32.194153773000153 ], [ 34.960073275000184, 32.194237063000116 ], [ 34.960078833000068, 32.194388615000037 ], [ 34.960079947000168, 32.194419006000146 ], [ 34.960082675000024, 32.194493388000126 ], [ 34.960082048842267, 32.194531879995246 ], [ 34.9600978, 32.1946765 ], [ 34.960164, 32.1950667 ], [ 34.9602415, 32.1953952 ], [ 34.9603304, 32.1956618 ], [ 34.9605431, 32.1961264 ], [ 34.9606656, 32.1964074 ], [ 34.9608328, 32.1967027 ], [ 34.9609941, 32.197117 ], [ 34.9610609, 32.1972789 ], [ 34.9611278, 32.1973694 ], [ 34.9612957, 32.1974363 ], [ 34.9614077, 32.1974366 ], [ 34.9615308, 32.1974558 ], [ 34.9616427, 32.1975036 ], [ 34.961721, 32.1975656 ], [ 34.961788, 32.1976419 ], [ 34.9618493, 32.1977419 ], [ 34.9619161, 32.1978991 ], [ 34.9619437, 32.1980609 ], [ 34.9619682, 32.1981647 ], [ 34.9620963, 32.1984456 ], [ 34.9622078, 32.1986267 ], [ 34.962286, 32.198722 ], [ 34.962437, 32.1988174 ], [ 34.9626271, 32.1989367 ], [ 34.9629402, 32.1991372 ], [ 34.9634714, 32.1994332 ], [ 34.964053, 32.1997674 ], [ 34.9643549, 32.1999583 ], [ 34.9645881, 32.2000692 ], [ 34.9648175, 32.2001696 ], [ 34.9651642, 32.2003558 ], [ 34.9653823, 32.2004799 ], [ 34.9655502, 32.2005421 ], [ 34.9657965, 32.2005758 ], [ 34.9660485, 32.2005906 ], [ 34.9663621, 32.2006055 ], [ 34.9666926, 32.2005966 ], [ 34.9669558, 32.2005971 ], [ 34.9671351, 32.2005784 ], [ 34.9673032, 32.2005454 ], [ 34.9675665, 32.2005221 ], [ 34.9678073, 32.2005273 ], [ 34.9680741, 32.2005614 ], [ 34.9682812, 32.2006141 ], [ 34.96869, 32.2006292 ], [ 34.9690987, 32.200687 ], [ 34.9696026, 32.2007403 ], [ 34.9698601, 32.2007836 ], [ 34.9701176, 32.2008602 ], [ 34.9703807, 32.2009178 ], [ 34.9705262, 32.2009418 ], [ 34.9707503, 32.2009089 ], [ 34.9710025, 32.2008618 ], [ 34.9714006, 32.200658 ], [ 34.9719556, 32.2004592 ], [ 34.9725259, 32.2003088 ], [ 34.9729966, 32.2002192 ], [ 34.9734503, 32.200201 ], [ 34.9736127, 32.2002013 ], [ 34.9737415, 32.2002254 ], [ 34.9739261, 32.2002971 ], [ 34.9742562, 32.2004404 ], [ 34.9744129, 32.200493 ], [ 34.9745864, 32.2005124 ], [ 34.97476, 32.2005127 ], [ 34.9749449, 32.2004988 ], [ 34.9751801, 32.200523 ], [ 34.9753591, 32.2005804 ], [ 34.9755493, 32.2006711 ], [ 34.9757729, 32.2008381 ], [ 34.9760021, 32.2010336 ], [ 34.9762312, 32.2012338 ], [ 34.9764392, 32.2014952 ], [ 34.976782396529558, 32.201922317471983 ], [ 34.976805844000012, 32.20194835000018 ], [ 34.976815673376372, 32.20196373141841 ], [ 34.9768412, 32.2019955 ], [ 34.9772375, 32.2025434 ], [ 34.9774497, 32.2027674 ], [ 34.9776398, 32.202901 ], [ 34.977786238335213, 32.202990744611022 ], [ 34.977919218000125, 32.203023269000028 ], [ 34.978188371000101, 32.203079989000116 ], [ 34.978238192821415, 32.203094170186993 ], [ 34.978261, 32.2030972 ], [ 34.9784178, 32.2031307 ], [ 34.978480685021594, 32.203156197125409 ], [ 34.97851877, 32.203164861 ], [ 34.978811603000167, 32.203229513000053 ], [ 34.978972115000147, 32.203257990000168 ], [ 34.979156306000164, 32.203294401000107 ], [ 34.979423280251858, 32.203364763105832 ], [ 34.9794576, 32.2033715 ], [ 34.979484716406702, 32.203375612575869 ], [ 34.979660184000124, 32.203392833000066 ], [ 34.979972021000094, 32.2034135560001 ], [ 34.980241175000174, 32.20340601800018 ], [ 34.98042085000003, 32.203394230000072 ], [ 34.980552884692941, 32.203384625967395 ], [ 34.9805665, 32.203383 ], [ 34.980626534942509, 32.203378161259671 ], [ 34.980945317000135, 32.203347140000119 ], [ 34.981056290652454, 32.203413950096326 ], [ 34.9811937, 32.2034507 ], [ 34.9814454, 32.2035606 ], [ 34.9819265, 32.2037898 ], [ 34.982103148736613, 32.203887775902629 ], [ 34.982186290000072, 32.203923311000096 ], [ 34.98241748300012, 32.204052096000169 ], [ 34.982606148000173, 32.204156849000015 ], [ 34.982766443000173, 32.204273527999987 ], [ 34.982795042575731, 32.20430428876751 ], [ 34.9829293, 32.2043892 ], [ 34.9831082, 32.2045275 ], [ 34.9833373, 32.2047753 ], [ 34.9835159, 32.2050183 ], [ 34.9837168, 32.2053089 ], [ 34.9839742, 32.2056641 ], [ 34.983998920512569, 32.205706323984948 ], [ 34.983999502000188, 32.205706930000133 ], [ 34.984141242000192, 32.205888390000041 ], [ 34.984284077000154, 32.206098031000067 ], [ 34.984433273999969, 32.206279502000086 ], [ 34.984582452000097, 32.206470558000092 ], [ 34.984683085000142, 32.20665518300018 ], [ 34.98476432911049, 32.20673659898516 ], [ 34.9847894, 32.2067456 ], [ 34.984935, 32.2067506 ], [ 34.985068, 32.2067343 ], [ 34.9853369, 32.2066872 ], [ 34.9856955, 32.2066403 ], [ 34.9862277, 32.2066079 ], [ 34.986519, 32.2065941 ], [ 34.9876413, 32.2067306 ], [ 34.9877537, 32.206919 ], [ 34.9881533, 32.2071013 ], [ 34.9885843, 32.2072305 ], [ 34.9890876, 32.2075406 ], [ 34.989284131290837, 32.207798527016415 ], [ 34.989370517000054, 32.207898137000143 ], [ 34.989468371000157, 32.208004835000111 ], [ 34.989645905000089, 32.208195086000103 ], [ 34.989748082000119, 32.208363929000143 ], [ 34.989827668000089, 32.208486093000147 ], [ 34.989957318000165, 32.208670482000173 ], [ 34.990037133000101, 32.208835201000056 ], [ 34.99012811900019, 32.208973025000091 ], [ 34.990246275000175, 32.209182475000034 ], [ 34.990344112, 32.209297063000065 ], [ 34.990437153000187, 32.209475471000076 ], [ 34.990549224000119, 32.209665324000071 ], [ 34.990626398000131, 32.209826374999977 ], [ 34.990726258000052, 32.209995212000024 ], [ 34.990794281000035, 32.210171604000038 ], [ 34.990855512000053, 32.210346150000078 ], [ 34.990918947000068, 32.21049942500008 ], [ 34.990982880000104, 32.210654392000038 ], [ 34.991048699000146, 32.210782308000148 ], [ 34.991150854000182, 32.210962844000164 ], [ 34.9911733940001, 32.21110040700006 ], [ 34.991218528000104, 32.211282677000042 ], [ 34.991243291999979, 32.211460964000139 ], [ 34.991247333000047, 32.211708963000149 ], [ 34.991262503000087, 32.21201517500009 ], [ 34.991273615000125, 32.212148915000114 ], [ 34.991298146000076, 32.21235439700007 ], [ 34.991350885000088, 32.21254626100017 ], [ 34.991443945000185, 32.212719032000166 ], [ 34.991578211000103, 32.212849038000058 ], [ 34.991710361000173, 32.212963685000034 ], [ 34.991846925000118, 32.213103419000049 ], [ 34.991939515077121, 32.213228900062809 ], [ 34.9920101, 32.2132918 ], [ 34.9924165, 32.2136916 ], [ 34.99253973443578, 32.213814216342499 ], [ 34.992541657000061, 32.213815491 ], [ 34.992699974000061, 32.213940326000113 ], [ 34.992817891000186, 32.214047056000084 ], [ 34.992931353000131, 32.214145744000064 ], [ 34.993049277000125, 32.214250359000118 ], [ 34.993143627000109, 32.214371137000171 ], [ 34.993255454000064, 32.214530131000174 ], [ 34.993363874000124, 32.214658824000082 ], [ 34.993455920000088, 32.214773540000124 ], [ 34.99352544833252, 32.214864629949311 ], [ 34.9935732, 32.2149211 ], [ 34.9942021, 32.2154972 ], [ 34.994686580585977, 32.215812656675332 ], [ 34.994760563000114, 32.215856669000118 ], [ 34.994902410000066, 32.215939343000059 ], [ 34.995027519000189, 32.21602198800008 ], [ 34.995192793, 32.216150776000063 ], [ 34.995194395780779, 32.216151942672752 ], [ 34.995701, 32.2165084 ], [ 34.995714964913823, 32.216517773209283 ], [ 34.995898226, 32.216634020000072 ], [ 34.996037549000107, 32.216732750000062 ], [ 34.996056913659125, 32.216747288206129 ], [ 34.9968488, 32.2172788 ], [ 34.997604, 32.2177368 ], [ 34.9979003, 32.2179752 ], [ 34.9991192, 32.2192719 ], [ 35.0000775, 32.2200545 ], [ 35.0014273, 32.2211666 ], [ 35.0023108, 32.2218769 ], [ 35.0032307, 32.2225429 ], [ 35.003582966225373, 32.222829808832131 ], [ 35.00361861600004, 32.222855253000091 ], [ 35.003713127479294, 32.222935820736367 ], [ 35.003826148255406, 32.223027872305735 ], [ 35.003865790101734, 32.223058318457539 ], [ 35.0047242, 32.2235777 ], [ 35.0050989, 32.2238828 ], [ 35.0054018, 32.2243002 ], [ 35.0061052, 32.2251657 ], [ 35.0063406, 32.2254553 ], [ 35.0067211, 32.2259574 ], [ 35.006884784300254, 32.226175533835729 ], [ 35.007013528000073, 32.226319595000064 ], [ 35.007145951000155, 32.226477482000064 ], [ 35.007278234000125, 32.22662423700001 ], [ 35.007288152000058, 32.226636231000157 ], [ 35.007424702000037, 32.226802577000058 ], [ 35.00756360500003, 32.226954838000097 ], [ 35.00768480000005, 32.227093966999973 ], [ 35.007801679000011, 32.227235060000055 ], [ 35.007911945000103, 32.227370367000105 ], [ 35.008033103000173, 32.22752640300007 ], [ 35.00814192200005, 32.227640851000103 ], [ 35.008272001000023, 32.227810006000027 ], [ 35.008362418000161, 32.227926539000123 ], [ 35.008448365000049, 32.228039400000171 ], [ 35.008560815000124, 32.228161607000061 ], [ 35.008681706000118, 32.228289883000173 ], [ 35.008830200000148, 32.228453854000179 ], [ 35.00896507200008, 32.228632173000108 ], [ 35.009103448000189, 32.228798945000051 ], [ 35.009276213000192, 32.229008043000078 ], [ 35.009367251000072, 32.229143316000034 ], [ 35.009515731000079, 32.229315880000058 ], [ 35.009687685000131, 32.22951722800002 ], [ 35.009785546000103, 32.229640815000039 ], [ 35.009957670000176, 32.229842163000171 ], [ 35.010068955000065, 32.229968732000088 ], [ 35.010160045000134, 32.230081037000048 ], [ 35.010301679000122, 32.230276558000185 ], [ 35.010453777000066, 32.230462935000048 ], [ 35.010558465000031, 32.230575122000175 ], [ 35.010733842000093, 32.230805215000089 ], [ 35.010915959000158, 32.230986428999984 ], [ 35.010902049729154, 32.231087883888051 ], [ 35.0109081, 32.2310943 ], [ 35.010900209821308, 32.231101304263895 ], [ 35.010898268000176, 32.231115468000098 ], [ 35.010898209000061, 32.23111588900008 ], [ 35.010895403, 32.231135755000082 ], [ 35.010723129000155, 32.231303297000125 ], [ 35.010624120641637, 32.231419626808574 ], [ 35.0106227, 32.2314215 ], [ 35.0105309, 32.2315834 ], [ 35.0104909, 32.2317285 ], [ 35.010896, 32.2324676 ], [ 35.0110074, 32.2326021 ], [ 35.0112135, 32.2328725 ], [ 35.0113444, 32.2330145 ], [ 35.0114317, 32.2330923 ], [ 35.011519, 32.2331498 ], [ 35.0116858, 32.2332108 ], [ 35.0121903, 32.2333601 ], [ 35.0124446, 32.2334213 ], [ 35.012528, 32.2334518 ], [ 35.0125915, 32.2334958 ], [ 35.0126312, 32.2335431 ], [ 35.0126509, 32.2336005 ], [ 35.0127071, 32.2337246 ], [ 35.0128158, 32.2338777 ], [ 35.0128894, 32.2339814 ], [ 35.0132145, 32.2343803 ], [ 35.0135215, 32.2347033 ], [ 35.0141005, 32.2353962 ], [ 35.0142194, 32.235545 ], [ 35.014279444635044, 32.235583949817219 ], [ 35.014386332000129, 32.235544813000047 ], [ 35.014649666000082, 32.23543348700008 ], [ 35.014849932000118, 32.235356160000151 ], [ 35.015170389000048, 32.235201243000063 ], [ 35.015309413505143, 32.235124611118337 ], [ 35.0155339, 32.2349512 ], [ 35.01580108053713, 32.234753120667811 ], [ 35.015880293465457, 32.234688699642618 ], [ 35.0159361, 32.2346277 ], [ 35.0167621, 32.2340124 ], [ 35.0170845, 32.2337698 ], [ 35.017371, 32.2336318 ], [ 35.0176216, 32.2335545 ], [ 35.0177529, 32.2335243 ], [ 35.017767827076995, 32.233522208706496 ], [ 35.017773246000047, 32.233520052000131 ], [ 35.017789811688502, 32.233519128647671 ], [ 35.0178721, 32.2335076 ], [ 35.0180113, 32.2334943 ], [ 35.0181504, 32.2335047 ], [ 35.0182815, 32.2335218 ], [ 35.0184126, 32.2335793 ], [ 35.018502465727835, 32.233624432565534 ], [ 35.018764705000081, 32.233703624000043 ], [ 35.018938969000146, 32.233767013000033 ], [ 35.019128334000072, 32.233824652000123 ], [ 35.01933586500013, 32.233914302000073 ], [ 35.019499662000101, 32.233988525000086 ], [ 35.019653344000176, 32.234064988000114 ], [ 35.019825089999983, 32.234143594000045 ], [ 35.019986409000126, 32.234215701000039 ], [ 35.020134978000044, 32.234279052000034 ], [ 35.020280760000048, 32.234407778000048 ], [ 35.020229258000029, 32.234538317999977 ], [ 35.020218781000153, 32.234554787000036 ], [ 35.020216189000109, 32.234558860999982 ], [ 35.020203226556944, 32.234579234635945 ], [ 35.0201983, 32.2346028 ], [ 35.0201733, 32.2346559 ], [ 35.0200495, 32.2348988 ], [ 35.0198897, 32.2353003 ], [ 35.0198258, 32.2354825 ], [ 35.0198056, 32.2356006 ], [ 35.0198053301716, 32.235755481499488 ], [ 35.019815824000148, 32.235867124000151 ], [ 35.019817449000186, 32.235874017000128 ], [ 35.019822070000089, 32.235893625000131 ], [ 35.019853946000069, 32.236028377000082 ], [ 35.019892107000146, 32.236172157000112 ], [ 35.019912260000126, 32.236363677000099 ], [ 35.019925497000031, 32.2364545800001 ], [ 35.019926654651975, 32.236462569006569 ], [ 35.0199633, 32.236583 ], [ 35.0200377, 32.2371232 ], [ 35.020040204523525, 32.237177149231456 ], [ 35.020054594000158, 32.237271191000048 ], [ 35.020060307, 32.237308525000117 ], [ 35.020061258000169, 32.237328819000027 ], [ 35.020076867000114, 32.237473974000068 ], [ 35.020114660000161, 32.237791911000159 ], [ 35.020149967000123, 32.238031503000116 ], [ 35.020157349000044, 32.238227512000037 ], [ 35.020136226000147, 32.238495199000113 ], [ 35.020133540000131, 32.238591008000128 ], [ 35.020132407000119, 32.238632996000035 ], [ 35.020128975094011, 32.238760172813514 ], [ 35.0201485, 32.2393538 ], [ 35.0201478, 32.2396948 ], [ 35.0201434, 32.2399277 ], [ 35.0201113, 32.2400661 ], [ 35.0200753, 32.2401707 ], [ 35.0199995, 32.2402989 ], [ 35.0197854, 32.2407213 ], [ 35.019639163725714, 32.241008177209096 ], [ 35.019635480000147, 32.241044384000077 ], [ 35.019521283503721, 32.241239427282004 ], [ 35.019348256258091, 32.241578861348991 ], [ 35.019340702000079, 32.241595293000103 ], [ 35.019332745016754, 32.241609290335553 ], [ 35.019221860697002, 32.241826816283464 ], [ 35.01918075610871, 32.241965076076909 ], [ 35.0191643, 32.2421517 ], [ 35.019186, 32.2423204 ], [ 35.0192299, 32.242458 ], [ 35.019370191656002, 32.24266308198299 ], [ 35.019453982000186, 32.242753137000136 ], [ 35.019572221000146, 32.242897180000057 ], [ 35.019764305000024, 32.243168151000191 ], [ 35.019865627000058, 32.243314563000069 ], [ 35.019952921000026, 32.243432209000048 ], [ 35.020022415049567, 32.243532668344727 ], [ 35.0202675, 32.2438086 ], [ 35.0205581, 32.2441903 ], [ 35.0206874, 32.2443471 ], [ 35.0208214, 32.2445885 ], [ 35.0209308, 32.2447367 ], [ 35.0210452, 32.2448554 ], [ 35.0213186, 32.2451774 ], [ 35.021766, 32.2457409 ], [ 35.0218909, 32.2458978 ], [ 35.0221804, 32.2462616 ], [ 35.022399, 32.2465751 ], [ 35.0225431, 32.2467911 ], [ 35.0235979, 32.2482393 ], [ 35.0238265, 32.2485443 ], [ 35.0239033, 32.2486684 ], [ 35.023956487110922, 32.248767967538015 ], [ 35.023994347000098, 32.248827880000135 ], [ 35.024027926000088, 32.249026887000184 ], [ 35.024033243000133, 32.249182454000163 ], [ 35.02403653500005, 32.249435663000099 ], [ 35.024022211000101, 32.249628399000017 ], [ 35.024011809000115, 32.249767879000046 ], [ 35.023993560000122, 32.249933273000067 ], [ 35.023989847000053, 32.249966098000186 ], [ 35.023987932000182, 32.250089668000101 ], [ 35.023987545000068, 32.25011644000017 ], [ 35.023990525000102, 32.250279610000177 ], [ 35.023984712000072, 32.250606781000158 ], [ 35.02397553000003, 32.250797835000185 ], [ 35.02396592600013, 32.251113163000127 ], [ 35.023966913000152, 32.251277317000074 ], [ 35.023950118000073, 32.251461877000054 ], [ 35.023944968000194, 32.251546977000146 ], [ 35.023941016000038, 32.251614181000036 ], [ 35.023937635000038, 32.251649873000133 ], [ 35.023926778000089, 32.251764506000143 ], [ 35.023918637182447, 32.251875166661016 ], [ 35.0239093, 32.252195 ], [ 35.0238831, 32.2528255 ], [ 35.0238721, 32.2533883 ], [ 35.0238451, 32.2541239 ], [ 35.0238296, 32.2543736 ], [ 35.023824, 32.2546909 ], [ 35.0238684, 32.254928 ], [ 35.0239723, 32.2552836 ], [ 35.0240716, 32.2555249 ], [ 35.0242702, 32.2558892 ], [ 35.0244657, 32.2561892 ], [ 35.0246444, 32.2565153 ], [ 35.0252252, 32.2576448 ], [ 35.0255083, 32.2581318 ], [ 35.0259403, 32.2589534 ], [ 35.0262634, 32.2593939 ], [ 35.0264674, 32.2595804 ], [ 35.0265954, 32.2596347 ], [ 35.02671, 32.2596602 ], [ 35.0268296, 32.2596731 ], [ 35.0269242, 32.2596902 ], [ 35.0270388, 32.2597453 ], [ 35.0271035, 32.2597877 ], [ 35.027233, 32.2598556 ], [ 35.0273674, 32.2599405 ], [ 35.027671, 32.260144 ], [ 35.0278353, 32.2602458 ], [ 35.0279847, 32.2603095 ], [ 35.0281442, 32.2603224 ], [ 35.0282588, 32.2603226 ], [ 35.0283835, 32.26031 ], [ 35.0284433, 32.2603059 ], [ 35.028518, 32.2603187 ], [ 35.0285728, 32.2603653 ], [ 35.0286771, 32.2605601 ], [ 35.0288558, 32.2609412 ], [ 35.0290496, 32.2613977 ], [ 35.0291733, 32.2618719 ], [ 35.029229605172084, 32.262084841368896 ], [ 35.029232261000061, 32.262090560000104 ], [ 35.029283678000127, 32.262250982000012 ], [ 35.029358605000027, 32.262430885000072 ], [ 35.029338710000047, 32.262594164000177 ], [ 35.029291055000101, 32.262790375000179 ], [ 35.029276631000187, 32.263036511999985 ], [ 35.02928464900009, 32.263173625000093 ], [ 35.029287664000094, 32.263324818000058 ], [ 35.029298444495062, 32.263396582762049 ], [ 35.0293209, 32.2634621 ], [ 35.0293953, 32.2636103 ], [ 35.0296092, 32.2638561 ], [ 35.0299275, 32.2642247 ], [ 35.0302508, 32.2646144 ], [ 35.0304941, 32.2650371 ], [ 35.0305983, 32.2652911 ], [ 35.0306328, 32.2655154 ], [ 35.0306275, 32.2656635 ], [ 35.0305974, 32.2657862 ], [ 35.0305273, 32.2659427 ], [ 35.0304023, 32.2661372 ], [ 35.0301024, 32.2665896 ], [ 35.030002760850984, 32.266739513885746 ], [ 35.029979834000187, 32.266835883000056 ], [ 35.029977623999969, 32.266845171000114 ], [ 35.029974622000111, 32.266854468000076 ], [ 35.029932729999985, 32.266987138000047 ], [ 35.029872097000066, 32.267121050000128 ], [ 35.02976793800002, 32.26729336600016 ], [ 35.029616855000086, 32.267543534000083 ], [ 35.029524795999976, 32.2677189690001 ], [ 35.029437530000052, 32.267900466000128 ], [ 35.029314599000088, 32.268087551000065 ], [ 35.029239028000177, 32.268227075000027 ], [ 35.029073928000173, 32.268518085000153 ], [ 35.028998545000093, 32.268645775000039 ], [ 35.02891601400006, 32.268783318000146 ], [ 35.028835797000113, 32.268922838000151 ], [ 35.028691354000159, 32.269167659000061 ], [ 35.028538130000072, 32.269406833000119 ], [ 35.028462759000149, 32.269528463000086 ], [ 35.028375383000025, 32.269681924000054 ], [ 35.028295294000031, 32.269839478000165 ], [ 35.028134151000131, 32.270140354000148 ], [ 35.028044462000082, 32.270287891 ], [ 35.027945455000179, 32.270451336000122 ], [ 35.027836990000139, 32.270616739000047 ], [ 35.027740291000043, 32.270786246000114 ], [ 35.027609978000044, 32.271011221000037 ], [ 35.027527429000031, 32.271154820000106 ], [ 35.027447366000047, 32.271298285000114 ], [ 35.027331725000181, 32.271483688000103 ], [ 35.02721157600007, 32.271685003000186 ], [ 35.027048163000188, 32.271955722000087 ], [ 35.026972621000141, 32.272079324000174 ], [ 35.02685002200019, 32.272260771 ], [ 35.026739249000173, 32.272416164000163 ], [ 35.026626074000148, 32.272611573000063 ], [ 35.026519580000013, 32.272784589000025 ], [ 35.026387591000059, 32.27301575700011 ], [ 35.026248523000106, 32.273221132000174 ], [ 35.026177627999971, 32.273340653 ], [ 35.026037165000162, 32.273577306000163 ], [ 35.025923963000025, 32.273784691000174 ], [ 35.025855533000083, 32.27391422300002 ], [ 35.025702565000188, 32.274021787000038 ], [ 35.025476893000189, 32.274077251000051 ], [ 35.025314638000168, 32.274102939000045 ], [ 35.025060715000052, 32.274104535000163 ], [ 35.024766945000067, 32.27412805300014 ], [ 35.024604650000072, 32.274171774000138 ], [ 35.024327779000146, 32.27428451000003 ], [ 35.024165385, 32.274375995000071 ], [ 35.02395605300012, 32.274469526000075 ], [ 35.02377254400011, 32.274586906000025 ], [ 35.023579556000129, 32.274716392000073 ], [ 35.023438155000065, 32.274841867000077 ], [ 35.023268612000152, 32.275023097000144 ], [ 35.023159897000141, 32.275142280000125 ], [ 35.023032448000151, 32.275337664000119 ], [ 35.022952061000183, 32.275552139000013 ], [ 35.022942725000121, 32.275576927000145 ], [ 35.022908377480121, 32.275748794940164 ], [ 35.0228941, 32.2759241 ], [ 35.0228737, 32.2761526 ], [ 35.0228486, 32.2762541 ], [ 35.02280471630776, 32.276316689116065 ], [ 35.022791396000116, 32.276395294000054 ], [ 35.022789071000034, 32.276409012000158 ], [ 35.02278773900008, 32.276410842000132 ], [ 35.022772362000126, 32.276548200000093 ], [ 35.022727261000057, 32.276702280000052 ], [ 35.022642015000088, 32.276860106000186 ], [ 35.022549856000012, 32.276991995000174 ], [ 35.022412877000136, 32.277141851000124 ], [ 35.022306683000068, 32.277243847000193 ], [ 35.022146841000165, 32.277381128000115 ], [ 35.022012338000138, 32.277456873000062 ], [ 35.021783414000026, 32.277556570000058 ], [ 35.021512196000174, 32.277654229000063 ], [ 35.02135180800019, 32.277735994000182 ], [ 35.021153527000024, 32.277853770000149 ], [ 35.021002476000092, 32.277989655000113 ], [ 35.020955926000113, 32.278042282000115 ], [ 35.02093891700008, 32.27806154100017 ], [ 35.020856007000134, 32.278155419000143 ], [ 35.020840492855967, 32.278180373125053 ], [ 35.0207994, 32.2782563 ], [ 35.0206464, 32.2785342 ], [ 35.0204912, 32.2788641 ], [ 35.0203262, 32.2790796 ], [ 35.020307886865247, 32.279096607608551 ], [ 35.020279411000047, 32.279134387000113 ], [ 35.020173130000046, 32.279274284000053 ], [ 35.020169742000121, 32.279279657000075 ], [ 35.020157154000117, 32.279299621000121 ], [ 35.020071448000124, 32.279436169000064 ], [ 35.019899218000091, 32.279545952000149 ], [ 35.019705668000086, 32.279619631000116 ], [ 35.019455682000171, 32.279713374000153 ], [ 35.019303471000114, 32.279768236000109 ], [ 35.019062140000131, 32.279847760000109 ], [ 35.018866124000056, 32.27991143100013 ], [ 35.018464588000029, 32.280059469000093 ], [ 35.018172522000043, 32.280129330000136 ], [ 35.017976525000108, 32.280181867000124 ], [ 35.017667694000181, 32.280257199000118 ], [ 35.017477376999977, 32.280290583000067 ], [ 35.017185294000058, 32.280368473000124 ], [ 35.017004431000146, 32.280401730000108 ], [ 35.016838466000138, 32.280449381000039 ], [ 35.016682119999984, 32.280497188000027 ], [ 35.016497892000018, 32.280552982000188 ], [ 35.016232257000183, 32.280594136000047 ], [ 35.016064552000046, 32.280601907000062 ], [ 35.015864848000092, 32.280604698 ], [ 35.015695336000078, 32.280604434000168 ], [ 35.015429914000151, 32.280546531000084 ], [ 35.015209726000023, 32.280432621000102 ], [ 35.015014958000108, 32.280300289000138 ], [ 35.014859001000048, 32.280167315000142 ], [ 35.014699118000067, 32.280010382000057 ], [ 35.014607152999986, 32.279893429000026 ], [ 35.01447677800013, 32.279666933000158 ], [ 35.014441432000069, 32.27959924400011 ], [ 35.014440056000126, 32.279596600000104 ], [ 35.014409223000143, 32.279537337000079 ], [ 35.014286652000067, 32.279534709000018 ], [ 35.014246188000072, 32.279533841000159 ], [ 35.014172050000184, 32.279532176000089 ], [ 35.014008140000101, 32.279551082000069 ], [ 35.013763119000146, 32.279571550000128 ], [ 35.013599219000128, 32.279583974000104 ], [ 35.013255008000158, 32.279606119000107 ], [ 35.013006351000058, 32.279620098000066 ], [ 35.012846275000129, 32.279629428000135 ], [ 35.012680554000042, 32.279640438000172 ], [ 35.012288722000108, 32.279670958000054 ], [ 35.012263568000151, 32.279672915000106 ], [ 35.012258531000043, 32.27967330700011 ], [ 35.012244346000159, 32.279678749000027 ], [ 35.012172211000177, 32.27970642300005 ], [ 35.012096349000103, 32.279735469000116 ], [ 35.011847756000066, 32.279870202000154 ], [ 35.011574505000112, 32.279980097000134 ], [ 35.011385875000087, 32.280075751000027 ], [ 35.011159584000154, 32.280175997000185 ], [ 35.010920267000131, 32.280241277000073 ], [ 35.01075314600007, 32.280284549999976 ], [ 35.010498737999967, 32.280348115000038 ], [ 35.010336630000097, 32.280375051000135 ], [ 35.010163294000108, 32.280379564000043 ], [ 35.00985623300005, 32.28040147500019 ], [ 35.009644196000181, 32.280504700000108 ], [ 35.009530969000139, 32.280627528000139 ], [ 35.009325196000077, 32.280823898000051 ], [ 35.009219636000182, 32.280928561000053 ], [ 35.009214983000106, 32.280933062000031 ], [ 35.009173025000166, 32.280981057000133 ], [ 35.009038220000093, 32.28113525700013 ], [ 35.009007215743324, 32.281188318736277 ], [ 35.0089904, 32.281225 ], [ 35.0089851, 32.28139 ], [ 35.0090049, 32.2814578 ], [ 35.0090846, 32.281479 ], [ 35.0092589, 32.2815766 ], [ 35.0094032, 32.281725 ], [ 35.0094925, 32.2819325 ], [ 35.0095418, 32.2821695 ], [ 35.0095713, 32.2823557 ], [ 35.0096724, 32.282697 ], [ 35.0097009, 32.2829402 ], [ 35.0097294, 32.2831833 ], [ 35.0097718, 32.2836942 ], [ 35.0098292, 32.2839898 ], [ 35.0099158, 32.2842053 ], [ 35.0099879, 32.2843655 ], [ 35.0101627, 32.2846772 ], [ 35.0104227, 32.2851393 ], [ 35.0106825, 32.2857552 ], [ 35.010906, 32.2863834 ], [ 35.011014, 32.2867159 ], [ 35.011030811586274, 32.286819996872779 ], [ 35.011032095000132, 32.286823790000142 ], [ 35.011033945000122, 32.286829258000068 ], [ 35.011066215000142, 32.287013752000064 ], [ 35.011066942000127, 32.28703992100003 ], [ 35.011067069343355, 32.287044503892204 ], [ 35.0110713, 32.2870707 ], [ 35.0110996, 32.287397 ], [ 35.0112366, 32.2877604 ], [ 35.011352, 32.288056 ], [ 35.0114314, 32.2882654 ], [ 35.0115108, 32.288444 ], [ 35.0116994, 32.2888052 ], [ 35.0120247, 32.289335 ], [ 35.0124508, 32.2901543 ], [ 35.0129075, 32.2913661 ], [ 35.0130374, 32.2916371 ], [ 35.0133981, 32.2925732 ], [ 35.0135969, 32.2932301 ], [ 35.0136298, 32.2934391 ], [ 35.0136494, 32.2935803 ], [ 35.013648788484311, 32.29359299794347 ], [ 35.013649483000165, 32.293594498000118 ], [ 35.013682010000139, 32.293664577000129 ], [ 35.013656905000062, 32.293690747000142 ], [ 35.013653312000031, 32.293694500000186 ], [ 35.013641843000073, 32.293706479000036 ], [ 35.013611514000161, 32.29373815800011 ], [ 35.013556482000013, 32.293795702000068 ], [ 35.013370432000102, 32.293835989000115 ], [ 35.013142292000055, 32.293932712000185 ], [ 35.012902675000191, 32.29396671600017 ], [ 35.012729658000183, 32.293964891000087 ], [ 35.012573099000122, 32.293947453999976 ], [ 35.012499432310008, 32.294000767382464 ], [ 35.0126332, 32.2943657 ], [ 35.0128315, 32.2949647 ], [ 35.0129239, 32.2953601 ], [ 35.0129893, 32.2959024 ], [ 35.0132138, 32.2967273 ], [ 35.0135843, 32.2977669 ], [ 35.0141141, 32.2994713 ], [ 35.0142331, 32.2998555 ], [ 35.0142591, 32.3001379 ], [ 35.0142586, 32.3003864 ], [ 35.0142713, 32.3006349 ], [ 35.0143506, 32.3009174 ], [ 35.0144698, 32.3011887 ], [ 35.0147607, 32.302104 ], [ 35.0149058, 32.3027367 ], [ 35.0149447, 32.3032337 ], [ 35.0149832, 32.3039884 ], [ 35.0150471, 32.3052648 ], [ 35.0153723, 32.309081 ], [ 35.0153958, 32.310572 ], [ 35.0156806, 32.3118048 ], [ 35.01571, 32.3121857 ], [ 35.0156368, 32.3121958 ], [ 35.0156381, 32.312424 ], [ 35.0156641, 32.3133877 ], [ 35.0155775, 32.3154359 ], [ 35.0156527, 32.3162204 ], [ 35.0156789, 32.3164943 ], [ 35.0156798, 32.3165638 ], [ 35.0156847, 32.3169476 ], [ 35.0156862, 32.3170675 ], [ 35.0157099, 32.3189231 ], [ 35.0157287, 32.3191609 ], [ 35.0158234, 32.3200489 ], [ 35.0158807, 32.3205856 ], [ 35.0159155, 32.3209118 ], [ 35.0159175, 32.3209571 ], [ 35.0159818, 32.3223958 ], [ 35.0159834, 32.3224332 ], [ 35.0159919, 32.3226218 ], [ 35.0159966, 32.3227274 ], [ 35.016064, 32.3242368 ], [ 35.0160697, 32.3243373 ], [ 35.0160727, 32.3244023 ], [ 35.0160787, 32.3244801 ], [ 35.0160955, 32.3247742 ], [ 35.0161383, 32.3255217 ], [ 35.0161502, 32.3257287 ], [ 35.0162641, 32.3277204 ], [ 35.0163284, 32.3288429 ], [ 35.0163329, 32.3289216 ], [ 35.0163535, 32.3293684 ], [ 35.0163703, 32.3297333 ], [ 35.0164016, 32.3304118 ], [ 35.0164019, 32.3304186 ], [ 35.0164022, 32.3304446 ], [ 35.0164256, 32.3322656 ], [ 35.0164374, 32.3331836 ], [ 35.0164396, 32.3333586 ], [ 35.0164513, 32.3342683 ], [ 35.016453, 32.334399 ], [ 35.0164552, 32.3344881 ], [ 35.0164836, 32.3356136 ], [ 35.0165153, 32.3368748 ], [ 35.0165159, 32.3368967 ], [ 35.0165162, 32.3369091 ], [ 35.0165337, 32.3376034 ], [ 35.0165441, 32.3380181 ], [ 35.0165538, 32.3383682 ], [ 35.0165545, 32.3384278 ], [ 35.0165545, 32.3384381 ], [ 35.0165557, 32.3386768 ], [ 35.0195898, 32.3404513 ], [ 35.019891, 32.3405707 ], [ 35.0205469, 32.340916 ], [ 35.0206979, 32.3409184 ], [ 35.0207616, 32.3409563 ], [ 35.0208407, 32.3409626 ], [ 35.0211149, 32.3409794 ], [ 35.0212561, 32.3409784 ], [ 35.0214996, 32.3409872 ], [ 35.0217751, 32.3409372 ], [ 35.022028645644049, 32.340919534934635 ], [ 35.022144409000134, 32.340892399000154 ], [ 35.022203028000092, 32.340878398000143 ], [ 35.022593593000181, 32.340784861000145 ], [ 35.023012893000043, 32.340678829000069 ], [ 35.02320151300006, 32.340643463000163 ], [ 35.02322487757845, 32.340637564790654 ], [ 35.0233741, 32.3405757 ], [ 35.0239986, 32.340332 ], [ 35.0240218, 32.3403264 ], [ 35.0241115, 32.340309 ], [ 35.0241831, 32.3402894 ], [ 35.0243, 32.3402422 ], [ 35.0243382, 32.3402395 ], [ 35.0243835, 32.3402209 ], [ 35.0244385, 32.3402024 ], [ 35.0244598, 32.3401923 ], [ 35.0245454, 32.3401857 ], [ 35.024576, 32.3400251 ], [ 35.0245878, 32.3399135 ], [ 35.0246356, 32.3399102 ], [ 35.0247522, 32.3398805 ], [ 35.0248174, 32.3398699 ], [ 35.0250111, 32.3398656 ], [ 35.025217, 32.3398806 ], [ 35.0253827, 32.3398836 ], [ 35.025417, 32.3398837 ], [ 35.0255149, 32.3399052 ], [ 35.0256613, 32.3399156 ], [ 35.0261818, 32.3399761 ], [ 35.0262047, 32.3399812 ], [ 35.0263041, 32.3400151 ], [ 35.0263474, 32.3400191 ], [ 35.0263656, 32.3400214 ], [ 35.0266312, 32.3400038 ], [ 35.0267296, 32.3399971 ], [ 35.0270055, 32.3399789 ], [ 35.0269933, 32.3400178 ], [ 35.0270929, 32.3402907 ], [ 35.0271917, 32.3406905 ], [ 35.0272866, 32.3409521 ], [ 35.0274358, 32.3414494 ], [ 35.0274763, 32.3415768 ], [ 35.027492, 32.3415977 ], [ 35.0275664, 32.3416339 ], [ 35.0277397, 32.3423766 ], [ 35.0279281, 32.3431849 ], [ 35.0280519, 32.343499 ], [ 35.0280964, 32.343614 ], [ 35.0281114, 32.3436597 ], [ 35.0281877, 32.3439433 ], [ 35.0282007, 32.3439828 ], [ 35.0282083, 32.3440301 ], [ 35.0283213, 32.3449856 ], [ 35.0283228, 32.3450352 ], [ 35.0283871, 32.3459742 ], [ 35.0284011, 32.3460402 ], [ 35.028518, 32.3464005 ], [ 35.0286203, 32.3464801 ], [ 35.0285848, 32.3466148 ], [ 35.028573, 32.3466694 ], [ 35.02856, 32.3467517 ], [ 35.0290753, 32.3466301 ], [ 35.0293195, 32.3465944 ], [ 35.0294348, 32.3466424 ], [ 35.0294698, 32.3466673 ], [ 35.0296138, 32.346685 ], [ 35.0297184, 32.3466513 ], [ 35.0299141, 32.3465969 ], [ 35.029936642452377, 32.346593493498212 ], [ 35.029946191000136, 32.346588884000141 ], [ 35.03001098500016, 32.346559529999979 ], [ 35.03012310500003, 32.34650879600008 ], [ 35.03022795600009, 32.34646135100013 ], [ 35.030276100000151, 32.346451349000176 ], [ 35.030359305000047, 32.346434064000107 ], [ 35.030504766000092, 32.34640398099998 ], [ 35.030517548000091, 32.346402589000093 ], [ 35.030544773000088, 32.346401079000145 ], [ 35.030603047000113, 32.346393836000118 ], [ 35.030645946517708, 32.346394622548452 ], [ 35.0306464, 32.3463944 ], [ 35.0309631, 32.3463346 ], [ 35.0318453, 32.3462157 ], [ 35.0321019, 32.3462544 ], [ 35.0327776, 32.3459916 ], [ 35.0330629, 32.3458364 ], [ 35.0334989, 32.3457592 ], [ 35.0339599, 32.3457035 ], [ 35.0346388, 32.345785 ], [ 35.0348529, 32.3457808 ], [ 35.0350685, 32.3457726 ], [ 35.0351646, 32.3457722 ], [ 35.0352137, 32.3457891 ], [ 35.0357419, 32.3458597 ], [ 35.0360779, 32.3459227 ], [ 35.036142, 32.3459211 ], [ 35.0363047, 32.3458875 ], [ 35.0363134, 32.3458864 ], [ 35.0364697, 32.3457029 ], [ 35.0365875, 32.3455616 ], [ 35.0366861, 32.3454513 ], [ 35.0370779, 32.3452613 ], [ 35.0373601, 32.3451236 ], [ 35.0375593, 32.3450089 ], [ 35.0376617, 32.3449538 ], [ 35.0377423, 32.3448775 ], [ 35.0377841, 32.3449793 ], [ 35.0378567, 32.3451344 ], [ 35.0378665, 32.345158 ], [ 35.0381889, 32.3451213 ], [ 35.0386627, 32.3457729 ], [ 35.0388203, 32.345994 ], [ 35.038873, 32.3459614 ], [ 35.0392264, 32.3456924 ], [ 35.0395182, 32.3455919 ], [ 35.0400985, 32.3457375 ], [ 35.0401793, 32.345754 ], [ 35.0403068, 32.3457389 ], [ 35.0406685, 32.3457986 ], [ 35.0409477, 32.3458204 ], [ 35.0410423, 32.3459744 ], [ 35.0409631, 32.3460126 ], [ 35.0409596, 32.3460994 ], [ 35.0408772, 32.3462638 ], [ 35.0409851, 32.3462178 ], [ 35.0410348, 32.3465019 ], [ 35.0411183, 32.346635 ], [ 35.0411574, 32.3466722 ], [ 35.0414042, 32.3467898 ], [ 35.0415952, 32.3467585 ], [ 35.0418306, 32.3466951 ], [ 35.0419316, 32.3469489 ], [ 35.0419222, 32.3471737 ], [ 35.0418958, 32.347199 ], [ 35.0418903, 32.3473253 ], [ 35.0419184, 32.3474482 ], [ 35.0419175, 32.3475209 ], [ 35.0419498, 32.3476968 ], [ 35.0420696, 32.3476772 ], [ 35.042267, 32.3478099 ], [ 35.0422839, 32.3478404 ], [ 35.0422654, 32.3478663 ], [ 35.0423322, 32.3479278 ], [ 35.0422305, 32.3480838 ], [ 35.0422162, 32.3483053 ], [ 35.0422907, 32.3482907 ], [ 35.0424015, 32.3484385 ], [ 35.0424357, 32.3484983 ], [ 35.0424174, 32.3485434 ], [ 35.0423902, 32.3485625 ], [ 35.0423683, 32.3486357 ], [ 35.0422632, 32.3487472 ], [ 35.0422418, 32.3488001 ], [ 35.0423334, 32.3488555 ], [ 35.0423424, 32.3489795 ], [ 35.0424296, 32.3490709 ], [ 35.0424281, 32.3494457 ], [ 35.0425233, 32.3496002 ], [ 35.042505, 32.3497163 ], [ 35.042665, 32.3497994 ], [ 35.0425818, 32.3500123 ], [ 35.0423171, 32.3502521 ], [ 35.0422746, 32.3502526 ], [ 35.0421271, 32.3504846 ], [ 35.042079828353742, 32.350523723428402 ], [ 35.042063060613891, 32.350641858365933 ], [ 35.0421152, 32.3509645 ], [ 35.0421088, 32.3514888 ], [ 35.0420844, 32.3516405 ], [ 35.0420503, 32.3517922 ], [ 35.0420065, 32.3519398 ], [ 35.0418998, 32.3521446 ], [ 35.041767049182617, 32.35236113384925 ], [ 35.041662073000168, 32.352564708000045 ], [ 35.041581749999978, 32.352732273000129 ], [ 35.041506703198934, 32.352871329591188 ], [ 35.041502, 32.3528822 ], [ 35.0414048, 32.3531527 ], [ 35.0413368, 32.3533125 ], [ 35.0412495, 32.3534716 ], [ 35.041211037973049, 32.353542717252061 ], [ 35.041203047000181, 32.353562941000121 ], [ 35.041149028874159, 32.353657373630455 ], [ 35.04107, 32.3538035 ], [ 35.0409874, 32.3540289 ], [ 35.0409628, 32.3542544 ], [ 35.0409673, 32.3544676 ], [ 35.0410007, 32.3547055 ], [ 35.0410583, 32.3549147 ], [ 35.0411595, 32.355128 ], [ 35.0412712, 32.3553163 ], [ 35.0414158, 32.3555379 ], [ 35.0417341, 32.3560181 ], [ 35.0420476, 32.3564531 ], [ 35.0422742, 32.3567691 ], [ 35.0424817, 32.3570072 ], [ 35.0427134, 32.3572002 ], [ 35.042841, 32.3573099 ], [ 35.0429086, 32.3573592 ], [ 35.0430343, 32.357384 ], [ 35.0431262, 32.3573841 ], [ 35.0432374, 32.357372 ], [ 35.0433244, 32.3573639 ], [ 35.043397, 32.3573517 ], [ 35.0434695, 32.3573436 ], [ 35.0435371, 32.3573928 ], [ 35.0435853, 32.3574708 ], [ 35.0436384, 32.3575652 ], [ 35.0437346, 32.3578441 ], [ 35.0438549, 32.3581682 ], [ 35.0439415, 32.3584061 ], [ 35.044004, 32.3585989 ], [ 35.0440839, 32.3587524 ], [ 35.0441755, 32.3588755 ], [ 35.0442673, 32.3589494 ], [ 35.0443687, 32.3589947 ], [ 35.0444606, 32.3590235 ], [ 35.0445669, 32.3590277 ], [ 35.0446878, 32.3589951 ], [ 35.044862, 32.3589379 ], [ 35.0449926, 32.3589052 ], [ 35.0451522, 32.3588562 ], [ 35.0452829, 32.3588113 ], [ 35.0453893, 32.3587663 ], [ 35.0455199, 32.3587296 ], [ 35.0456456, 32.3587298 ], [ 35.0457471, 32.3587545 ], [ 35.0458631, 32.3587833 ], [ 35.0459936, 32.3588245 ], [ 35.0460757, 32.3588574 ], [ 35.046124, 32.3589026 ], [ 35.0461384, 32.3589682 ], [ 35.0461625, 32.3590215 ], [ 35.0462204, 32.3590585 ], [ 35.0463267, 32.3590955 ], [ 35.0464234, 32.3591244 ], [ 35.0465442, 32.3591655 ], [ 35.0466408, 32.3592066 ], [ 35.0467229, 32.3592642 ], [ 35.0468122, 32.3593614 ], [ 35.0468846, 32.3594312 ], [ 35.0469522, 32.3594846 ], [ 35.0470295, 32.3595052 ], [ 35.0471068, 32.3595176 ], [ 35.0471891, 32.3595054 ], [ 35.0472713, 32.3594727 ], [ 35.0473488, 32.3594113 ], [ 35.0474311, 32.3593581 ], [ 35.0475423, 32.3593377 ], [ 35.0476632, 32.3593379 ], [ 35.0478276, 32.3593463 ], [ 35.0479435, 32.3593916 ], [ 35.0481174, 32.3594984 ], [ 35.0482719, 32.3596298 ], [ 35.0485035, 32.3598966 ], [ 35.0486965, 32.3601141 ], [ 35.0489136, 32.360426 ], [ 35.0490775, 32.3607092 ], [ 35.0493099, 32.3611679 ], [ 35.0494255, 32.3614018 ], [ 35.0495315, 32.3616561 ], [ 35.0496182, 32.3618367 ], [ 35.0496999, 32.3621074 ], [ 35.0497528, 32.3623125 ], [ 35.0498448, 32.3625735 ], [ 35.0499123, 32.3626884 ], [ 35.0499604, 32.3628074 ], [ 35.0500376, 32.36291 ], [ 35.0501099, 32.3630577 ], [ 35.0502448, 32.3633244 ], [ 35.0503364, 32.3635213 ], [ 35.0504666, 32.3637183 ], [ 35.0505824, 32.363862 ], [ 35.0506837, 32.363981 ], [ 35.0507368, 32.3640467 ], [ 35.0507511, 32.3641533 ], [ 35.0507365, 32.3642271 ], [ 35.0507073, 32.3642915 ], [ 35.050644407712575, 32.364395564042596 ], [ 35.050593757, 32.364532775000043 ], [ 35.050586250000038, 32.364553110000031 ], [ 35.050517158000162, 32.364740280000035 ], [ 35.050503367805995, 32.364790659175263 ], [ 35.0505033, 32.3648407 ], [ 35.0505466, 32.3649515 ], [ 35.0507056, 32.3652756 ], [ 35.0511741, 32.3661689 ], [ 35.0515069, 32.3667228 ], [ 35.0515839, 32.3668828 ], [ 35.0516032, 32.3669444 ], [ 35.0516079, 32.3670018 ], [ 35.0515836, 32.3670838 ], [ 35.051501, 32.3673461 ], [ 35.051379, 32.3677266 ], [ 35.0513401, 32.3678947 ], [ 35.051285812773571, 32.368004691289805 ], [ 35.051257593000059, 32.368112675000134 ], [ 35.051251249000074, 32.368136949000188 ], [ 35.05108292400007, 32.368780937000167 ], [ 35.050943243000177, 32.369184584000095 ], [ 35.050939072000062, 32.369196414000157 ], [ 35.050869177999971, 32.369454169999983 ], [ 35.050727159000076, 32.369977910000159 ], [ 35.050714797000069, 32.370023500000059 ], [ 35.050700089000145, 32.370078011000032 ], [ 35.050584217000107, 32.370444629000133 ], [ 35.050482225000053, 32.370845503999988 ], [ 35.05047837800015, 32.370860858000015 ], [ 35.05046232899997, 32.370923540000092 ], [ 35.050459730000057, 32.37093315900006 ], [ 35.050427955000146, 32.371050754000123 ], [ 35.050408514000083, 32.37112270300014 ], [ 35.050317258000177, 32.371461034000163 ], [ 35.050160749000099, 32.371988932000136 ], [ 35.050084079000158, 32.372247528 ], [ 35.050076391, 32.372273489000122 ], [ 35.050064711591205, 32.372312931071981 ], [ 35.050055, 32.3723969 ], [ 35.0491299, 32.3760334 ], [ 35.0490956, 32.3762957 ], [ 35.049042, 32.3765007 ], [ 35.048969546812224, 32.376547534867427 ], [ 35.048951389000024, 32.376606969000193 ], [ 35.048947407000071, 32.376608997 ], [ 35.048874942000168, 32.376645901000074 ], [ 35.048786195000048, 32.37669115500006 ], [ 35.048724397000058, 32.376708830000041 ], [ 35.048679054000161, 32.376721759000134 ], [ 35.048623062000104, 32.376737724000122 ], [ 35.048415417000115, 32.376791277000166 ], [ 35.048207730000058, 32.376868224000077 ], [ 35.047995926000112, 32.376925436000192 ], [ 35.047955747238348, 32.376934572293194 ], [ 35.0477727, 32.3769844 ], [ 35.04767795412468, 32.377009110123062 ], [ 35.047586270000124, 32.377036778000161 ], [ 35.047370099000091, 32.377122726000152 ], [ 35.047118075000014, 32.37719961200014 ], [ 35.046817246000103, 32.37727290800018 ], [ 35.046651954000083, 32.377317640000115 ], [ 35.04647407300007, 32.377346008000188 ], [ 35.046268635000104, 32.377370961000167 ], [ 35.046150967000131, 32.377389592000043 ], [ 35.046088596000061, 32.377399467000032 ], [ 35.04602945900001, 32.377402678000067 ], [ 35.045830213000045, 32.377413498000067 ], [ 35.04565918000003, 32.377419051000061 ], [ 35.04542421900004, 32.377427757000078 ], [ 35.045302995000156, 32.377444291000018 ], [ 35.045252323000057, 32.377451202000145 ], [ 35.045246344000134, 32.377452038000058 ], [ 35.045081107000101, 32.377466756000047 ], [ 35.044916875000183, 32.377476260000094 ], [ 35.044791098000132, 32.377483633999987 ], [ 35.044778218000147, 32.377484389000131 ], [ 35.044602505000114, 32.377507405000131 ], [ 35.044344110000111, 32.377526928 ], [ 35.044094316000042, 32.377564218000089 ], [ 35.043890856000075, 32.377596353000172 ], [ 35.043692338000028, 32.377650194000125 ], [ 35.043469874000095, 32.377723589000027 ], [ 35.043416527000034, 32.377737639000145 ], [ 35.043344786000034, 32.377756533000138 ], [ 35.043232651999972, 32.37778611300007 ], [ 35.042965733000187, 32.377834224000082 ], [ 35.042864597000175, 32.377844235000111 ], [ 35.042794088000107, 32.377851277000161 ], [ 35.042771895000158, 32.377853493000146 ], [ 35.042751834000171, 32.377855497000155 ], [ 35.042554239000083, 32.377858332000073 ], [ 35.042525186000091, 32.377856600000143 ], [ 35.042341232000126, 32.377845925000031 ], [ 35.042171752000115, 32.377820617000111 ], [ 35.041802078000103, 32.377767985000162 ], [ 35.041520086000048, 32.378238920000172 ], [ 35.041282778000152, 32.378698219000057 ], [ 35.040753420000044, 32.379674792000117 ], [ 35.040340582000169, 32.380404664000082 ], [ 35.040249164000045, 32.380540366000162 ], [ 35.040212588437996, 32.380615199387073 ], [ 35.0402409, 32.3806573 ], [ 35.040358, 32.3807746 ], [ 35.0406091, 32.3809717 ], [ 35.0410002, 32.3813002 ], [ 35.0410775, 32.3813495 ], [ 35.0411064, 32.3814029 ], [ 35.0411208, 32.3814644 ], [ 35.0411062, 32.3815218 ], [ 35.0410771, 32.3815709 ], [ 35.041062744238445, 32.381596332738063 ], [ 35.041049965000127, 32.381669679000083 ], [ 35.041046680000136, 32.381688531000179 ], [ 35.040962247774893, 32.382171375338402 ], [ 35.0409792, 32.3822012 ], [ 35.0410852, 32.3823777 ], [ 35.0413168, 32.3827101 ], [ 35.041447, 32.3828866 ], [ 35.0417801, 32.3832273 ], [ 35.042264, 32.3836983 ], [ 35.0426116, 32.3840472 ], [ 35.0429639, 32.3844618 ], [ 35.043258, 32.3849214 ], [ 35.0435049, 32.3853516 ], [ 35.043881, 32.3859794 ], [ 35.0442328, 32.3866564 ], [ 35.0445471, 32.3873122 ], [ 35.0446578, 32.3876116 ], [ 35.0447492, 32.3878864 ], [ 35.0448356, 32.3882474 ], [ 35.0448883, 32.3885139 ], [ 35.0449142, 32.3888324 ], [ 35.044909, 32.3890661 ], [ 35.0449135, 32.3892629 ], [ 35.0449423, 32.3893819 ], [ 35.0450195, 32.389464 ], [ 35.0451306, 32.3895174 ], [ 35.0453869, 32.3895669 ], [ 35.0457641, 32.3895797 ], [ 35.0461122, 32.3896129 ], [ 35.0463395, 32.3896542 ], [ 35.0466295, 32.3897284 ], [ 35.0467842, 32.3897819 ], [ 35.0469098, 32.3898764 ], [ 35.0470207, 32.3900241 ], [ 35.047146, 32.3902703 ], [ 35.0473111, 32.3906506 ], [ 35.0476582, 32.3912907 ], [ 35.04785, 32.3916368 ], [ 35.0480441, 32.3919868 ], [ 35.0482416, 32.3924422 ], [ 35.0484825, 32.3929468 ], [ 35.0487389, 32.3934784 ], [ 35.0488354, 32.3936261 ], [ 35.0488932, 32.3937328 ], [ 35.0489656, 32.3938354 ], [ 35.048973699814212, 32.393876911547814 ], [ 35.04898509800006, 32.393887146999987 ], [ 35.048990848000187, 32.394105972000091 ], [ 35.048961706000057, 32.394242749000114 ], [ 35.048960021000028, 32.394257401000118 ], [ 35.048949099000026, 32.394315671000129 ], [ 35.048942527037511, 32.394350732659419 ], [ 35.048925, 32.3945761 ], [ 35.0489054, 32.3947606 ], [ 35.048877467333149, 32.394989647868151 ], [ 35.048877327000127, 32.394991248000167 ], [ 35.048875667721333, 32.395007452181126 ], [ 35.0488659, 32.3952157 ], [ 35.0488607, 32.3954084 ], [ 35.04886286059476, 32.395473875415028 ], [ 35.048867853000047, 32.395548922000103 ], [ 35.048868011000081, 32.395553574000132 ], [ 35.048927604076802, 32.395902768355278 ], [ 35.0490674, 32.3962715 ], [ 35.0492746, 32.3967023 ], [ 35.0494241, 32.3969567 ], [ 35.0497582, 32.3973492 ], [ 35.0500718, 32.3977965 ], [ 35.050488202817213, 32.398398167939497 ], [ 35.050609811000129, 32.398526856000103 ], [ 35.050777765000134, 32.398779002000026 ], [ 35.050991829999987, 32.399066570000173 ], [ 35.051212823657551, 32.399363880982655 ], [ 35.0513816, 32.3995726 ], [ 35.051691403193132, 32.400011087150666 ], [ 35.051972013000182, 32.400395109000044 ], [ 35.052085324321105, 32.400553906676834 ], [ 35.0524247, 32.4010035 ], [ 35.0531058, 32.4018844 ], [ 35.0533809, 32.4022333 ], [ 35.0537478, 32.4026519 ], [ 35.0538443, 32.4027792 ], [ 35.0538973, 32.4029022 ], [ 35.0539309, 32.4030868 ], [ 35.0539745, 32.4034171 ], [ 35.0540316, 32.4039952 ], [ 35.0540937, 32.4044791 ], [ 35.054119103848272, 32.404619592777699 ], [ 35.054129605000185, 32.404676146000156 ], [ 35.054132000057756, 32.404690913637175 ], [ 35.0541365, 32.4047158 ], [ 35.0541943, 32.4048675 ], [ 35.0542521, 32.4049988 ], [ 35.0543001, 32.4052367 ], [ 35.0543431, 32.4055566 ], [ 35.0543909, 32.4059256 ], [ 35.0544636, 32.4063636 ], [ 35.0545162, 32.4067367 ], [ 35.0545446, 32.407114 ], [ 35.0545629, 32.4073448 ], [ 35.0545777, 32.4075322 ], [ 35.054594783206774, 32.407706888119613 ], [ 35.054648155000109, 32.40792018999997 ], [ 35.054682057999969, 32.408100163000029 ], [ 35.054722656000138, 32.408346791000042 ], [ 35.05475303500009, 32.408547049000106 ], [ 35.054786840000133, 32.408785072000171 ], [ 35.054833715000029, 32.409435105 ], [ 35.054847329898976, 32.409574582631727 ], [ 35.054937, 32.4101511 ], [ 35.0550232, 32.4106843 ], [ 35.0551046, 32.4111969 ], [ 35.0551703, 32.4115971 ], [ 35.055175, 32.4117037 ], [ 35.05517, 32.4117939 ], [ 35.055164822918798, 32.411812782162592 ], [ 35.055166661000044, 32.411848313 ], [ 35.055167360000155, 32.411861833000103 ], [ 35.055171855000083, 32.41195116900019 ], [ 35.055136195000159, 32.412113724000051 ], [ 35.054959567000139, 32.412147742 ], [ 35.054787787000123, 32.41216471700011 ], [ 35.054474826000046, 32.412177150000161 ], [ 35.054260588000091, 32.41225268400018 ], [ 35.054248161000032, 32.412257069000077 ], [ 35.054210863454905, 32.412270228225069 ], [ 35.0541724, 32.4124282 ], [ 35.0541431, 32.4125963 ], [ 35.054114, 32.41267 ], [ 35.0540848, 32.4127643 ], [ 35.054056811855524, 32.412855165619732 ], [ 35.054044475000069, 32.412925496000071 ], [ 35.054040562000182, 32.412953470000048 ], [ 35.054025301000081, 32.413062571000125 ], [ 35.053998468000088, 32.413207945000067 ], [ 35.053979520000098, 32.413310496000122 ], [ 35.053977006000082, 32.413324162000038 ], [ 35.053962920000174, 32.413400511000191 ], [ 35.053935354000032, 32.413490793000051 ], [ 35.053922323000108, 32.413533189000191 ], [ 35.053903410000032, 32.413615875000062 ], [ 35.053891025000155, 32.413669965000111 ], [ 35.05387027300003, 32.413757719999978 ], [ 35.053864083000065, 32.41378279200012 ], [ 35.053852876000121, 32.41382857200017 ], [ 35.053820578000114, 32.413965204000135 ], [ 35.053812852000192, 32.41401310100008 ], [ 35.053795054000148, 32.414123543000187 ], [ 35.053764574000127, 32.414264830000036 ], [ 35.053739065000059, 32.41441457500008 ], [ 35.053713557000037, 32.414564319000021 ], [ 35.053698154000131, 32.414726900000062 ], [ 35.053682755000182, 32.414889481000102 ], [ 35.053652649000185, 32.415103048000105 ], [ 35.053640881999968, 32.415182078999976 ], [ 35.053632740000012, 32.415236254000149 ], [ 35.053630326896752, 32.415252310512194 ], [ 35.0536257, 32.415328 ], [ 35.0536201, 32.4157339 ], [ 35.0536294, 32.415984 ], [ 35.0536484, 32.4161997 ], [ 35.0537398, 32.4165319 ], [ 35.0538796, 32.4168273 ], [ 35.0539808, 32.4170735 ], [ 35.0541267, 32.4173056 ], [ 35.0543247, 32.4175395 ], [ 35.0545081, 32.4177693 ], [ 35.0547014, 32.4179295 ], [ 35.0549188, 32.418065 ], [ 35.0551557, 32.4181842 ], [ 35.0553781, 32.418287 ], [ 35.0555424, 32.418361 ], [ 35.055731, 32.4184104 ], [ 35.0559341, 32.4184558 ], [ 35.0560792, 32.4184928 ], [ 35.0562167, 32.4185411 ], [ 35.0565019, 32.4186562 ], [ 35.0567387, 32.4188082 ], [ 35.0568692, 32.418915 ], [ 35.0569464, 32.4190053 ], [ 35.057014, 32.4190955 ], [ 35.0570815, 32.4192555 ], [ 35.0571826, 32.4195673 ], [ 35.05724, 32.4199363 ], [ 35.0572736, 32.4203293 ], [ 35.0572782, 32.4204687 ], [ 35.0572488, 32.4207064 ], [ 35.0570883, 32.4212311 ], [ 35.0569425, 32.4216614 ], [ 35.05681, 32.4220253 ], [ 35.0567178, 32.4222056 ], [ 35.0565963, 32.4225007 ], [ 35.0565475, 32.4227425 ], [ 35.056552, 32.4229804 ], [ 35.0566095, 32.423333 ], [ 35.056725, 32.4236694 ], [ 35.0568132, 32.4239022 ], [ 35.0568952, 32.4240991 ], [ 35.0570156, 32.4244026 ], [ 35.0570877, 32.4247184 ], [ 35.0571357, 32.4249686 ], [ 35.0571981, 32.4252311 ], [ 35.0572607, 32.4254321 ], [ 35.0573622, 32.4256277 ], [ 35.0574828, 32.425796 ], [ 35.0576325, 32.4259601 ], [ 35.0578645, 32.4261449 ], [ 35.0579949, 32.426264 ], [ 35.0581785, 32.42642 ], [ 35.0583765, 32.4266293 ], [ 35.0584924, 32.4267771 ], [ 35.0586276, 32.4269781 ], [ 35.0587449, 32.4272107 ], [ 35.0588172, 32.4273625 ], [ 35.0588848, 32.4274774 ], [ 35.0589861, 32.427662 ], [ 35.0591018, 32.4279 ], [ 35.0591983, 32.4280805 ], [ 35.0594444, 32.4284539 ], [ 35.0596911, 32.4289085 ], [ 35.0598356, 32.4292654 ], [ 35.0599416, 32.429532 ], [ 35.0599801, 32.4297207 ], [ 35.0599943, 32.4299052 ], [ 35.0599892, 32.4300487 ], [ 35.0599696, 32.4301922 ], [ 35.0599307, 32.4303315 ], [ 35.0598967, 32.4304422 ], [ 35.059882, 32.4305406 ], [ 35.0598964, 32.4306917 ], [ 35.0599106, 32.4308926 ], [ 35.0599298, 32.4310239 ], [ 35.0599827, 32.4311838 ], [ 35.0600202, 32.4313115 ], [ 35.0600453, 32.4313971 ], [ 35.0600885, 32.4316227 ], [ 35.0601176, 32.4318848 ], [ 35.0601502, 32.4322362 ], [ 35.0601663, 32.4325315 ], [ 35.0601738, 32.4327718 ], [ 35.0601873, 32.4329944 ], [ 35.0602008, 32.4331631 ], [ 35.0602172, 32.433292 ], [ 35.060248, 32.4334317 ], [ 35.0602809, 32.433563 ], [ 35.0603057, 32.4336591 ], [ 35.060322, 32.4338044 ], [ 35.0603219, 32.4339028 ], [ 35.0603328, 32.4340105 ], [ 35.0603492, 32.4340902 ], [ 35.0603803, 32.4341786 ], [ 35.0604243, 32.4343239 ], [ 35.0604683, 32.4344669 ], [ 35.0605041, 32.4345676 ], [ 35.0605537, 32.4346403 ], [ 35.0607139, 32.4347834 ], [ 35.0608491, 32.4349148 ], [ 35.0609734, 32.4350414 ], [ 35.0610892, 32.4351672 ], [ 35.0611747, 32.4353219 ], [ 35.0612215, 32.4354532 ], [ 35.0612517, 32.4355633 ], [ 35.061271, 32.43565 ], [ 35.0612736, 32.4357555 ], [ 35.0612594, 32.435844 ], [ 35.0612372, 32.4359025 ], [ 35.0611984, 32.4359681 ], [ 35.0610904, 32.4360781 ], [ 35.061051677454479, 32.436116349838962 ], [ 35.061022842000057, 32.436175159000072 ], [ 35.060940752000192, 32.436273629000027 ], [ 35.060894817000019, 32.436328729000138 ], [ 35.060893154000155, 32.436330699000109 ], [ 35.060796018000133, 32.436422733000086 ], [ 35.06075636300011, 32.436460305000026 ], [ 35.06070586900006, 32.436548337000033 ], [ 35.060694234643471, 32.436568620598422 ], [ 35.0606942, 32.4365954 ], [ 35.0607079, 32.4366634 ], [ 35.0607382, 32.4367478 ], [ 35.060785, 32.4368228 ], [ 35.0608409, 32.4368707 ], [ 35.0608961, 32.4369106 ], [ 35.0609513, 32.4369576 ], [ 35.0610204, 32.4369975 ], [ 35.0610729, 32.4370163 ], [ 35.061142, 32.4370234 ], [ 35.0612194, 32.4370235 ], [ 35.061272, 32.4370212 ], [ 35.0612996, 32.4370212 ], [ 35.0613605, 32.4370213 ], [ 35.0613964, 32.4370237 ], [ 35.061471, 32.4370448 ], [ 35.0614958, 32.4370894 ], [ 35.0615013, 32.4371316 ], [ 35.0615151, 32.4371691 ], [ 35.0615343, 32.4372136 ], [ 35.0615481, 32.4372652 ], [ 35.061607, 32.4374107 ], [ 35.061646, 32.4376119 ], [ 35.0616683, 32.4378151 ], [ 35.061688018252724, 32.437960836321103 ], [ 35.061699384000065, 32.437984281000183 ], [ 35.061706386157937, 32.438083390169737 ], [ 35.0617646, 32.4382378 ], [ 35.0618198, 32.4383005 ], [ 35.0618936, 32.4383475 ], [ 35.0619535, 32.4383671 ], [ 35.062055, 32.438375 ], [ 35.062115, 32.4383634 ], [ 35.0621889, 32.4383322 ], [ 35.0622582, 32.4383088 ], [ 35.0623135, 32.438301 ], [ 35.0623643, 32.4383128 ], [ 35.062415, 32.438352 ], [ 35.0624287, 32.438395 ], [ 35.0624287, 32.4384419 ], [ 35.0624147, 32.4385044 ], [ 35.0623961, 32.4385904 ], [ 35.0623683, 32.4386842 ], [ 35.0623312, 32.4388015 ], [ 35.0622759, 32.4389181 ], [ 35.062248, 32.4390392 ], [ 35.062234, 32.4391487 ], [ 35.0622984, 32.4392934 ], [ 35.0623767, 32.43936 ], [ 35.0625058, 32.439454 ], [ 35.0626256, 32.4395597 ], [ 35.0628837, 32.4397202 ], [ 35.0632201, 32.4399708 ], [ 35.0634828, 32.4402214 ], [ 35.0638627, 32.4405649 ], [ 35.0640747, 32.440745 ], [ 35.0642477, 32.4408749 ], [ 35.0643512, 32.4409642 ], [ 35.0646829, 32.4412735 ], [ 35.064941, 32.4415161 ], [ 35.065162, 32.4418174 ], [ 35.0653553, 32.4421876 ], [ 35.0655808, 32.4425788 ], [ 35.0657188, 32.44288 ], [ 35.0657924, 32.4430599 ], [ 35.0658152, 32.4431812 ], [ 35.0658243, 32.443318 ], [ 35.0658102, 32.4434783 ], [ 35.0657914, 32.443638 ], [ 35.0657635, 32.4438295 ], [ 35.0657262, 32.4440406 ], [ 35.0656982, 32.4442674 ], [ 35.0656841, 32.4444433 ], [ 35.0656605, 32.4447443 ], [ 35.0656138, 32.4451509 ], [ 35.0655808, 32.4454629 ], [ 35.0655757, 32.4458187 ], [ 35.0655794, 32.4464129 ], [ 35.0655324, 32.446972 ], [ 35.0655134, 32.4473897 ], [ 35.0655127, 32.4478511 ], [ 35.0655213, 32.4482381 ], [ 35.0655346, 32.4485861 ], [ 35.0655481, 32.4488324 ], [ 35.0655942, 32.449086 ], [ 35.0656845, 32.4493218 ], [ 35.0657275, 32.4494341 ], [ 35.065999, 32.4499505 ], [ 35.0663029, 32.4503887 ], [ 35.0666042, 32.450791 ], [ 35.066747, 32.4509593 ], [ 35.0670143, 32.451202 ], [ 35.0672217, 32.4513899 ], [ 35.0674014, 32.4515543 ], [ 35.0675812, 32.4516835 ], [ 35.0677886, 32.4518245 ], [ 35.0679823, 32.4519537 ], [ 35.0682174, 32.4521025 ], [ 35.0684547, 32.452213 ], [ 35.0687268, 32.4523501 ], [ 35.0689204, 32.4524403 ], [ 35.0691188, 32.4524991 ], [ 35.0693033, 32.4525463 ], [ 35.0694786, 32.4525738 ], [ 35.0697093, 32.4526171 ], [ 35.0699492, 32.4526603 ], [ 35.0701799, 32.4527075 ], [ 35.0703644, 32.4527507 ], [ 35.0705535, 32.4528135 ], [ 35.0707779, 32.452883 ], [ 35.0709947, 32.4529457 ], [ 35.0711792, 32.4530124 ], [ 35.071336, 32.453079 ], [ 35.0715159, 32.4531731 ], [ 35.0716957, 32.4532749 ], [ 35.0719354, 32.4534433 ], [ 35.0721705, 32.4536351 ], [ 35.0724055, 32.4538621 ], [ 35.0726128, 32.4541634 ], [ 35.0728119, 32.4544439 ], [ 35.0729592, 32.4546904 ], [ 35.0730927, 32.4549056 ], [ 35.0732215, 32.4551716 ], [ 35.0733549, 32.4554923 ], [ 35.0734643, 32.4557198 ], [ 35.0734558, 32.4558715 ], [ 35.073422314577897, 32.455883591957978 ], [ 35.073441728000148, 32.455915977000075 ], [ 35.073446054000158, 32.455923193000103 ], [ 35.073498601000153, 32.456010892000165 ], [ 35.073518328000091, 32.456043742000077 ], [ 35.073247196000068, 32.45599046600006 ], [ 35.073221747000161, 32.456005233000155 ], [ 35.073198527000045, 32.456018728000117 ], [ 35.073122085445057, 32.456063156597537 ], [ 35.0730652, 32.4561377 ], [ 35.0730306, 32.4562012 ], [ 35.0729985, 32.4562652 ], [ 35.0729634, 32.4563334 ], [ 35.0729177, 32.4564491 ], [ 35.0728649, 32.4565707 ], [ 35.0728228, 32.4566567 ], [ 35.0727455, 32.4567783 ], [ 35.0726925, 32.4568566 ], [ 35.0726364, 32.4569367 ], [ 35.0726118, 32.4569871 ], [ 35.0725801, 32.4570612 ], [ 35.0725625, 32.4571473 ], [ 35.0725239, 32.4572303 ], [ 35.0724536, 32.4573519 ], [ 35.072394, 32.4574379 ], [ 35.072351730699936, 32.457495007669166 ], [ 35.072271203383146, 32.457638678638354 ], [ 35.0722535, 32.4576959 ], [ 35.0722463, 32.4577879 ], [ 35.0722497, 32.4578621 ], [ 35.0722531, 32.4579799 ], [ 35.0722774, 32.458152 ], [ 35.0723261, 32.458345 ], [ 35.0724344, 32.4585498 ], [ 35.0725183, 32.4587013 ], [ 35.0726825, 32.4589299 ], [ 35.0728154, 32.4591259 ], [ 35.0729098, 32.4592388 ], [ 35.0729847, 32.459303 ], [ 35.0731176, 32.4593981 ], [ 35.0732995, 32.459612 ], [ 35.0734568, 32.459811 ], [ 35.073589126201625, 32.459970424918453 ], [ 35.073589262000098, 32.459970555000154 ], [ 35.073696461, 32.46007606500018 ], [ 35.073757222318392, 32.46013729493216 ], [ 35.0739045, 32.4602595 ], [ 35.0740487, 32.4603658 ], [ 35.0741537, 32.4604372 ], [ 35.0742586, 32.4605411 ], [ 35.0743249, 32.4606747 ], [ 35.0744158, 32.4607935 ], [ 35.0744756, 32.4608718 ], [ 35.0745521, 32.4610014 ], [ 35.0746709, 32.4612152 ], [ 35.0748002, 32.461429 ], [ 35.0749312, 32.4616238 ], [ 35.0750502, 32.4617401 ], [ 35.0751341, 32.4618554 ], [ 35.0752285, 32.4619386 ], [ 35.075414, 32.4620546 ], [ 35.0755225, 32.4621051 ], [ 35.075631, 32.4621586 ], [ 35.0757921, 32.4622033 ], [ 35.0758866, 32.4622331 ], [ 35.0759881, 32.4622658 ], [ 35.0761457, 32.4623283 ], [ 35.0762892, 32.46237 ], [ 35.0764363, 32.4624147 ], [ 35.0765588, 32.4624593 ], [ 35.0766813, 32.4625188 ], [ 35.0767911, 32.4625984 ], [ 35.0769941, 32.4627589 ], [ 35.0772914, 32.4629966 ], [ 35.0774243, 32.4631391 ], [ 35.0776727, 32.4633916 ], [ 35.077879, 32.4636381 ], [ 35.0781274, 32.4638877 ], [ 35.0783348, 32.4641247 ], [ 35.0784782, 32.4642673 ], [ 35.0786496, 32.4644188 ], [ 35.0788595, 32.4646297 ], [ 35.0790904, 32.4648495 ], [ 35.0792268, 32.4650099 ], [ 35.0792625, 32.4650534 ], [ 35.0794205, 32.4652458 ], [ 35.0795149, 32.4653735 ], [ 35.0796059, 32.4654626 ], [ 35.0797038, 32.4655428 ], [ 35.0798193, 32.465632 ], [ 35.0799522, 32.4657449 ], [ 35.0800782, 32.4658459 ], [ 35.0803406, 32.4661102 ], [ 35.0805093, 32.4662551 ], [ 35.0807122, 32.4664452 ], [ 35.0809115, 32.4666769 ], [ 35.0811215, 32.466867 ], [ 35.0813174, 32.4670631 ], [ 35.0815098, 32.4672235 ], [ 35.0817781, 32.467457 ], [ 35.0819916, 32.4676323 ], [ 35.0821561, 32.4677512 ], [ 35.0822715, 32.4678492 ], [ 35.082401, 32.4679443 ], [ 35.0825375, 32.4680186 ], [ 35.082674, 32.468084 ], [ 35.0827931, 32.4681227 ], [ 35.0829612, 32.4681585 ], [ 35.0830908, 32.4681794 ], [ 35.083155, 32.4681846 ], [ 35.0832379, 32.4681914 ], [ 35.083378, 32.4681945 ], [ 35.0835426, 32.4682065 ], [ 35.0837387, 32.4682216 ], [ 35.0839069, 32.4682336 ], [ 35.0840776, 32.4682531 ], [ 35.0841827, 32.4682621 ], [ 35.0843333, 32.4682771 ], [ 35.0844839, 32.4683009 ], [ 35.0846485, 32.4683426 ], [ 35.084771, 32.4683873 ], [ 35.0848935, 32.4684467 ], [ 35.0849915, 32.4684943 ], [ 35.0850966, 32.4685478 ], [ 35.0852401, 32.4686221 ], [ 35.0853836, 32.4687024 ], [ 35.0855096, 32.4687737 ], [ 35.0856461, 32.468851 ], [ 35.0857931, 32.4689639 ], [ 35.0859121, 32.4690709 ], [ 35.085982, 32.4691451 ], [ 35.0860485, 32.4692283 ], [ 35.0861359, 32.4693649 ], [ 35.0862458, 32.4695067 ], [ 35.0863961, 32.4697176 ], [ 35.086543, 32.4698957 ], [ 35.0867004, 32.4700947 ], [ 35.0868088, 32.4702313 ], [ 35.086953, 32.4703872 ], [ 35.087017, 32.4704511 ], [ 35.0871314, 32.4705654 ], [ 35.0872329, 32.4706694 ], [ 35.0873448, 32.4707912 ], [ 35.0875058, 32.4709427 ], [ 35.0876177, 32.4710407 ], [ 35.0877367, 32.471112 ], [ 35.0878593, 32.4711804 ], [ 35.0880448, 32.4712696 ], [ 35.088231, 32.4713577 ], [ 35.088308, 32.4714053 ], [ 35.088343, 32.4714469 ], [ 35.0883534, 32.4715032 ], [ 35.088343830295308, 32.471567569806083 ], [ 35.088345242000116, 32.471568927000021 ], [ 35.0883501510001, 32.471573647000071 ], [ 35.088406424000027, 32.471627668 ], [ 35.088417021000112, 32.471778299000107 ], [ 35.088442882000038, 32.471949094000138 ], [ 35.088542400000108, 32.472105451 ], [ 35.088672393000138, 32.472215759999983 ], [ 35.088804420000145, 32.472298598000123 ], [ 35.088947382000072, 32.472407090000047 ], [ 35.089015763064637, 32.472452578685029 ], [ 35.089088121162447, 32.472499634895158 ], [ 35.089243166000188, 32.472587165999983 ], [ 35.089451226000165, 32.472739822 ], [ 35.089488424627028, 32.472770821241269 ], [ 35.0895512, 32.472815 ], [ 35.0897052, 32.4729368 ], [ 35.0897821, 32.4730259 ], [ 35.0898346, 32.473112 ], [ 35.0899045, 32.4732189 ], [ 35.089935970046405, 32.473297334886645 ], [ 35.089957709000089, 32.473335614000121 ], [ 35.090024654, 32.473488132000114 ], [ 35.090085319000138, 32.473614860000112 ], [ 35.090210626000101, 32.47387776000005 ], [ 35.090274253000132, 32.474024637000184 ], [ 35.090334688999974, 32.474199130000159 ], [ 35.090416835000042, 32.474421548000066 ], [ 35.090472990000137, 32.47456489800004 ], [ 35.090487317894144, 32.474588904520274 ], [ 35.0905457, 32.4746685 ], [ 35.0906961, 32.4748407 ], [ 35.0908886, 32.4749952 ], [ 35.0909093, 32.4750115 ], [ 35.0910916, 32.4751616 ], [ 35.0913751, 32.4753814 ], [ 35.091593, 32.4755286 ], [ 35.0918135, 32.4756772 ], [ 35.0920655, 32.4758762 ], [ 35.092342, 32.4760634 ], [ 35.092482, 32.4761585 ], [ 35.0926675, 32.4762537 ], [ 35.0928636, 32.4763251 ], [ 35.092979250460303, 32.476358544483048 ], [ 35.093010935999985, 32.476364494000052 ], [ 35.093213716000093, 32.476372576000017 ], [ 35.093475147000106, 32.476399454000102 ], [ 35.093676555000116, 32.476440363000052 ], [ 35.093858849000071, 32.476478437000026 ], [ 35.094052797788038, 32.476535834618794 ], [ 35.0941655, 32.4765614 ], [ 35.0944037, 32.476621 ], [ 35.0946628, 32.4766865 ], [ 35.09495, 32.4767728 ], [ 35.0952931, 32.4769096 ], [ 35.0955977, 32.4770553 ], [ 35.095663777501471, 32.477094481810944 ], [ 35.095677347999981, 32.47709994600018 ], [ 35.09587241000014, 32.477165224000089 ], [ 35.096124934000102, 32.477271131000066 ], [ 35.096275287000026, 32.477333546000125 ], [ 35.096489434000034, 32.477423214999988 ], [ 35.09667167900011, 32.477502003000154 ], [ 35.096825206000119, 32.477553572000033 ], [ 35.097001153000178, 32.477618830000097 ], [ 35.097005404273474, 32.477620431008368 ], [ 35.097018, 32.4776246 ], [ 35.0975433, 32.4777883 ], [ 35.0979167, 32.4778994 ], [ 35.09813071088346, 32.477963810129687 ], [ 35.098228422000034, 32.477986283000064 ], [ 35.098493998000151, 32.478027102000169 ], [ 35.098749765000093, 32.478068051999969 ], [ 35.098843782383135, 32.4780851929197 ], [ 35.098968, 32.4780982 ], [ 35.099034, 32.4781051 ], [ 35.0992266, 32.4781142 ], [ 35.0994368, 32.4781084 ], [ 35.0997264, 32.4780972 ], [ 35.0999997, 32.4780885 ], [ 35.1002134, 32.4780887 ], [ 35.1004446, 32.4780918 ], [ 35.1006443, 32.4781068 ], [ 35.100893, 32.4781308 ], [ 35.101014017109783, 32.478142260161277 ], [ 35.10124819300006, 32.478148899000189 ], [ 35.101378255237265, 32.478178283118581 ], [ 35.1015305, 32.4781907 ], [ 35.1017442, 32.4782086 ], [ 35.1019299, 32.4782088 ], [ 35.1022473, 32.4781877 ], [ 35.102405, 32.4781581 ], [ 35.1025382, 32.4781256 ], [ 35.1026468, 32.478093 ], [ 35.1027344, 32.4780605 ], [ 35.1028291, 32.478019 ], [ 35.1029307, 32.4779835 ], [ 35.1031094, 32.4779272 ], [ 35.1032952, 32.4778621 ], [ 35.1034634, 32.4778118 ], [ 35.1035545, 32.4778 ], [ 35.1036176, 32.4777941 ], [ 35.1036771, 32.4777941 ], [ 35.1037192, 32.4777971 ], [ 35.10374059289127, 32.477795109963601 ], [ 35.103755959000068, 32.477790662000132 ], [ 35.103759716350808, 32.477793331037134 ], [ 35.1038138, 32.4777883 ], [ 35.1038628, 32.4777795 ], [ 35.1039216, 32.4777679 ], [ 35.1039814, 32.4777418 ], [ 35.1040515, 32.4777034 ], [ 35.1041258, 32.4776546 ], [ 35.1042132, 32.4776071 ], [ 35.1043122, 32.4775601 ], [ 35.104405, 32.4775217 ], [ 35.104473, 32.4774938 ], [ 35.1045472, 32.4774747 ], [ 35.1045988, 32.4774608 ], [ 35.1046544, 32.4774504 ], [ 35.104708, 32.4774347 ], [ 35.1047637, 32.4774208 ], [ 35.1048131, 32.4774068 ], [ 35.1048729, 32.4773877 ], [ 35.1049739, 32.4773494 ], [ 35.105075, 32.4773163 ], [ 35.105176, 32.477264 ], [ 35.1052606, 32.4772047 ], [ 35.1053224, 32.4771524 ], [ 35.1053807, 32.4770943 ], [ 35.1053972, 32.4770681 ], [ 35.1054117, 32.4770402 ], [ 35.1054364, 32.4770245 ], [ 35.1054694, 32.4769966 ], [ 35.1055107, 32.4769687 ], [ 35.1055396, 32.4769426 ], [ 35.1055808, 32.4769077 ], [ 35.1056138, 32.4768745 ], [ 35.105653, 32.4768414 ], [ 35.1057479, 32.4767699 ], [ 35.1059137, 32.476657 ], [ 35.106023, 32.4765628 ], [ 35.1061385, 32.4764529 ], [ 35.1062582, 32.4763291 ], [ 35.106384, 32.4761843 ], [ 35.1064893, 32.476043 ], [ 35.1065879, 32.4758666 ], [ 35.1066281, 32.4758002 ], [ 35.1066415, 32.4757679 ], [ 35.1066435, 32.4757225 ], [ 35.1066473, 32.4756772 ], [ 35.1066569, 32.4756367 ], [ 35.1066972, 32.4755541 ], [ 35.1067355, 32.4754813 ], [ 35.1067719, 32.4754376 ], [ 35.1068197, 32.4754052 ], [ 35.1068809, 32.4753923 ], [ 35.1069363, 32.4753924 ], [ 35.1069746, 32.4753972 ], [ 35.1070338, 32.4754054 ], [ 35.1071511, 32.4754393 ], [ 35.1072832, 32.4754814 ], [ 35.1075011, 32.4755683 ], [ 35.1077608, 32.4756733 ], [ 35.1079985, 32.4757966 ], [ 35.1081503, 32.4758695 ], [ 35.1082395, 32.4759115 ], [ 35.1083286, 32.4759284 ], [ 35.1084046, 32.475934 ], [ 35.1084839, 32.4759369 ], [ 35.1085995, 32.4759426 ], [ 35.108789, 32.4759715 ], [ 35.1089061, 32.4759992 ], [ 35.1090158, 32.4760433 ], [ 35.1091369, 32.4761137 ], [ 35.1092365, 32.4761807 ], [ 35.1093601, 32.4762477 ], [ 35.1095352, 32.4763497 ], [ 35.1097824, 32.4765099 ], [ 35.1099368, 32.4766381 ], [ 35.1101167, 32.4767792 ], [ 35.1102197, 32.4768549 ], [ 35.1103227, 32.4769045 ], [ 35.1103811, 32.4769249 ], [ 35.1104601, 32.4769337 ], [ 35.1105631, 32.4769396 ], [ 35.1106559, 32.4769513 ], [ 35.1107349, 32.4769717 ], [ 35.1107864, 32.4770096 ], [ 35.1108756, 32.4770824 ], [ 35.1109374, 32.4771436 ], [ 35.1109889, 32.4772105 ], [ 35.11103, 32.4772746 ], [ 35.1110643, 32.4773328 ], [ 35.1110986, 32.4774172 ], [ 35.1111329, 32.4774987 ], [ 35.1111774, 32.4775599 ], [ 35.1112427, 32.477621 ], [ 35.1112959, 32.4776608 ], [ 35.1113748, 32.4777074 ], [ 35.1114813, 32.4777453 ], [ 35.1115844, 32.4777658 ], [ 35.1116943, 32.4777687 ], [ 35.1118214, 32.4777688 ], [ 35.1119623, 32.4777631 ], [ 35.1121031, 32.4777661 ], [ 35.1121615, 32.4777807 ], [ 35.1122096, 32.4778128 ], [ 35.1122542, 32.4778739 ], [ 35.1123057, 32.4779263 ], [ 35.1124224, 32.477973 ], [ 35.1125083, 32.4780051 ], [ 35.1125873, 32.4780517 ], [ 35.1126387, 32.478107 ], [ 35.1126696, 32.478174 ], [ 35.1126901, 32.4782991 ], [ 35.112714, 32.4784068 ], [ 35.1127552, 32.4785629 ], [ 35.112808239331386, 32.478730810986747 ], [ 35.112836507000168, 32.478811356000051 ], [ 35.112843631240629, 32.47883021891176 ], [ 35.11293, 32.4790199 ], [ 35.1129951, 32.479148 ], [ 35.1130843, 32.4792703 ], [ 35.1131873, 32.4793897 ], [ 35.1132937, 32.4794829 ], [ 35.1134055, 32.4795538 ], [ 35.1135601, 32.4796354 ], [ 35.1137386, 32.4797112 ], [ 35.1138863, 32.4797607 ], [ 35.1140271, 32.4798016 ], [ 35.1141852, 32.4798279 ], [ 35.1142676, 32.4798279 ], [ 35.1143672, 32.4798309 ], [ 35.1145596, 32.4798485 ], [ 35.1146867, 32.4798835 ], [ 35.1147795, 32.479904 ], [ 35.1148928, 32.4799244 ], [ 35.115013, 32.4799449 ], [ 35.1151813, 32.4799887 ], [ 35.1154093, 32.4800361 ], [ 35.11566, 32.4800945 ], [ 35.1159452, 32.4801441 ], [ 35.1161959, 32.4801967 ], [ 35.1164398, 32.4802522 ], [ 35.1166218, 32.4802901 ], [ 35.1167421, 32.480328 ], [ 35.1168313, 32.4803593 ], [ 35.1169177, 32.4803796 ], [ 35.1170965, 32.4804251 ], [ 35.1172603, 32.4804732 ], [ 35.1173795, 32.4805036 ], [ 35.1175166, 32.4805491 ], [ 35.1176507, 32.4806022 ], [ 35.1178235, 32.4806579 ], [ 35.1179516, 32.4806958 ], [ 35.1180797, 32.4807187 ], [ 35.1182368, 32.4807348 ], [ 35.1184603, 32.4807677 ], [ 35.1186838, 32.4808159 ], [ 35.1188775, 32.4808715 ], [ 35.1190771, 32.4809323 ], [ 35.119235, 32.4809829 ], [ 35.1193393, 32.4810183 ], [ 35.1194853, 32.4810689 ], [ 35.1195747, 32.4811043 ], [ 35.1196879, 32.4811548 ], [ 35.1197773, 32.4811928 ], [ 35.1198786, 32.4812433 ], [ 35.1200067, 32.4812989 ], [ 35.1200881, 32.4813372 ], [ 35.1201626, 32.4813697 ], [ 35.1202633, 32.4814073 ], [ 35.1204163, 32.48145 ], [ 35.1206842, 32.4815304 ], [ 35.1210205, 32.4816484 ], [ 35.1215439, 32.4818525 ], [ 35.1218185, 32.4819743 ], [ 35.1220234, 32.482056 ], [ 35.1222652, 32.482176 ], [ 35.122536, 32.4823326 ], [ 35.1226015, 32.4823857 ], [ 35.1227534, 32.4824792 ], [ 35.1228815, 32.482555 ], [ 35.1229947, 32.4826384 ], [ 35.1232112, 32.4827866 ], [ 35.1236401, 32.4830545 ], [ 35.1242002, 32.4833805 ], [ 35.1245666, 32.483555 ], [ 35.1247156, 32.4836434 ], [ 35.1247811, 32.4836637 ], [ 35.1248705, 32.4836738 ], [ 35.1250301, 32.4836781 ], [ 35.1252745, 32.4836858 ], [ 35.1253848, 32.4836909 ], [ 35.1254533, 32.4837111 ], [ 35.1255427, 32.4837592 ], [ 35.1256023, 32.483787 ], [ 35.1256827, 32.4838097 ], [ 35.1258049, 32.4838199 ], [ 35.1259479, 32.4838553 ], [ 35.1260373, 32.4839034 ], [ 35.126076, 32.4839337 ], [ 35.1260939, 32.4839665 ], [ 35.1260998, 32.4840019 ], [ 35.1260879, 32.4840296 ], [ 35.1260551, 32.4840473 ], [ 35.1259388, 32.4840573 ], [ 35.12580246087483, 32.484065618433505 ], [ 35.125853196000094, 32.484117398000137 ], [ 35.125859090000063, 32.484123414000067 ], [ 35.125874700000111, 32.484139347000053 ], [ 35.125745203000122, 32.484139962000029 ], [ 35.125725197000065, 32.48414007700012 ], [ 35.125613543000043, 32.484140717000173 ], [ 35.12562828700004, 32.484179144000052 ], [ 35.125630955000076, 32.48418609700019 ], [ 35.12567738600012, 32.484307022000166 ], [ 35.125762558000076, 32.484419237000111 ], [ 35.125860515000056, 32.484545689000129 ], [ 35.125954298000124, 32.484693980000031 ], [ 35.126128976000189, 32.484907420000127 ], [ 35.126273992999984, 32.485023197000032 ], [ 35.126448748000143, 32.485157031000085 ], [ 35.126610717000176, 32.485276339000166 ], [ 35.126909238000053, 32.485497050000049 ], [ 35.127041319000057, 32.485580271000117 ], [ 35.127271584000027, 32.485732174000134 ], [ 35.12736033618549, 32.485792640515925 ], [ 35.1273811, 32.4858053 ], [ 35.1275217, 32.4858978 ], [ 35.127558324441623, 32.485928455502943 ], [ 35.127679272000194, 32.486013120000109 ], [ 35.127909543000158, 32.486161499000048 ], [ 35.128271881000103, 32.486411132000171 ], [ 35.128527753000128, 32.48655952900009 ], [ 35.128783624000107, 32.486711447000062 ], [ 35.128992640000149, 32.486834591000161 ], [ 35.129133378000063, 32.486910487000046 ], [ 35.129431791000172, 32.487080608000156 ], [ 35.129601864346348, 32.48720770218285 ], [ 35.1297051, 32.4872661 ], [ 35.1299203, 32.4873902 ], [ 35.1302906, 32.4876434 ], [ 35.130671, 32.4879031 ], [ 35.1307428, 32.4879567 ], [ 35.130809456687068, 32.488009682776088 ], [ 35.130941178000057, 32.488100854000038 ], [ 35.131094683000072, 32.488216631000114 ], [ 35.131340906000105, 32.488386150000167 ], [ 35.131490142000189, 32.488444015000084 ], [ 35.131596986207157, 32.4885035756216 ], [ 35.1316539, 32.4885274 ], [ 35.1321045, 32.4887709 ], [ 35.1325781, 32.4890241 ], [ 35.132592163418344, 32.489032276867562 ], [ 35.132718447000116, 32.489091804000111 ], [ 35.13285919600014, 32.48916051000009 ], [ 35.133080854000184, 32.489290841000127 ], [ 35.133281238000052, 32.489417493000133 ], [ 35.133473133000052, 32.489551327000015 ], [ 35.133677813000133, 32.489706867000109 ], [ 35.133801306343891, 32.489811560055891 ], [ 35.13384209333347, 32.489841723538092 ], [ 35.1339720470001, 32.489927558000147 ], [ 35.134085161835571, 32.490015462845435 ], [ 35.134587, 32.490333 ], [ 35.135029, 32.4906008 ], [ 35.1353936, 32.4908053 ], [ 35.135546386615545, 32.490896998380151 ], [ 35.135716247000175, 32.490981987999987 ], [ 35.136069503000101, 32.491207783000107 ], [ 35.136226706000059, 32.49128734500016 ], [ 35.136475304000044, 32.491418811000187 ], [ 35.136647627000173, 32.491513177000172 ], [ 35.136798169000031, 32.491609361000144 ], [ 35.136961675, 32.491709356000172 ], [ 35.137263936000068, 32.491888335000112 ], [ 35.137420803000168, 32.491975927999988 ], [ 35.137627189000057, 32.492094970000096 ], [ 35.13780882500015, 32.492186098000161 ], [ 35.137945082000158, 32.492270155000085 ], [ 35.138101956000128, 32.492354221000141 ], [ 35.138279606000083, 32.492441823000092 ], [ 35.138514904000033, 32.492582015000153 ], [ 35.138746035000054, 32.492736013000126 ], [ 35.138907056000164, 32.492830648000051 ], [ 35.139146531000165, 32.492949707000037 ], [ 35.139390137000078, 32.493096807000086 ], [ 35.139400874461053, 32.493103794724497 ], [ 35.1395404, 32.4931709 ], [ 35.1398246, 32.4933316 ], [ 35.1398906, 32.4933754 ], [ 35.1399394, 32.493407 ], [ 35.1399595, 32.4934435 ], [ 35.139957713083291, 32.493467469330987 ], [ 35.140001294000115, 32.493496043000107 ], [ 35.139941090999969, 32.493522498000061 ], [ 35.139940175000106, 32.493522902000109 ], [ 35.139922958746936, 32.493530490704828 ], [ 35.1399106, 32.4935383 ], [ 35.1398589, 32.4935651 ], [ 35.1396773, 32.4936471 ], [ 35.1394935, 32.4937468 ], [ 35.1392895, 32.4938658 ], [ 35.1391487, 32.4939387 ], [ 35.1387896, 32.4940917 ], [ 35.1385368, 32.4941864 ], [ 35.138495664101093, 32.494203497826135 ], [ 35.138391836000153, 32.494263433000185 ], [ 35.138036402000068, 32.494445265000138 ], [ 35.137911281217711, 32.494504720719014 ], [ 35.1378829, 32.4945417 ], [ 35.1378713, 32.4945952 ], [ 35.137874509487752, 32.494617890332009 ], [ 35.137875420000057, 32.49461984300018 ], [ 35.137880302000099, 32.494630313000187 ], [ 35.137908185000185, 32.494690072000026 ], [ 35.137946277908512, 32.494753123923019 ], [ 35.138998, 32.496292 ], [ 35.139222, 32.4963407 ], [ 35.139436686599311, 32.49634788534977 ], [ 35.139491769000131, 32.496344165000039 ], [ 35.139584193185961, 32.496345424671325 ], [ 35.1408354, 32.4963217 ], [ 35.1434914, 32.4963108 ], [ 35.1444698, 32.4963123 ], [ 35.1446162, 32.4963075 ], [ 35.1446909, 32.4963099 ], [ 35.1447483, 32.4963148 ], [ 35.1447799, 32.4963294 ], [ 35.1448172, 32.4963635 ], [ 35.1448976, 32.4964097 ], [ 35.1450756, 32.4965071 ], [ 35.1453627, 32.4966604 ], [ 35.1462366, 32.4971218 ], [ 35.1469744, 32.497555 ], [ 35.1477279, 32.4979967 ], [ 35.147972, 32.49815 ], [ 35.1480179, 32.4981744 ], [ 35.1480495, 32.4981865 ], [ 35.148127, 32.4982036 ], [ 35.1481615, 32.4982133 ], [ 35.1482763, 32.4982815 ], [ 35.1484141, 32.4983788 ], [ 35.1484973, 32.4984275 ], [ 35.1485404, 32.4984421 ], [ 35.1486007, 32.4984518 ], [ 35.148661, 32.4984786 ], [ 35.1489893, 32.4986626 ], [ 35.149552, 32.4989985 ], [ 35.1500414, 32.4993063 ], [ 35.1502625, 32.4994328 ], [ 35.1505525, 32.4995691 ], [ 35.1506845, 32.4996665 ], [ 35.1508797, 32.4998344 ], [ 35.1511496, 32.5000266 ], [ 35.1511878, 32.5000398 ], [ 35.151228, 32.500035 ], [ 35.1512653, 32.5000423 ], [ 35.1513141, 32.5000691 ], [ 35.1513773, 32.5001104 ], [ 35.1514347, 32.5001615 ], [ 35.1515553, 32.5002564 ], [ 35.1517534, 32.5003659 ], [ 35.1521659, 32.5006083 ], [ 35.1523353, 32.5006935 ], [ 35.1525736, 32.5007909 ], [ 35.1527918, 32.5008955 ], [ 35.1530101, 32.5009929 ], [ 35.1531967, 32.5010781 ], [ 35.1533661, 32.5011608 ], [ 35.153669, 32.5013671 ], [ 35.1538528, 32.5015057 ], [ 35.1538872, 32.5015106 ], [ 35.1539246, 32.5015009 ], [ 35.1539562, 32.5015082 ], [ 35.1540078, 32.5015423 ], [ 35.1541284, 32.5016226 ], [ 35.1543007, 32.501737 ], [ 35.1543724, 32.5017759 ], [ 35.1546567, 32.5019389 ], [ 35.1549151, 32.5020606 ], [ 35.1550099, 32.5021117 ], [ 35.1550587, 32.5021409 ], [ 35.1550931, 32.5021896 ], [ 35.1551476, 32.5022966 ], [ 35.1552269, 32.5024124 ], [ 35.1555457, 32.5028173 ], [ 35.1556089, 32.5028957 ], [ 35.1556546, 32.5029443 ], [ 35.1556839, 32.5029702 ], [ 35.1557085, 32.502986 ], [ 35.1557284, 32.5029999 ], [ 35.1557648, 32.5030049 ], [ 35.1558325, 32.5029939 ], [ 35.1558986, 32.5029818 ], [ 35.1559905, 32.5029721 ], [ 35.1560709, 32.5029672 ], [ 35.1561772, 32.5029673 ], [ 35.1563007, 32.5029892 ], [ 35.1564472, 32.5030282 ], [ 35.1565132, 32.5030477 ], [ 35.156585, 32.5030623 ], [ 35.1566453, 32.5030672 ], [ 35.1567085, 32.5030696 ], [ 35.1567458, 32.5030745 ], [ 35.1571272, 32.5031999 ], [ 35.1573167, 32.5032632 ], [ 35.1574948, 32.5033095 ], [ 35.157736, 32.5033777 ], [ 35.1581984, 32.5034995 ], [ 35.1585401, 32.5036066 ], [ 35.1587555, 32.5036748 ], [ 35.1589421, 32.5037235 ], [ 35.1591364, 32.5037633 ], [ 35.1593604, 32.5037852 ], [ 35.1596361, 32.5038364 ], [ 35.1599922, 32.5039143 ], [ 35.1602478, 32.5039923 ], [ 35.1604086, 32.5040434 ], [ 35.1605149, 32.5040969 ], [ 35.1606613, 32.5041943 ], [ 35.1607847, 32.504294 ], [ 35.1608887, 32.5044078 ], [ 35.1609834, 32.5045441 ], [ 35.1610953, 32.5047484 ], [ 35.1614866, 32.5054702 ], [ 35.161533850672058, 32.505547113013193 ], [ 35.161586504000127, 32.505614000999969 ], [ 35.161674230000074, 32.505735208000146 ], [ 35.161784727000054, 32.505870375000086 ], [ 35.161878550775647, 32.506005324348727 ], [ 35.1619401, 32.5060321 ], [ 35.1620033, 32.5060662 ], [ 35.162055, 32.5060954 ], [ 35.1621239, 32.506183 ], [ 35.1621956, 32.50629 ], [ 35.1623338, 32.5064962 ], [ 35.1625405, 32.506793 ], [ 35.1627874, 32.5071214 ], [ 35.1630585, 32.5075102 ], [ 35.1631905, 32.5076756 ], [ 35.1633628, 32.507897 ], [ 35.163648, 32.5083242 ], [ 35.163826, 32.5085456 ], [ 35.1639408, 32.5086745 ], [ 35.1640368, 32.5087667 ], [ 35.1642107, 32.5088837 ], [ 35.1643399, 32.5089543 ], [ 35.1645467, 32.5090273 ], [ 35.1646845, 32.5090736 ], [ 35.1647994, 32.5091198 ], [ 35.1648683, 32.5091636 ], [ 35.1649746, 32.509239 ], [ 35.1651411, 32.5093485 ], [ 35.1654188, 32.509521 ], [ 35.1655854, 32.5096232 ], [ 35.165706, 32.5096913 ], [ 35.1658007, 32.50974 ], [ 35.1658582, 32.5097643 ], [ 35.1659902, 32.5098495 ], [ 35.16622, 32.5099784 ], [ 35.166556, 32.5101633 ], [ 35.1673073, 32.5106035 ], [ 35.1674595, 32.5106983 ], [ 35.1678586, 32.5109392 ], [ 35.1683755, 32.511292 ], [ 35.1690375, 32.5118293 ], [ 35.1691753, 32.5119315 ], [ 35.1695457, 32.5122258 ], [ 35.1696721, 32.5123232 ], [ 35.1697496, 32.5123669 ], [ 35.1698157, 32.5124083 ], [ 35.1698846, 32.5124448 ], [ 35.1699506, 32.5124764 ], [ 35.1700167, 32.5125032 ], [ 35.1700856, 32.5125275 ], [ 35.1701229, 32.5125446 ], [ 35.1701631, 32.5125689 ], [ 35.1702895, 32.5126905 ], [ 35.1704861, 32.5128919 ], [ 35.1706153, 32.5130524 ], [ 35.1707416, 32.5131959 ], [ 35.1708938, 32.5133638 ], [ 35.1710632, 32.5135073 ], [ 35.1712384, 32.5136654 ], [ 35.1714088, 32.5138009 ], [ 35.1716098, 32.5139955 ], [ 35.1717448, 32.5141414 ], [ 35.1719085, 32.5143166 ], [ 35.1721841, 32.5145355 ], [ 35.1763621, 32.5175617 ], [ 35.1767941, 32.5178938 ], [ 35.1771175, 32.5181278 ], [ 35.1772233, 32.5182285 ], [ 35.1773335, 32.5183517 ], [ 35.1774084, 32.518445 ], [ 35.1774569, 32.5185382 ], [ 35.1774965, 32.5186651 ], [ 35.177498043572427, 32.518669159167793 ], [ 35.177540285000191, 32.518736213000182 ], [ 35.177542932733211, 32.518780903646416 ], [ 35.1775891, 32.5188591 ], [ 35.1775939, 32.518981 ], [ 35.1775939, 32.5192421 ], [ 35.1775849, 32.519645 ], [ 35.1775895, 32.5200249 ], [ 35.1775895, 32.5202375 ], [ 35.1775894, 32.5204427 ], [ 35.1775982, 32.5206479 ], [ 35.1776245, 32.5207805 ], [ 35.177673, 32.5209857 ], [ 35.177717, 32.5211312 ], [ 35.1777611, 32.5212356 ], [ 35.1778184, 32.5213438 ], [ 35.1778713, 32.5213998 ], [ 35.1779242, 32.5214297 ], [ 35.1779859, 32.5214632 ], [ 35.1780344, 32.5215155 ], [ 35.178242, 32.5217083 ], [ 35.1783611, 32.521809 ], [ 35.1784316, 32.5218538 ], [ 35.1784933, 32.5218799 ], [ 35.1785736, 32.5219323 ], [ 35.1787499, 32.5220928 ], [ 35.1788161, 32.5221525 ], [ 35.1788425, 32.5222084 ], [ 35.1788557, 32.5223241 ], [ 35.1788733, 32.5224099 ], [ 35.1788997, 32.5224733 ], [ 35.1789526, 32.5225516 ], [ 35.1790678, 32.5227072 ], [ 35.1794601, 32.523237 ], [ 35.179632, 32.5235057 ], [ 35.1797025, 32.5235989 ], [ 35.1797554, 32.5236586 ], [ 35.1798366, 32.5237176 ], [ 35.1801056, 32.5239303 ], [ 35.1804142, 32.5241579 ], [ 35.1806434, 32.5243556 ], [ 35.1807474, 32.5244308 ], [ 35.1808135, 32.5244681 ], [ 35.1809414, 32.5244906 ], [ 35.1810913, 32.5245018 ], [ 35.1812677, 32.524513 ], [ 35.1814838, 32.5245018 ], [ 35.1817395, 32.5244907 ], [ 35.1820702, 32.5244796 ], [ 35.1823789, 32.5244722 ], [ 35.1825376, 32.5244647 ], [ 35.1826435, 32.5244461 ], [ 35.1827229, 32.5244163 ], [ 35.1828331, 32.5243678 ], [ 35.1830889, 32.524297 ], [ 35.183214295301198, 32.524276665626836 ], [ 35.183416743000066, 32.524218783000151 ], [ 35.183718964000093, 32.52410387600014 ], [ 35.183946829000035, 32.524033477999978 ], [ 35.183984391475683, 32.524025282696606 ], [ 35.1842041, 32.5239377 ], [ 35.1845128, 32.5238519 ], [ 35.1848964, 32.5237625 ], [ 35.1850486, 32.523729 ], [ 35.1852007, 32.5236954 ], [ 35.1856901, 32.5235761 ], [ 35.1860341, 32.5234941 ], [ 35.1861646, 32.5234824 ], [ 35.1862396, 32.5234899 ], [ 35.1863542, 32.5235235 ], [ 35.1864689, 32.523572 ], [ 35.1866012, 32.523613 ], [ 35.1867246, 32.5236429 ], [ 35.1868525, 32.5236616 ], [ 35.1869671, 32.5236616 ], [ 35.1870421, 32.5236653 ], [ 35.1871259, 32.5236877 ], [ 35.1871611, 32.5237437 ], [ 35.1872493, 32.5238519 ], [ 35.1873878, 32.5239636 ], [ 35.1875623, 32.5240944 ], [ 35.1877475, 32.5242213 ], [ 35.1879519, 32.5243396 ], [ 35.1881591, 32.5245075 ], [ 35.1883267, 32.5247015 ], [ 35.188525, 32.5249813 ], [ 35.1886981, 32.5252669 ], [ 35.1888726, 32.5255756 ], [ 35.1889757, 32.5257501 ], [ 35.1891026, 32.5258843 ], [ 35.1891739, 32.5260521 ], [ 35.1892871, 32.5262341 ], [ 35.1893325, 32.5263072 ], [ 35.1894674, 32.5264548 ], [ 35.1896339, 32.5265891 ], [ 35.1898583, 32.5267897 ], [ 35.1902628, 32.5271857 ], [ 35.1910243, 32.528018 ], [ 35.1918279, 32.528829 ], [ 35.1921452, 32.5291713 ], [ 35.1926132, 32.5296076 ], [ 35.193105, 32.5301378 ], [ 35.1937736, 32.5308541 ], [ 35.1940829, 32.5311963 ], [ 35.1942733, 32.5314178 ], [ 35.1944716, 32.5316259 ], [ 35.1945747, 32.53174 ], [ 35.194662, 32.5317802 ], [ 35.1947572, 32.5318205 ], [ 35.1952029, 32.5322137 ], [ 35.1954205, 32.5324767 ], [ 35.1956486, 32.5327924 ], [ 35.1958144, 32.5330643 ], [ 35.1961978, 32.5338534 ], [ 35.1965619, 32.5346055 ], [ 35.1967381, 32.5350264 ], [ 35.1968935, 32.535307 ], [ 35.1969868, 32.535456 ], [ 35.1970697, 32.5355525 ], [ 35.197391, 32.535798 ], [ 35.1983343, 32.5364732 ], [ 35.1991129, 32.5370569 ], [ 35.1994054, 32.5372761 ], [ 35.1997606, 32.5375589 ], [ 35.2000741, 32.5378346 ], [ 35.2004978, 32.5381911 ], [ 35.2007945, 32.5384386 ], [ 35.2012668, 32.5388946 ], [ 35.2013754, 32.5389653 ], [ 35.201508, 32.5390567 ], [ 35.2018557, 32.5393645 ], [ 35.2020983, 32.539515 ], [ 35.2023481, 32.5396521 ], [ 35.2024435, 32.5397221 ], [ 35.2025771, 32.5398513 ], [ 35.2026917, 32.539932 ], [ 35.2028699, 32.5400181 ], [ 35.2032326, 32.5401958 ], [ 35.203538, 32.5403519 ], [ 35.2038498, 32.5405026 ], [ 35.2041553, 32.5407071 ], [ 35.2043971, 32.5408848 ], [ 35.2045244, 32.5409655 ], [ 35.2046865, 32.5410395 ], [ 35.2051956, 32.5412548 ], [ 35.205851, 32.5415024 ], [ 35.2062329, 32.5416316 ], [ 35.2067069, 32.5418105 ], [ 35.2070124, 32.541902 ], [ 35.2073306, 32.5420097 ], [ 35.2077553, 32.5421167 ], [ 35.2079148, 32.5421577 ], [ 35.2080707, 32.5421959 ], [ 35.2082995, 32.5422369 ], [ 35.2085712, 32.5422817 ], [ 35.2087133, 32.5423022 ], [ 35.2088866, 32.5423345 ], [ 35.2090599, 32.5423726 ], [ 35.2092055, 32.5424283 ], [ 35.209306, 32.542484 ], [ 35.2094274, 32.5425455 ], [ 35.209469, 32.5425543 ], [ 35.2095521, 32.5425455 ], [ 35.2096007, 32.5425543 ], [ 35.2098411, 32.5426407 ], [ 35.2100593, 32.5427418 ], [ 35.2101528, 32.5427857 ], [ 35.2102878, 32.542878 ], [ 35.2104073, 32.5429746 ], [ 35.2106515, 32.5431723 ], [ 35.2107398, 32.5432339 ], [ 35.2108853, 32.5433305 ], [ 35.2111554, 32.5434755 ], [ 35.2113517, 32.5435791 ], [ 35.2115492, 32.5436846 ], [ 35.2117258, 32.5437856 ], [ 35.2118765, 32.5438472 ], [ 35.2120167, 32.5438911 ], [ 35.2121622, 32.543935 ], [ 35.2123284, 32.5439789 ], [ 35.2125362, 32.5440185 ], [ 35.212718, 32.5440404 ], [ 35.2129103, 32.544058 ], [ 35.2130869, 32.5440843 ], [ 35.2134114, 32.5441518 ], [ 35.2136399, 32.5441737 ], [ 35.2138789, 32.5442001 ], [ 35.2142114, 32.5442572 ], [ 35.21444, 32.5443011 ], [ 35.214575, 32.544345 ], [ 35.2147205, 32.5443933 ], [ 35.214814, 32.5444285 ], [ 35.2149179, 32.544512 ], [ 35.2150115, 32.5446042 ], [ 35.2151621, 32.54478 ], [ 35.21546, 32.5451345 ], [ 35.2155691, 32.545262 ], [ 35.2156574, 32.545363 ], [ 35.2157094, 32.5454465 ], [ 35.2157562, 32.5455212 ], [ 35.2158081, 32.5456266 ], [ 35.2158809, 32.5457716 ], [ 35.2159956, 32.5460078 ], [ 35.2160216, 32.5460649 ], [ 35.2160475, 32.5461352 ], [ 35.2160631, 32.5461792 ], [ 35.216058, 32.5462846 ], [ 35.2160476, 32.5465439 ], [ 35.216040073153614, 32.546628970305619 ], [ 35.216040074000091, 32.54664649200015 ], [ 35.216040075000137, 32.546693693000066 ], [ 35.216043577000107, 32.546881226000039 ], [ 35.216046914000117, 32.547068902000092 ], [ 35.216049915000099, 32.547262780000153 ], [ 35.216066393, 32.547441436000042 ], [ 35.216086862000054, 32.54762009600006 ], [ 35.216113489000179, 32.547829891000106 ], [ 35.21612912400586, 32.547860557281076 ], [ 35.2162343, 32.54793 ], [ 35.2165589, 32.5481089 ], [ 35.216855, 32.5482802 ], [ 35.2171512, 32.548434 ], [ 35.2173175, 32.5485306 ], [ 35.2174525, 32.5486492 ], [ 35.217508350132853, 32.548685037477419 ], [ 35.217624864000072, 32.548736510000083 ], [ 35.217768266000064, 32.54881977500014 ], [ 35.217917826000189, 32.548908252000047 ], [ 35.218167702000073, 32.549041810000119 ], [ 35.218325577000087, 32.54911802800018 ], [ 35.218390372152292, 32.549152328209232 ], [ 35.2186537, 32.5492471 ], [ 35.2191903, 32.5494618 ], [ 35.2198006, 32.5497632 ], [ 35.2204759, 32.550093 ], [ 35.2206508, 32.5501881 ], [ 35.2209799, 32.5503079 ], [ 35.2211591, 32.5503854 ], [ 35.2212007, 32.5504171 ], [ 35.221259, 32.5504769 ], [ 35.2213412, 32.5505389 ], [ 35.2213743, 32.5505599 ], [ 35.2215152, 32.5506229 ], [ 35.2217848, 32.5507538 ], [ 35.2221161, 32.5509359 ], [ 35.2225645, 32.5511953 ], [ 35.223066, 32.5514696 ], [ 35.223538, 32.5516791 ], [ 35.2239155, 32.5518686 ], [ 35.2243108, 32.5520482 ], [ 35.2245704, 32.5521479 ], [ 35.224848894686147, 32.551968293266583 ], [ 35.225046226000075, 32.551728493999974 ], [ 35.225218044000087, 32.5514905 ], [ 35.225345449000031, 32.551307601000076 ], [ 35.225446907000105, 32.551175428000079 ], [ 35.225535393000143, 32.551045512000144 ], [ 35.22564732900014, 32.550902347000147 ], [ 35.225740969000071, 32.550770034000095 ], [ 35.225742114193309, 32.550768468702849 ], [ 35.2258856, 32.5505644 ], [ 35.225905250903566, 32.550543590727379 ], [ 35.225954196000032, 32.550474829000109 ], [ 35.226061311000137, 32.550336738000112 ], [ 35.226162767000176, 32.550204564000012 ], [ 35.22624875200006, 32.5500678840001 ], [ 35.226334573000145, 32.549926975000062 ], [ 35.226469794000081, 32.549766054000145 ], [ 35.226487018195648, 32.549744553095103 ], [ 35.2266776, 32.5494715 ], [ 35.2270807, 32.5488957 ], [ 35.2277856, 32.5479435 ], [ 35.227810679141818, 32.547913338374293 ], [ 35.227874334000091, 32.547801206000145 ], [ 35.227997742000184, 32.547649444000172 ], [ 35.22815341800009, 32.547475416000168 ], [ 35.228288465000162, 32.547298714000135 ], [ 35.22843548700007, 32.547109750000118 ], [ 35.228567540000086, 32.546945587000096 ], [ 35.228673306000132, 32.546763954000085 ], [ 35.228767267000194, 32.546614731000091 ], [ 35.228873035000049, 32.546450570000104 ], [ 35.228985628000032, 32.546306981000043 ], [ 35.229106039000158, 32.546170294000035 ], [ 35.229238251000083, 32.545978654000123 ], [ 35.22935266900015, 32.545812098000056 ], [ 35.229552412000032, 32.545583252000085 ], [ 35.229649368000082, 32.54546136200014 ], [ 35.229749151000078, 32.545326931000147 ], [ 35.229872546000081, 32.545133037000085 ], [ 35.229978306000135, 32.54495140500012 ], [ 35.230096552000134, 32.544810209 ], [ 35.23025520200008, 32.544591230000094 ], [ 35.230428492000044, 32.544367459000171 ], [ 35.230578335000132, 32.544193288000031 ], [ 35.230698733000111, 32.544019121000076 ], [ 35.230839588000151, 32.543822689000024 ], [ 35.230930719000128, 32.543700797000042 ], [ 35.231039304000149, 32.54351169600011 ], [ 35.23111280400019, 32.543389809000075 ], [ 35.231246757132631, 32.543266733088267 ], [ 35.2314175, 32.5429902 ], [ 35.2316471, 32.5426617 ], [ 35.2320114, 32.5421856 ], [ 35.23224556604962, 32.541906800090096 ], [ 35.232289514, 32.541839184000139 ], [ 35.232482914000059, 32.541590045000191 ], [ 35.232619938000028, 32.541409108000039 ], [ 35.232936220000056, 32.540976499000067 ], [ 35.233157884000093, 32.540686354000115 ], [ 35.233277959022153, 32.540535828347174 ], [ 35.2333259, 32.5404556 ], [ 35.233788, 32.5397327 ], [ 35.234271, 32.5390756 ], [ 35.2346748, 32.5386263 ], [ 35.23532269054045, 32.537829488137191 ], [ 35.235375109000131, 32.537752324 ], [ 35.235508460000062, 32.537564060000079 ], [ 35.235686213000122, 32.537335067000015 ], [ 35.235694891979314, 32.537322992690925 ], [ 35.2358388, 32.5371109 ], [ 35.2361262, 32.5366954 ], [ 35.236359920498394, 32.536416267487674 ], [ 35.236404506000156, 32.536340753 ], [ 35.236485976000154, 32.536215198000036 ], [ 35.236648936000108, 32.536052146000031 ], [ 35.236885907000101, 32.535866959000089 ], [ 35.237110244000121, 32.535701218000099 ], [ 35.237258244000088, 32.535575790000053 ], [ 35.237428695000062, 32.535444015000053 ], [ 35.237554579000175, 32.53534042900003 ], [ 35.237614238853105, 32.535296069588107 ], [ 35.2381613, 32.5348177 ], [ 35.238838901412443, 32.53428752456405 ], [ 35.238961886000027, 32.534179699999981 ], [ 35.239246898000147, 32.533935040000188 ], [ 35.239439458000106, 32.533774936999976 ], [ 35.239581963000091, 32.533653312000126 ], [ 35.239700524, 32.533552824000026 ], [ 35.239881943, 32.533405406000043 ], [ 35.2400449000001, 32.533270530000095 ], [ 35.240241127000047, 32.533144947000096 ], [ 35.240381964000107, 32.533016416 ], [ 35.240581833000192, 32.53283757000014 ], [ 35.24082992000001, 32.532617993000031 ], [ 35.241074363999985, 32.532445338 ], [ 35.241281715000184, 32.532269730000053 ], [ 35.241403921000028, 32.532147402000078 ], [ 35.241652008000187, 32.531930924999983 ], [ 35.241774219000092, 32.531817896000177 ], [ 35.241885289000038, 32.531714450000152 ], [ 35.242003843000077, 32.531614103000095 ], [ 35.242141194000169, 32.531516144000079 ], [ 35.242371658000025, 32.531332782000163 ], [ 35.24254376100015, 32.531215936000081 ], [ 35.242703727000105, 32.531103177000091 ], [ 35.242907416000151, 32.530941517000031 ], [ 35.243141697000056, 32.530742936000024 ], [ 35.24331196300011, 32.530606220000095 ], [ 35.243452464000143, 32.53048825400009 ], [ 35.243629213000077, 32.530342804000156 ], [ 35.243749595000111, 32.530247384000063 ], [ 35.24393648500012, 32.530088966000108 ], [ 35.244087622000109, 32.529951130000086 ], [ 35.24424026000014, 32.529829356000107 ], [ 35.244438795000121, 32.529687278999972 ], [ 35.244686042000069, 32.529492776000154 ], [ 35.24492, 32.529342799000119 ], [ 35.245108071117983, 32.529203872977583 ], [ 35.2454132, 32.5289331 ], [ 35.2458803, 32.5285575 ], [ 35.2463991, 32.5281554 ], [ 35.2466524, 32.5278939 ], [ 35.2473966, 32.5272299 ], [ 35.2479667, 32.5267671 ], [ 35.2491543, 32.5257745 ], [ 35.249527974881126, 32.525524194355583 ], [ 35.249760879000121, 32.525334999000108 ], [ 35.249965045000124, 32.525177412000176 ], [ 35.250114668000151, 32.525044500000149 ], [ 35.250304356000015, 32.524871419000135 ], [ 35.250486737000131, 32.524719898000114 ], [ 35.25075887800017, 32.524460563000105 ], [ 35.250955709000038, 32.524281279000149 ], [ 35.251160029000062, 32.524108193000075 ], [ 35.251338745000112, 32.523953711000047 ], [ 35.251488373000029, 32.523836156000186 ], [ 35.251648810000063, 32.523715638000169 ], [ 35.251820208000026, 32.523567218000153 ], [ 35.251861421217519, 32.523534212500998 ] ] ] ] } },
{ "type": "Feature", "properties": { "adm0_name": "State of Palestine", "adm0_name1": "Gaza Strip" }, "geometry": { "type": "MultiPolygon", "coordinates": [ [ [ [ 34.480621779000103, 31.478318526000123 ], [ 34.479592991000061, 31.478425895000044 ], [ 34.478471282999976, 31.477937616000077 ], [ 34.477990030000058, 31.477441934000069 ], [ 34.477864018000105, 31.476512514000092 ], [ 34.477205960000049, 31.475398286000086 ], [ 34.476868228633663, 31.474959844458116 ], [ 34.47632347834724, 31.474302844624237 ], [ 34.475706262000131, 31.473681960000192 ], [ 34.475295019487206, 31.472984427197623 ], [ 34.47443, 31.4718384 ], [ 34.4719232, 31.4693457 ], [ 34.4693858, 31.4668887 ], [ 34.467309, 31.4647494 ], [ 34.4662927, 31.4633522 ], [ 34.4650633, 31.4614897 ], [ 34.4647268, 31.4611395 ], [ 34.4625343, 31.4593577 ], [ 34.4596731, 31.4570388 ], [ 34.4570284, 31.4548348 ], [ 34.4531795, 31.4520521 ], [ 34.4512893, 31.4494773 ], [ 34.4508791, 31.4490174 ], [ 34.4493001, 31.4472471 ], [ 34.4470155, 31.4450705 ], [ 34.4455503, 31.4437879 ], [ 34.4419015, 31.44299 ], [ 34.439918, 31.4419282 ], [ 34.4370599, 31.4402701 ], [ 34.4335493, 31.4361167 ], [ 34.432414, 31.4342467 ], [ 34.4305129, 31.431192 ], [ 34.4291106, 31.4298523 ], [ 34.4280893, 31.4288768 ], [ 34.426772, 31.4271706 ], [ 34.426465468002732, 31.4267755522635 ], [ 34.42643034800011, 31.426769308000132 ], [ 34.426304691000098, 31.426755675000152 ], [ 34.425769162000108, 31.426702239000178 ], [ 34.425169421000135, 31.426554335000048 ], [ 34.424572309000098, 31.426324769000018 ], [ 34.424224465000123, 31.426102834000062 ], [ 34.423702542000171, 31.425545735000071 ], [ 34.42346404500006, 31.42512948500007 ], [ 34.423266432000162, 31.424806338000053 ], [ 34.423064709000073, 31.424542925000026 ], [ 34.422701384000106, 31.424181841000177 ], [ 34.422439366000106, 31.424090131000071 ], [ 34.422142081000118, 31.423939032000078 ], [ 34.421768871000154, 31.423829841000043 ], [ 34.421318500999973, 31.423643586000139 ], [ 34.420864130000155, 31.423331555000175 ], [ 34.420481951000056, 31.423040746000027 ], [ 34.419916601000182, 31.422399183000152 ], [ 34.419264565000049, 31.422006283000144 ], [ 34.418382263000069, 31.421494209000059 ], [ 34.417399954000075, 31.420874457000082 ], [ 34.416492865000066, 31.420383316000027 ], [ 34.415789163000113, 31.41991882700006 ], [ 34.414836685000125, 31.419175406000136 ], [ 34.414069743000084, 31.418591725000056 ], [ 34.413854695000055, 31.418166118000102 ], [ 34.413834512000108, 31.417737418000172 ], [ 34.413785509000036, 31.417184943000166 ], [ 34.413517235000029, 31.417029221000064 ], [ 34.41322078200011, 31.416899850000107 ], [ 34.412917945, 31.416737497000099 ], [ 34.41263701000014, 31.416472785000053 ], [ 34.412373032000119, 31.416180455000188 ], [ 34.412039617000175, 31.415756159000068 ], [ 34.411671415000114, 31.415632124000012 ], [ 34.411114120999969, 31.415628643 ], [ 34.410562605000166, 31.415584064000143 ], [ 34.409918423000192, 31.415416060000098 ], [ 34.409424032000061, 31.415190126000084 ], [ 34.409124147000171, 31.414949339000145 ], [ 34.40896921600006, 31.414756644000079 ], [ 34.408876470000052, 31.414491386000179 ], [ 34.408722982000143, 31.414155371000163 ], [ 34.40850634700007, 31.413943365000193 ], [ 34.408264711000129, 31.413803078000058 ], [ 34.407956828000124, 31.413699353000084 ], [ 34.407637229000102, 31.413401487000101 ], [ 34.407433602000026, 31.413125549000029 ], [ 34.407360985000139, 31.412802041000077 ], [ 34.407052575000193, 31.412484923000136 ], [ 34.406597911000063, 31.412390204000189 ], [ 34.406300787000191, 31.412341959000059 ], [ 34.406286778000151, 31.412345200000061 ], [ 34.405826939000065, 31.412451588000124 ], [ 34.405325610000034, 31.412623716000155 ], [ 34.405321071000117, 31.412621389000037 ], [ 34.40495373300007, 31.412433044000181 ], [ 34.404391817000146, 31.412134975000129 ], [ 34.403727523000043, 31.411749275000034 ], [ 34.402693470000031, 31.411255351000193 ], [ 34.402246671000114, 31.411029832999986 ], [ 34.402056586000072, 31.410809210000139 ], [ 34.402012892000016, 31.410469290000094 ], [ 34.401913964000187, 31.41007392500012 ], [ 34.401685234000126, 31.409651993000068 ], [ 34.401358568000092, 31.409302105000052 ], [ 34.400845289000131, 31.408791701000098 ], [ 34.400210337000033, 31.408111594000047 ], [ 34.399405845000047, 31.407305510000128 ], [ 34.398849030000065, 31.406630927000037 ], [ 34.398576381000169, 31.406263789000036 ], [ 34.398207869000089, 31.405943166000043 ], [ 34.397792270000025, 31.405828929000108 ], [ 34.397338793000074, 31.405682426000112 ], [ 34.396788152000113, 31.405369558000189 ], [ 34.396130209000091, 31.404924112000117 ], [ 34.39567935700012, 31.404614295000158 ], [ 34.395377118000056, 31.404188718000171 ], [ 34.39518017600011, 31.403759179000076 ], [ 34.395061736000059, 31.403318226000124 ], [ 34.39484224000006, 31.402695602999984 ], [ 34.394450772000141, 31.401946812000119 ], [ 34.394012026999974, 31.401180336000152 ], [ 34.393891896151558, 31.400989175310155 ], [ 34.3916104, 31.3992494 ], [ 34.3892934, 31.3974089 ], [ 34.388463, 31.3961171 ], [ 34.3866818, 31.3951167 ], [ 34.3846326, 31.3931675 ], [ 34.3823014, 31.3914153 ], [ 34.3802664, 31.3895735 ], [ 34.3802718, 31.389066 ], [ 34.380287, 31.3876271 ], [ 34.3797486, 31.38696 ], [ 34.3790529, 31.3858067 ], [ 34.3764564, 31.3824944 ], [ 34.3748373, 31.3804042 ], [ 34.3740162, 31.3788011 ], [ 34.3731623, 31.3759741 ], [ 34.3730199, 31.3738022 ], [ 34.3729401, 31.3736614 ], [ 34.3722493, 31.3730112 ], [ 34.3715405, 31.3722712 ], [ 34.371449, 31.3719816 ], [ 34.3718567, 31.3709502 ], [ 34.3718339, 31.3702214 ], [ 34.3713537, 31.3696487 ], [ 34.3704544, 31.3693201 ], [ 34.3700553, 31.3693152 ], [ 34.3688925, 31.369862 ], [ 34.3680704, 31.3699318 ], [ 34.3671664, 31.3695828 ], [ 34.3664896, 31.3685395 ], [ 34.3659219, 31.3672751 ], [ 34.3655686, 31.3657267 ], [ 34.3650551, 31.3644112 ], [ 34.3651042, 31.3633423 ], [ 34.3647238, 31.3616671 ], [ 34.3649888, 31.3599555 ], [ 34.3667339, 31.3475513 ], [ 34.3683019, 31.3364855 ], [ 34.3686872, 31.3342442 ], [ 34.3700578, 31.3262695 ], [ 34.3705105, 31.3234692 ], [ 34.3719794, 31.3143824 ], [ 34.3729733, 31.3078581 ], [ 34.373288, 31.3061738 ], [ 34.3709956, 31.2999525 ], [ 34.3692693, 31.295541 ], [ 34.3665475, 31.2905287 ], [ 34.3550201, 31.2848694 ], [ 34.3497076, 31.2822075 ], [ 34.3473061, 31.2809885 ], [ 34.3452102, 31.2799934 ], [ 34.3437402, 31.2791724 ], [ 34.3421974, 31.2782519 ], [ 34.3414114, 31.2765228 ], [ 34.3403198, 31.2746071 ], [ 34.3390827, 31.2726043 ], [ 34.3378455, 31.2707756 ], [ 34.3363609, 31.2683994 ], [ 34.3348181, 31.2665084 ], [ 34.332926, 31.2643313 ], [ 34.3316161, 31.2628508 ], [ 34.330539, 31.2618554 ], [ 34.3287196, 31.2602878 ], [ 34.3258087, 31.2579736 ], [ 34.3240476, 31.2566921 ], [ 34.3194337, 31.2536064 ], [ 34.3178909, 31.2526483 ], [ 34.316188, 31.2517026 ], [ 34.3123746, 31.2502717 ], [ 34.308634, 31.2489901 ], [ 34.3066983, 31.2481564 ], [ 34.3041512, 31.2468374 ], [ 34.3013567, 31.245593 ], [ 34.2989114, 31.2444233 ], [ 34.2962334, 31.2433531 ], [ 34.293468, 31.2421336 ], [ 34.2919106, 31.2412003 ], [ 34.2906298, 31.2400928 ], [ 34.2883592, 31.2377781 ], [ 34.2867, 31.2360358 ], [ 34.2851717, 31.234418 ], [ 34.2809072, 31.2305723 ], [ 34.27967, 31.2295767 ], [ 34.2784765, 31.2285063 ], [ 34.2765553, 31.2270875 ], [ 34.2743721, 31.2254571 ], [ 34.2715715, 31.2231492 ], [ 34.26839, 31.220551 ], [ 34.2674994, 31.2201289 ], [ 34.267517307983582, 31.220076308291006 ], [ 34.266721821000147, 31.221800449000057 ], [ 34.266076091, 31.22436831300007 ], [ 34.266070336000155, 31.224381584000014 ], [ 34.265807064000057, 31.224988720000169 ], [ 34.265182653000181, 31.226691634000019 ], [ 34.264216011000144, 31.229482917000155 ], [ 34.262741892000122, 31.233313917000032 ], [ 34.261435690000042, 31.236908994000032 ], [ 34.259897071000182, 31.24164066000003 ], [ 34.258992484000032, 31.243720899000152 ], [ 34.258140709000145, 31.246038673000044 ], [ 34.257740745000092, 31.247363756000027 ], [ 34.255235152000182, 31.253879562000179 ], [ 34.254380790000027, 31.256434434000028 ], [ 34.253014862000157, 31.260408397999981 ], [ 34.250627081, 31.267078224000159 ], [ 34.247210990999974, 31.276804639000147 ], [ 34.247036555000136, 31.277657070000032 ], [ 34.244878580000034, 31.283379891000038 ], [ 34.242664115000025, 31.289197095000191 ], [ 34.24124630600005, 31.29274363900015 ], [ 34.240730521000103, 31.294542079000109 ], [ 34.240220062000049, 31.295818829000041 ], [ 34.239773617000139, 31.296242322000182 ], [ 34.239441095000132, 31.296334662000163 ], [ 34.239418379000028, 31.296335376000059 ], [ 34.238224926000157, 31.29637287800017 ], [ 34.235956897000165, 31.296592813000132 ], [ 34.235956638000062, 31.296593 ], [ 34.235567157000105, 31.296874426000102 ], [ 34.233477835000031, 31.300496090000081 ], [ 34.232801469000037, 31.301771539000185 ], [ 34.229482971000095, 31.307342916000096 ], [ 34.22684308900017, 31.311401650000164 ], [ 34.224029245000054, 31.316217859000176 ], [ 34.221110532000068, 31.320464037000136 ], [ 34.218773334000105, 31.323737828 ], [ 34.219348294000099, 31.324160918000189 ], [ 34.219772170000169, 31.324452007000048 ], [ 34.220027845000061, 31.324574745000064 ], [ 34.221116539000093, 31.325446603000103 ], [ 34.222174203, 31.32637053600007 ], [ 34.22326294100003, 31.327242374999969 ], [ 34.224533561000044, 31.328220264000151 ], [ 34.22544046400003, 31.328986020000116 ], [ 34.225804204000099, 31.329198137000162 ], [ 34.226168227000073, 31.329384087000108 ], [ 34.226500664000184, 31.329674456000021 ], [ 34.226771850000034, 31.32999052200006 ], [ 34.227134235000108, 31.330333448000033 ], [ 34.227740045000132, 31.330730567000103 ], [ 34.228465932000063, 31.331311765000066 ], [ 34.229162149, 31.331814231000067 ], [ 34.229827878000094, 31.332316465000076 ], [ 34.230340863000038, 31.332843691000164 ], [ 34.2306722350001, 31.333238700000095 ], [ 34.231428654000069, 31.333820112000069 ], [ 34.232607157000132, 31.334875712000155 ], [ 34.233526678000089, 31.335734851000097 ], [ 34.234373276000156, 31.336447762000034 ], [ 34.235129203999975, 31.337081479000176 ], [ 34.235734003, 31.337583215000109 ], [ 34.236370391000094, 31.337980532000188 ], [ 34.237066700000071, 31.338482959000089 ], [ 34.237489081000092, 31.338930972000128 ], [ 34.238123868000173, 31.339485257000092 ], [ 34.239000751000162, 31.34022453100016 ], [ 34.239938116000133, 31.341016584000045 ], [ 34.241177260000029, 31.342124893000175 ], [ 34.242205351000052, 31.342996117000155 ], [ 34.242901187000086, 31.343550840000148 ], [ 34.24371688399998, 31.344315784000173 ], [ 34.244200855000145, 31.344711908000079 ], [ 34.244653524000057, 31.345186292000108 ], [ 34.245773719000113, 31.346005851000143 ], [ 34.246219156000109, 31.346397189000186 ], [ 34.246469066000145, 31.346612877000098 ], [ 34.247134189000064, 31.34719351300015 ], [ 34.247587158000101, 31.347641724000027 ], [ 34.248071693000156, 31.347985510000058 ], [ 34.249313947000076, 31.348805953000181 ], [ 34.250471729000139, 31.349852025000018 ], [ 34.252134937000108, 31.351277389000188 ], [ 34.254161561999979, 31.352967102000093 ], [ 34.256245302000082, 31.35504968000015 ], [ 34.258483502, 31.356950214000165 ], [ 34.260208488000103, 31.358323606000113 ], [ 34.261325813999974, 31.359456986999987 ], [ 34.263019070000098, 31.360960934 ], [ 34.264197466000098, 31.362094736000017 ], [ 34.264682136000033, 31.36243846300016 ], [ 34.26519679900008, 31.362834742000132 ], [ 34.265682001000073, 31.363126135000186 ], [ 34.266258197000184, 31.363470533000111 ], [ 34.266894369000056, 31.363920027000177 ], [ 34.267721827000116, 31.36458799400009 ], [ 34.268235200000049, 31.365115070000172 ], [ 34.268779866000159, 31.365563881000128 ], [ 34.269777705000024, 31.366460829000061 ], [ 34.270230867000066, 31.366908959 ], [ 34.270776598000168, 31.367253112000185 ], [ 34.271896498000103, 31.368150934000028 ], [ 34.272743928000068, 31.368837433000067 ], [ 34.27334836000017, 31.369417491000092 ], [ 34.273952798000096, 31.369997547000139 ], [ 34.275043280000091, 31.370790465000027 ], [ 34.276435249000031, 31.371951890000105 ], [ 34.276949482000077, 31.372400446000086 ], [ 34.277804388000106, 31.373580229000083 ], [ 34.279192548000026, 31.375134068000136 ], [ 34.28018929100017, 31.376161752000087 ], [ 34.281216563000044, 31.377189648000012 ], [ 34.282425888000034, 31.378323517000126 ], [ 34.284417222000116, 31.380614294000054 ], [ 34.285263579000059, 31.381431525000096 ], [ 34.285776368000143, 31.382037029000116 ], [ 34.286349417000054, 31.382721459000038 ], [ 34.286803506000012, 31.383091047000107 ], [ 34.287440932000038, 31.383435787 ], [ 34.288198105000049, 31.384016873000121 ], [ 34.289077079000094, 31.384625002000064 ], [ 34.289755979000176, 31.385116216000029 ], [ 34.290603958000077, 31.385776438000164 ], [ 34.290874739000174, 31.386170858000071 ], [ 34.291297843, 31.386592538000173 ], [ 34.292024802000014, 31.387147221000134 ], [ 34.292901789000041, 31.38796463000017 ], [ 34.293838803000085, 31.388887117000024 ], [ 34.294353477000072, 31.389309439000158 ], [ 34.294624799000132, 31.389651529000048 ], [ 34.294956894000165, 31.390020215000163 ], [ 34.295805204000033, 31.390654238000138 ], [ 34.296440682000025, 31.391208243000051 ], [ 34.297046153999986, 31.391709704000107 ], [ 34.297408529000052, 31.392104764000067 ], [ 34.297802437000144, 31.392395390000161 ], [ 34.298195840000119, 31.392738339000175 ], [ 34.298558231000129, 31.393133394000131 ], [ 34.298645024000166, 31.393232744000159 ], [ 34.298829320000095, 31.393501637000099 ], [ 34.29910067000003, 31.393843716000106 ], [ 34.299615133000032, 31.394292185000154 ], [ 34.30013061600016, 31.394635998000069 ], [ 34.300828186000103, 31.395085757000061 ], [ 34.30179838700019, 31.395746779000092 ], [ 34.302616535000027, 31.396354380000162 ], [ 34.303253099000131, 31.396803703000103 ], [ 34.303617029, 31.397041766000029 ], [ 34.304102526000122, 31.397333021000065 ], [ 34.304678577000118, 31.397729570000081 ], [ 34.305528523000078, 31.398206557000037 ], [ 34.30630289100003, 31.39862078200008 ], [ 34.306939743000157, 31.39904391500005 ], [ 34.30751480400005, 31.39954511000019 ], [ 34.308635185000128, 31.400468790000048 ], [ 34.309270306000144, 31.401075055000035 ], [ 34.310087537000186, 31.401787266000099 ], [ 34.310965320000093, 31.402552227000058 ], [ 34.311963692000063, 31.403475016000129 ], [ 34.313506953000115, 31.404872591000185 ], [ 34.315079522000133, 31.406401176000088 ], [ 34.316440744000147, 31.407692781000094 ], [ 34.317773216999967, 31.408801014000062 ], [ 34.320078191000107, 31.410360811000089 ], [ 34.321591893000118, 31.411679591000109 ], [ 34.32281466000012, 31.412618942000108 ], [ 34.324146780000035, 31.413779436000027 ], [ 34.325417894000054, 31.414939497000034 ], [ 34.326962270000081, 31.416258422000169 ], [ 34.328204159000109, 31.417287429000112 ], [ 34.328839754, 31.417867442000045 ], [ 34.329506869000056, 31.418343008000136 ], [ 34.330204514000116, 31.418818784999985 ], [ 34.330931951000025, 31.419373254000163 ], [ 34.331717764000132, 31.42021593000004 ], [ 34.332595402999971, 31.421033077000061 ], [ 34.333533381000166, 31.42192911900014 ], [ 34.335380076000092, 31.423590165000064 ], [ 34.336512262000156, 31.424507659000142 ], [ 34.337571437000122, 31.42550916700003 ], [ 34.337934359000144, 31.425877953 ], [ 34.338265536999984, 31.426377345000105 ], [ 34.338568131000159, 31.426667224000028 ], [ 34.339083699000184, 31.427037050000081 ], [ 34.339719184000103, 31.427643173000035 ], [ 34.340929861000177, 31.428776506000133 ], [ 34.342200904000094, 31.429988731000151 ], [ 34.343442168000138, 31.431122247000133 ], [ 34.344289244000038, 31.431965269000102 ], [ 34.345044987000165, 31.432781503000115 ], [ 34.345982479999975, 31.433755947000122 ], [ 34.346890661000089, 31.434599366000157 ], [ 34.347858714000154, 31.435574003000056 ], [ 34.348341429000016, 31.436205219000044 ], [ 34.349188598000069, 31.437048207000032 ], [ 34.35021704400009, 31.438101728000049 ], [ 34.351368118000096, 31.43910374100011 ], [ 34.35203406100004, 31.439736173000028 ], [ 34.352304064000066, 31.440261285000133 ], [ 34.353769778000014, 31.441861846000108 ], [ 34.354617283999971, 31.442678633000128 ], [ 34.355585501000064, 31.443653217000076 ], [ 34.357007927000154, 31.445049464000078 ], [ 34.359275852000167, 31.44749792500005 ], [ 34.361000650000051, 31.44923628700019 ], [ 34.362121202000026, 31.450264168000047 ], [ 34.362969560000067, 31.45100241300014 ], [ 34.363209823000147, 31.451448805000098 ], [ 34.363603241000192, 31.451843891000124 ], [ 34.364239061000035, 31.452449897000179 ], [ 34.364661610999974, 31.453002158000118 ], [ 34.365297435, 31.453608157000076 ], [ 34.365872439000157, 31.454187587000035 ], [ 34.367002307000064, 31.455445159000192 ], [ 34.367757025000117, 31.456418237000037 ], [ 34.368905697000116, 31.45773405500006 ], [ 34.369813611000097, 31.458655803000113 ], [ 34.370479114000034, 31.459366634000048 ], [ 34.370933202000117, 31.459814421000033 ], [ 34.371509442, 31.460263011000052 ], [ 34.37202554900017, 31.460606540000128 ], [ 34.372692482000048, 31.461160378000102 ], [ 34.373419101000025, 31.461871597000084 ], [ 34.374478397000075, 31.462951289000046 ], [ 34.375658709000049, 31.464162599000076 ], [ 34.376659062000101, 31.465006405000111 ], [ 34.377303140000151, 31.46578703900002 ], [ 34.377625879999982, 31.466190139000162 ], [ 34.378381493000063, 31.467084667000108 ], [ 34.37928982, 31.46798018800007 ], [ 34.380530872, 31.469244173999982 ], [ 34.381892512000093, 31.470692082000085 ], [ 34.383073939000042, 31.471798664000175 ], [ 34.38505074700015, 31.473848475000182 ], [ 34.38608046100012, 31.474849391000078 ], [ 34.386563632000048, 31.475480465000032 ], [ 34.387167596999973, 31.476269308000042 ], [ 34.388561127000173, 31.477586531000043 ], [ 34.389680258000169, 31.478849643000103 ], [ 34.390588350000144, 31.479797411 ], [ 34.391346020000128, 31.480482558000119 ], [ 34.392920660000186, 31.482062544000087 ], [ 34.394039444000043, 31.483377946000076 ], [ 34.395432946000085, 31.484721255000068 ], [ 34.396583024000165, 31.485958343000107 ], [ 34.397855101000175, 31.487222358000167 ], [ 34.399732266000171, 31.489170492000085 ], [ 34.401134545000104, 31.49071992 ], [ 34.402194476000147, 31.491799394000168 ], [ 34.403618318000156, 31.493195138000033 ], [ 34.404860928000119, 31.494354240000177 ], [ 34.405376001000036, 31.494854623000094 ], [ 34.406407496000043, 31.495698393000112 ], [ 34.407681843000034, 31.496726847000104 ], [ 34.408893334000027, 31.497964207000166 ], [ 34.409620062999977, 31.498727551000059 ], [ 34.410408125000174, 31.499465108000095 ], [ 34.411254633000055, 31.500517004000073 ], [ 34.411951070000043, 31.501253980000115 ], [ 34.413085695000063, 31.502294244000041 ], [ 34.413954153000134, 31.503258271000163 ], [ 34.415053146000048, 31.504478200999984 ], [ 34.416597583000168, 31.506110038000088 ], [ 34.418204072000151, 31.507637581000097 ], [ 34.419140849000144, 31.508873145000052 ], [ 34.420472436000068, 31.510398953000163 ], [ 34.42137915800015, 31.511581985000134 ], [ 34.422623767000175, 31.51255777200015 ], [ 34.423047587000042, 31.51303135500018 ], [ 34.423441949, 31.513373930000171 ], [ 34.423684202000061, 31.513637073000041 ], [ 34.423802243000182, 31.514134934000083 ], [ 34.424650568000118, 31.515003597000089 ], [ 34.425779266000063, 31.516437543999984 ], [ 34.427111068000102, 31.517963290000125 ], [ 34.42789767700009, 31.518910053000013 ], [ 34.428349705000187, 31.519671606000088 ], [ 34.42907523000008, 31.520617986000047 ], [ 34.429587733000119, 31.521458398000107 ], [ 34.429950728000051, 31.521905421000099 ], [ 34.430251953000038, 31.522430563000171 ], [ 34.430248030000143, 31.522901507000086 ], [ 34.429970167000135, 31.523239949000185 ], [ 34.429477956000028, 31.523629412000162 ], [ 34.429138315000046, 31.52404597400016 ], [ 34.429127928000185, 31.524051745 ], [ 34.428747995000094, 31.524262758000191 ], [ 34.428443323000124, 31.524431972000116 ], [ 34.42793725000007, 31.524905978000106 ], [ 34.42771339900014, 31.525318597000023 ], [ 34.427513611000109, 31.525987350000037 ], [ 34.42783233900019, 31.526303582000082 ], [ 34.428010782000115, 31.52648062999998 ], [ 34.428560570000116, 31.527177243000153 ], [ 34.42869463400001, 31.527347112000086 ], [ 34.428783832000136, 31.527771365000149 ], [ 34.428944582000099, 31.528007228000035 ], [ 34.429136624000193, 31.528060304000121 ], [ 34.429278029000102, 31.528099386000179 ], [ 34.429693851000025, 31.528516626000055 ], [ 34.43021321000009, 31.529015928000149 ], [ 34.430747790999988, 31.529385904000037 ], [ 34.430931650000048, 31.529214734000107 ], [ 34.430407258000173, 31.528623811000159 ], [ 34.429666743999974, 31.527913341000158 ], [ 34.429227044000015, 31.527567622000049 ], [ 34.429037435000055, 31.527430064000043 ], [ 34.429037396000126, 31.527429859000108 ], [ 34.428954801000145, 31.527019487000075 ], [ 34.428954770000075, 31.527019444000189 ], [ 34.42858727600003, 31.52655210000006 ], [ 34.428587244000028, 31.526552066000022 ], [ 34.428105389000052, 31.526059869999983 ], [ 34.428009810000049, 31.525970912000105 ], [ 34.427987202000111, 31.525577721000161 ], [ 34.428220798999973, 31.525044747000095 ], [ 34.428625946000011, 31.524669020000033 ], [ 34.42862622500013, 31.524668850000182 ], [ 34.42938493500003, 31.524200724000025 ], [ 34.429393343000186, 31.524195536000093 ], [ 34.429921644000103, 31.524413756000058 ], [ 34.429929798999979, 31.524417126000174 ], [ 34.430482477000055, 31.524106526000025 ], [ 34.431126828000174, 31.523796478000122 ], [ 34.431813814000179, 31.523724023000113 ], [ 34.431830339000044, 31.52372227900014 ], [ 34.43222651800005, 31.523855518000062 ], [ 34.432284372000026, 31.524248349000118 ], [ 34.432281981000131, 31.524536145000127 ], [ 34.432678381000073, 31.524643223000112 ], [ 34.433135032000109, 31.524855324000157 ], [ 34.433682502000067, 31.525172635000047 ], [ 34.434291297000073, 31.525464148000083 ], [ 34.43449286300006, 31.525738789000172 ], [ 34.434483174999968, 31.525750020000146 ], [ 34.434278438000035, 31.525987330000021 ], [ 34.434258494000119, 31.52601044700009 ], [ 34.434107564999977, 31.526185387000169 ], [ 34.433432202000176, 31.526655364000078 ], [ 34.432906929000126, 31.527020891 ], [ 34.432266606000155, 31.527439593000054 ], [ 34.432232803000147, 31.527461695000056 ], [ 34.431940991000147, 31.527823110000043 ], [ 34.431833485000141, 31.527956258000074 ], [ 34.431996063999975, 31.528045615000053 ], [ 34.432484276000082, 31.527633517000083 ], [ 34.432484443000192, 31.527633373000072 ], [ 34.432819347000191, 31.527340984000148 ], [ 34.433004617000051, 31.527239288000089 ], [ 34.433311244000095, 31.527070977000108 ], [ 34.433800014000042, 31.526665809000121 ], [ 34.434139666000078, 31.526616241000113 ], [ 34.435249495000164, 31.527012342000091 ], [ 34.435660347000066, 31.527221051000083 ], [ 34.435988563000024, 31.527494923000177 ], [ 34.435994278000067, 31.527496781000139 ], [ 34.436268487000063, 31.527585973000043 ], [ 34.436961273, 31.528558642000178 ], [ 34.43883877900015, 31.530663196000035 ], [ 34.439473545000055, 31.531472421000103 ], [ 34.439746141000057, 31.53181993700008 ], [ 34.440505015000156, 31.532452475000184 ], [ 34.441716965000069, 31.533741862000056 ], [ 34.442987285000186, 31.535371728000086 ], [ 34.444654325999977, 31.537082461000125 ], [ 34.44677605000004, 31.539266859 ], [ 34.448786000999974, 31.54157683000011 ], [ 34.449696779000021, 31.542341043000192 ], [ 34.450182421000079, 31.542762578000179 ], [ 34.450574704000132, 31.543135524000093 ], [ 34.450819403000025, 31.543368161999979 ], [ 34.451878595000096, 31.54468270600006 ], [ 34.452938653000047, 31.545892594000122 ], [ 34.453090536000104, 31.54612048700011 ], [ 34.453297299000042, 31.546430724000061 ], [ 34.453542787000117, 31.54678578100004 ], [ 34.454011464000075, 31.54728955700017 ], [ 34.454179190000104, 31.547469843000158 ], [ 34.454876101000139, 31.548232754000139 ], [ 34.455512405000036, 31.548881136000148 ], [ 34.455573442000173, 31.548943332000135 ], [ 34.456362287000161, 31.549680614000067 ], [ 34.456966480000176, 31.550573791000147 ], [ 34.457419729000094, 31.551230587000134 ], [ 34.4579041880001, 31.551809076000097 ], [ 34.458692865000103, 31.55257250700015 ], [ 34.459449306000067, 31.553545060000033 ], [ 34.46120491, 31.555727065000042 ], [ 34.462727077000125, 31.557719565000014 ], [ 34.462870340000165, 31.557892641000137 ], [ 34.463231436000171, 31.558328882000069 ], [ 34.463423503000172, 31.558560918000126 ], [ 34.464271749000034, 31.559533987000066 ], [ 34.465270789000044, 31.560769571000151 ], [ 34.467178691000186, 31.56305704500005 ], [ 34.468509737000034, 31.564844008000193 ], [ 34.471324445, 31.568471099000192 ], [ 34.473443365000037, 31.57117834200011 ], [ 34.47538704100009, 31.573825644000124 ], [ 34.475719881000089, 31.574272364000137 ], [ 34.476234320000117, 31.574955612000167 ], [ 34.477504965000151, 31.576689799000064 ], [ 34.478655606000075, 31.578135472000042 ], [ 34.47989801000017, 31.579581668000117 ], [ 34.480775976000189, 31.580711778000193 ], [ 34.481714706000048, 31.581894563000105 ], [ 34.482380088000014, 31.58284029500004 ], [ 34.482955170000025, 31.5836023600001 ], [ 34.483955528000024, 31.584733150000034 ], [ 34.486325426000178, 31.587902583000186 ], [ 34.486899767000182, 31.588769279000132 ], [ 34.487567672000068, 31.589401023000164 ], [ 34.488656046000074, 31.591029406000189 ], [ 34.490289682000082, 31.593341150000128 ], [ 34.491418851052075, 31.594867392577061 ], [ 34.4938127, 31.5931824 ], [ 34.4965719, 31.5912496 ], [ 34.4993477, 31.5893137 ], [ 34.5020714, 31.5874368 ], [ 34.5049492, 31.5855833 ], [ 34.5077334, 31.5836903 ], [ 34.5105711, 31.5817755 ], [ 34.5132051, 31.5799292 ], [ 34.5160026, 31.5777584 ], [ 34.5184863, 31.5759761 ], [ 34.5217479, 31.5740246 ], [ 34.5239738, 31.5723085 ], [ 34.5241458, 31.5721759 ], [ 34.526944, 31.570278 ], [ 34.529722, 31.568333 ], [ 34.5325, 31.566111 ], [ 34.535, 31.564444 ], [ 34.5363816, 31.5633381 ], [ 34.537778, 31.562222 ], [ 34.5404443, 31.5604137 ], [ 34.54328, 31.5582864 ], [ 34.5433584, 31.5582004 ], [ 34.5434026, 31.5581519 ], [ 34.5440473, 31.557445 ], [ 34.5449623, 31.5567858 ], [ 34.5452281, 31.5565942 ], [ 34.5481784, 31.5544685 ], [ 34.549277, 31.5538349 ], [ 34.5511196, 31.5526833 ], [ 34.5525745, 31.5515338 ], [ 34.5559139, 31.5486537 ], [ 34.558057, 31.5472205 ], [ 34.5587814, 31.5467772 ], [ 34.5650408, 31.542689 ], [ 34.5666802, 31.5414644 ], [ 34.5673243, 31.5401214 ], [ 34.5663133, 31.5361519 ], [ 34.5654314, 31.5332427 ], [ 34.5645456, 31.5319131 ], [ 34.5605952, 31.5292869 ], [ 34.5590514, 31.5284143 ], [ 34.5584287, 31.5276108 ], [ 34.5581922, 31.5251233 ], [ 34.5548057, 31.5228031 ], [ 34.5537837, 31.5212465 ], [ 34.5539109, 31.5199145 ], [ 34.5542243, 31.5187413 ], [ 34.5500898, 31.5167205 ], [ 34.5467531, 31.5130345 ], [ 34.5422508, 31.5112754 ], [ 34.5385241, 31.5101167 ], [ 34.5380928, 31.5099178 ], [ 34.5350802, 31.5086257 ], [ 34.531372, 31.5070776 ], [ 34.529587, 31.5062201 ], [ 34.5281787, 31.5050522 ], [ 34.5247268, 31.5029453 ], [ 34.5181367, 31.5017164 ], [ 34.5167124, 31.5015548 ], [ 34.5127105, 31.500695 ], [ 34.5085156, 31.4983257 ], [ 34.5045695, 31.495184 ], [ 34.496389, 31.489167 ], [ 34.4924223, 31.4860848 ], [ 34.4890449, 31.4827202 ], [ 34.4886854, 31.4824557 ], [ 34.4865427, 31.4808794 ], [ 34.4851839, 31.4800509 ], [ 34.481109013621278, 31.478210686104035 ], [ 34.480621779000103, 31.478318526000123 ] ] ] ] } }
]
}
